transaction_id,bank_received_at,bank_updated_at,bank_status,bank_response_code,settlement_amount,bank_name
TXN000001,2026-08-31 01:13:43.121538,2026-08-31 01:42:52.155356,PROCESSING,PENDING,1500.0,BANK_B
TXN000002,2026-08-23 12:50:59.065471,2026-08-23 12:57:54.378089,SETTLED,00,2500.0,BANK_D
TXN000003,2026-08-13 09:49:17.323192,2026-08-13 09:56:37.169570,SETTLED,00,10000.0,BANK_C
TXN000004,2026-09-03 20:43:52.175259,2026-09-03 20:52:41.521103,SETTLED,00,500.0,BANK_B
TXN000005,2026-08-16 07:13:49.553554,2026-08-16 07:18:09.727098,SETTLED,00,2500.0,BANK_D
TXN000006,2026-08-05 21:24:40.408298,2026-08-05 21:32:15.101532,SETTLED,00,250.0,BANK_C
TXN000007,2026-08-05 21:27:04.858021,2026-08-05 21:28:52.427555,SETTLED,00,100.0,BANK_A
TXN000008,2026-08-11 15:21:00.887132,2026-08-11 15:26:32.191483,SETTLED,00,100.0,BANK_D
TXN000009,2026-08-11 06:38:35.707429,2026-08-11 06:46:09.545988,SETTLED,00,1500.0,BANK_D
TXN000010,2026-08-04 03:39:13.101516,2026-08-04 03:45:14.975634,SETTLED,00,1500.0,BANK_A
TXN000011,2026-08-11 13:16:37.903951,2026-08-11 13:19:19.499009,SETTLED,00,1000.0,BANK_A
TXN000012,2026-09-03 22:06:56.389764,2026-09-03 22:12:25.574130,SETTLED,00,2000.0,BANK_D
TXN000013,2026-08-11 17:00:37.941917,2026-08-11 17:06:48.761343,SETTLED,00,1000.0,BANK_C
TXN000014,2026-08-23 17:53:37.919881,2026-08-23 18:03:01.798017,SETTLED,00,100.0,BANK_A
TXN000015,2026-08-06 23:17:40.439299,2026-08-06 23:25:15.711941,SETTLED,00,5000.0,BANK_D
TXN000016,2026-08-03 21:30:44.918740,2026-08-03 21:34:16.488022,SETTLED,00,750.0,BANK_A
TXN000017,2026-08-16 08:42:35.653748,2026-08-16 08:48:11.858522,SETTLED,00,100.0,BANK_D
TXN000018,2026-08-24 01:56:05.378622,2026-08-24 02:00:50.484282,SETTLED,00,1500.0,BANK_A
TXN000019,2026-08-30 01:03:03.536628,2026-08-30 01:10:01.279273,SETTLED,00,2000.0,BANK_B
TXN000021,2026-08-14 01:53:36.596440,2026-08-14 02:10:35.383163,PROCESSING,PENDING,100.0,BANK_B
TXN000022,2026-08-21 23:28:57.789827,2026-08-21 23:36:34.288846,SETTLED,00,2500.0,BANK_B
TXN000023,2026-08-09 00:54:16.193804,2026-08-09 01:00:08.886044,SETTLED,00,250.0,BANK_A
TXN000024,2026-08-26 00:57:12.569900,2026-08-26 01:02:23.418936,SETTLED,00,1500.0,BANK_A
TXN000026,2026-08-29 03:40:41.361780,2026-08-29 03:49:42.239823,SETTLED,00,750.0,BANK_C
TXN000027,2026-08-22 05:04:10.940181,2026-08-22 05:07:59.411064,SETTLED,00,2500.0,BANK_D
TXN000028,2026-08-09 06:50:14.582418,2026-08-09 06:53:18.847424,SETTLED,00,2000.0,BANK_B
TXN000029,2026-08-06 00:52:16.458381,2026-08-06 01:19:04.193980,PROCESSING,PENDING,5000.0,BANK_D
TXN000030,2026-08-21 16:34:42.663231,2026-08-21 16:40:50.636533,SETTLED,00,1500.0,BANK_B
TXN000031,2026-08-09 06:52:43.890476,2026-08-09 06:56:49.431895,SETTLED,00,250.0,BANK_D
TXN000032,2026-08-04 11:16:39.493819,2026-08-04 11:22:47.363839,SETTLED,00,2500.0,BANK_C
TXN000033,2026-08-31 00:22:36.354447,2026-08-31 00:29:20.753545,SETTLED,00,750.0,BANK_D
TXN000034,2026-08-13 20:43:27.792324,2026-08-13 20:46:49.857547,SETTLED,00,500.0,BANK_B
TXN000035,2026-08-12 11:50:45.803754,2026-08-12 12:00:14.841626,SETTLED,00,1000.0,BANK_D
TXN000036,2026-08-31 03:01:57.031284,2026-08-31 03:12:30.128208,SETTLED,00,250.0,BANK_C
TXN000037,2026-08-29 00:45:04.838505,2026-08-29 00:48:32.780900,SETTLED,00,1000.0,BANK_A
TXN000038,2026-08-06 23:53:12.000000,2026-08-06 23:59:57.655009,SETTLED,00,1000.0,BANK_A
TXN000039,2026-09-02 14:16:23.134166,2026-09-02 14:23:18.387658,SETTLED,00,100.0,BANK_A
TXN000040,2026-09-01 10:37:58.919570,2026-09-01 10:43:36.790268,SETTLED,00,2000.0,BANK_C
TXN000042,2026-09-03 07:01:22.614179,2026-09-03 07:21:22.614179,PROCESSING,PENDING,100.0,BANK_D
TXN000043,2026-08-11 08:07:45.826918,2026-08-11 08:15:04.455094,SETTLED,00,750.0,BANK_B
TXN000044,2026-08-10 22:29:34.976692,2026-08-10 23:30:59.096469,PROCESSING,PENDING,2500.0,BANK_C
TXN000045,2026-08-07 22:30:20.429803,2026-08-07 22:36:02.798478,SETTLED,00,5000.0,BANK_D
TXN000046,2026-08-30 17:31:19.744174,2026-08-30 18:01:06.550818,PROCESSING,PENDING,100.0,BANK_B
TXN000047,2026-08-27 01:58:08.601587,2026-08-27 02:00:26.521110,SETTLED,00,1000.0,BANK_C
TXN000048,2026-08-22 09:41:59.392730,,NOT_FOUND,NA,,BANK_C
TXN000049,2026-08-07 10:11:45.404056,2026-08-07 10:17:17.017405,SETTLED,00,25000.0,BANK_D
TXN000051,2026-08-10 17:36:41.990533,2026-08-10 17:42:38.111106,SETTLED,00,500.0,BANK_D
TXN000052,2026-08-12 02:20:39.740322,2026-08-12 02:29:25.639327,SETTLED,00,100.0,BANK_C
TXN000053,2026-08-23 20:03:13.532437,,NOT_FOUND,NA,,BANK_C
TXN000054,2026-08-26 18:50:23.865327,2026-08-26 18:54:26.942967,SETTLED,00,2500.0,BANK_D
TXN000055,2026-08-03 12:32:19.695046,2026-08-03 12:39:27.789883,SETTLED,00,2500.0,BANK_A
TXN000056,2026-08-29 22:50:09.484440,,NOT_FOUND,NA,,BANK_B
TXN000057,2026-09-04 20:12:46.742888,2026-09-04 20:14:52.599135,SETTLED,00,2000.0,BANK_A
TXN000058,2026-08-19 09:06:02.321355,2026-08-19 09:16:06.661897,SETTLED,00,250.0,BANK_D
TXN000059,2026-08-16 16:32:34.733489,2026-08-16 17:26:27.139430,PROCESSING,PENDING,500.0,BANK_C
TXN000060,2026-08-09 03:37:11.321256,2026-08-09 03:37:41.321256,SETTLED,00,500.0,BANK_C
TXN000061,2026-08-27 16:51:55.446587,2026-08-27 16:59:34.846483,SETTLED,00,100.0,BANK_D
TXN000062,2026-08-18 16:01:52.838544,2026-08-18 16:18:40.823779,PROCESSING,PENDING,5000.0,BANK_B
TXN000063,2026-08-12 20:39:06.495019,2026-08-12 20:46:28.759207,SETTLED,00,250.0,BANK_A
TXN000064,2026-08-25 14:34:14.926199,2026-08-25 14:39:37.048599,SETTLED,00,1000.0,BANK_A
TXN000065,2026-08-31 08:06:47.641870,2026-08-31 08:20:05.659436,PROCESSING,PENDING,100.0,BANK_B
TXN000066,2026-08-11 10:07:37.833441,,NOT_FOUND,NA,,BANK_D
TXN000067,2026-08-23 17:52:07.406849,2026-08-23 17:56:31.914557,SETTLED,00,500.0,BANK_A
TXN000068,2026-09-02 14:30:38.745560,2026-09-02 14:37:45.693882,SETTLED,00,100.0,BANK_A
TXN000069,2026-08-09 04:17:31.155876,2026-08-09 04:47:56.369138,PROCESSING,PENDING,250.0,BANK_C
TXN000070,2026-08-19 08:22:01.775806,2026-08-19 08:27:00.985416,SETTLED,00,250.0,BANK_D
TXN000071,2026-08-16 17:53:55.171082,2026-08-16 18:05:03.073829,SETTLED,00,100.0,BANK_B
TXN000072,2026-08-03 02:39:15.943298,2026-08-03 02:49:53.117050,SETTLED,00,1500.0,BANK_C
TXN000073,2026-09-03 17:04:13.650678,2026-09-03 17:09:25.081922,SETTLED,00,100.0,BANK_B
TXN000074,2026-08-20 14:48:47.354406,2026-08-20 14:53:28.946602,SETTLED,00,2500.0,BANK_C
TXN000075,2026-08-07 05:02:55.773682,2026-08-07 05:09:58.801972,SETTLED,00,250.0,BANK_B
TXN000076,2026-08-09 22:46:11.969581,2026-08-09 22:51:06.658460,SETTLED,00,25000.0,BANK_A
TXN000077,2026-09-02 17:08:04.273932,2026-09-02 17:08:34.273932,SETTLED,00,10000.0,BANK_D
TXN000078,2026-08-28 15:44:21.177817,2026-08-28 15:47:46.555759,SETTLED,00,750.0,BANK_B
TXN000079,2026-08-09 01:40:29.508715,2026-08-09 01:48:14.758262,SETTLED,00,500.0,BANK_B
TXN000080,2026-08-20 06:58:53.197910,2026-08-20 07:04:38.771069,SETTLED,00,500.0,BANK_B
TXN000081,2026-08-09 15:22:48.954207,2026-08-09 15:26:01.023826,SETTLED,00,250.0,BANK_D
TXN000082,2026-09-02 15:38:59.052298,2026-09-02 15:40:56.071499,SETTLED,00,5000.0,BANK_D
TXN000083,2026-08-10 19:47:34.713403,2026-08-10 19:54:52.158039,SETTLED,00,2500.0,BANK_A
TXN000084,2026-09-01 19:57:10.897753,2026-09-01 20:00:52.770193,SETTLED,00,750.0,BANK_D
TXN000085,2026-08-29 19:34:42.268491,2026-08-29 19:36:14.726822,SETTLED,00,500.0,BANK_D
TXN000086,2026-08-05 08:19:20.415003,,NOT_FOUND,NA,,BANK_A
TXN000087,2026-09-02 08:19:34.712202,2026-09-02 08:27:48.844201,SETTLED,00,750.0,BANK_D
TXN000088,2026-08-26 06:09:44.988641,2026-08-26 06:17:01.671913,SETTLED,00,1000.0,BANK_A
TXN000089,2026-08-22 16:32:50.986842,2026-08-22 16:39:42.677578,SETTLED,00,2500.0,BANK_A
TXN000090,2026-09-02 08:22:22.725003,2026-09-02 08:26:56.040887,SETTLED,00,25000.0,BANK_C
TXN000091,2026-08-17 09:47:48.980556,2026-08-17 09:52:36.794387,SETTLED,00,500.0,BANK_C
TXN000092,2026-08-15 10:57:13.710834,2026-08-15 10:57:43.710834,SETTLED,00,2500.0,BANK_A
TXN000093,2026-08-18 14:27:21.389470,2026-08-18 14:37:56.997471,SETTLED,00,2500.0,BANK_C
TXN000094,2026-08-22 22:26:24.438732,2026-08-22 22:34:32.131568,SETTLED,00,2500.0,BANK_A
TXN000096,2026-08-17 17:33:41.681694,2026-08-17 17:38:40.640132,SETTLED,00,2000.0,BANK_B
TXN000097,2026-08-24 13:43:19.490708,2026-08-24 13:49:17.642814,SETTLED,00,10000.0,BANK_A
TXN000098,2026-08-15 08:32:14.818106,2026-08-15 08:37:10.117190,SETTLED,00,25000.0,BANK_B
TXN000099,2026-08-04 17:37:05.663377,2026-08-04 17:40:56.315683,SETTLED,00,250.0,BANK_A
TXN000100,2026-08-22 02:51:44.170734,2026-08-22 02:57:10.356017,SETTLED,00,2000.0,BANK_D
TXN000101,2026-08-07 11:37:05.546585,2026-08-07 12:15:30.600774,PROCESSING,PENDING,500.0,BANK_D
TXN000102,2026-08-12 11:53:37.758296,2026-08-12 11:59:12.300327,SETTLED,00,5000.0,BANK_A
TXN000103,2026-08-30 04:49:41.146323,2026-08-30 04:57:09.578356,SETTLED,00,10000.0,BANK_C
TXN000104,2026-09-02 00:59:13.211025,2026-09-02 01:05:56.614899,SETTLED,00,5000.0,BANK_D
TXN000105,2026-08-30 08:57:47.191056,2026-08-30 09:30:21.005154,PROCESSING,PENDING,2000.0,BANK_C
TXN000106,2026-08-08 08:56:53.915617,2026-08-08 09:02:37.456499,SETTLED,00,2000.0,BANK_A
TXN000107,2026-08-16 04:37:26.177450,2026-08-16 04:43:59.645753,SETTLED,00,750.0,BANK_D
TXN000108,2026-08-03 13:11:59.120875,,NOT_FOUND,NA,,BANK_A
TXN000109,2026-08-11 03:20:19.105689,2026-08-11 03:25:06.687165,SETTLED,00,100.0,BANK_B
TXN000110,2026-08-06 05:36:34.362406,2026-08-06 05:42:53.977034,SETTLED,00,500.0,BANK_D
TXN000111,2026-08-29 22:53:54.122853,2026-08-29 22:58:57.896634,SETTLED,00,750.0,BANK_C
TXN000112,2026-08-27 07:02:53.242374,2026-08-27 07:09:01.068372,SETTLED,00,2000.0,BANK_A
TXN000113,2026-09-03 14:53:14.113680,2026-09-03 14:58:19.447942,SETTLED,00,5000.0,BANK_A
TXN000114,2026-08-16 09:55:47.465800,2026-08-16 10:00:28.278154,SETTLED,00,10000.0,BANK_C
TXN000115,2026-08-30 23:34:55.148388,2026-08-30 23:41:10.437271,SETTLED,00,2500.0,BANK_C
TXN000116,2026-09-04 21:16:33.947319,2026-09-04 21:30:54.070745,SETTLED,00,2500.0,BANK_C
TXN000117,2026-08-24 00:16:10.760445,2026-08-24 00:20:34.105377,SETTLED,00,500.0,BANK_A
TXN000118,2026-08-22 04:08:21.745464,2026-08-22 04:22:01.636564,PROCESSING,PENDING,250.0,BANK_D
TXN000119,2026-09-02 20:18:45.573400,2026-09-02 20:24:54.860873,SETTLED,00,25000.0,BANK_A
TXN000120,2026-08-18 17:24:30.306203,2026-08-18 17:32:29.546041,SETTLED,00,250.0,BANK_A
TXN000121,2026-08-05 03:21:14.710560,2026-08-05 04:28:11.799945,PROCESSING,PENDING,100.0,BANK_C
TXN000122,2026-09-02 18:40:00.247926,2026-09-02 18:49:43.357669,SETTLED,00,2500.0,BANK_D
TXN000123,2026-08-12 09:46:42.673241,2026-08-12 09:50:14.379169,SETTLED,00,2500.0,BANK_B
TXN000124,2026-08-12 23:28:21.219740,2026-08-12 23:37:28.596223,PROCESSING,PENDING,1500.0,BANK_A
TXN000125,2026-08-12 10:56:26.803328,2026-08-12 11:02:27.372766,SETTLED,00,1500.0,BANK_A
TXN000126,2026-08-27 14:11:16.167147,2026-08-27 14:19:49.023701,SETTLED,00,2000.0,BANK_D
TXN000127,2026-09-02 03:02:30.048234,2026-09-02 04:14:35.706449,PROCESSING,PENDING,1500.0,BANK_A
TXN000128,2026-08-27 02:36:58.467267,2026-08-27 02:47:28.728559,SETTLED,00,1500.0,BANK_B
TXN000129,2026-08-10 01:12:32.392589,2026-08-10 01:16:38.096420,SETTLED,00,250.0,BANK_C
TXN000130,2026-08-30 13:13:29.617008,2026-08-30 13:16:03.158883,SETTLED,00,1000.0,BANK_D
TXN000131,2026-08-30 10:00:57.004385,2026-08-30 10:11:47.073408,SETTLED,00,750.0,BANK_A
TXN000132,2026-08-04 15:55:45.128162,2026-08-04 16:01:29.768656,SETTLED,00,100.0,BANK_D
TXN000133,2026-09-02 12:39:12.393211,2026-09-02 12:44:44.499709,SETTLED,00,500.0,BANK_B
TXN000134,2026-08-07 23:19:28.400298,2026-08-07 23:28:41.984862,SETTLED,00,1000.0,BANK_C
TXN000135,2026-09-02 01:15:10.216106,2026-09-02 01:18:21.800841,SETTLED,00,500.0,BANK_D
TXN000136,2026-08-08 14:11:25.867684,2026-08-08 14:20:37.414809,SETTLED,00,250.0,BANK_D
TXN000137,2026-08-28 01:18:04.822772,2026-08-28 01:27:52.341671,SETTLED,00,1000.0,BANK_A
TXN000138,2026-08-19 15:01:12.639631,2026-08-19 15:09:42.540081,SETTLED,00,500.0,BANK_B
TXN000139,2026-09-03 23:22:53.408964,2026-09-03 23:30:22.442168,SETTLED,00,250.0,BANK_A
TXN000140,2026-08-22 13:59:28.322531,2026-08-22 14:06:22.877254,SETTLED,00,1000.0,BANK_D
TXN000141,2026-08-20 20:57:42.249740,2026-08-20 21:03:38.764683,SETTLED,00,750.0,BANK_A
TXN000142,2026-08-09 10:11:33.277704,2026-08-09 10:15:54.065170,SETTLED,00,750.0,BANK_D
TXN000143,2026-08-18 16:30:20.960307,2026-08-18 16:30:50.960307,SETTLED,00,100.0,BANK_D
TXN000144,2026-08-03 09:53:50.356575,2026-08-03 10:04:25.790451,SETTLED,00,2000.0,BANK_B
TXN000145,2026-08-04 23:25:33.736164,2026-08-04 23:32:08.051668,SETTLED,00,250.0,BANK_B
TXN000146,2026-08-07 12:02:01.555570,2026-08-07 12:08:42.069885,SETTLED,00,250.0,BANK_B
TXN000147,2026-08-13 14:15:45.400670,2026-08-13 14:22:51.249324,SETTLED,00,2500.0,BANK_A
TXN000149,2026-08-25 18:38:16.398965,2026-08-25 19:14:31.207143,PROCESSING,PENDING,1000.0,BANK_D
TXN000150,2026-08-19 22:16:59.848359,2026-08-19 22:24:00.576622,SETTLED,00,100.0,BANK_B
TXN000151,2026-08-27 17:57:18.572212,2026-08-27 18:23:49.660657,PROCESSING,PENDING,1000.0,BANK_D
TXN000152,2026-08-04 00:53:46.639650,2026-08-04 00:55:05.956933,SETTLED,00,750.0,BANK_B
TXN000153,2026-08-20 16:56:22.653497,2026-08-20 17:01:08.905155,SETTLED,00,10000.0,BANK_A
TXN000154,2026-08-18 18:17:50.270346,2026-08-18 18:20:08.042871,SETTLED,00,1000.0,BANK_A
TXN000155,2026-08-05 07:53:44.059101,2026-08-05 08:03:14.237042,SETTLED,00,500.0,BANK_B
TXN000156,2026-08-26 00:41:56.556390,2026-08-26 00:45:46.327375,SETTLED,00,1500.0,BANK_C
TXN000157,2026-08-18 22:35:06.073464,2026-08-18 22:42:00.162216,SETTLED,00,25000.0,BANK_D
TXN000158,2026-08-18 07:17:08.644073,2026-08-18 07:22:19.812321,SETTLED,00,25000.0,BANK_B
TXN000159,2026-08-27 23:15:34.271462,2026-08-27 23:46:47.223950,PROCESSING,PENDING,1000.0,BANK_D
TXN000160,2026-08-18 03:28:38.623090,2026-08-18 03:30:13.479773,SETTLED,00,750.0,BANK_C
TXN000161,2026-08-20 17:06:37.543035,2026-08-20 17:11:38.941395,SETTLED,00,2500.0,BANK_B
TXN000162,2026-08-30 06:28:01.610109,2026-08-30 06:30:35.659656,SETTLED,00,2000.0,BANK_A
TXN000163,2026-08-06 05:11:50.256409,2026-08-06 05:18:38.676029,SETTLED,00,1000.0,BANK_A
TXN000164,2026-08-07 08:37:22.377583,2026-08-07 08:44:37.185499,SETTLED,00,250.0,BANK_A
TXN000165,2026-08-25 12:49:18.091199,2026-08-25 12:51:05.742227,SETTLED,00,250.0,BANK_A
TXN000166,2026-08-16 10:30:23.218171,2026-08-16 10:35:19.548765,SETTLED,00,2500.0,BANK_B
TXN000167,2026-08-16 19:10:05.333271,2026-08-16 19:13:10.609057,SETTLED,00,750.0,BANK_D
TXN000168,2026-08-06 14:41:38.530394,2026-08-06 15:08:41.852990,PROCESSING,PENDING,25000.0,BANK_C
TXN000169,2026-08-27 03:15:09.058031,2026-08-27 03:20:14.237592,SETTLED,00,250.0,BANK_B
TXN000170,2026-09-02 05:56:35.037275,2026-09-02 06:00:32.551009,SETTLED,00,2000.0,BANK_A
TXN000171,2026-09-04 12:15:30.904634,2026-09-04 12:20:57.914265,SETTLED,00,250.0,BANK_D
TXN000172,2026-08-13 17:21:42.446157,2026-08-13 18:00:24.842040,PROCESSING,PENDING,100.0,BANK_B
TXN000173,2026-08-07 01:10:13.600998,2026-08-07 01:12:45.634660,SETTLED,00,500.0,BANK_D
TXN000174,2026-08-09 12:15:26.799655,2026-08-09 12:18:46.660590,SETTLED,00,500.0,BANK_A
TXN000175,2026-08-09 07:55:37.029469,2026-08-09 08:01:04.376765,SETTLED,00,250.0,BANK_D
TXN000176,2026-09-02 13:09:26.028481,2026-09-02 13:16:14.630360,SETTLED,00,250.0,BANK_B
TXN000177,2026-08-09 16:29:27.256283,2026-08-09 16:36:23.515606,SETTLED,00,250.0,BANK_A
TXN000178,2026-08-06 13:34:26.452069,2026-08-06 13:42:52.524930,SETTLED,00,250.0,BANK_D
TXN000179,2026-08-15 19:49:12.189460,,NOT_FOUND,NA,,BANK_D
TXN000180,2026-08-28 02:25:16.117321,2026-08-28 02:30:40.650358,SETTLED,00,2000.0,BANK_A
TXN000181,2026-08-13 10:41:34.738357,2026-08-13 11:11:06.605384,PROCESSING,PENDING,5000.0,BANK_C
TXN000182,2026-08-14 09:33:21.812901,2026-08-14 09:35:19.555267,SETTLED,00,10000.0,BANK_C
TXN000183,2026-08-08 16:57:14.223149,2026-08-08 17:19:28.891318,PROCESSING,PENDING,1500.0,BANK_B
TXN000184,2026-08-02 18:44:40.249835,2026-08-02 18:49:20.468211,SETTLED,00,2000.0,BANK_D
TXN000185,2026-08-09 01:50:35.091101,2026-08-09 01:58:35.091101,PROCESSING,PENDING,100.0,BANK_D
TXN000186,2026-09-01 01:59:53.075666,2026-09-01 02:05:36.100405,SETTLED,00,2000.0,BANK_A
TXN000187,2026-08-06 22:04:39.683298,2026-08-06 22:09:40.397044,SETTLED,00,250.0,BANK_D
TXN000188,2026-08-23 01:58:22.282496,2026-08-23 02:00:45.985686,SETTLED,00,2500.0,BANK_A
TXN000189,2026-08-28 21:09:23.186172,2026-08-28 21:16:39.173645,SETTLED,00,250.0,BANK_B
TXN000190,2026-08-27 18:38:02.117638,2026-08-27 18:42:29.275655,SETTLED,00,500.0,BANK_D
TXN000191,2026-08-22 08:40:47.656789,2026-08-22 08:44:51.015900,SETTLED,00,1000.0,BANK_B
TXN000192,2026-08-04 00:53:11.144483,2026-08-04 00:58:03.436815,SETTLED,00,250.0,BANK_B
TXN000193,2026-09-02 11:29:49.628482,2026-09-02 11:39:28.981772,SETTLED,00,750.0,BANK_C
TXN000194,2026-08-18 06:33:40.855883,2026-08-18 06:42:13.183165,SETTLED,00,750.0,BANK_B
TXN000195,2026-08-26 16:07:24.669393,2026-08-26 16:12:00.148679,SETTLED,00,100.0,BANK_C
TXN000196,2026-08-15 10:18:47.173265,2026-08-15 10:24:47.088800,SETTLED,00,2000.0,BANK_B
TXN000197,2026-08-11 01:00:13.363425,2026-08-11 02:00:11.281732,PROCESSING,PENDING,250.0,BANK_C
TXN000198,2026-08-08 03:15:54.256598,2026-08-08 03:24:03.336054,SETTLED,00,1000.0,BANK_B
TXN000199,2026-08-12 05:31:33.166664,2026-08-12 06:01:31.742525,PROCESSING,PENDING,1000.0,BANK_A
TXN000200,2026-08-07 14:31:16.641774,2026-08-07 14:37:21.546058,SETTLED,00,2500.0,BANK_B
TXN000201,2026-08-23 22:56:47.104610,2026-08-23 23:01:03.314556,SETTLED,00,500.0,BANK_B
TXN000202,2026-08-16 13:34:06.867558,2026-08-16 13:40:50.350379,SETTLED,00,750.0,BANK_A
TXN000203,2026-08-06 06:02:07.817061,2026-08-06 06:05:32.831274,SETTLED,00,250.0,BANK_C
TXN000204,2026-08-02 14:37:33.652108,2026-08-02 14:38:32.468150,SETTLED,00,500.0,BANK_C
TXN000205,2026-08-25 21:49:49.070787,2026-08-25 21:58:24.818344,PROCESSING,PENDING,100.0,BANK_A
TXN000206,2026-08-29 20:31:51.705730,2026-08-29 20:37:32.201821,SETTLED,00,5000.0,BANK_A
TXN000207,2026-09-03 22:59:49.866916,2026-09-03 23:00:19.866916,SETTLED,00,5000.0,BANK_C
TXN000208,2026-08-06 09:02:06.968607,2026-08-06 09:03:18.742927,SETTLED,00,1500.0,BANK_C
TXN000209,2026-08-26 15:49:28.110199,2026-08-26 15:54:27.571381,SETTLED,00,500.0,BANK_A
TXN000210,2026-08-14 05:42:01.141722,2026-08-14 05:44:49.948962,SETTLED,00,2500.0,BANK_C
TXN000211,2026-08-04 02:15:58.636221,2026-08-04 03:35:59.503012,PROCESSING,PENDING,1500.0,BANK_B
TXN000212,2026-08-30 11:54:08.902141,2026-08-30 12:23:37.635297,PROCESSING,PENDING,750.0,BANK_B
TXN000213,2026-08-11 00:45:58.675585,2026-08-11 00:51:23.300448,SETTLED,00,250.0,BANK_C
TXN000214,2026-08-23 19:09:26.702982,2026-08-23 19:16:40.003261,SETTLED,00,100.0,BANK_B
TXN000215,2026-08-21 18:34:02.380186,2026-08-21 18:38:01.437913,SETTLED,00,100.0,BANK_A
TXN000217,2026-08-20 03:30:10.416417,2026-08-20 03:35:56.287231,SETTLED,00,250.0,BANK_D
TXN000218,2026-09-04 05:34:35.734720,2026-09-04 05:40:31.522259,SETTLED,00,750.0,BANK_A
TXN000220,2026-09-04 04:17:15.711102,2026-09-04 04:23:32.773325,SETTLED,00,250.0,BANK_D
TXN000221,2026-08-10 05:21:38.992016,2026-08-10 05:25:44.476118,SETTLED,00,500.0,BANK_B
TXN000222,2026-09-01 12:04:45.910628,2026-09-01 12:13:39.753065,SETTLED,00,500.0,BANK_A
TXN000223,2026-08-22 05:29:37.907835,2026-08-22 06:13:07.982204,PROCESSING,PENDING,1500.0,BANK_A
TXN000224,2026-08-01 11:52:17.682496,2026-08-01 11:54:46.645371,SETTLED,00,5000.0,BANK_B
TXN000225,2026-08-07 18:04:12.383712,2026-08-07 18:07:55.115013,SETTLED,00,500.0,BANK_B
TXN000226,2026-09-04 16:17:13.152853,2026-09-04 16:21:38.751180,SETTLED,00,5000.0,BANK_C
TXN000227,2026-08-16 04:53:01.349620,2026-08-16 05:13:46.905240,PROCESSING,PENDING,2000.0,BANK_A
TXN000228,2026-08-02 04:44:20.431747,2026-08-02 04:47:43.338675,SETTLED,00,2000.0,BANK_A
TXN000229,2026-08-16 16:31:20.668467,2026-08-16 16:37:30.073212,SETTLED,00,250.0,BANK_C
TXN000230,2026-08-18 14:07:28.991360,2026-08-18 14:13:57.968597,SETTLED,00,500.0,BANK_C
TXN000231,2026-08-09 23:39:41.667212,2026-08-09 23:43:41.846350,SETTLED,00,10000.0,BANK_D
TXN000232,2026-08-21 10:42:44.192555,2026-08-21 10:46:56.270323,SETTLED,00,250.0,BANK_B
TXN000233,2026-08-18 22:17:59.517213,2026-08-18 22:36:18.708178,PROCESSING,PENDING,250.0,BANK_C
TXN000234,2026-08-16 11:51:16.841701,2026-08-16 11:58:51.854932,SETTLED,00,250.0,BANK_B
TXN000235,2026-09-03 03:53:51.207003,2026-09-03 03:59:06.259043,SETTLED,00,500.0,BANK_C
TXN000236,2026-08-03 08:26:46.361162,2026-08-03 08:33:21.525829,SETTLED,00,100.0,BANK_C
TXN000237,2026-08-05 18:39:01.175589,,NOT_FOUND,NA,,BANK_B
TXN000238,2026-08-14 12:11:30.506595,2026-08-14 12:16:58.234220,SETTLED,00,250.0,BANK_C
TXN000239,2026-08-21 13:31:13.578377,2026-08-21 14:03:09.912441,PROCESSING,PENDING,10000.0,BANK_B
TXN000240,2026-08-04 05:57:30.405997,2026-08-04 06:46:02.139785,PROCESSING,PENDING,1000.0,BANK_A
TXN000241,2026-08-30 11:40:35.433175,2026-08-30 11:48:02.325471,SETTLED,00,2500.0,BANK_C
TXN000242,2026-08-12 20:46:52.418013,2026-08-12 20:52:46.553175,SETTLED,00,1500.0,BANK_D
TXN000243,2026-08-25 18:53:47.722689,2026-08-25 18:58:14.644896,SETTLED,00,1000.0,BANK_A
TXN000244,2026-09-03 05:03:12.000000,2026-09-03 05:11:47.067925,SETTLED,00,2000.0,BANK_D
TXN000245,2026-09-01 10:26:34.975385,2026-09-01 10:32:05.728402,SETTLED,00,25000.0,BANK_C
TXN000246,2026-08-18 08:52:50.743899,2026-08-18 09:00:25.435109,SETTLED,00,5000.0,BANK_D
TXN000247,2026-08-07 22:27:14.468906,2026-08-07 23:17:26.488938,PROCESSING,PENDING,1000.0,BANK_A
TXN000248,2026-08-13 22:27:46.079815,2026-08-13 22:36:37.301930,SETTLED,00,1000.0,BANK_D
TXN000249,2026-08-31 04:32:40.653143,,NOT_FOUND,NA,,BANK_D
TXN000250,2026-08-15 22:03:30.481529,2026-08-15 22:12:44.135887,SETTLED,00,2000.0,BANK_D
TXN000251,2026-09-01 00:32:19.621724,2026-09-01 00:39:20.369072,SETTLED,00,1500.0,BANK_A
TXN000252,2026-08-11 16:37:48.601301,2026-08-11 16:38:18.601301,SETTLED,00,250.0,BANK_C
TXN000253,2026-08-09 07:32:12.304530,2026-08-09 07:38:25.003722,SETTLED,00,250.0,BANK_A
TXN000254,2026-08-21 17:23:43.473933,,NOT_FOUND,NA,,BANK_D
TXN000255,2026-08-05 08:06:52.377647,2026-08-05 08:12:46.790259,SETTLED,00,1000.0,BANK_C
TXN000256,2026-08-11 09:49:54.071151,2026-08-11 09:55:01.231396,SETTLED,00,500.0,BANK_C
TXN000257,2026-08-19 11:13:21.416291,2026-08-19 11:19:04.199599,SETTLED,00,100.0,BANK_D
TXN000258,2026-08-25 05:09:41.431104,,NOT_FOUND,NA,,BANK_A
TXN000259,2026-09-03 11:53:10.431407,2026-09-03 11:59:03.682126,SETTLED,00,1000.0,BANK_A
TXN000260,2026-08-17 20:22:23.401288,2026-08-17 20:26:46.770050,SETTLED,00,1000.0,BANK_B
TXN000261,2026-08-28 15:48:27.217443,,NOT_FOUND,NA,,BANK_B
TXN000262,2026-08-24 18:24:28.699970,2026-08-24 18:26:52.497350,SETTLED,00,100.0,BANK_C
TXN000263,2026-08-16 14:52:19.893598,2026-08-16 15:02:12.377183,SETTLED,00,2500.0,BANK_C
TXN000264,2026-09-03 01:04:35.200826,2026-09-03 01:13:09.337987,SETTLED,00,750.0,BANK_D
TXN000265,2026-08-04 21:07:05.839416,2026-08-04 21:33:55.781866,PROCESSING,PENDING,1000.0,BANK_C
TXN000266,2026-08-18 10:50:57.682771,2026-08-18 10:59:00.548396,SETTLED,00,100.0,BANK_C
TXN000268,2026-08-20 04:52:17.610156,2026-08-20 04:59:56.902294,SETTLED,00,250.0,BANK_D
TXN000269,2026-09-01 14:05:16.861696,2026-09-01 14:11:48.618764,SETTLED,00,2500.0,BANK_A
TXN000271,2026-08-14 03:15:57.574396,2026-08-14 03:20:03.275667,SETTLED,00,10000.0,BANK_D
TXN000272,2026-08-10 23:36:38.960890,2026-08-10 23:45:10.261143,SETTLED,00,1500.0,BANK_B
TXN000273,2026-08-19 01:56:08.347411,2026-08-19 02:06:24.362557,SETTLED,00,1000.0,BANK_A
TXN000274,2026-08-27 06:50:28.386966,2026-08-27 06:55:56.100298,SETTLED,00,2500.0,BANK_C
TXN000275,2026-08-07 19:31:08.964669,2026-08-07 19:54:16.293633,PROCESSING,PENDING,100.0,BANK_C
TXN000276,2026-08-05 08:31:52.119844,2026-08-05 08:39:26.805593,SETTLED,00,500.0,BANK_D
TXN000277,2026-08-02 02:31:27.540861,2026-08-02 02:38:42.509077,SETTLED,00,250.0,BANK_B
TXN000278,2026-08-28 01:15:00.224451,2026-08-28 01:55:55.127787,PROCESSING,PENDING,500.0,BANK_B
TXN000280,2026-09-01 01:44:00.630241,2026-09-01 01:47:36.063963,SETTLED,00,1000.0,BANK_D
TXN000281,2026-08-27 14:24:32.977855,2026-08-27 14:34:04.502154,SETTLED,00,1000.0,BANK_D
TXN000282,2026-08-15 16:57:00.382727,2026-08-15 17:36:08.839918,PROCESSING,PENDING,2000.0,BANK_A
TXN000283,2026-08-14 21:06:57.690253,2026-08-14 21:10:28.763232,SETTLED,00,500.0,BANK_C
TXN000284,2026-08-22 11:59:23.154826,2026-08-22 12:03:41.307929,SETTLED,00,750.0,BANK_B
TXN000285,2026-08-12 22:46:37.612565,2026-08-12 23:09:39.519211,PROCESSING,PENDING,2000.0,BANK_A
TXN000286,2026-08-18 21:22:30.191623,2026-08-18 21:31:21.223045,SETTLED,00,5000.0,BANK_B
TXN000287,2026-08-25 02:33:55.101651,2026-08-25 02:37:31.576144,SETTLED,00,1000.0,BANK_D
TXN000288,2026-08-23 11:57:21.678678,2026-08-23 12:06:34.667198,SETTLED,00,10000.0,BANK_C
TXN000289,2026-08-20 11:26:53.700880,2026-08-20 12:06:23.625253,PROCESSING,PENDING,750.0,BANK_B
TXN000290,2026-09-01 06:03:54.878252,2026-09-01 06:13:30.274971,SETTLED,00,100.0,BANK_C
TXN000291,2026-08-25 17:38:46.343843,2026-08-25 17:47:51.273404,SETTLED,00,1000.0,BANK_B
TXN000292,2026-08-07 12:49:16.326321,2026-08-07 13:00:05.054352,PROCESSING,PENDING,750.0,BANK_D
TXN000293,2026-08-25 10:41:44.156272,2026-08-25 11:01:58.685800,PROCESSING,PENDING,1500.0,BANK_C
TXN000295,2026-08-18 23:50:07.417286,2026-08-18 23:53:24.512103,SETTLED,00,250.0,BANK_C
TXN000296,2026-08-25 00:59:36.285202,2026-08-25 01:02:26.620648,SETTLED,00,1000.0,BANK_A
TXN000297,2026-08-22 22:30:21.534577,2026-08-22 23:20:28.986124,PROCESSING,PENDING,500.0,BANK_C
TXN000298,2026-08-12 12:11:13.084851,2026-08-12 12:16:48.068491,SETTLED,00,1500.0,BANK_C
TXN000299,2026-08-10 21:20:52.995338,2026-08-10 21:27:42.726592,SETTLED,00,1000.0,BANK_C
TXN000301,2026-08-24 22:26:14.607683,2026-08-24 22:38:49.818796,SETTLED,00,1500.0,BANK_D
TXN000302,2026-08-09 14:07:08.375195,2026-08-09 14:14:06.090477,SETTLED,00,250.0,BANK_D
TXN000303,2026-08-29 12:39:01.711334,2026-08-29 12:43:44.266694,SETTLED,00,500.0,BANK_B
TXN000304,2026-08-12 02:55:04.912962,2026-08-12 03:03:16.054614,SETTLED,00,100.0,BANK_A
TXN000305,2026-08-17 00:30:09.488055,2026-08-17 00:34:34.338406,SETTLED,00,100.0,BANK_D
TXN000306,2026-08-06 15:59:57.103398,2026-08-06 16:08:03.579545,SETTLED,00,100.0,BANK_A
TXN000308,2026-08-15 16:54:13.068221,2026-08-15 17:00:24.378152,SETTLED,00,500.0,BANK_C
TXN000309,2026-08-20 20:58:07.650430,2026-08-20 21:06:05.580320,SETTLED,00,1500.0,BANK_B
TXN000310,2026-08-02 04:58:34.541947,2026-08-02 05:03:43.601193,SETTLED,00,1500.0,BANK_D
TXN000311,2026-08-13 18:46:48.364994,2026-08-13 18:56:37.762016,SETTLED,00,1500.0,BANK_B
TXN000312,2026-08-04 00:08:12.000000,2026-08-04 00:10:53.670605,SETTLED,00,250.0,BANK_C
TXN000313,2026-08-12 08:31:40.924808,2026-08-12 08:38:57.651863,SETTLED,00,2000.0,BANK_A
TXN000314,2026-08-06 11:55:07.023823,2026-08-06 11:59:27.547760,SETTLED,00,100.0,BANK_C
TXN000315,2026-08-20 00:04:39.365977,2026-08-20 00:13:12.549320,SETTLED,00,500.0,BANK_D
TXN000316,2026-08-18 16:49:12.540370,2026-08-18 16:59:55.728966,SETTLED,00,2000.0,BANK_D
TXN000317,2026-08-22 05:17:02.837486,2026-08-22 05:21:14.538305,SETTLED,00,100.0,BANK_C
TXN000318,2026-08-11 20:00:41.384829,2026-08-11 20:25:53.099535,PROCESSING,PENDING,1000.0,BANK_A
TXN000319,2026-08-09 13:41:15.554822,2026-08-09 14:02:30.163528,PROCESSING,PENDING,2000.0,BANK_B
TXN000320,2026-08-27 16:09:56.137045,2026-08-27 16:18:51.527561,SETTLED,00,1500.0,BANK_B
TXN000321,2026-08-26 23:34:49.124036,2026-08-26 23:41:06.193971,SETTLED,00,750.0,BANK_B
TXN000322,2026-08-28 15:31:32.401824,2026-08-28 15:41:03.887757,SETTLED,00,100.0,BANK_B
TXN000323,2026-08-23 05:52:41.447953,2026-08-23 05:56:43.809177,SETTLED,00,500.0,BANK_C
TXN000324,2026-08-04 09:56:42.430893,2026-08-04 10:01:35.370004,SETTLED,00,1500.0,BANK_B
TXN000325,2026-08-16 11:12:12.525737,2026-08-16 11:16:17.556462,SETTLED,00,250.0,BANK_D
TXN000326,2026-09-03 17:46:34.278018,2026-09-03 17:51:54.474002,SETTLED,00,2000.0,BANK_C
TXN000327,2026-08-08 18:27:14.838493,2026-08-08 18:33:32.638118,SETTLED,00,100.0,BANK_A
TXN000328,2026-09-02 04:01:45.885895,2026-09-02 04:11:31.071275,SETTLED,00,2500.0,BANK_D
TXN000329,2026-08-06 22:45:59.725831,2026-08-06 22:52:40.669194,SETTLED,00,10000.0,BANK_A
TXN000330,2026-08-07 12:50:26.548190,2026-08-07 12:54:21.320517,SETTLED,00,5000.0,BANK_B
TXN000331,2026-08-24 13:36:47.470918,2026-08-24 13:44:05.897482,SETTLED,00,500.0,BANK_D
TXN000332,2026-08-19 23:03:49.020238,2026-08-19 23:08:42.766469,SETTLED,00,250.0,BANK_B
TXN000333,2026-08-27 15:16:19.557632,2026-08-27 15:22:20.177564,SETTLED,00,2500.0,BANK_C
TXN000334,2026-08-29 22:42:57.745156,2026-08-29 23:51:58.606361,PROCESSING,PENDING,1000.0,BANK_B
TXN000335,2026-08-07 12:22:11.193152,2026-08-07 12:27:00.569903,SETTLED,00,500.0,BANK_B
TXN000336,2026-08-26 00:34:03.745571,2026-08-26 00:47:47.357270,PROCESSING,PENDING,1000.0,BANK_A
TXN000337,2026-08-05 11:28:13.263466,,NOT_FOUND,NA,,BANK_C
TXN000339,2026-08-18 00:42:42.007764,2026-08-18 00:49:09.834760,SETTLED,00,100.0,BANK_A
TXN000340,2026-08-26 22:57:54.063037,2026-08-26 23:02:13.610823,SETTLED,00,2000.0,BANK_C
TXN000341,2026-09-03 23:17:40.999054,2026-09-03 23:23:12.612200,SETTLED,00,500.0,BANK_C
TXN000342,2026-08-02 04:21:33.961914,2026-08-02 04:28:09.834307,SETTLED,00,500.0,BANK_D
TXN000343,2026-08-09 07:54:20.514819,2026-08-09 07:56:41.967006,SETTLED,00,750.0,BANK_D
TXN000345,2026-08-05 06:17:01.071151,2026-08-05 06:23:27.639126,SETTLED,00,2000.0,BANK_D
TXN000346,2026-08-07 19:44:40.754078,2026-08-07 20:03:50.960420,PROCESSING,PENDING,500.0,BANK_D
TXN000347,2026-09-02 20:09:43.135929,2026-09-02 20:15:12.169065,SETTLED,00,2000.0,BANK_A
TXN000348,2026-09-03 09:29:17.657592,2026-09-03 10:01:36.690479,PROCESSING,PENDING,1000.0,BANK_D
TXN000349,2026-08-05 15:23:46.787836,2026-08-05 15:26:29.249075,SETTLED,00,750.0,BANK_A
TXN000350,2026-08-31 03:57:39.182954,2026-08-31 04:02:10.386133,SETTLED,00,2000.0,BANK_B
TXN000351,2026-08-08 04:59:24.355345,2026-08-08 05:33:16.595803,PROCESSING,PENDING,100.0,BANK_B
TXN000352,2026-08-31 09:09:59.303048,2026-08-31 09:16:38.234313,SETTLED,00,100.0,BANK_A
TXN000353,2026-09-02 14:37:15.585044,,NOT_FOUND,NA,,BANK_A
TXN000355,2026-08-07 17:12:28.598549,2026-08-07 17:17:41.642206,SETTLED,00,2500.0,BANK_B
TXN000356,2026-09-01 07:29:04.599366,2026-09-01 07:38:05.226017,PROCESSING,PENDING,100.0,BANK_A
TXN000357,2026-08-10 15:01:41.080419,2026-08-10 15:10:22.069094,SETTLED,00,500.0,BANK_A
TXN000358,2026-08-31 09:07:45.919994,2026-08-31 09:13:36.781536,SETTLED,00,750.0,BANK_C
TXN000359,2026-08-05 20:31:48.574505,2026-08-05 20:40:15.810337,SETTLED,00,10000.0,BANK_D
TXN000360,2026-08-09 10:08:24.178044,2026-08-09 10:12:43.678779,SETTLED,00,250.0,BANK_C
TXN000361,2026-08-19 11:08:40.220616,2026-08-19 11:16:08.007746,SETTLED,00,1500.0,BANK_D
TXN000362,2026-08-28 14:42:32.023404,2026-08-28 14:47:49.817905,SETTLED,00,750.0,BANK_D
TXN000363,2026-08-03 06:23:58.156617,2026-08-03 06:26:17.917053,SETTLED,00,2000.0,BANK_C
TXN000364,2026-08-15 23:29:00.994146,2026-08-15 23:34:09.220616,SETTLED,00,100.0,BANK_D
TXN000365,2026-08-21 19:35:37.758287,2026-08-21 19:39:18.509667,SETTLED,00,500.0,BANK_D
TXN000366,2026-08-10 04:57:34.694197,2026-08-10 04:59:53.113002,SETTLED,00,1500.0,BANK_C
TXN000367,2026-08-03 18:18:37.621649,2026-08-03 18:58:35.603243,PROCESSING,PENDING,5000.0,BANK_B
TXN000368,2026-08-28 18:51:01.355562,2026-08-28 19:09:35.926033,PROCESSING,PENDING,500.0,BANK_D
TXN000369,2026-08-10 22:14:07.866775,2026-08-10 22:16:20.512987,SETTLED,00,5000.0,BANK_D
TXN000370,2026-08-22 14:38:10.903434,,NOT_FOUND,NA,,BANK_B
TXN000371,2026-08-27 04:22:34.144729,2026-08-27 04:30:55.807109,SETTLED,00,2000.0,BANK_B
TXN000372,2026-08-26 23:57:43.509269,2026-08-27 00:04:40.633657,SETTLED,00,1500.0,BANK_D
TXN000373,2026-09-02 01:47:00.628848,,NOT_FOUND,NA,,BANK_B
TXN000374,2026-08-28 23:31:16.556053,2026-08-28 23:40:02.456997,SETTLED,00,100.0,BANK_C
TXN000375,2026-08-01 03:05:39.871210,2026-08-01 03:13:28.055016,SETTLED,00,100.0,BANK_C
TXN000376,2026-08-19 21:58:39.144923,2026-08-19 22:01:21.890557,SETTLED,00,2500.0,BANK_A
TXN000377,2026-08-10 20:29:19.084742,2026-08-10 21:35:45.054912,PROCESSING,PENDING,2500.0,BANK_D
TXN000378,2026-08-03 15:44:02.016465,2026-08-03 15:52:28.229237,SETTLED,00,1500.0,BANK_B
TXN000379,2026-09-04 23:03:46.354741,2026-09-04 23:07:23.058015,SETTLED,00,500.0,BANK_D
TXN000380,2026-08-02 14:09:51.408848,2026-08-02 14:35:39.903705,PROCESSING,PENDING,2000.0,BANK_A
TXN000381,2026-08-16 14:11:52.681576,2026-08-16 14:19:09.287768,SETTLED,00,2000.0,BANK_D
TXN000382,2026-08-24 20:17:27.836679,2026-08-24 21:07:39.157331,PROCESSING,PENDING,2500.0,BANK_D
TXN000383,2026-08-13 11:47:42.350821,2026-08-13 11:49:51.297665,SETTLED,00,250.0,BANK_B
TXN000384,2026-08-10 22:55:03.750825,2026-08-10 23:00:13.511019,SETTLED,00,250.0,BANK_C
TXN000385,2026-09-02 00:18:06.633849,2026-09-02 00:28:07.456356,SETTLED,00,2500.0,BANK_D
TXN000386,2026-08-03 13:32:03.366813,2026-08-03 13:37:25.458466,SETTLED,00,100.0,BANK_C
TXN000387,2026-08-10 17:52:23.884519,2026-08-10 18:32:49.775187,PROCESSING,PENDING,100.0,BANK_A
TXN000388,2026-08-18 13:41:27.393156,2026-08-18 13:45:56.138032,SETTLED,00,500.0,BANK_B
TXN000389,2026-08-12 21:19:32.824205,2026-08-12 21:25:23.574407,SETTLED,00,250.0,BANK_A
TXN000390,2026-09-02 09:10:46.133117,2026-09-02 09:15:49.643909,SETTLED,00,2000.0,BANK_A
TXN000391,2026-08-21 19:28:39.977159,2026-08-21 19:38:18.702780,SETTLED,00,250.0,BANK_C
TXN000392,2026-09-04 16:21:02.442169,2026-09-04 16:25:35.526156,SETTLED,00,1000.0,BANK_B
TXN000393,2026-08-24 03:04:41.817863,2026-08-24 03:09:07.681277,SETTLED,00,100.0,BANK_B
TXN000394,2026-09-01 10:09:52.708806,2026-09-01 10:44:25.220152,PROCESSING,PENDING,2000.0,BANK_B
TXN000395,2026-08-28 05:50:41.541792,2026-08-28 05:52:48.165880,SETTLED,00,750.0,BANK_D
TXN000397,2026-08-01 12:10:57.350269,2026-08-01 12:16:57.996415,SETTLED,00,2500.0,BANK_A
TXN000398,2026-08-06 12:49:50.379648,2026-08-06 12:51:30.221784,SETTLED,00,750.0,BANK_A
TXN000399,2026-08-15 03:16:52.300485,2026-08-15 03:25:42.251871,SETTLED,00,25000.0,BANK_D
TXN000400,2026-08-24 03:46:45.389318,2026-08-24 03:59:19.362054,SETTLED,00,10000.0,BANK_C
TXN000401,2026-08-10 19:04:04.826924,2026-08-10 19:30:35.375667,PROCESSING,PENDING,100.0,BANK_D
TXN000402,2026-08-01 07:51:23.571409,2026-08-01 07:58:53.113294,SETTLED,00,250.0,BANK_D
TXN000403,2026-08-10 13:27:59.015410,2026-08-10 14:02:54.355061,PROCESSING,PENDING,500.0,BANK_A
TXN000404,2026-08-30 10:05:19.931738,2026-08-30 10:11:54.200840,SETTLED,00,2000.0,BANK_A
TXN000405,2026-08-23 03:38:32.555810,2026-08-23 03:43:25.625020,SETTLED,00,1500.0,BANK_A
TXN000406,2026-08-22 11:39:10.789100,2026-08-22 11:44:15.787281,SETTLED,00,500.0,BANK_D
TXN000407,2026-08-16 06:37:57.279963,2026-08-16 06:43:23.166868,SETTLED,00,100.0,BANK_B
TXN000408,2026-08-19 12:21:55.273159,,NOT_FOUND,NA,,BANK_B
TXN000409,2026-08-24 12:35:14.179314,2026-08-24 12:37:52.594477,SETTLED,00,2000.0,BANK_B
TXN000410,2026-08-01 04:16:22.112582,2026-08-01 04:23:18.378807,SETTLED,00,500.0,BANK_C
TXN000411,2026-08-08 05:46:34.124169,2026-08-08 05:51:20.193827,SETTLED,00,25000.0,BANK_B
TXN000412,2026-08-21 05:38:52.004384,2026-08-21 05:48:23.060628,SETTLED,00,750.0,BANK_A
TXN000413,2026-08-02 08:02:26.440928,2026-08-02 08:09:26.947364,SETTLED,00,1000.0,BANK_A
TXN000414,2026-08-04 09:18:46.492639,,NOT_FOUND,NA,,BANK_B
TXN000415,2026-08-20 07:19:18.154068,2026-08-20 07:24:39.780598,SETTLED,00,2500.0,BANK_D
TXN000416,2026-08-10 12:27:02.108208,2026-08-10 12:36:36.773083,SETTLED,00,2500.0,BANK_B
TXN000417,2026-08-09 05:47:40.657191,2026-08-09 05:58:18.226676,SETTLED,00,1000.0,BANK_D
TXN000418,2026-09-02 10:58:03.287517,2026-09-02 11:00:40.216389,SETTLED,00,100.0,BANK_C
TXN000419,2026-08-04 23:56:46.271940,2026-08-05 00:04:33.389002,SETTLED,00,2500.0,BANK_A
TXN000420,2026-08-03 01:07:50.262885,2026-08-03 01:13:52.893420,SETTLED,00,5000.0,BANK_B
TXN000421,2026-08-07 14:31:41.503944,2026-08-07 14:34:26.230531,SETTLED,00,750.0,BANK_B
TXN000422,2026-08-23 20:12:54.680862,2026-08-23 20:17:52.640076,SETTLED,00,250.0,BANK_B
TXN000423,2026-08-16 04:48:32.454053,2026-08-16 04:51:07.235626,SETTLED,00,500.0,BANK_A
TXN000424,2026-08-09 11:32:31.743818,2026-08-09 11:44:38.691497,SETTLED,00,500.0,BANK_A
TXN000425,2026-08-11 13:08:16.309844,,NOT_FOUND,NA,,BANK_A
TXN000426,2026-08-07 15:01:18.619505,2026-08-07 15:04:33.376231,SETTLED,00,250.0,BANK_C
TXN000427,2026-09-04 07:24:51.974445,2026-09-04 07:32:45.262211,SETTLED,00,1500.0,BANK_D
TXN000428,2026-08-07 07:16:34.146512,2026-08-07 07:21:48.495421,SETTLED,00,750.0,BANK_A
TXN000429,2026-08-19 01:51:28.556583,2026-08-19 02:12:55.979622,PROCESSING,PENDING,2500.0,BANK_B
TXN000430,2026-08-07 06:32:00.160494,2026-08-07 06:41:16.589339,SETTLED,00,1500.0,BANK_D
TXN000432,2026-08-22 01:51:57.908251,2026-08-22 01:59:56.842248,SETTLED,00,500.0,BANK_A
TXN000433,2026-08-04 17:42:40.203892,2026-08-04 17:46:05.087221,SETTLED,00,500.0,BANK_C
TXN000434,2026-08-21 02:50:44.881011,2026-08-21 02:57:22.861688,SETTLED,00,100.0,BANK_B
TXN000435,2026-08-21 14:51:59.831310,2026-08-21 15:00:54.774556,SETTLED,00,5000.0,BANK_D
TXN000436,2026-08-12 00:22:11.221210,,NOT_FOUND,NA,,BANK_C
TXN000437,2026-08-19 06:00:06.822335,2026-08-19 06:33:49.566082,PROCESSING,PENDING,1000.0,BANK_B
TXN000438,2026-08-19 01:45:49.158523,2026-08-19 01:51:46.518834,SETTLED,00,750.0,BANK_B
TXN000439,2026-08-27 13:19:24.623931,2026-08-27 13:24:59.833735,SETTLED,00,750.0,BANK_D
TXN000440,2026-08-04 11:01:50.595446,2026-08-04 11:08:46.954991,SETTLED,00,250.0,BANK_C
TXN000441,2026-08-24 18:35:07.377320,2026-08-24 18:41:34.592030,SETTLED,00,5000.0,BANK_C
TXN000442,2026-09-04 14:51:24.229454,2026-09-04 15:00:56.616595,SETTLED,00,250.0,BANK_B
TXN000443,2026-08-13 02:23:00.982231,2026-08-13 03:14:11.053283,PROCESSING,PENDING,2000.0,BANK_B
TXN000444,2026-08-23 19:52:32.217972,2026-08-23 19:56:37.414645,SETTLED,00,5000.0,BANK_C
TXN000445,2026-09-04 17:12:01.558576,,NOT_FOUND,NA,,BANK_A
TXN000446,2026-08-04 06:15:22.875495,2026-08-04 06:21:27.350563,SETTLED,00,2000.0,BANK_C
TXN000447,2026-08-03 07:29:05.087677,2026-08-03 07:33:19.131352,SETTLED,00,1500.0,BANK_C
TXN000448,2026-08-11 18:14:06.362293,2026-08-11 18:19:20.715768,SETTLED,00,1500.0,BANK_B
TXN000449,2026-08-27 01:45:08.072287,2026-08-27 01:54:35.503123,SETTLED,00,1000.0,BANK_A
TXN000450,2026-08-22 21:55:16.297506,2026-08-22 22:04:49.301694,SETTLED,00,2500.0,BANK_D
TXN000451,2026-09-04 04:04:57.025670,,NOT_FOUND,NA,,BANK_C
TXN000452,2026-08-30 11:52:42.060789,2026-08-30 11:55:22.870912,SETTLED,00,2500.0,BANK_A
TXN000453,2026-08-25 17:29:48.131410,2026-08-25 17:38:27.359226,SETTLED,00,2000.0,BANK_A
TXN000454,2026-09-02 21:08:01.715627,2026-09-02 21:17:02.391760,SETTLED,00,100.0,BANK_C
TXN000455,2026-08-21 06:12:06.115411,2026-08-21 06:20:09.405991,SETTLED,00,250.0,BANK_D
TXN000456,2026-08-07 02:36:41.458483,2026-08-07 02:40:40.093593,SETTLED,00,500.0,BANK_D
TXN000457,2026-08-14 16:31:10.396609,2026-08-14 17:16:01.214462,PROCESSING,PENDING,100.0,BANK_C
TXN000458,2026-08-16 12:46:47.186781,2026-08-16 12:57:05.053142,SETTLED,00,100.0,BANK_C
TXN000459,2026-09-01 04:00:44.300426,2026-09-01 04:11:36.821274,SETTLED,00,100.0,BANK_D
TXN000460,2026-08-01 22:45:51.585043,2026-08-01 22:52:22.237196,SETTLED,00,100.0,BANK_C
TXN000461,2026-08-03 22:27:52.250701,2026-08-03 22:49:06.151124,PROCESSING,PENDING,250.0,BANK_D
TXN000462,2026-08-21 12:23:47.365905,2026-08-21 12:35:15.650396,PROCESSING,PENDING,100.0,BANK_A
TXN000463,2026-09-01 05:07:36.797059,,NOT_FOUND,NA,,BANK_A
TXN000464,2026-08-15 05:09:44.235030,2026-08-15 05:13:01.829007,SETTLED,00,500.0,BANK_D
TXN000465,2026-08-28 04:13:55.495472,2026-08-28 04:23:26.762799,SETTLED,00,100.0,BANK_C
TXN000466,2026-08-19 19:55:25.305807,2026-08-19 20:02:27.382915,SETTLED,00,1500.0,BANK_B
TXN000467,2026-08-30 16:07:06.258083,2026-08-30 16:17:17.893500,SETTLED,00,2000.0,BANK_A
TXN000468,2026-08-14 00:05:39.346009,2026-08-14 00:16:53.096372,SETTLED,00,5000.0,BANK_D
TXN000469,2026-09-02 20:20:28.967582,2026-09-02 20:26:21.075768,SETTLED,00,2000.0,BANK_D
TXN000470,2026-08-20 00:30:34.192863,2026-08-20 00:34:14.209030,SETTLED,00,1000.0,BANK_A
TXN000471,2026-08-01 04:47:25.028189,2026-08-01 04:57:28.906085,SETTLED,00,500.0,BANK_A
TXN000472,2026-08-24 22:56:12.547186,2026-08-24 23:00:48.498101,SETTLED,00,100.0,BANK_B
TXN000473,2026-08-24 19:26:37.276835,2026-08-24 19:30:03.192245,SETTLED,00,1000.0,BANK_B
TXN000474,2026-08-31 06:38:16.690773,2026-08-31 06:42:47.235023,SETTLED,00,10000.0,BANK_A
TXN000475,2026-09-02 19:13:08.764272,2026-09-02 19:16:44.229757,SETTLED,00,1500.0,BANK_A
TXN000476,2026-08-12 10:59:05.087462,2026-08-12 11:06:53.428584,SETTLED,00,250.0,BANK_D
TXN000477,2026-08-01 13:38:51.284889,2026-08-01 13:42:32.810120,SETTLED,00,100.0,BANK_D
TXN000478,2026-08-17 01:29:05.318148,2026-08-17 01:38:57.381571,SETTLED,00,750.0,BANK_B
TXN000479,2026-08-21 16:36:25.134470,2026-08-21 16:44:17.097203,SETTLED,00,2500.0,BANK_B
TXN000480,2026-09-02 10:55:11.628287,2026-09-02 11:03:06.429667,SETTLED,00,500.0,BANK_A
TXN000481,2026-08-22 09:36:36.211956,2026-08-22 09:42:28.238483,SETTLED,00,2000.0,BANK_D
TXN000482,2026-08-07 13:26:59.450523,2026-08-07 13:29:29.800941,SETTLED,00,500.0,BANK_C
TXN000483,2026-08-17 15:59:30.695787,2026-08-17 16:09:00.750675,SETTLED,00,500.0,BANK_A
TXN000484,2026-08-23 15:46:07.613904,2026-08-23 16:11:43.004834,PROCESSING,PENDING,100.0,BANK_C
TXN000485,2026-08-18 13:03:29.566923,2026-08-18 13:28:39.501137,PROCESSING,PENDING,1000.0,BANK_D
TXN000486,2026-08-24 19:31:39.277046,2026-08-24 19:55:00.299675,PROCESSING,PENDING,750.0,BANK_B
TXN000487,2026-08-31 12:13:52.184882,2026-08-31 12:20:56.330315,SETTLED,00,1500.0,BANK_C
TXN000488,2026-08-16 21:39:12.772974,2026-08-16 21:39:49.918101,SETTLED,00,500.0,BANK_B
TXN000489,2026-08-04 16:39:27.656570,2026-08-04 16:47:20.089151,SETTLED,00,250.0,BANK_C
TXN000490,2026-08-20 11:30:33.286576,2026-08-20 11:38:56.480745,SETTLED,00,250.0,BANK_D
TXN000491,2026-08-31 10:46:41.460932,2026-08-31 10:52:20.778604,SETTLED,00,1000.0,BANK_B
TXN000492,2026-08-03 07:29:40.444800,2026-08-03 07:40:09.579567,SETTLED,00,100.0,BANK_B
TXN000493,2026-08-27 06:40:23.299279,2026-08-27 06:43:58.280251,SETTLED,00,500.0,BANK_C
TXN000494,2026-09-04 18:35:05.608560,2026-09-04 18:39:22.340742,SETTLED,00,2500.0,BANK_B
TXN000495,2026-09-02 20:20:53.189340,2026-09-02 20:25:03.078320,SETTLED,00,500.0,BANK_C
TXN000496,2026-08-25 14:34:46.053421,2026-08-25 14:40:30.665529,SETTLED,00,100.0,BANK_B
TXN000497,2026-08-26 12:52:12.823648,2026-08-26 13:00:06.965477,SETTLED,00,1500.0,BANK_A
TXN000498,2026-08-17 17:35:24.057667,2026-08-17 17:37:08.062071,SETTLED,00,1000.0,BANK_A
TXN000499,2026-08-17 11:00:57.256261,2026-08-17 11:09:07.561662,SETTLED,00,250.0,BANK_D
TXN000500,2026-08-13 02:48:50.066276,2026-08-13 02:54:32.715350,SETTLED,00,1000.0,BANK_D
TXN000501,2026-08-03 02:00:14.783413,2026-08-03 02:04:34.881041,SETTLED,00,2000.0,BANK_A
TXN000502,2026-08-07 12:39:28.490953,2026-08-07 12:45:38.609138,SETTLED,00,2000.0,BANK_C
TXN000503,2026-08-19 09:31:26.643281,2026-08-19 09:45:21.473948,PROCESSING,PENDING,100.0,BANK_A
TXN000504,2026-08-17 14:32:24.702888,2026-08-17 14:36:52.671504,SETTLED,00,5000.0,BANK_B
TXN000505,2026-08-24 16:14:21.495013,2026-08-24 16:17:59.800823,SETTLED,00,750.0,BANK_B
TXN000506,2026-09-03 05:49:07.643577,2026-09-03 05:52:45.903502,SETTLED,00,100.0,BANK_B
TXN000507,2026-08-14 22:11:36.703139,2026-08-14 22:15:38.652841,SETTLED,00,25000.0,BANK_A
TXN000508,2026-08-09 03:52:56.175741,2026-08-09 03:56:11.866688,SETTLED,00,500.0,BANK_D
TXN000509,2026-08-17 13:00:35.984866,2026-08-17 13:06:06.734209,SETTLED,00,100.0,BANK_A
TXN000510,2026-08-14 13:35:55.783047,2026-08-14 13:41:41.699273,SETTLED,00,1500.0,BANK_D
TXN000511,2026-08-17 13:31:50.712504,2026-08-17 13:38:54.040503,SETTLED,00,1500.0,BANK_D
TXN000512,2026-08-04 11:10:08.993158,2026-08-04 11:20:14.456940,SETTLED,00,5000.0,BANK_C
TXN000513,2026-08-01 12:55:17.161987,2026-08-01 13:01:54.227372,SETTLED,00,250.0,BANK_B
TXN000514,2026-08-27 04:12:50.706161,2026-08-27 04:13:20.706161,SETTLED,00,1500.0,BANK_D
TXN000515,2026-08-22 11:24:25.969554,2026-08-22 11:30:10.251556,SETTLED,00,750.0,BANK_D
TXN000516,2026-08-14 22:42:01.190306,2026-08-14 23:12:16.364884,PROCESSING,PENDING,100.0,BANK_A
TXN000517,2026-08-21 02:44:36.450184,2026-08-21 02:57:45.071145,SETTLED,00,1000.0,BANK_A
TXN000518,2026-08-30 01:14:27.631504,2026-08-30 01:20:57.632300,SETTLED,00,2500.0,BANK_C
TXN000519,2026-08-03 00:11:27.427965,2026-08-03 00:17:32.162815,SETTLED,00,1500.0,BANK_A
TXN000520,2026-09-04 15:20:30.428797,2026-09-04 15:31:27.608797,SETTLED,00,2500.0,BANK_A
TXN000521,2026-08-03 06:31:00.462245,2026-08-03 06:35:53.342699,SETTLED,00,500.0,BANK_C
TXN000522,2026-08-30 17:25:41.171113,2026-08-30 17:30:10.476053,SETTLED,00,750.0,BANK_D
TXN000523,2026-08-23 14:38:12.000000,2026-08-23 14:48:54.131446,SETTLED,00,250.0,BANK_A
TXN000524,2026-08-20 09:48:06.584864,2026-08-20 09:52:58.692023,SETTLED,00,1000.0,BANK_A
TXN000525,2026-09-02 20:09:30.380454,,NOT_FOUND,NA,,BANK_D
TXN000526,2026-08-20 23:33:20.660254,,NOT_FOUND,NA,,BANK_A
TXN000527,2026-08-29 07:46:22.757169,2026-08-29 07:57:28.326354,SETTLED,00,1000.0,BANK_A
TXN000528,2026-08-27 21:12:51.430298,2026-08-27 21:20:31.373390,SETTLED,00,2000.0,BANK_A
TXN000529,2026-08-16 21:20:47.249043,2026-08-16 21:27:14.299344,SETTLED,00,5000.0,BANK_A
TXN000530,2026-08-20 19:01:50.438716,2026-08-20 19:06:29.241563,SETTLED,00,750.0,BANK_A
TXN000531,2026-08-30 10:21:23.813083,2026-08-30 10:30:20.713754,SETTLED,00,2000.0,BANK_C
TXN000532,2026-08-28 11:06:18.123802,,NOT_FOUND,NA,,BANK_C
TXN000533,2026-08-12 10:04:14.661476,2026-08-12 10:39:18.594372,PROCESSING,PENDING,1000.0,BANK_B
TXN000534,2026-08-09 06:38:33.683172,2026-08-09 06:40:14.322500,SETTLED,00,1000.0,BANK_C
TXN000535,2026-08-06 06:54:10.412155,2026-08-06 07:03:09.809782,SETTLED,00,500.0,BANK_A
TXN000536,2026-08-19 20:59:16.109804,2026-08-19 21:03:35.869303,SETTLED,00,1000.0,BANK_D
TXN000537,2026-08-16 04:33:02.751245,2026-08-16 04:38:38.566830,SETTLED,00,250.0,BANK_D
TXN000538,2026-08-09 00:09:27.212201,2026-08-09 00:10:53.918467,SETTLED,00,500.0,BANK_A
TXN000539,2026-08-15 12:00:52.556750,2026-08-15 12:07:30.739869,SETTLED,00,1500.0,BANK_B
TXN000540,2026-08-29 14:42:23.588275,2026-08-29 14:57:40.293632,PROCESSING,PENDING,5000.0,BANK_C
TXN000541,2026-08-29 15:49:37.049462,2026-08-29 15:51:20.318556,SETTLED,00,2500.0,BANK_B
TXN000542,2026-08-13 05:08:33.826771,2026-08-13 05:14:23.952453,SETTLED,00,750.0,BANK_B
TXN000543,2026-08-15 05:56:57.861640,2026-08-15 06:03:11.430263,SETTLED,00,2000.0,BANK_A
TXN000544,2026-09-02 13:15:44.245698,2026-09-02 13:18:12.515110,SETTLED,00,5000.0,BANK_C
TXN000545,2026-08-02 08:19:02.036958,2026-08-02 08:27:46.067146,SETTLED,00,2500.0,BANK_A
TXN000546,2026-08-02 18:20:22.093023,2026-08-02 18:29:16.372977,SETTLED,00,2500.0,BANK_C
TXN000547,2026-09-04 05:40:49.530941,2026-09-04 05:46:50.360612,SETTLED,00,750.0,BANK_C
TXN000548,2026-08-31 20:39:22.816876,,NOT_FOUND,NA,,BANK_D
TXN000549,2026-08-22 02:53:29.357449,2026-08-22 02:58:48.443142,SETTLED,00,100.0,BANK_B
TXN000550,2026-08-26 12:12:42.891730,2026-08-26 12:13:25.026139,SETTLED,00,100.0,BANK_A
TXN000551,2026-08-10 09:28:31.405623,2026-08-10 09:35:33.718448,SETTLED,00,2500.0,BANK_C
TXN000552,2026-09-04 10:10:55.569896,2026-09-04 10:20:11.279651,SETTLED,00,250.0,BANK_B
TXN000553,2026-08-21 04:53:29.957880,2026-08-21 05:00:46.345078,SETTLED,00,5000.0,BANK_A
TXN000554,2026-08-16 00:02:07.524791,2026-08-16 00:07:47.195618,SETTLED,00,100.0,BANK_B
TXN000555,2026-08-12 11:13:21.541224,2026-08-12 11:19:23.127505,SETTLED,00,5000.0,BANK_B
TXN000556,2026-08-04 20:03:36.164670,2026-08-04 20:06:02.770373,SETTLED,00,250.0,BANK_B
TXN000557,2026-08-23 22:19:32.929962,2026-08-23 22:23:12.440289,SETTLED,00,2500.0,BANK_B
TXN000558,2026-09-04 15:40:09.072535,2026-09-04 15:47:19.402975,SETTLED,00,750.0,BANK_A
TXN000559,2026-08-17 14:07:30.077367,2026-08-17 14:10:14.474928,SETTLED,00,2500.0,BANK_C
TXN000560,2026-08-20 20:12:47.817527,2026-08-20 20:35:10.792157,PROCESSING,PENDING,1500.0,BANK_D
TXN000561,2026-08-18 14:46:50.419372,2026-08-18 14:55:22.867852,SETTLED,00,1000.0,BANK_C
TXN000562,2026-08-12 02:28:46.162674,2026-08-12 03:09:18.663209,PROCESSING,PENDING,25000.0,BANK_C
TXN000563,2026-09-03 16:11:38.242918,2026-09-03 16:19:10.719079,SETTLED,00,25000.0,BANK_B
TXN000564,2026-08-27 17:42:03.730796,2026-08-27 17:48:14.424988,SETTLED,00,100.0,BANK_A
TXN000565,2026-08-06 03:04:21.541775,2026-08-06 03:06:41.091959,SETTLED,00,1000.0,BANK_B
TXN000566,2026-08-10 10:15:49.347472,2026-08-10 10:20:02.248207,SETTLED,00,1500.0,BANK_B
TXN000567,2026-08-27 07:10:44.114236,2026-08-27 07:19:15.731444,SETTLED,00,100.0,BANK_D
TXN000568,2026-08-12 11:19:43.613637,2026-08-12 11:24:09.701567,SETTLED,00,5000.0,BANK_C
TXN000569,2026-08-14 14:42:59.600255,2026-08-14 14:51:37.843669,SETTLED,00,2500.0,BANK_B
TXN000570,2026-08-26 18:14:31.543246,2026-08-26 18:24:13.292611,SETTLED,00,1500.0,BANK_D
TXN000571,2026-08-24 03:54:02.521576,2026-08-24 04:26:30.975146,PROCESSING,PENDING,250.0,BANK_C
TXN000572,2026-08-11 19:40:09.900513,2026-08-11 19:55:12.628197,PROCESSING,PENDING,750.0,BANK_A
TXN000573,2026-08-20 08:19:43.783361,2026-08-20 08:23:14.562275,SETTLED,00,1500.0,BANK_A
TXN000574,2026-08-07 14:33:47.291081,2026-08-07 14:53:42.683892,PROCESSING,PENDING,1500.0,BANK_C
TXN000575,2026-08-01 05:07:02.410008,2026-08-01 05:11:00.982389,SETTLED,00,5000.0,BANK_A
TXN000576,2026-08-24 00:45:55.670494,2026-08-24 00:49:28.302205,SETTLED,00,750.0,BANK_D
TXN000577,2026-08-29 09:58:20.464700,2026-08-29 10:04:58.474388,SETTLED,00,2000.0,BANK_B
TXN000578,2026-08-01 04:55:00.685648,2026-08-01 05:02:19.669236,SETTLED,00,1000.0,BANK_A
TXN000579,2026-08-03 05:23:58.645959,2026-08-03 05:32:12.501965,SETTLED,00,1500.0,BANK_A
TXN000580,2026-08-19 03:27:05.942979,2026-08-19 03:44:25.261071,PROCESSING,PENDING,100.0,BANK_D
TXN000581,2026-08-21 01:25:29.826179,2026-08-21 01:33:40.036154,SETTLED,00,25000.0,BANK_C
TXN000582,2026-08-06 00:17:18.338791,2026-08-06 00:25:10.846773,SETTLED,00,500.0,BANK_D
TXN000583,2026-08-01 19:46:32.728496,2026-08-01 20:13:43.461996,PROCESSING,PENDING,250.0,BANK_A
TXN000584,2026-08-24 07:23:43.656921,2026-08-24 07:33:32.786731,SETTLED,00,1000.0,BANK_D
TXN000585,2026-08-23 04:05:31.720849,2026-08-23 04:09:27.437726,SETTLED,00,250.0,BANK_C
TXN000586,2026-08-26 13:04:12.780115,2026-08-26 13:09:25.965817,SETTLED,00,10000.0,BANK_B
TXN000587,2026-08-27 00:15:50.931530,2026-08-27 00:48:23.899394,PROCESSING,PENDING,1000.0,BANK_B
TXN000588,2026-08-05 16:54:20.685850,2026-08-05 16:57:19.069813,SETTLED,00,1000.0,BANK_A
TXN000589,2026-08-13 01:42:33.560957,2026-08-13 01:51:04.519529,SETTLED,00,500.0,BANK_B
TXN000590,2026-08-31 10:17:08.786249,2026-08-31 10:22:57.356408,SETTLED,00,250.0,BANK_C
TXN000591,2026-08-04 18:12:04.521404,2026-08-04 18:14:04.180195,SETTLED,00,500.0,BANK_A
TXN000592,2026-08-16 16:37:03.885807,2026-08-16 16:44:29.390936,SETTLED,00,1500.0,BANK_D
TXN000593,2026-09-01 22:44:24.957284,2026-09-01 22:47:58.671837,SETTLED,00,1000.0,BANK_D
TXN000594,2026-08-19 15:25:16.086977,2026-08-19 15:31:56.464845,SETTLED,00,100.0,BANK_C
TXN000595,2026-09-02 08:58:48.396124,,NOT_FOUND,NA,,BANK_C
TXN000596,2026-08-10 17:00:20.837962,2026-08-10 17:08:20.837962,PROCESSING,PENDING,100.0,BANK_C
TXN000597,2026-08-26 09:11:12.251127,2026-08-26 09:19:12.251127,PROCESSING,PENDING,500.0,BANK_B
TXN000598,2026-08-05 08:35:57.656768,,NOT_FOUND,NA,,BANK_A
TXN000599,2026-08-26 16:10:54.449360,2026-08-26 16:18:36.209791,SETTLED,00,250.0,BANK_D
TXN000600,2026-08-19 07:42:21.803605,2026-08-19 08:10:01.578939,PROCESSING,PENDING,2000.0,BANK_C
TXN000601,2026-08-21 09:20:50.330721,2026-08-21 09:23:48.499217,SETTLED,00,2500.0,BANK_A
TXN000602,2026-08-31 05:09:53.816170,2026-08-31 05:17:41.609414,SETTLED,00,500.0,BANK_D
TXN000603,2026-08-03 23:38:09.148981,2026-08-03 23:40:47.656313,SETTLED,00,2500.0,BANK_A
TXN000604,2026-08-02 13:08:46.335937,2026-08-02 13:15:23.956029,SETTLED,00,100.0,BANK_A
TXN000605,2026-08-12 05:07:59.552179,2026-08-12 05:16:33.516031,SETTLED,00,2000.0,BANK_B
TXN000606,2026-08-12 13:18:58.192915,2026-08-12 14:06:09.533616,PROCESSING,PENDING,100.0,BANK_D
TXN000607,2026-08-21 18:40:04.216112,2026-08-21 18:46:47.541865,SETTLED,00,500.0,BANK_A
TXN000608,2026-08-09 08:01:22.217800,2026-08-09 08:07:37.427805,SETTLED,00,5000.0,BANK_D
TXN000609,2026-08-27 12:37:26.302298,2026-08-27 12:43:31.038416,SETTLED,00,10000.0,BANK_C
TXN000610,2026-08-24 20:28:44.483354,2026-08-24 20:29:14.483354,SETTLED,00,250.0,BANK_B
TXN000611,2026-08-06 12:23:12.000000,2026-08-06 12:30:18.920674,SETTLED,00,2000.0,BANK_A
TXN000612,2026-08-14 09:38:15.109941,,NOT_FOUND,NA,,BANK_D
TXN000613,2026-08-28 12:31:57.976625,2026-08-28 12:39:28.142217,SETTLED,00,2500.0,BANK_D
TXN000614,2026-08-22 05:08:38.792703,2026-08-22 05:13:59.141148,SETTLED,00,1000.0,BANK_D
TXN000615,2026-08-31 18:16:10.011866,2026-08-31 18:47:38.531193,PROCESSING,PENDING,750.0,BANK_D
TXN000616,2026-08-09 16:55:10.867552,2026-08-09 17:05:55.175096,SETTLED,00,1000.0,BANK_C
TXN000617,2026-08-18 08:44:57.740803,2026-08-18 09:29:15.825351,PROCESSING,PENDING,250.0,BANK_B
TXN000618,2026-08-09 02:13:23.508138,2026-08-09 02:18:41.718772,SETTLED,00,1500.0,BANK_A
TXN000619,2026-08-06 06:22:36.002466,2026-08-06 06:26:36.458818,SETTLED,00,500.0,BANK_A
TXN000620,2026-09-03 15:20:13.347019,2026-09-03 15:57:32.989110,PROCESSING,PENDING,2500.0,BANK_B
TXN000621,2026-08-25 07:03:10.435788,2026-08-25 07:12:02.542440,SETTLED,00,100.0,BANK_B
TXN000622,2026-08-21 04:25:46.281148,2026-08-21 04:33:25.472414,SETTLED,00,1000.0,BANK_C
TXN000623,2026-08-08 12:07:01.265004,2026-08-08 12:08:28.451339,SETTLED,00,500.0,BANK_A
TXN000624,2026-08-05 02:48:58.594136,2026-08-05 02:55:34.380553,SETTLED,00,2500.0,BANK_A
TXN000625,2026-09-03 14:57:39.385311,2026-09-03 15:22:31.772479,PROCESSING,PENDING,2500.0,BANK_D
TXN000626,2026-08-27 20:11:09.974075,2026-08-27 20:23:30.746559,SETTLED,00,1000.0,BANK_A
TXN000627,2026-08-19 15:46:27.986268,2026-08-19 15:56:53.348767,SETTLED,00,2000.0,BANK_A
TXN000628,2026-08-04 23:47:54.240223,2026-08-04 23:54:53.044783,SETTLED,00,2000.0,BANK_B
TXN000629,2026-08-08 23:44:10.242038,2026-08-08 23:49:23.606037,SETTLED,00,1500.0,BANK_D
TXN000630,2026-08-27 23:54:50.606224,2026-08-28 00:03:03.116159,SETTLED,00,1500.0,BANK_C
TXN000631,2026-08-15 18:10:42.145246,2026-08-15 18:17:04.080805,SETTLED,00,1000.0,BANK_C
TXN000632,2026-08-05 19:25:50.060843,2026-08-05 19:32:21.357129,SETTLED,00,250.0,BANK_C
TXN000633,2026-08-24 17:57:38.639037,2026-08-24 18:02:11.285997,SETTLED,00,10000.0,BANK_B
TXN000634,2026-08-24 18:09:50.509484,2026-08-24 18:15:45.003405,SETTLED,00,500.0,BANK_D
TXN000635,2026-08-04 04:52:10.927271,2026-08-04 05:01:28.212765,SETTLED,00,10000.0,BANK_B
TXN000636,2026-08-18 20:20:30.633612,2026-08-18 20:25:47.512942,SETTLED,00,1000.0,BANK_B
TXN000637,2026-08-06 23:15:43.941957,2026-08-06 23:24:30.526368,SETTLED,00,1500.0,BANK_A
TXN000639,2026-08-10 02:02:20.956419,2026-08-10 02:12:54.596861,SETTLED,00,500.0,BANK_D
TXN000640,2026-08-29 17:46:10.077826,2026-08-29 17:51:45.757650,SETTLED,00,100.0,BANK_D
TXN000641,2026-08-02 21:58:28.481922,2026-08-02 22:04:58.986601,SETTLED,00,750.0,BANK_D
TXN000642,2026-08-31 18:55:19.410512,2026-08-31 19:00:43.035993,SETTLED,00,2500.0,BANK_D
TXN000643,2026-08-12 16:03:51.285106,2026-08-12 16:10:17.089777,SETTLED,00,500.0,BANK_B
TXN000644,2026-08-04 18:09:57.507896,2026-08-04 18:16:34.311138,SETTLED,00,500.0,BANK_D
TXN000645,2026-08-30 18:31:00.360416,2026-08-30 18:34:47.072722,SETTLED,00,750.0,BANK_D
TXN000646,2026-08-02 22:07:22.556202,2026-08-02 22:13:42.023550,SETTLED,00,500.0,BANK_B
TXN000647,2026-08-02 12:18:13.968821,2026-08-02 12:39:02.970140,PROCESSING,PENDING,750.0,BANK_C
TXN000648,2026-08-19 15:54:30.133393,2026-08-19 15:59:30.883802,SETTLED,00,500.0,BANK_B
TXN000649,2026-09-03 22:50:55.358820,2026-09-03 22:51:25.358820,SETTLED,00,500.0,BANK_D
TXN000650,2026-08-10 13:32:53.832421,,NOT_FOUND,NA,,BANK_A
TXN000651,2026-08-10 07:06:38.104202,2026-08-10 07:12:30.102758,SETTLED,00,100.0,BANK_D
TXN000652,2026-09-02 17:00:57.863307,,NOT_FOUND,NA,,BANK_C
TXN000653,2026-08-01 04:51:35.595983,2026-08-01 05:00:15.266552,SETTLED,00,5000.0,BANK_B
TXN000654,2026-08-24 04:17:47.950891,2026-08-24 04:24:01.302729,SETTLED,00,500.0,BANK_C
TXN000655,2026-09-04 18:12:19.139492,2026-09-04 18:52:46.917191,PROCESSING,PENDING,500.0,BANK_D
TXN000656,2026-08-28 08:30:06.637573,,NOT_FOUND,NA,,BANK_B
TXN000657,2026-08-22 04:48:46.906043,2026-08-22 04:59:45.309977,SETTLED,00,500.0,BANK_C
TXN000658,2026-09-02 08:30:58.660849,2026-09-02 08:37:21.980486,SETTLED,00,500.0,BANK_A
TXN000659,2026-08-19 21:28:50.979734,2026-08-19 21:31:31.157871,SETTLED,00,1500.0,BANK_A
TXN000660,2026-08-08 23:03:37.827307,2026-08-08 23:07:35.967133,SETTLED,00,750.0,BANK_B
TXN000661,2026-08-29 21:38:35.233220,2026-08-29 21:42:52.377227,SETTLED,00,100.0,BANK_B
TXN000662,2026-08-09 22:46:59.658758,2026-08-09 22:55:29.428944,SETTLED,00,250.0,BANK_C
TXN000663,2026-09-04 12:57:58.055230,2026-09-04 13:07:13.806803,SETTLED,00,500.0,BANK_D
TXN000664,2026-08-13 22:46:42.709388,2026-08-13 22:49:53.487377,SETTLED,00,1500.0,BANK_C
TXN000665,2026-08-03 10:17:37.738605,2026-08-03 10:25:34.999639,SETTLED,00,1000.0,BANK_D
TXN000666,2026-09-04 21:33:56.498021,2026-09-04 22:01:45.430417,PROCESSING,PENDING,500.0,BANK_A
TXN000667,2026-08-04 23:11:37.170459,,NOT_FOUND,NA,,BANK_D
TXN000668,2026-08-22 03:17:01.148204,2026-08-22 03:27:34.761797,PROCESSING,PENDING,750.0,BANK_D
TXN000669,2026-08-30 14:35:32.722336,,NOT_FOUND,NA,,BANK_B
TXN000670,2026-08-22 00:17:37.997063,,NOT_FOUND,NA,,BANK_C
TXN000671,2026-08-21 06:24:42.250022,2026-08-21 06:28:47.080688,SETTLED,00,500.0,BANK_C
TXN000672,2026-08-15 23:03:12.232458,,NOT_FOUND,NA,,BANK_B
TXN000673,2026-08-10 22:37:22.048205,2026-08-10 22:42:13.689453,SETTLED,00,1000.0,BANK_B
TXN000674,2026-09-02 23:56:00.070835,2026-09-03 00:02:21.845852,SETTLED,00,750.0,BANK_B
TXN000675,2026-08-16 03:22:07.481833,2026-08-16 03:31:09.450321,SETTLED,00,250.0,BANK_C
TXN000676,2026-08-11 04:48:23.465628,2026-08-11 04:53:36.090503,SETTLED,00,750.0,BANK_B
TXN000677,2026-08-05 11:51:25.455468,2026-08-05 11:57:26.998477,SETTLED,00,10000.0,BANK_A
TXN000678,2026-08-06 10:38:10.895992,2026-08-06 11:16:24.244110,PROCESSING,PENDING,1000.0,BANK_B
TXN000679,2026-08-08 07:21:53.787353,,NOT_FOUND,NA,,BANK_A
TXN000681,2026-08-03 19:20:45.436916,2026-08-03 19:29:35.144930,SETTLED,00,100.0,BANK_B
TXN000682,2026-09-02 02:00:25.711499,2026-09-02 02:08:17.252549,SETTLED,00,1000.0,BANK_C
TXN000683,2026-08-30 07:55:40.145866,2026-08-30 07:58:28.042778,SETTLED,00,2000.0,BANK_C
TXN000684,2026-08-10 23:07:09.868711,2026-08-10 23:24:51.445607,PROCESSING,PENDING,750.0,BANK_A
TXN000685,2026-08-26 20:37:22.090159,,NOT_FOUND,NA,,BANK_A
TXN000686,2026-08-22 06:05:13.972999,2026-08-22 06:11:25.707321,SETTLED,00,25000.0,BANK_A
TXN000687,2026-08-31 09:33:11.891910,2026-08-31 10:03:42.994853,PROCESSING,PENDING,1500.0,BANK_D
TXN000688,2026-08-30 16:13:25.785904,2026-08-30 16:26:51.129169,PROCESSING,PENDING,100.0,BANK_B
TXN000689,2026-08-28 01:18:54.526392,2026-08-28 01:27:52.778880,SETTLED,00,100.0,BANK_D
TXN000690,2026-08-06 05:36:09.133681,2026-08-06 05:46:02.536130,SETTLED,00,750.0,BANK_A
TXN000691,2026-08-08 16:28:20.687053,2026-08-08 16:34:25.892963,SETTLED,00,500.0,BANK_D
TXN000692,2026-08-02 18:35:46.333329,2026-08-02 19:19:00.938555,PROCESSING,PENDING,750.0,BANK_D
TXN000693,2026-08-19 03:06:57.788856,2026-08-19 03:14:46.945793,SETTLED,00,250.0,BANK_C
TXN000694,2026-08-30 09:30:27.469851,2026-08-30 09:32:57.558993,SETTLED,00,100.0,BANK_A
TXN000695,2026-08-05 03:15:09.014308,2026-08-05 03:18:45.405399,SETTLED,00,5000.0,BANK_A
TXN000696,2026-08-19 15:17:06.659097,2026-08-19 15:27:30.375734,SETTLED,00,1500.0,BANK_A
TXN000697,2026-08-27 05:27:26.567478,2026-08-27 05:55:07.138982,PROCESSING,PENDING,250.0,BANK_C
TXN000698,2026-08-16 05:15:14.716990,2026-08-16 05:20:35.369811,SETTLED,00,2000.0,BANK_B
TXN000699,2026-08-10 12:15:09.343378,2026-08-10 12:23:06.884142,SETTLED,00,250.0,BANK_D
TXN000700,2026-08-09 23:35:28.389269,2026-08-09 23:41:27.162898,SETTLED,00,750.0,BANK_B
TXN000701,2026-08-29 07:09:06.083826,2026-08-29 07:15:25.440175,SETTLED,00,500.0,BANK_C
TXN000702,2026-08-25 11:58:32.806610,2026-08-25 12:01:27.444713,SETTLED,00,1500.0,BANK_B
TXN000703,2026-08-28 18:51:53.867181,2026-08-28 18:53:33.019097,SETTLED,00,500.0,BANK_B
TXN000704,2026-08-01 21:36:17.705503,2026-08-01 21:46:36.289577,SETTLED,00,5000.0,BANK_B
TXN000705,2026-08-21 23:49:14.887762,2026-08-21 23:52:30.683304,SETTLED,00,10000.0,BANK_A
TXN000706,2026-08-26 01:09:15.039941,2026-08-26 01:50:17.464314,PROCESSING,PENDING,2000.0,BANK_C
TXN000707,2026-08-05 19:15:05.270574,2026-08-05 19:22:07.291568,SETTLED,00,750.0,BANK_A
TXN000708,2026-08-13 08:22:57.100866,2026-08-13 09:00:35.928462,PROCESSING,PENDING,5000.0,BANK_B
TXN000709,2026-08-13 00:04:18.991543,2026-08-13 00:13:11.893975,SETTLED,00,250.0,BANK_C
TXN000710,2026-08-18 07:05:33.896978,2026-08-18 07:13:11.378674,SETTLED,00,250.0,BANK_D
TXN000711,2026-08-22 22:29:55.550003,2026-08-22 22:35:56.381129,SETTLED,00,2500.0,BANK_A
TXN000712,2026-08-05 12:38:13.684990,2026-08-05 12:43:48.820253,SETTLED,00,750.0,BANK_A
TXN000713,2026-08-30 21:25:53.603863,2026-08-30 21:50:33.055077,PROCESSING,PENDING,2000.0,BANK_D
TXN000714,2026-08-03 02:54:26.646831,2026-08-03 02:56:26.196819,SETTLED,00,100.0,BANK_B
TXN000715,2026-08-10 11:38:40.267413,2026-08-10 11:43:03.214920,SETTLED,00,2000.0,BANK_B
TXN000716,2026-08-21 16:31:21.526320,2026-08-21 16:36:59.990423,SETTLED,00,5000.0,BANK_B
TXN000717,2026-08-13 04:44:41.604944,2026-08-13 05:11:22.947964,PROCESSING,PENDING,1000.0,BANK_A
TXN000718,2026-08-14 07:46:50.978872,2026-08-14 07:53:03.208414,SETTLED,00,500.0,BANK_B
TXN000719,2026-08-30 14:51:57.419974,,NOT_FOUND,NA,,BANK_A
TXN000720,2026-08-07 15:39:17.110046,2026-08-07 15:44:09.046386,SETTLED,00,1000.0,BANK_D
TXN000721,2026-08-19 10:06:49.898226,2026-08-19 10:12:13.797684,SETTLED,00,10000.0,BANK_D
TXN000722,2026-08-23 04:43:59.498620,2026-08-23 04:48:48.336431,SETTLED,00,250.0,BANK_D
TXN000723,2026-08-20 13:01:40.807271,2026-08-20 13:13:47.422316,SETTLED,00,100.0,BANK_B
TXN000724,2026-08-06 16:21:57.207340,2026-08-06 16:40:34.558463,PROCESSING,PENDING,100.0,BANK_D
TXN000725,2026-08-21 08:17:33.820437,2026-08-21 08:25:00.810513,SETTLED,00,250.0,BANK_D
TXN000726,2026-08-07 07:01:23.758856,2026-08-07 07:11:56.853746,SETTLED,00,500.0,BANK_A
TXN000727,2026-08-10 22:18:13.233072,2026-08-10 22:23:24.459162,SETTLED,00,1000.0,BANK_B
TXN000728,2026-08-15 16:21:12.352940,2026-08-15 16:26:20.793639,SETTLED,00,500.0,BANK_C
TXN000729,2026-08-26 11:28:48.733167,2026-08-26 11:33:43.097171,SETTLED,00,500.0,BANK_C
TXN000730,2026-08-27 12:29:46.553891,2026-08-27 12:30:16.553891,SETTLED,00,500.0,BANK_D
TXN000731,2026-08-26 02:10:40.685635,2026-08-26 02:18:10.047821,SETTLED,00,500.0,BANK_A
TXN000732,2026-08-09 06:42:01.985726,2026-08-09 07:23:21.309855,PROCESSING,PENDING,500.0,BANK_C
TXN000733,2026-08-17 05:29:01.259948,2026-08-17 05:36:31.233964,SETTLED,00,2000.0,BANK_C
TXN000734,2026-09-03 12:30:16.038815,2026-09-03 12:35:30.991119,SETTLED,00,250.0,BANK_C
TXN000735,2026-09-02 20:40:48.654656,2026-09-02 20:51:59.317046,SETTLED,00,500.0,BANK_C
TXN000736,2026-08-25 20:36:15.717247,,NOT_FOUND,NA,,BANK_B
TXN000737,2026-08-09 11:49:37.633028,2026-08-09 11:54:04.209903,SETTLED,00,1000.0,BANK_D
TXN000738,2026-08-19 08:02:17.454501,2026-08-19 08:09:15.118917,SETTLED,00,1000.0,BANK_D
TXN000740,2026-08-07 17:18:38.912051,2026-08-07 17:24:45.540226,SETTLED,00,500.0,BANK_A
TXN000741,2026-08-06 08:29:08.128272,2026-08-06 08:35:49.092388,SETTLED,00,750.0,BANK_C
TXN000742,2026-08-01 02:40:10.089948,,NOT_FOUND,NA,,BANK_D
TXN000743,2026-08-14 20:38:01.546008,2026-08-14 20:45:52.970109,SETTLED,00,100.0,BANK_D
TXN000744,2026-09-02 10:00:37.944274,2026-09-02 10:06:35.315037,SETTLED,00,25000.0,BANK_C
TXN000745,2026-08-19 14:43:29.608905,2026-08-19 14:46:15.363858,SETTLED,00,250.0,BANK_B
TXN000746,2026-08-16 23:51:38.071193,2026-08-17 00:01:53.746887,SETTLED,00,250.0,BANK_A
TXN000747,2026-08-02 09:25:34.364071,2026-08-02 09:31:55.437540,PROCESSING,PENDING,500.0,BANK_B
TXN000748,2026-08-10 13:38:05.786634,2026-08-10 13:41:28.110242,SETTLED,00,100.0,BANK_A
TXN000749,2026-08-08 14:19:19.113595,,NOT_FOUND,NA,,BANK_D
TXN000750,2026-09-03 10:57:57.343215,2026-09-03 11:32:33.869414,PROCESSING,PENDING,2000.0,BANK_B
TXN000751,2026-08-12 11:37:59.670646,2026-08-12 11:43:24.136012,SETTLED,00,750.0,BANK_D
TXN000752,2026-08-09 05:21:28.913345,2026-08-09 05:25:02.004220,SETTLED,00,100.0,BANK_A
TXN000753,2026-08-20 21:17:36.834110,2026-08-20 21:27:12.995627,SETTLED,00,500.0,BANK_D
TXN000754,2026-08-14 09:29:09.806556,2026-08-14 10:00:24.112416,PROCESSING,PENDING,1500.0,BANK_C
TXN000755,2026-08-12 02:25:04.241946,2026-08-12 02:32:50.198968,SETTLED,00,750.0,BANK_D
TXN000756,2026-08-24 16:31:32.031236,2026-08-24 16:36:58.960049,SETTLED,00,250.0,BANK_B
TXN000757,2026-08-30 19:41:37.531290,2026-08-30 20:22:27.074130,PROCESSING,PENDING,1500.0,BANK_D
TXN000758,2026-08-29 07:21:27.946718,2026-08-29 08:03:04.423049,PROCESSING,PENDING,2000.0,BANK_D
TXN000759,2026-09-02 14:39:10.998871,2026-09-02 14:46:01.504950,SETTLED,00,500.0,BANK_A
TXN000760,2026-08-23 17:35:46.943385,2026-08-23 17:38:07.834589,SETTLED,00,500.0,BANK_A
TXN000761,2026-08-25 03:33:17.980003,2026-08-25 03:38:51.632082,SETTLED,00,500.0,BANK_B
TXN000762,2026-08-10 11:32:47.575367,2026-08-10 11:36:46.508339,SETTLED,00,1000.0,BANK_B
TXN000763,2026-08-14 02:25:23.797596,,NOT_FOUND,NA,,BANK_A
TXN000764,2026-08-07 01:53:15.396865,2026-08-07 01:58:06.454602,SETTLED,00,1000.0,BANK_D
TXN000765,2026-08-26 01:05:12.519106,2026-08-26 01:16:15.258938,SETTLED,00,500.0,BANK_D
TXN000766,2026-08-01 22:37:33.391721,2026-08-01 22:44:51.740852,SETTLED,00,500.0,BANK_C
TXN000767,2026-08-28 08:52:08.199249,2026-08-28 08:56:24.927412,SETTLED,00,500.0,BANK_C
TXN000768,2026-08-17 06:58:53.366758,,NOT_FOUND,NA,,BANK_A
TXN000769,2026-08-22 09:07:57.156548,2026-08-22 09:14:47.638182,SETTLED,00,1000.0,BANK_B
TXN000770,2026-08-20 03:13:07.131575,2026-08-20 03:21:12.809577,SETTLED,00,100.0,BANK_D
TXN000771,2026-08-01 17:41:28.375054,2026-08-01 17:47:02.770932,SETTLED,00,250.0,BANK_B
TXN000772,2026-08-06 12:56:01.976463,,NOT_FOUND,NA,,BANK_C
TXN000773,2026-08-10 08:22:36.998612,2026-08-10 08:25:45.308576,SETTLED,00,2500.0,BANK_A
TXN000774,2026-08-16 23:19:15.904832,2026-08-16 23:23:51.638540,SETTLED,00,1500.0,BANK_A
TXN000775,2026-08-15 02:07:09.913008,2026-08-15 02:21:23.991124,SETTLED,00,1000.0,BANK_A
TXN000776,2026-08-02 06:58:50.390449,2026-08-02 07:07:16.338865,SETTLED,00,500.0,BANK_C
TXN000777,2026-08-31 23:57:37.631372,2026-09-01 00:04:15.354352,SETTLED,00,500.0,BANK_A
TXN000778,2026-08-20 03:20:53.872046,2026-08-20 03:27:18.945039,SETTLED,00,500.0,BANK_A
TXN000779,2026-08-02 06:58:45.998163,2026-08-02 07:04:29.873140,SETTLED,00,250.0,BANK_A
TXN000780,2026-08-17 18:25:07.711070,2026-08-17 18:32:54.231523,SETTLED,00,2000.0,BANK_C
TXN000781,2026-08-11 10:32:15.194678,2026-08-11 10:37:32.489792,SETTLED,00,2500.0,BANK_B
TXN000782,2026-08-14 06:20:16.436599,2026-08-14 06:28:11.157240,SETTLED,00,5000.0,BANK_C
TXN000783,2026-08-10 03:04:36.751228,2026-08-10 03:06:42.180703,SETTLED,00,100.0,BANK_D
TXN000784,2026-08-27 22:15:50.767871,2026-08-27 22:21:23.331252,SETTLED,00,1000.0,BANK_A
TXN000786,2026-08-17 03:38:56.081484,2026-08-17 03:45:59.111560,SETTLED,00,100.0,BANK_C
TXN000787,2026-08-06 15:41:12.929282,2026-08-06 15:44:48.057434,SETTLED,00,1000.0,BANK_C
TXN000788,2026-08-13 12:32:12.591795,2026-08-13 12:41:02.295368,SETTLED,00,250.0,BANK_B
TXN000789,2026-08-13 22:20:37.049718,2026-08-13 22:27:47.804818,SETTLED,00,750.0,BANK_B
TXN000791,2026-08-01 02:56:15.727228,2026-08-01 03:07:52.900496,SETTLED,00,250.0,BANK_B
TXN000792,2026-08-17 19:20:21.177567,2026-08-17 19:26:28.518326,SETTLED,00,500.0,BANK_A
TXN000793,2026-08-10 06:02:41.661827,2026-08-10 06:04:09.447565,SETTLED,00,100.0,BANK_B
TXN000794,2026-08-18 13:54:47.621306,,NOT_FOUND,NA,,BANK_C
TXN000795,2026-08-26 17:53:59.894319,2026-08-26 18:03:17.750219,SETTLED,00,10000.0,BANK_C
TXN000796,2026-08-26 01:45:41.024251,2026-08-26 01:51:17.505482,SETTLED,00,750.0,BANK_B
TXN000797,2026-08-07 15:03:22.921379,2026-08-07 15:09:30.776327,SETTLED,00,250.0,BANK_B
TXN000798,2026-08-02 14:15:13.549051,2026-08-02 14:21:22.118193,SETTLED,00,500.0,BANK_C
TXN000799,2026-09-04 03:57:15.370348,2026-09-04 04:02:05.983521,SETTLED,00,1000.0,BANK_B
TXN000800,2026-08-11 10:36:54.727211,2026-08-11 10:44:25.661742,SETTLED,00,250.0,BANK_C
TXN000801,2026-08-05 05:04:27.500651,2026-08-05 05:09:04.750971,SETTLED,00,750.0,BANK_A
TXN000803,2026-08-14 05:00:57.200308,2026-08-14 05:54:11.610054,PROCESSING,PENDING,250.0,BANK_D
TXN000804,2026-08-11 11:25:03.251550,2026-08-11 11:26:40.719230,SETTLED,00,1500.0,BANK_C
TXN000805,2026-09-04 11:57:49.770858,2026-09-04 12:04:19.830783,SETTLED,00,2000.0,BANK_A
TXN000806,2026-08-15 02:45:18.642636,2026-08-15 02:54:55.313931,SETTLED,00,2000.0,BANK_B
TXN000807,2026-08-05 19:58:27.322587,,NOT_FOUND,NA,,BANK_C
TXN000808,2026-08-25 13:40:10.809685,2026-08-25 14:08:14.988386,PROCESSING,PENDING,2500.0,BANK_C
TXN000809,2026-09-02 00:35:06.834442,2026-09-02 00:40:58.967577,SETTLED,00,500.0,BANK_C
TXN000810,2026-08-29 16:38:15.591619,2026-08-29 16:46:21.548109,SETTLED,00,250.0,BANK_C
TXN000811,2026-08-20 06:52:53.173254,2026-08-20 07:22:30.839503,PROCESSING,PENDING,750.0,BANK_B
TXN000812,2026-09-04 17:15:04.644806,2026-09-04 17:20:33.106143,SETTLED,00,250.0,BANK_C
TXN000813,2026-09-04 21:25:20.259797,2026-09-04 21:32:59.837722,SETTLED,00,1500.0,BANK_B
TXN000814,2026-08-15 19:58:23.833387,2026-08-15 20:02:23.669393,SETTLED,00,500.0,BANK_A
TXN000815,2026-08-06 14:27:25.207253,2026-08-06 14:35:23.876898,SETTLED,00,1000.0,BANK_D
TXN000816,2026-08-24 07:34:11.102429,2026-08-24 07:43:54.560767,SETTLED,00,750.0,BANK_B
TXN000817,2026-08-27 22:05:25.885212,2026-08-27 22:12:29.096848,SETTLED,00,750.0,BANK_D
TXN000818,2026-08-10 07:24:15.506774,2026-08-10 07:28:47.453115,SETTLED,00,1000.0,BANK_B
TXN000819,2026-08-26 20:20:54.659931,2026-08-26 20:50:06.984693,PROCESSING,PENDING,750.0,BANK_C
TXN000820,2026-08-19 22:50:08.055917,2026-08-19 23:10:51.831829,PROCESSING,PENDING,1500.0,BANK_A
TXN000821,2026-08-05 05:11:53.086934,2026-08-05 05:16:29.364166,SETTLED,00,100.0,BANK_C
TXN000822,2026-08-01 03:16:09.079301,2026-08-01 03:24:30.065181,SETTLED,00,1500.0,BANK_B
TXN000823,2026-08-24 22:38:41.149995,2026-08-24 22:42:17.602535,SETTLED,00,750.0,BANK_B
TXN000824,2026-08-08 19:20:03.310784,2026-08-08 19:26:41.439385,SETTLED,00,500.0,BANK_D
TXN000825,2026-08-15 10:28:36.521150,2026-08-15 10:34:33.928034,SETTLED,00,1000.0,BANK_D
TXN000826,2026-08-13 09:30:59.956758,2026-08-13 09:36:21.704410,SETTLED,00,750.0,BANK_D
TXN000827,2026-08-21 14:35:41.106481,2026-08-21 14:37:28.061545,SETTLED,00,1500.0,BANK_D
TXN000828,2026-08-23 16:31:28.432324,2026-08-23 17:05:50.557754,PROCESSING,PENDING,1000.0,BANK_C
TXN000829,2026-08-15 10:01:12.000000,2026-08-15 10:10:38.170682,SETTLED,00,1500.0,BANK_D
TXN000830,2026-08-26 01:07:34.812308,,NOT_FOUND,NA,,BANK_C
TXN000831,2026-08-09 23:22:58.690175,2026-08-09 23:27:37.331449,SETTLED,00,250.0,BANK_A
TXN000832,2026-08-02 15:10:07.298806,2026-08-02 15:32:40.253340,PROCESSING,PENDING,250.0,BANK_C
TXN000833,2026-09-04 16:36:25.698291,2026-09-04 16:37:46.042311,SETTLED,00,1500.0,BANK_C
TXN000834,2026-08-16 22:06:49.023884,2026-08-16 22:14:40.313372,SETTLED,00,10000.0,BANK_A
TXN000835,2026-08-03 18:05:21.936642,2026-08-03 18:05:51.936642,SETTLED,00,1500.0,BANK_A
TXN000836,2026-08-13 12:46:07.130870,2026-08-13 12:55:48.835639,SETTLED,00,100.0,BANK_C
TXN000837,2026-08-06 13:39:42.960148,2026-08-06 13:46:08.554566,SETTLED,00,2500.0,BANK_B
TXN000838,2026-08-29 13:49:50.965934,2026-08-29 13:55:58.285101,SETTLED,00,2500.0,BANK_B
TXN000839,2026-08-08 13:47:08.451888,2026-08-08 13:54:33.637535,SETTLED,00,750.0,BANK_D
TXN000840,2026-08-02 12:32:47.892082,2026-08-02 12:37:04.591276,SETTLED,00,250.0,BANK_C
TXN000841,2026-08-16 16:00:10.500447,2026-08-16 16:01:20.072043,SETTLED,00,500.0,BANK_A
TXN000842,2026-08-15 16:04:37.998744,2026-08-15 16:34:50.581478,PROCESSING,PENDING,500.0,BANK_D
TXN000843,2026-08-29 11:36:51.170661,2026-08-29 11:42:41.465649,SETTLED,00,750.0,BANK_A
TXN000844,2026-08-18 20:57:22.080327,2026-08-18 21:04:51.619976,SETTLED,00,2500.0,BANK_A
TXN000845,2026-08-29 13:00:46.918796,2026-08-29 13:06:03.032304,SETTLED,00,2000.0,BANK_D
TXN000846,2026-08-24 06:06:44.618615,2026-08-24 06:13:43.422607,SETTLED,00,750.0,BANK_A
TXN000847,2026-08-15 03:42:12.000000,2026-08-15 04:16:02.327861,PROCESSING,PENDING,1000.0,BANK_D
TXN000848,2026-08-11 09:31:29.704261,2026-08-11 09:39:10.678502,SETTLED,00,2000.0,BANK_D
TXN000849,2026-09-01 09:19:12.900172,2026-09-01 09:22:14.820562,SETTLED,00,750.0,BANK_B
TXN000850,2026-08-02 13:55:03.050579,2026-08-02 14:03:32.305196,SETTLED,00,100.0,BANK_C
TXN000851,2026-08-24 20:16:29.067816,2026-08-24 20:40:59.290330,PROCESSING,PENDING,5000.0,BANK_B
TXN000852,2026-08-02 04:36:17.028207,2026-08-02 04:39:35.881968,SETTLED,00,5000.0,BANK_C
TXN000853,2026-08-16 13:54:29.746325,2026-08-16 14:28:54.351230,PROCESSING,PENDING,250.0,BANK_C
TXN000854,2026-08-29 05:07:48.453562,2026-08-29 05:10:07.027046,SETTLED,00,750.0,BANK_B
TXN000855,2026-09-01 04:39:08.499444,2026-09-01 04:49:16.054819,SETTLED,00,250.0,BANK_A
TXN000856,2026-08-01 10:03:08.959104,2026-08-01 10:07:50.758729,SETTLED,00,25000.0,BANK_D
TXN000857,2026-08-08 21:48:20.574221,2026-08-08 21:53:56.251658,SETTLED,00,2000.0,BANK_D
TXN000858,2026-09-02 12:42:10.154496,2026-09-02 12:46:05.658579,SETTLED,00,250.0,BANK_C
TXN000859,2026-08-31 23:34:35.098519,,NOT_FOUND,NA,,BANK_A
TXN000860,2026-09-02 08:59:51.355898,2026-09-02 09:07:46.628459,SETTLED,00,750.0,BANK_A
TXN000861,2026-08-06 17:47:31.518253,2026-08-06 17:52:29.475875,SETTLED,00,2000.0,BANK_D
TXN000862,2026-09-01 08:37:24.974044,2026-09-01 08:44:15.185780,SETTLED,00,250.0,BANK_B
TXN000863,2026-08-27 13:18:56.372877,2026-08-27 13:24:29.004491,SETTLED,00,2500.0,BANK_A
TXN000864,2026-08-20 07:01:26.836539,2026-08-20 07:07:07.143648,SETTLED,00,1500.0,BANK_A
TXN000865,2026-08-09 09:36:42.888088,2026-08-09 09:43:04.831520,SETTLED,00,100.0,BANK_D
TXN000866,2026-08-24 09:09:39.264003,2026-08-24 09:14:11.553591,SETTLED,00,500.0,BANK_C
TXN000867,2026-08-26 09:45:21.509145,2026-08-26 09:54:23.883549,SETTLED,00,5000.0,BANK_B
TXN000868,2026-09-04 19:16:44.575402,2026-09-04 19:41:17.663576,PROCESSING,PENDING,1000.0,BANK_C
TXN000869,2026-08-03 18:27:23.962980,2026-08-03 18:35:40.520265,PROCESSING,PENDING,1000.0,BANK_B
TXN000870,2026-09-02 05:33:48.967197,2026-09-02 06:04:32.999798,PROCESSING,PENDING,250.0,BANK_A
TXN000871,2026-08-22 06:37:12.932948,2026-08-22 06:43:32.020753,SETTLED,00,2500.0,BANK_B
TXN000872,2026-09-04 19:28:43.475456,2026-09-04 19:36:55.805102,SETTLED,00,500.0,BANK_A
TXN000873,2026-08-26 13:40:19.676861,2026-08-26 13:45:18.460547,SETTLED,00,2500.0,BANK_D
TXN000874,2026-09-02 21:20:28.717640,2026-09-02 21:28:14.996248,SETTLED,00,1500.0,BANK_B
TXN000875,2026-08-10 08:14:59.285628,2026-08-10 08:29:07.508324,PROCESSING,PENDING,500.0,BANK_D
TXN000876,2026-08-14 14:51:13.740145,2026-08-14 15:07:17.613751,SETTLED,00,250.0,BANK_B
TXN000877,2026-09-02 19:53:34.008579,2026-09-02 20:02:41.083617,SETTLED,00,1500.0,BANK_D
TXN000878,2026-08-15 15:57:12.000000,2026-08-15 16:01:08.316804,SETTLED,00,100.0,BANK_A
TXN000879,2026-08-13 14:14:49.985436,2026-08-13 14:17:27.135483,SETTLED,00,250.0,BANK_C
TXN000880,2026-08-30 21:32:17.538169,2026-08-30 21:40:26.551596,SETTLED,00,5000.0,BANK_D
TXN000881,2026-08-10 22:56:52.215306,2026-08-10 23:04:33.633596,SETTLED,00,1000.0,BANK_C
TXN000882,2026-08-20 07:35:25.617200,2026-08-20 07:41:19.769785,SETTLED,00,1500.0,BANK_C
TXN000883,2026-08-26 21:31:42.590381,2026-08-26 21:35:09.798302,SETTLED,00,2500.0,BANK_D
TXN000884,2026-08-16 00:09:55.430146,2026-08-16 00:21:23.436370,SETTLED,00,250.0,BANK_A
TXN000885,2026-09-01 01:31:26.319105,2026-09-01 01:38:39.100897,SETTLED,00,1000.0,BANK_B
TXN000886,2026-08-10 08:18:45.054529,2026-08-10 08:26:06.904087,SETTLED,00,750.0,BANK_B
TXN000887,2026-08-04 23:58:31.446885,2026-08-05 00:05:55.692716,SETTLED,00,1000.0,BANK_A
TXN000888,2026-08-16 02:02:43.251122,2026-08-16 02:04:27.892529,SETTLED,00,25000.0,BANK_B
TXN000889,2026-09-03 07:38:30.019087,2026-09-03 08:05:08.113711,PROCESSING,PENDING,1500.0,BANK_C
TXN000891,2026-08-07 03:51:46.280307,2026-08-07 03:57:31.661438,SETTLED,00,250.0,BANK_B
TXN000892,2026-08-26 01:34:47.570506,2026-08-26 01:53:48.149466,PROCESSING,PENDING,2000.0,BANK_A
TXN000893,2026-09-04 12:45:17.121954,2026-09-04 12:51:45.111076,SETTLED,00,100.0,BANK_D
TXN000894,2026-08-25 14:31:03.332402,2026-08-25 14:37:32.388822,SETTLED,00,2500.0,BANK_D
TXN000895,2026-08-25 01:45:18.144356,2026-08-25 01:48:21.218244,SETTLED,00,500.0,BANK_C
TXN000896,2026-08-16 23:15:18.945406,2026-08-16 23:18:50.008550,SETTLED,00,250.0,BANK_C
TXN000897,2026-08-18 23:38:56.081116,2026-08-19 00:14:30.073927,PROCESSING,PENDING,2000.0,BANK_B
TXN000898,2026-08-01 10:30:51.837354,2026-08-01 10:34:40.743526,SETTLED,00,1000.0,BANK_D
TXN000899,2026-08-12 22:49:41.325420,2026-08-12 23:05:06.956157,PROCESSING,PENDING,1000.0,BANK_A
TXN000900,2026-08-01 08:09:00.949245,2026-08-01 08:13:29.874182,SETTLED,00,10000.0,BANK_B
TXN000901,2026-08-13 15:21:23.207274,2026-08-13 15:29:04.415583,SETTLED,00,10000.0,BANK_C
TXN000902,2026-08-23 04:39:50.566151,2026-08-23 04:49:55.471089,SETTLED,00,250.0,BANK_A
TXN000903,2026-08-19 10:56:45.893367,2026-08-19 11:01:17.963266,SETTLED,00,500.0,BANK_A
TXN000904,2026-08-08 18:19:17.983222,2026-08-08 18:27:23.711588,SETTLED,00,2000.0,BANK_C
TXN000905,2026-08-20 07:44:00.342164,2026-08-20 07:49:15.574825,SETTLED,00,250.0,BANK_D
TXN000906,2026-08-16 10:38:46.262256,2026-08-16 10:43:35.525412,SETTLED,00,2000.0,BANK_B
TXN000907,2026-08-11 12:32:39.239904,2026-08-11 12:33:45.247092,SETTLED,00,500.0,BANK_D
TXN000908,2026-08-14 11:25:46.145057,2026-08-14 11:35:05.310991,SETTLED,00,1000.0,BANK_A
TXN000909,2026-08-27 16:04:47.951703,2026-08-27 16:07:56.394336,SETTLED,00,500.0,BANK_D
TXN000910,2026-08-09 18:49:56.780467,2026-08-09 18:56:13.272501,SETTLED,00,250.0,BANK_A
TXN000911,2026-08-31 12:22:53.592784,2026-08-31 12:28:08.105430,SETTLED,00,1500.0,BANK_A
TXN000912,2026-08-29 23:48:28.048243,2026-08-29 23:55:47.724410,SETTLED,00,500.0,BANK_C
TXN000913,2026-08-01 09:18:23.773024,2026-08-01 09:25:10.182692,SETTLED,00,250.0,BANK_D
TXN000914,2026-08-05 13:21:22.678044,2026-08-05 13:28:02.240091,SETTLED,00,500.0,BANK_C
TXN000915,2026-08-06 06:45:11.657129,2026-08-06 06:56:57.437094,PROCESSING,PENDING,500.0,BANK_A
TXN000916,2026-08-03 15:46:35.259448,2026-08-03 16:16:26.265655,PROCESSING,PENDING,1500.0,BANK_D
TXN000917,2026-08-05 10:58:11.562246,2026-08-05 11:52:39.604244,PROCESSING,PENDING,1500.0,BANK_B
TXN000918,2026-08-09 14:51:33.451787,2026-08-09 15:21:18.347950,PROCESSING,PENDING,250.0,BANK_B
TXN000919,2026-08-28 17:50:43.944010,2026-08-28 17:57:52.679332,SETTLED,00,750.0,BANK_A
TXN000920,2026-08-13 00:42:31.265421,2026-08-13 00:49:02.723258,SETTLED,00,750.0,BANK_C
TXN000921,2026-08-28 13:03:40.357672,,NOT_FOUND,NA,,BANK_B
TXN000922,2026-08-29 02:14:30.118288,2026-08-29 02:20:44.537366,SETTLED,00,750.0,BANK_B
TXN000923,2026-08-13 17:08:28.085335,2026-08-13 17:20:39.398056,SETTLED,00,250.0,BANK_D
TXN000924,2026-08-28 11:23:09.264220,2026-08-28 11:29:58.092040,SETTLED,00,1000.0,BANK_A
TXN000925,2026-08-30 23:34:23.538019,2026-08-30 23:38:27.908093,SETTLED,00,2000.0,BANK_D
TXN000926,2026-08-10 10:49:03.931985,2026-08-10 10:58:27.598618,SETTLED,00,250.0,BANK_A
TXN000927,2026-08-15 18:02:37.645195,2026-08-15 18:05:36.373976,SETTLED,00,2000.0,BANK_C
TXN000928,2026-08-07 06:52:19.164989,2026-08-07 07:11:12.913285,PROCESSING,PENDING,750.0,BANK_A
TXN000929,2026-08-09 02:08:54.397033,2026-08-09 02:11:55.426628,SETTLED,00,1000.0,BANK_A
TXN000930,2026-08-20 13:59:00.339904,2026-08-20 14:05:12.088008,SETTLED,00,1000.0,BANK_C
TXN000931,2026-08-08 10:30:44.462938,2026-08-08 10:38:48.381470,SETTLED,00,2000.0,BANK_D
TXN000932,2026-08-21 12:36:48.765372,2026-08-21 13:00:16.956356,PROCESSING,PENDING,10000.0,BANK_B
TXN000933,2026-08-26 19:47:17.126194,2026-08-26 19:52:48.969985,SETTLED,00,2500.0,BANK_D
TXN000934,2026-08-20 21:08:36.516199,2026-08-20 21:18:20.989421,SETTLED,00,500.0,BANK_C
TXN000935,2026-08-06 03:48:03.389357,2026-08-06 03:56:15.435400,SETTLED,00,1000.0,BANK_B
TXN000936,2026-08-06 05:58:13.569873,2026-08-06 06:16:04.520927,PROCESSING,PENDING,250.0,BANK_A
TXN000937,2026-08-01 20:30:54.641943,2026-08-01 20:35:59.421463,SETTLED,00,2500.0,BANK_D
TXN000938,2026-08-02 08:48:48.644551,2026-08-02 08:53:47.076062,SETTLED,00,2500.0,BANK_A
TXN000939,2026-08-05 04:36:12.000000,2026-08-05 04:41:23.024670,SETTLED,00,1500.0,BANK_D
TXN000940,2026-08-08 14:29:38.368252,2026-08-08 14:32:21.835793,SETTLED,00,1500.0,BANK_A
TXN000941,2026-08-25 09:25:53.087570,2026-08-25 09:34:48.072640,SETTLED,00,250.0,BANK_A
TXN000942,2026-08-10 08:29:08.322885,2026-08-10 08:33:56.818874,SETTLED,00,500.0,BANK_B
TXN000943,2026-08-24 07:56:33.273336,2026-08-24 08:00:42.295159,SETTLED,00,2000.0,BANK_C
TXN000944,2026-08-31 13:10:57.294625,,NOT_FOUND,NA,,BANK_C
TXN000945,2026-08-21 17:47:53.988038,2026-08-21 18:15:41.597538,PROCESSING,PENDING,250.0,BANK_C
TXN000946,2026-08-16 08:23:45.558610,2026-08-16 08:29:46.773282,SETTLED,00,1500.0,BANK_B
TXN000947,2026-08-20 19:46:12.000000,2026-08-20 19:47:38.419372,SETTLED,00,1500.0,BANK_A
TXN000948,2026-08-15 14:18:17.545741,2026-08-15 14:22:34.030005,SETTLED,00,250.0,BANK_A
TXN000949,2026-08-03 21:37:34.738655,2026-08-03 22:01:01.782165,PROCESSING,PENDING,500.0,BANK_B
TXN000950,2026-08-18 14:06:48.545845,2026-08-18 14:13:33.558711,SETTLED,00,1000.0,BANK_A
TXN000951,2026-08-29 19:09:29.050181,2026-08-29 19:19:42.018823,SETTLED,00,500.0,BANK_B
TXN000952,2026-08-24 03:44:19.702720,2026-08-24 03:53:21.401499,SETTLED,00,750.0,BANK_D
TXN000953,2026-08-08 14:09:29.908180,2026-08-08 14:13:37.498813,SETTLED,00,2500.0,BANK_A
TXN000954,2026-08-29 21:39:13.833781,2026-08-29 22:06:26.080568,PROCESSING,PENDING,25000.0,BANK_D
TXN000955,2026-08-04 05:33:37.350043,2026-08-04 05:41:22.276514,SETTLED,00,500.0,BANK_C
TXN000956,2026-08-01 12:40:30.593164,2026-08-01 12:46:50.595985,SETTLED,00,500.0,BANK_B
TXN000957,2026-08-10 15:32:09.700161,2026-08-10 15:37:46.709092,SETTLED,00,1000.0,BANK_B
TXN000958,2026-08-07 07:51:39.617318,2026-08-07 08:06:54.583369,PROCESSING,PENDING,5000.0,BANK_D
TXN000959,2026-08-05 13:03:43.706636,2026-08-05 13:09:40.038863,SETTLED,00,500.0,BANK_D
TXN000960,2026-08-30 20:43:49.792089,2026-08-30 20:49:31.609868,SETTLED,00,750.0,BANK_C
TXN000961,2026-08-02 05:01:36.470884,2026-08-02 05:20:28.064887,PROCESSING,PENDING,750.0,BANK_A
TXN000962,2026-09-04 10:59:55.921707,2026-09-04 11:02:50.262836,SETTLED,00,10000.0,BANK_C
TXN000963,2026-08-24 19:58:45.959475,2026-08-24 20:00:56.955133,SETTLED,00,2000.0,BANK_C
TXN000964,2026-08-29 13:40:22.537879,2026-08-29 14:15:23.959796,PROCESSING,PENDING,1000.0,BANK_D
TXN000966,2026-08-27 06:16:19.393110,2026-08-27 06:20:35.854533,SETTLED,00,750.0,BANK_C
TXN000967,2026-08-10 11:42:18.648495,2026-08-10 11:51:41.061528,SETTLED,00,1500.0,BANK_B
TXN000968,2026-08-06 15:53:16.750178,2026-08-06 15:58:14.168578,SETTLED,00,750.0,BANK_B
TXN000969,2026-09-02 19:01:15.587502,2026-09-02 19:09:51.285896,SETTLED,00,750.0,BANK_A
TXN000970,2026-08-02 14:18:17.926412,2026-08-02 14:23:33.662214,SETTLED,00,5000.0,BANK_C
TXN000971,2026-08-28 05:07:32.132132,2026-08-28 05:14:03.243105,SETTLED,00,2000.0,BANK_B
TXN000972,2026-08-14 19:50:16.215432,2026-08-14 19:54:37.930764,SETTLED,00,750.0,BANK_C
TXN000973,2026-08-28 04:09:30.259649,2026-08-28 04:36:40.491721,PROCESSING,PENDING,500.0,BANK_C
TXN000974,2026-08-04 19:45:12.727336,2026-08-04 19:58:01.901942,SETTLED,00,100.0,BANK_B
TXN000975,2026-08-12 16:15:53.591735,2026-08-12 16:47:45.090839,PROCESSING,PENDING,1500.0,BANK_A
TXN000976,2026-08-09 13:26:11.441240,2026-08-09 13:44:32.947245,PROCESSING,PENDING,5000.0,BANK_D
TXN000977,2026-08-07 14:28:12.380832,2026-08-07 14:36:07.023761,SETTLED,00,250.0,BANK_B
TXN000978,2026-08-12 05:39:48.471241,2026-08-12 05:44:31.589509,SETTLED,00,1500.0,BANK_C
TXN000979,2026-08-08 15:55:18.290859,2026-08-08 15:58:57.253376,SETTLED,00,100.0,BANK_D
TXN000980,2026-09-02 10:08:02.113976,2026-09-02 10:18:52.077750,SETTLED,00,100.0,BANK_D
TXN000981,2026-08-02 18:28:12.000000,2026-08-02 18:36:40.561111,SETTLED,00,25000.0,BANK_D
TXN000982,2026-08-08 15:51:19.808245,2026-08-08 16:02:00.928030,SETTLED,00,1500.0,BANK_C
TXN000983,2026-08-30 12:29:36.613086,2026-08-30 12:38:18.039134,SETTLED,00,500.0,BANK_A
TXN000984,2026-08-04 16:23:22.388222,2026-08-04 16:30:31.073362,SETTLED,00,250.0,BANK_C
TXN000985,2026-08-06 00:17:25.767363,2026-08-06 00:24:47.468973,SETTLED,00,100.0,BANK_B
TXN000986,2026-08-02 15:42:44.892003,2026-08-02 15:48:34.370860,SETTLED,00,100.0,BANK_B
TXN000987,2026-08-23 14:35:09.947187,2026-08-23 15:02:52.230700,PROCESSING,PENDING,1000.0,BANK_C
TXN000988,2026-08-26 16:56:16.108172,2026-08-26 17:02:00.603905,SETTLED,00,2500.0,BANK_B
TXN000989,2026-08-20 22:36:51.452798,2026-08-20 22:41:48.952271,SETTLED,00,25000.0,BANK_A
TXN000990,2026-08-15 06:30:46.950762,2026-08-15 06:37:17.074081,SETTLED,00,250.0,BANK_C
TXN000991,2026-08-20 10:52:19.450157,2026-08-20 11:02:28.594615,SETTLED,00,1000.0,BANK_D
TXN000992,2026-08-27 04:31:37.326827,2026-08-27 04:36:21.186139,SETTLED,00,5000.0,BANK_D
TXN000993,2026-08-07 01:48:13.668454,2026-08-07 01:56:51.029017,SETTLED,00,1000.0,BANK_C
TXN000994,2026-08-23 19:34:10.412321,2026-08-23 19:35:15.598458,SETTLED,00,1500.0,BANK_C
TXN000995,2026-08-02 19:43:22.603270,,NOT_FOUND,NA,,BANK_B
TXN000996,2026-08-12 22:23:11.262818,2026-08-12 22:23:41.262818,SETTLED,00,100.0,BANK_A
TXN000997,2026-08-26 00:08:38.762682,2026-08-26 00:17:52.057284,SETTLED,00,2500.0,BANK_C
TXN000998,2026-08-07 05:12:02.255778,2026-08-07 05:14:59.998349,SETTLED,00,750.0,BANK_A
TXN000999,2026-08-14 04:44:46.896275,2026-08-14 04:50:47.859311,SETTLED,00,1000.0,BANK_C
TXN001000,2026-08-28 01:11:57.965752,2026-08-28 01:17:54.489735,SETTLED,00,250.0,BANK_B
TXN001001,2026-08-30 01:23:52.672146,2026-08-30 01:31:33.671521,SETTLED,00,250.0,BANK_C
TXN001002,2026-09-01 02:45:20.985850,2026-09-01 02:47:49.280732,SETTLED,00,500.0,BANK_C
TXN001003,2026-09-04 03:38:22.952128,2026-09-04 04:15:44.782199,PROCESSING,PENDING,2000.0,BANK_D
TXN001004,2026-08-28 06:05:41.401373,2026-08-28 06:13:00.519969,SETTLED,00,100.0,BANK_C
TXN001005,2026-08-16 22:26:37.193689,2026-08-16 22:28:24.775871,SETTLED,00,1000.0,BANK_A
TXN001006,2026-08-19 10:02:25.900660,2026-08-19 10:06:04.443881,SETTLED,00,2000.0,BANK_C
TXN001007,2026-09-03 13:04:43.021853,2026-09-03 13:11:56.479628,SETTLED,00,100.0,BANK_D
TXN001008,2026-08-17 02:48:22.535432,2026-08-17 02:50:50.224246,SETTLED,00,750.0,BANK_D
TXN001010,2026-08-23 16:35:40.966551,2026-08-23 16:39:19.851136,SETTLED,00,1000.0,BANK_B
TXN001011,2026-09-04 19:33:27.234320,2026-09-04 19:40:29.520308,SETTLED,00,1000.0,BANK_C
TXN001012,2026-08-27 01:31:11.797943,2026-08-27 01:36:18.477943,SETTLED,00,500.0,BANK_C
TXN001013,2026-08-19 00:30:05.455301,2026-08-19 00:39:17.297751,SETTLED,00,100.0,BANK_A
TXN001014,2026-08-04 15:47:23.728546,2026-08-04 16:33:13.610812,PROCESSING,PENDING,1500.0,BANK_D
TXN001015,2026-09-04 08:43:05.024549,2026-09-04 08:50:02.858370,SETTLED,00,250.0,BANK_D
TXN001016,2026-08-31 18:41:02.469151,2026-08-31 19:16:36.337056,PROCESSING,PENDING,5000.0,BANK_B
TXN001017,2026-08-27 04:30:10.355812,,NOT_FOUND,NA,,BANK_C
TXN001019,2026-08-18 19:09:29.685022,2026-08-18 19:12:35.686606,SETTLED,00,100.0,BANK_B
TXN001020,2026-08-16 08:24:55.039887,2026-08-16 08:45:52.228584,PROCESSING,PENDING,1500.0,BANK_B
TXN001021,2026-08-30 23:55:17.046644,2026-08-31 00:28:03.550730,PROCESSING,PENDING,2500.0,BANK_D
TXN001022,2026-08-06 16:08:17.141292,2026-08-06 16:17:17.985547,SETTLED,00,500.0,BANK_C
TXN001023,2026-08-26 09:30:36.178362,2026-08-26 09:36:08.255291,SETTLED,00,100.0,BANK_C
TXN001024,2026-08-30 16:40:31.871594,,NOT_FOUND,NA,,BANK_D
TXN001025,2026-08-18 12:10:28.465198,2026-08-18 12:16:47.972811,SETTLED,00,10000.0,BANK_B
TXN001026,2026-08-16 05:51:29.485898,2026-08-16 05:52:55.299515,SETTLED,00,500.0,BANK_B
TXN001027,2026-08-02 16:28:02.816355,2026-08-02 16:45:03.336709,PROCESSING,PENDING,1500.0,BANK_D
TXN001029,2026-08-27 02:29:46.673791,2026-08-27 02:37:22.541457,SETTLED,00,1000.0,BANK_A
TXN001030,2026-08-29 05:02:34.481444,2026-08-29 05:06:00.322400,SETTLED,00,2500.0,BANK_D
TXN001031,2026-09-02 13:59:02.452366,2026-09-02 14:03:28.317076,SETTLED,00,100.0,BANK_A
TXN001032,2026-08-03 21:39:13.295842,2026-08-03 21:46:43.159184,SETTLED,00,500.0,BANK_B
TXN001033,2026-08-27 11:15:15.058628,2026-08-27 11:15:45.058628,SETTLED,00,2000.0,BANK_C
TXN001034,2026-08-30 04:03:52.878215,2026-08-30 04:09:15.777149,SETTLED,00,250.0,BANK_C
TXN001035,2026-08-12 09:32:25.490761,2026-08-12 09:37:30.277695,SETTLED,00,100.0,BANK_A
TXN001036,2026-08-12 10:14:08.586698,2026-08-12 10:19:59.670103,SETTLED,00,100.0,BANK_A
TXN001037,2026-08-04 07:34:27.404142,2026-08-04 07:39:20.951381,SETTLED,00,100.0,BANK_D
TXN001038,2026-08-30 10:25:33.895834,2026-08-30 10:33:57.270870,SETTLED,00,5000.0,BANK_D
TXN001039,2026-08-15 13:26:06.733277,,NOT_FOUND,NA,,BANK_B
TXN001040,2026-08-20 22:03:10.109879,2026-08-20 22:09:41.836381,SETTLED,00,1000.0,BANK_B
TXN001041,2026-08-17 13:03:37.321746,2026-08-17 13:11:27.115947,SETTLED,00,500.0,BANK_C
TXN001042,2026-08-15 19:45:49.962495,2026-08-15 19:53:09.219059,SETTLED,00,750.0,BANK_A
TXN001043,2026-08-13 14:20:49.301496,2026-08-13 14:23:36.148796,SETTLED,00,100.0,BANK_D
TXN001044,2026-09-03 11:02:56.563413,2026-09-03 11:10:42.884840,SETTLED,00,250.0,BANK_C
TXN001045,2026-08-27 08:36:34.742779,2026-08-27 09:02:06.418460,PROCESSING,PENDING,5000.0,BANK_C
TXN001046,2026-08-13 02:38:28.818844,2026-08-13 03:06:26.558536,PROCESSING,PENDING,5000.0,BANK_C
TXN001047,2026-08-21 09:05:26.735490,2026-08-21 09:33:39.579206,PROCESSING,PENDING,2500.0,BANK_A
TXN001048,2026-08-23 12:12:07.524818,2026-08-23 12:19:40.577523,SETTLED,00,2500.0,BANK_C
TXN001049,2026-08-27 06:13:10.890626,2026-08-27 06:22:41.959605,SETTLED,00,2000.0,BANK_C
TXN001050,2026-08-14 06:42:17.937440,2026-08-14 06:44:05.465693,SETTLED,00,500.0,BANK_A
TXN001051,2026-08-01 15:49:46.550809,2026-08-01 15:55:54.353225,SETTLED,00,2000.0,BANK_C
TXN001052,2026-08-08 09:35:14.300087,2026-08-08 09:38:04.812194,SETTLED,00,750.0,BANK_C
TXN001053,2026-08-03 16:52:11.729771,2026-08-03 16:56:57.429196,SETTLED,00,100.0,BANK_A
TXN001054,2026-09-02 12:28:02.461383,2026-09-02 12:29:57.183162,SETTLED,00,500.0,BANK_B
TXN001055,2026-09-04 13:58:45.741568,2026-09-04 14:09:00.646753,SETTLED,00,25000.0,BANK_A
TXN001056,2026-08-18 04:28:09.677963,2026-08-18 04:36:28.354503,SETTLED,00,500.0,BANK_C
TXN001057,2026-08-20 18:15:12.922795,2026-08-20 18:22:31.114185,SETTLED,00,1500.0,BANK_A
TXN001058,2026-08-03 17:43:22.395242,2026-08-03 18:05:33.100073,PROCESSING,PENDING,500.0,BANK_A
TXN001059,2026-08-26 09:04:56.495428,2026-08-26 09:16:31.203524,PROCESSING,PENDING,250.0,BANK_C
TXN001060,2026-08-23 18:23:41.721957,2026-08-23 18:30:39.750647,SETTLED,00,1000.0,BANK_A
TXN001061,2026-08-19 18:28:35.950373,2026-08-19 18:30:21.736598,SETTLED,00,100.0,BANK_B
TXN001062,2026-08-01 01:05:14.157132,2026-08-01 01:14:39.909907,PROCESSING,PENDING,100.0,BANK_B
TXN001063,2026-08-16 21:29:00.415681,2026-08-16 21:45:24.575742,PROCESSING,PENDING,750.0,BANK_A
TXN001064,2026-09-01 18:06:20.921654,2026-09-01 18:08:02.799680,SETTLED,00,500.0,BANK_C
TXN001065,2026-08-19 00:57:56.368848,,NOT_FOUND,NA,,BANK_B
TXN001066,2026-08-06 16:30:02.376221,2026-08-06 16:36:34.527382,SETTLED,00,750.0,BANK_C
TXN001067,2026-09-03 23:11:15.974918,2026-09-03 23:18:17.628318,SETTLED,00,250.0,BANK_D
TXN001068,2026-08-12 10:34:52.471476,2026-08-12 10:35:42.816875,SETTLED,00,5000.0,BANK_D
TXN001069,2026-08-16 06:17:33.732689,2026-08-16 06:22:07.857813,SETTLED,00,5000.0,BANK_A
TXN001070,2026-08-11 13:43:25.455202,2026-08-11 13:49:19.260605,SETTLED,00,100.0,BANK_A
TXN001071,2026-08-08 08:44:09.627314,2026-08-08 08:59:07.494893,PROCESSING,PENDING,1500.0,BANK_B
TXN001072,2026-09-02 05:30:45.581769,2026-09-02 05:34:19.060304,SETTLED,00,100.0,BANK_A
TXN001073,2026-08-13 07:08:50.497287,2026-08-13 07:17:01.140165,SETTLED,00,500.0,BANK_B
TXN001074,2026-08-19 20:57:38.464093,2026-08-19 21:04:05.604579,SETTLED,00,100.0,BANK_C
TXN001075,2026-08-08 16:45:53.199240,2026-08-08 16:52:35.699097,SETTLED,00,1500.0,BANK_A
TXN001076,2026-08-02 13:30:06.783039,2026-08-02 13:30:36.783039,SETTLED,00,100.0,BANK_B
TXN001077,2026-08-17 12:04:08.697420,2026-08-17 12:09:55.603298,SETTLED,00,100.0,BANK_A
TXN001078,2026-08-18 02:31:23.943730,2026-08-18 02:40:08.457677,PROCESSING,PENDING,1500.0,BANK_C
TXN001079,2026-08-20 18:36:55.092326,2026-08-20 18:42:55.142070,SETTLED,00,1500.0,BANK_A
TXN001080,2026-08-24 04:55:23.860716,2026-08-24 05:18:38.452785,PROCESSING,PENDING,1500.0,BANK_C
TXN001081,2026-08-12 17:11:02.368445,2026-08-12 17:13:21.527853,SETTLED,00,500.0,BANK_B
TXN001082,2026-08-12 19:39:01.169060,2026-08-12 19:44:32.181559,SETTLED,00,500.0,BANK_D
TXN001083,2026-09-01 20:33:22.873885,2026-09-01 20:59:10.986104,PROCESSING,PENDING,500.0,BANK_C
TXN001084,2026-08-03 07:51:48.578739,2026-08-03 08:22:41.703795,PROCESSING,PENDING,250.0,BANK_A
TXN001085,2026-08-22 03:07:33.371791,2026-08-22 03:16:41.270027,SETTLED,00,500.0,BANK_D
TXN001086,2026-08-30 13:07:48.724040,2026-08-30 13:56:16.580708,PROCESSING,PENDING,750.0,BANK_A
TXN001087,2026-08-30 14:38:44.124015,2026-08-30 14:45:35.664354,SETTLED,00,500.0,BANK_C
TXN001088,2026-08-22 09:13:35.514189,2026-08-22 09:25:29.169074,SETTLED,00,1000.0,BANK_B
TXN001089,2026-08-21 00:53:24.985897,2026-08-21 01:00:23.908676,SETTLED,00,25000.0,BANK_C
TXN001090,2026-08-19 09:51:19.691006,2026-08-19 09:57:09.178436,SETTLED,00,250.0,BANK_D
TXN001091,2026-08-14 13:48:32.836881,2026-08-14 13:57:12.183739,SETTLED,00,2500.0,BANK_D
TXN001092,2026-08-26 01:54:21.409064,2026-08-26 02:01:50.509830,SETTLED,00,2000.0,BANK_B
TXN001093,2026-08-18 05:29:59.666393,2026-08-18 05:53:36.116226,PROCESSING,PENDING,1000.0,BANK_B
TXN001094,2026-08-19 22:12:08.669288,,NOT_FOUND,NA,,BANK_C
TXN001095,2026-09-04 13:25:58.606529,2026-09-04 13:29:06.931436,SETTLED,00,250.0,BANK_A
TXN001096,2026-08-19 06:16:59.954707,2026-08-19 06:23:29.204717,SETTLED,00,100.0,BANK_D
TXN001097,2026-08-22 01:16:04.602697,2026-08-22 01:24:37.613709,SETTLED,00,250.0,BANK_D
TXN001098,2026-08-02 21:30:57.451489,2026-08-02 21:35:09.757447,SETTLED,00,500.0,BANK_A
TXN001099,2026-08-28 08:55:22.321935,2026-08-28 09:01:28.214958,SETTLED,00,1500.0,BANK_A
TXN001100,2026-09-03 19:10:22.594254,2026-09-03 19:15:12.259333,SETTLED,00,750.0,BANK_C
TXN001101,2026-08-22 13:56:12.450838,2026-08-22 14:04:25.358541,SETTLED,00,750.0,BANK_D
TXN001102,2026-08-18 07:17:02.413160,2026-08-18 07:24:21.575359,SETTLED,00,500.0,BANK_A
TXN001103,2026-08-22 15:47:12.000000,2026-08-22 15:57:36.803423,SETTLED,00,1000.0,BANK_B
TXN001104,2026-08-28 15:40:24.010094,2026-08-28 15:47:18.431560,SETTLED,00,250.0,BANK_B
TXN001105,2026-08-24 03:56:30.269267,2026-08-24 04:00:08.868864,SETTLED,00,100.0,BANK_C
TXN001106,2026-08-09 06:07:19.792123,2026-08-09 06:13:31.694306,SETTLED,00,1000.0,BANK_D
TXN001107,2026-09-01 08:46:56.936832,2026-09-01 08:51:47.554896,SETTLED,00,10000.0,BANK_D
TXN001108,2026-09-04 18:31:40.625959,2026-09-04 18:39:21.391041,SETTLED,00,1000.0,BANK_B
TXN001109,2026-08-25 08:40:41.977582,2026-08-25 08:48:42.302727,SETTLED,00,1500.0,BANK_A
TXN001110,2026-08-03 23:12:45.902648,2026-08-03 23:35:17.440076,PROCESSING,PENDING,100.0,BANK_D
TXN001111,2026-08-23 20:55:21.416573,2026-08-23 21:03:58.093004,SETTLED,00,1000.0,BANK_B
TXN001112,2026-08-04 19:57:47.791924,2026-08-04 20:15:19.361177,PROCESSING,PENDING,750.0,BANK_A
TXN001113,2026-08-29 11:37:21.322724,2026-08-29 12:11:18.914579,PROCESSING,PENDING,10000.0,BANK_A
TXN001114,2026-08-08 12:58:47.402663,2026-08-08 13:04:23.192802,SETTLED,00,5000.0,BANK_A
TXN001115,2026-09-03 02:47:54.111147,2026-09-03 02:54:54.373934,SETTLED,00,2500.0,BANK_D
TXN001116,2026-08-18 22:57:02.818937,2026-08-18 23:02:37.419782,SETTLED,00,500.0,BANK_C
TXN001117,2026-08-08 20:09:44.768454,2026-08-08 20:37:00.208877,PROCESSING,PENDING,250.0,BANK_C
TXN001118,2026-08-22 05:35:12.475534,2026-08-22 05:45:38.060675,SETTLED,00,250.0,BANK_D
TXN001119,2026-08-09 19:12:12.000000,2026-08-09 19:17:58.247761,SETTLED,00,750.0,BANK_A
TXN001120,2026-08-21 18:50:30.561477,2026-08-21 18:56:37.089848,SETTLED,00,5000.0,BANK_D
TXN001121,2026-09-01 20:11:52.788754,2026-09-01 20:18:33.968980,SETTLED,00,1500.0,BANK_A
TXN001122,2026-08-22 14:43:13.755471,2026-08-22 14:47:32.625618,SETTLED,00,100.0,BANK_B
TXN001123,2026-09-01 13:10:49.333531,2026-09-01 13:15:33.248719,SETTLED,00,10000.0,BANK_C
TXN001124,2026-08-12 09:54:38.042518,2026-08-12 09:59:37.012841,SETTLED,00,750.0,BANK_B
TXN001125,2026-08-05 17:43:56.259348,2026-08-05 17:52:55.269547,SETTLED,00,250.0,BANK_B
TXN001126,2026-08-19 17:46:07.115988,2026-08-19 18:19:28.433153,PROCESSING,PENDING,250.0,BANK_D
TXN001127,2026-08-05 04:05:30.027854,2026-08-05 04:14:03.106150,SETTLED,00,5000.0,BANK_B
TXN001128,2026-08-20 15:53:52.320620,2026-08-20 16:37:18.559455,PROCESSING,PENDING,2500.0,BANK_B
TXN001129,2026-08-01 03:08:29.324641,2026-08-01 03:12:26.891757,SETTLED,00,100.0,BANK_C
TXN001130,2026-08-21 07:53:18.107741,2026-08-21 08:00:26.954856,SETTLED,00,250.0,BANK_C
TXN001131,2026-08-25 06:29:26.432451,2026-08-25 06:34:47.613719,SETTLED,00,250.0,BANK_D
TXN001132,2026-08-16 10:10:29.803698,2026-08-16 10:15:08.627656,SETTLED,00,100.0,BANK_B
TXN001133,2026-09-03 15:06:34.102599,2026-09-03 15:15:22.892761,SETTLED,00,100.0,BANK_D
TXN001134,2026-08-18 22:16:18.305645,2026-08-18 22:21:52.300617,SETTLED,00,2000.0,BANK_D
TXN001135,2026-09-04 22:44:56.082849,2026-09-04 22:51:23.985417,SETTLED,00,500.0,BANK_D
TXN001136,2026-09-03 20:14:33.500200,2026-09-03 20:15:30.083857,SETTLED,00,5000.0,BANK_C
TXN001137,2026-08-08 18:47:51.611991,2026-08-08 18:55:00.354173,SETTLED,00,2000.0,BANK_C
TXN001138,2026-08-08 04:39:32.085640,2026-08-08 04:40:13.461840,SETTLED,00,750.0,BANK_A
TXN001139,2026-08-01 05:19:16.909882,,NOT_FOUND,NA,,BANK_B
TXN001140,2026-08-10 11:58:43.412128,2026-08-10 12:02:20.623466,SETTLED,00,250.0,BANK_D
TXN001141,2026-08-23 02:53:36.715730,2026-08-23 02:55:44.227004,SETTLED,00,500.0,BANK_D
TXN001142,2026-08-05 05:12:32.731451,2026-08-05 05:15:37.372019,SETTLED,00,2000.0,BANK_D
TXN001143,2026-08-11 22:10:15.940033,2026-08-11 22:17:34.338255,SETTLED,00,1500.0,BANK_B
TXN001144,2026-09-03 02:21:54.381275,2026-09-03 02:25:47.937295,SETTLED,00,500.0,BANK_C
TXN001145,2026-08-22 06:20:05.662099,2026-08-22 06:24:06.501589,SETTLED,00,2000.0,BANK_B
TXN001146,2026-08-19 02:55:16.914900,2026-08-19 03:01:02.119643,SETTLED,00,1000.0,BANK_D
TXN001147,2026-08-12 13:05:18.230462,2026-08-12 13:10:29.945700,SETTLED,00,2000.0,BANK_D
TXN001148,2026-08-23 01:25:25.451508,2026-08-23 01:34:08.387044,SETTLED,00,750.0,BANK_A
TXN001149,2026-08-09 07:53:36.995702,2026-08-09 08:02:15.096998,SETTLED,00,2000.0,BANK_D
TXN001150,2026-08-26 07:17:33.795563,2026-08-26 07:25:40.959486,SETTLED,00,500.0,BANK_D
TXN001151,2026-09-03 04:00:41.478349,2026-09-03 04:15:41.232713,PROCESSING,PENDING,2000.0,BANK_B
TXN001152,2026-08-01 19:54:39.410622,2026-08-01 20:01:54.813992,SETTLED,00,2000.0,BANK_C
TXN001153,2026-08-22 14:21:01.568556,2026-08-22 14:37:24.725713,PROCESSING,PENDING,2000.0,BANK_C
TXN001154,2026-08-05 21:41:45.803240,2026-08-05 21:50:10.274386,SETTLED,00,2500.0,BANK_B
TXN001155,2026-08-06 18:33:10.576573,2026-08-06 18:40:54.063021,SETTLED,00,1000.0,BANK_B
TXN001157,2026-08-07 06:50:05.799407,2026-08-07 07:28:15.657923,PROCESSING,PENDING,10000.0,BANK_B
TXN001158,2026-08-15 02:49:51.112685,2026-08-15 02:56:14.972537,SETTLED,00,750.0,BANK_B
TXN001159,2026-08-16 12:47:55.250981,2026-08-16 12:51:53.553382,SETTLED,00,750.0,BANK_B
TXN001160,2026-08-16 07:50:23.933890,2026-08-16 07:56:04.166617,SETTLED,00,250.0,BANK_C
TXN001161,2026-08-20 19:24:21.882047,2026-08-20 19:29:54.513105,SETTLED,00,2500.0,BANK_D
TXN001162,2026-08-12 18:17:53.372921,2026-08-12 18:23:02.686744,SETTLED,00,10000.0,BANK_B
TXN001163,2026-08-25 21:50:55.622576,2026-08-25 21:57:07.029644,SETTLED,00,1500.0,BANK_A
TXN001164,2026-08-20 09:04:54.077106,2026-08-20 09:11:46.385065,SETTLED,00,5000.0,BANK_D
TXN001166,2026-08-03 13:44:36.258573,2026-08-03 14:09:38.963587,PROCESSING,PENDING,500.0,BANK_D
TXN001167,2026-08-15 02:56:52.761175,2026-08-15 03:05:41.871584,SETTLED,00,500.0,BANK_B
TXN001168,2026-08-20 10:55:17.068559,2026-08-20 10:59:23.399053,SETTLED,00,1000.0,BANK_B
TXN001169,2026-08-05 05:28:57.079888,2026-08-05 05:32:18.169396,SETTLED,00,10000.0,BANK_B
TXN001170,2026-09-04 15:00:08.824175,2026-09-04 15:08:47.698435,SETTLED,00,2000.0,BANK_D
TXN001171,2026-08-24 10:11:06.000000,,NOT_FOUND,NA,,BANK_C
TXN001172,2026-09-02 03:28:23.494436,2026-09-02 03:48:59.449909,PROCESSING,PENDING,1500.0,BANK_C
TXN001173,2026-08-03 03:58:27.340580,2026-08-03 04:03:48.261145,SETTLED,00,750.0,BANK_B
TXN001174,2026-08-02 10:15:37.387186,2026-08-02 10:21:58.242442,SETTLED,00,250.0,BANK_B
TXN001175,2026-08-01 04:11:22.674434,2026-08-01 04:16:03.929332,SETTLED,00,500.0,BANK_B
TXN001176,2026-08-19 01:44:47.620184,2026-08-19 01:49:36.926027,SETTLED,00,2000.0,BANK_A
TXN001177,2026-08-18 23:53:31.737079,,NOT_FOUND,NA,,BANK_D
TXN001178,2026-08-29 15:27:08.465514,2026-08-29 15:32:29.555625,SETTLED,00,250.0,BANK_A
TXN001179,2026-08-29 06:34:00.319222,2026-08-29 06:42:44.631291,SETTLED,00,1500.0,BANK_A
TXN001180,2026-09-02 06:07:15.029190,,NOT_FOUND,NA,,BANK_D
TXN001181,2026-08-07 19:04:18.166705,2026-08-07 19:07:50.222432,SETTLED,00,5000.0,BANK_D
TXN001182,2026-08-20 21:03:44.395525,2026-08-20 21:11:34.546568,SETTLED,00,750.0,BANK_A
TXN001183,2026-08-18 04:14:41.373493,2026-08-18 04:15:49.684899,SETTLED,00,100.0,BANK_B
TXN001184,2026-09-04 06:24:20.254136,2026-09-04 06:30:31.323658,SETTLED,00,250.0,BANK_A
TXN001185,2026-08-13 17:16:31.790829,2026-08-13 17:22:46.638012,SETTLED,00,250.0,BANK_C
TXN001186,2026-08-12 19:07:21.415172,2026-08-12 19:10:50.212932,SETTLED,00,750.0,BANK_D
TXN001187,2026-08-20 00:44:07.380528,2026-08-20 00:53:07.608480,SETTLED,00,100.0,BANK_A
TXN001188,2026-08-13 06:02:55.291751,2026-08-13 06:06:25.030940,SETTLED,00,100.0,BANK_C
TXN001189,2026-08-12 12:01:34.947692,2026-08-12 12:08:44.530187,SETTLED,00,750.0,BANK_C
TXN001190,2026-08-25 19:22:07.243849,2026-08-25 19:28:47.865973,SETTLED,00,250.0,BANK_A
TXN001191,2026-08-12 06:29:45.052035,2026-08-12 06:38:11.979675,SETTLED,00,100.0,BANK_D
TXN001192,2026-08-31 04:42:12.185113,2026-08-31 04:50:59.166328,SETTLED,00,250.0,BANK_B
TXN001193,2026-08-05 12:45:23.218245,2026-08-05 12:49:04.995829,SETTLED,00,10000.0,BANK_B
TXN001194,2026-08-11 05:36:30.088731,2026-08-11 05:39:51.255202,SETTLED,00,2500.0,BANK_A
TXN001195,2026-08-07 09:57:39.789831,2026-08-07 10:00:09.385337,SETTLED,00,2500.0,BANK_C
TXN001196,2026-08-07 12:38:37.639385,2026-08-07 12:45:42.121621,SETTLED,00,500.0,BANK_A
TXN001197,2026-08-18 08:04:55.413212,2026-08-18 08:16:10.884142,SETTLED,00,500.0,BANK_C
TXN001198,2026-08-19 13:04:36.590245,2026-08-19 13:11:28.095596,SETTLED,00,100.0,BANK_A
TXN001199,2026-08-03 07:54:06.679108,2026-08-03 07:58:17.475509,SETTLED,00,1500.0,BANK_B
TXN001200,2026-08-26 17:17:38.293249,2026-08-26 17:24:11.778939,SETTLED,00,250.0,BANK_C
TXN001201,2026-08-17 12:22:51.080836,2026-08-17 12:58:14.927247,PROCESSING,PENDING,2500.0,BANK_A
TXN001202,2026-08-29 14:10:39.254707,2026-08-29 14:17:57.225270,SETTLED,00,250.0,BANK_C
TXN001203,2026-08-12 09:58:31.915396,2026-08-12 10:05:30.757445,SETTLED,00,750.0,BANK_A
TXN001204,2026-08-29 16:47:42.536942,2026-08-29 16:52:50.378658,SETTLED,00,750.0,BANK_B
TXN001205,2026-08-27 12:22:45.457050,2026-08-27 12:32:59.822840,SETTLED,00,2000.0,BANK_B
TXN001206,2026-08-07 22:54:08.668446,2026-08-07 22:58:52.408988,SETTLED,00,250.0,BANK_A
TXN001207,2026-09-02 12:19:25.377147,2026-09-02 12:33:25.218433,SETTLED,00,5000.0,BANK_A
TXN001208,2026-08-07 01:58:09.314053,2026-08-07 02:21:03.080608,PROCESSING,PENDING,100.0,BANK_A
TXN001209,2026-08-03 00:59:18.607042,2026-08-03 01:03:07.717637,SETTLED,00,2500.0,BANK_A
TXN001210,2026-08-12 22:53:45.542071,2026-08-12 23:01:45.542071,PROCESSING,PENDING,1500.0,BANK_B
TXN001211,2026-08-24 19:31:33.495975,2026-08-24 19:36:30.189910,SETTLED,00,100.0,BANK_D
TXN001212,2026-08-29 06:34:57.505715,2026-08-29 07:11:43.837850,PROCESSING,PENDING,500.0,BANK_B
TXN001213,2026-08-14 08:20:56.714409,2026-08-14 08:42:23.961170,PROCESSING,PENDING,1000.0,BANK_A
TXN001214,2026-08-28 04:21:46.768257,2026-08-28 04:23:59.637374,SETTLED,00,100.0,BANK_A
TXN001215,2026-08-25 23:37:54.147891,2026-08-26 00:00:34.319226,PROCESSING,PENDING,500.0,BANK_A
TXN001216,2026-08-11 16:53:54.579630,2026-08-11 16:56:49.621974,SETTLED,00,500.0,BANK_C
TXN001217,2026-08-04 07:49:44.261169,2026-08-04 08:13:01.236069,PROCESSING,PENDING,250.0,BANK_D
TXN001218,2026-08-19 08:45:46.002680,2026-08-19 08:53:50.170722,SETTLED,00,2000.0,BANK_B
TXN001219,2026-08-23 09:51:05.614974,2026-08-23 09:55:41.082825,SETTLED,00,250.0,BANK_C
TXN001220,2026-08-14 23:52:15.926105,2026-08-14 23:57:56.572787,SETTLED,00,1000.0,BANK_D
TXN001221,2026-08-11 13:50:38.461090,2026-08-11 13:52:42.589778,SETTLED,00,750.0,BANK_B
TXN001222,2026-08-26 13:41:10.774584,2026-08-26 13:49:10.570473,SETTLED,00,250.0,BANK_D
TXN001223,2026-08-30 02:36:50.283836,2026-08-30 03:41:03.114447,PROCESSING,PENDING,5000.0,BANK_B
TXN001224,2026-08-22 06:13:55.504253,2026-08-22 06:25:43.102993,PROCESSING,PENDING,500.0,BANK_A
TXN001225,2026-09-03 00:04:06.301582,2026-09-03 00:13:16.670063,SETTLED,00,500.0,BANK_D
TXN001226,2026-08-03 08:46:58.336848,2026-08-03 09:36:32.187675,PROCESSING,PENDING,100.0,BANK_D
TXN001227,2026-08-12 09:36:19.657006,2026-08-12 10:21:27.529515,PROCESSING,PENDING,250.0,BANK_B
TXN001228,2026-09-02 23:33:07.855914,2026-09-02 23:40:26.788711,SETTLED,00,500.0,BANK_A
TXN001229,2026-08-06 15:31:47.146819,2026-08-06 15:36:08.315797,SETTLED,00,750.0,BANK_D
TXN001230,2026-08-08 04:05:02.591089,2026-08-08 04:14:47.252671,SETTLED,00,1000.0,BANK_D
TXN001231,2026-08-28 01:50:01.033988,2026-08-28 01:58:27.385465,SETTLED,00,1000.0,BANK_A
TXN001232,2026-08-31 06:32:46.655396,2026-08-31 07:15:25.185143,PROCESSING,PENDING,500.0,BANK_A
TXN001233,2026-08-15 07:33:27.250878,2026-08-15 07:35:18.543120,SETTLED,00,1000.0,BANK_B
TXN001234,2026-08-01 12:07:48.784582,2026-08-01 12:16:18.774003,SETTLED,00,500.0,BANK_D
TXN001235,2026-08-02 12:53:41.215558,2026-08-02 13:00:21.015983,SETTLED,00,1500.0,BANK_D
TXN001236,2026-09-04 22:29:38.109440,,NOT_FOUND,NA,,BANK_C
TXN001237,2026-08-13 06:06:46.988760,2026-08-13 06:07:16.988760,SETTLED,00,1000.0,BANK_B
TXN001238,2026-08-17 06:52:09.519146,2026-08-17 07:03:21.221403,SETTLED,00,2500.0,BANK_B
TXN001239,2026-08-24 08:12:50.861787,2026-08-24 08:16:32.968251,SETTLED,00,100.0,BANK_C
TXN001240,2026-09-01 10:31:49.822606,2026-09-01 10:34:43.899918,SETTLED,00,100.0,BANK_B
TXN001241,2026-08-30 04:56:48.333193,2026-08-30 05:02:12.735482,SETTLED,00,25000.0,BANK_D
TXN001242,2026-09-04 05:55:01.497475,2026-09-04 06:27:02.472888,PROCESSING,PENDING,100.0,BANK_B
TXN001243,2026-09-01 14:58:11.867042,2026-09-01 15:06:13.817313,SETTLED,00,750.0,BANK_C
TXN001244,2026-08-16 12:10:26.478975,2026-08-16 12:14:23.427927,SETTLED,00,500.0,BANK_A
TXN001245,2026-08-02 03:38:17.139347,2026-08-02 03:42:58.471215,SETTLED,00,5000.0,BANK_B
TXN001246,2026-08-16 19:59:29.639069,2026-08-16 20:04:27.863143,SETTLED,00,2000.0,BANK_C
TXN001247,2026-08-17 20:33:50.620505,,NOT_FOUND,NA,,BANK_C
TXN001248,2026-08-04 14:31:21.741527,,NOT_FOUND,NA,,BANK_B
TXN001249,2026-09-02 19:54:41.845504,2026-09-02 20:02:02.824983,SETTLED,00,25000.0,BANK_C
TXN001250,2026-08-03 12:38:06.612328,2026-08-03 12:54:15.530275,PROCESSING,PENDING,2000.0,BANK_C
TXN001251,2026-08-22 03:28:17.510527,2026-08-22 03:35:43.033432,SETTLED,00,750.0,BANK_C
TXN001252,2026-08-15 07:37:01.938628,2026-08-15 07:43:10.843951,SETTLED,00,1000.0,BANK_D
TXN001253,2026-08-17 10:31:58.546952,2026-08-17 10:39:34.415306,SETTLED,00,2500.0,BANK_A
TXN001255,2026-08-15 03:00:33.630892,2026-08-15 03:06:31.320301,SETTLED,00,1000.0,BANK_B
TXN001256,2026-08-16 05:00:53.794958,2026-08-16 05:03:39.749090,SETTLED,00,1000.0,BANK_A
TXN001257,2026-08-05 11:53:14.473363,2026-08-05 11:59:24.487981,SETTLED,00,100.0,BANK_C
TXN001259,2026-08-12 23:32:25.439316,2026-08-12 23:33:49.377562,SETTLED,00,2500.0,BANK_B
TXN001260,2026-09-04 12:32:47.497622,2026-09-04 12:38:51.536507,SETTLED,00,750.0,BANK_D
TXN001261,2026-08-15 07:07:02.702049,2026-08-15 07:13:42.170458,SETTLED,00,1500.0,BANK_C
TXN001262,2026-08-27 12:36:03.706315,2026-08-27 12:41:04.505079,SETTLED,00,25000.0,BANK_D
TXN001263,2026-08-21 10:25:21.556510,2026-08-21 10:33:23.750787,SETTLED,00,250.0,BANK_C
TXN001264,2026-08-04 10:40:35.291979,2026-08-04 11:17:52.678676,PROCESSING,PENDING,1500.0,BANK_C
TXN001265,2026-09-01 12:54:40.331827,2026-09-01 13:05:22.309331,SETTLED,00,100.0,BANK_A
TXN001267,2026-08-11 04:53:00.091908,2026-08-11 04:57:20.688324,SETTLED,00,250.0,BANK_A
TXN001268,2026-08-14 04:43:10.537482,2026-08-14 04:47:32.643383,SETTLED,00,500.0,BANK_A
TXN001269,2026-08-15 11:32:12.000000,2026-08-15 11:37:24.676728,SETTLED,00,100.0,BANK_D
TXN001271,2026-08-28 18:13:42.612277,2026-08-28 18:15:09.399732,SETTLED,00,750.0,BANK_B
TXN001272,2026-08-15 23:49:36.589786,2026-08-15 23:53:20.971575,SETTLED,00,250.0,BANK_A
TXN001273,2026-08-25 01:51:01.297463,2026-08-25 01:55:39.463734,SETTLED,00,1000.0,BANK_D
TXN001274,2026-08-14 07:32:22.062057,2026-08-14 07:41:00.329867,SETTLED,00,1000.0,BANK_D
TXN001275,2026-08-18 00:48:15.887082,2026-08-18 00:57:35.699191,SETTLED,00,5000.0,BANK_C
TXN001276,2026-09-03 07:51:58.852881,2026-09-03 07:56:31.041348,SETTLED,00,250.0,BANK_C
TXN001277,2026-08-18 19:01:45.659446,2026-08-18 19:07:42.713602,SETTLED,00,750.0,BANK_C
TXN001278,2026-08-04 20:50:53.947839,2026-08-04 20:56:54.460222,SETTLED,00,1000.0,BANK_B
TXN001279,2026-08-05 19:38:48.272343,2026-08-05 19:45:52.340481,SETTLED,00,500.0,BANK_A
TXN001280,2026-08-02 04:04:11.851075,2026-08-02 04:11:02.042169,SETTLED,00,1500.0,BANK_D
TXN001281,2026-08-04 21:27:09.359213,,NOT_FOUND,NA,,BANK_A
TXN001282,2026-09-04 14:06:14.541249,2026-09-04 14:09:28.228859,SETTLED,00,250.0,BANK_B
TXN001283,2026-08-26 10:43:30.307800,2026-08-26 10:51:58.206200,SETTLED,00,2000.0,BANK_B
TXN001284,2026-08-21 07:27:51.809189,2026-08-21 07:33:21.516894,SETTLED,00,250.0,BANK_B
TXN001285,2026-08-23 10:59:42.625059,2026-08-23 11:07:53.715797,SETTLED,00,2500.0,BANK_A
TXN001286,2026-08-28 20:27:11.457301,2026-08-28 21:49:30.235711,PROCESSING,PENDING,1000.0,BANK_C
TXN001287,2026-08-09 22:04:09.862932,2026-08-09 22:13:05.915840,SETTLED,00,2500.0,BANK_C
TXN001288,2026-08-23 22:02:33.659445,2026-08-23 22:14:22.588265,SETTLED,00,500.0,BANK_C
TXN001289,2026-08-11 03:01:32.676571,2026-08-11 03:07:21.721293,SETTLED,00,100.0,BANK_D
TXN001290,2026-08-20 14:55:30.389395,2026-08-20 15:01:39.102356,SETTLED,00,1000.0,BANK_A
TXN001291,2026-08-14 12:11:19.947567,2026-08-14 12:16:16.588601,SETTLED,00,500.0,BANK_D
TXN001292,2026-08-11 23:04:13.334165,2026-08-11 23:12:24.334462,SETTLED,00,750.0,BANK_A
TXN001293,2026-08-26 06:19:47.724854,,NOT_FOUND,NA,,BANK_D
TXN001294,2026-08-13 08:03:50.369217,2026-08-13 08:06:22.567030,SETTLED,00,100.0,BANK_C
TXN001295,2026-08-19 12:42:42.106772,2026-08-19 13:16:32.954941,PROCESSING,PENDING,1000.0,BANK_C
TXN001296,2026-08-30 16:40:00.595082,2026-08-30 16:45:38.951327,SETTLED,00,5000.0,BANK_C
TXN001297,2026-08-07 09:33:15.616376,2026-08-07 09:38:36.491859,SETTLED,00,1500.0,BANK_A
TXN001298,2026-08-14 21:35:14.967805,2026-08-14 21:40:11.695164,SETTLED,00,250.0,BANK_C
TXN001299,2026-08-22 05:17:45.332786,2026-08-22 05:20:17.169752,SETTLED,00,10000.0,BANK_B
TXN001300,2026-09-01 09:44:40.611319,2026-09-01 09:50:08.886357,SETTLED,00,1500.0,BANK_C
TXN001301,2026-08-26 01:21:29.301572,2026-08-26 01:29:20.826812,SETTLED,00,750.0,BANK_C
TXN001302,2026-08-01 09:10:11.000792,2026-08-01 09:18:26.204579,SETTLED,00,750.0,BANK_C
TXN001303,2026-08-01 13:45:16.793043,2026-08-01 13:51:55.278319,SETTLED,00,750.0,BANK_B
TXN001304,2026-08-11 02:39:47.831162,2026-08-11 02:48:16.225711,SETTLED,00,1000.0,BANK_A
TXN001305,2026-08-31 04:05:12.000000,2026-08-31 04:11:21.501473,SETTLED,00,1000.0,BANK_C
TXN001306,2026-08-26 11:12:27.984252,2026-08-26 11:16:07.730611,SETTLED,00,5000.0,BANK_D
TXN001307,2026-08-11 17:59:58.227044,2026-08-11 18:11:39.707998,SETTLED,00,250.0,BANK_D
TXN001308,2026-08-10 02:42:44.917623,2026-08-10 02:48:21.214007,SETTLED,00,1000.0,BANK_C
TXN001309,2026-08-01 19:15:43.985530,2026-08-01 19:25:12.567468,SETTLED,00,250.0,BANK_A
TXN001310,2026-08-13 08:50:31.135608,2026-08-13 08:57:54.398245,SETTLED,00,2000.0,BANK_B
TXN001311,2026-08-23 13:10:46.237897,2026-08-23 13:15:33.765911,SETTLED,00,100.0,BANK_C
TXN001312,2026-08-22 13:32:53.192408,,NOT_FOUND,NA,,BANK_C
TXN001314,2026-08-03 01:09:54.243668,2026-08-03 01:17:50.234204,SETTLED,00,1500.0,BANK_C
TXN001315,2026-09-01 01:50:03.441873,2026-09-01 01:55:44.359504,SETTLED,00,100.0,BANK_B
TXN001316,2026-08-19 11:32:43.256449,2026-08-19 11:39:03.354544,SETTLED,00,1500.0,BANK_B
TXN001317,2026-09-03 10:01:29.145780,,NOT_FOUND,NA,,BANK_D
TXN001318,2026-08-22 16:13:10.370947,2026-08-22 16:16:07.850478,SETTLED,00,100.0,BANK_B
TXN001319,2026-08-21 15:43:02.792074,,NOT_FOUND,NA,,BANK_D
TXN001320,2026-08-29 18:37:58.968387,2026-08-29 19:15:54.900334,PROCESSING,PENDING,2500.0,BANK_C
TXN001321,2026-08-01 00:06:25.379888,2026-08-01 00:11:43.247369,SETTLED,00,250.0,BANK_B
TXN001322,2026-08-26 18:20:34.249398,2026-08-26 18:24:36.099168,SETTLED,00,100.0,BANK_D
TXN001323,2026-08-24 21:15:34.624783,2026-08-24 21:20:03.151717,SETTLED,00,100.0,BANK_A
TXN001324,2026-08-04 15:06:05.728498,2026-08-04 15:14:49.537561,SETTLED,00,250.0,BANK_B
TXN001325,2026-08-01 09:32:08.529117,2026-08-01 09:41:33.112103,SETTLED,00,1500.0,BANK_B
TXN001326,2026-08-11 04:10:02.436107,2026-08-11 04:17:41.375719,SETTLED,00,1000.0,BANK_A
TXN001327,2026-08-27 12:41:37.960737,2026-08-27 12:46:42.355047,SETTLED,00,2500.0,BANK_B
TXN001328,2026-09-02 18:45:57.427197,2026-09-02 18:54:29.553186,SETTLED,00,500.0,BANK_B
TXN001329,2026-09-02 21:43:08.829705,2026-09-02 21:46:50.379549,SETTLED,00,500.0,BANK_A
TXN001330,2026-08-23 00:25:43.576444,2026-08-23 00:29:54.507497,SETTLED,00,250.0,BANK_D
TXN001331,2026-08-07 05:59:34.336402,2026-08-07 06:01:16.891716,SETTLED,00,1000.0,BANK_A
TXN001332,2026-08-23 09:52:27.794762,2026-08-23 09:58:47.820245,SETTLED,00,2500.0,BANK_A
TXN001333,2026-08-14 17:51:05.872041,2026-08-14 17:55:02.446872,SETTLED,00,1500.0,BANK_D
TXN001334,2026-08-30 16:21:30.458761,2026-08-30 16:30:27.175969,SETTLED,00,1500.0,BANK_A
TXN001335,2026-08-26 06:38:49.703360,2026-08-26 06:46:44.195742,SETTLED,00,2000.0,BANK_C
TXN001336,2026-08-26 18:59:58.645784,2026-08-26 19:02:25.586706,SETTLED,00,500.0,BANK_A
TXN001337,2026-08-19 09:33:20.201200,2026-08-19 09:36:09.340771,SETTLED,00,750.0,BANK_C
TXN001338,2026-08-12 08:49:36.622894,2026-08-12 08:56:12.024113,SETTLED,00,250.0,BANK_C
TXN001339,2026-08-26 13:23:39.415804,2026-08-26 13:27:20.117587,SETTLED,00,5000.0,BANK_A
TXN001340,2026-08-03 08:59:21.663146,2026-08-03 09:04:50.974200,SETTLED,00,1500.0,BANK_A
TXN001341,2026-08-07 08:43:34.595371,2026-08-07 08:47:48.768035,SETTLED,00,100.0,BANK_A
TXN001342,2026-08-05 04:14:14.365083,2026-08-05 04:19:15.182359,SETTLED,00,750.0,BANK_A
TXN001343,2026-08-11 04:44:58.852271,2026-08-11 04:50:55.447342,SETTLED,00,750.0,BANK_A
TXN001344,2026-08-25 10:01:49.299608,2026-08-25 10:03:30.882140,SETTLED,00,1500.0,BANK_A
TXN001345,2026-08-09 02:04:06.063066,2026-08-09 02:10:33.070637,SETTLED,00,1500.0,BANK_B
TXN001346,2026-08-11 07:53:00.766075,2026-08-11 07:55:56.818249,SETTLED,00,100.0,BANK_D
TXN001347,2026-08-04 11:29:47.473182,2026-08-04 11:40:07.171844,SETTLED,00,250.0,BANK_C
TXN001348,2026-08-31 21:30:58.580731,2026-08-31 21:34:56.858358,SETTLED,00,250.0,BANK_D
TXN001349,2026-08-12 21:28:57.735844,2026-08-12 21:34:03.316506,SETTLED,00,5000.0,BANK_A
TXN001350,2026-08-14 08:29:56.412830,2026-08-14 08:37:38.315957,SETTLED,00,500.0,BANK_C
TXN001351,2026-08-12 09:48:55.624154,2026-08-12 09:54:33.793665,SETTLED,00,1000.0,BANK_C
TXN001352,2026-08-12 13:38:21.935477,2026-08-12 13:46:41.651613,SETTLED,00,100.0,BANK_D
TXN001353,2026-08-12 18:10:08.777284,2026-08-12 18:16:32.947287,SETTLED,00,1500.0,BANK_C
TXN001354,2026-08-07 18:37:50.891788,2026-08-07 18:43:41.960592,SETTLED,00,1000.0,BANK_D
TXN001355,2026-08-23 06:02:38.182742,2026-08-23 06:08:07.199929,SETTLED,00,250.0,BANK_C
TXN001356,2026-08-08 05:42:58.574364,2026-08-08 05:48:17.746765,SETTLED,00,500.0,BANK_D
TXN001357,2026-08-30 08:22:31.692273,2026-08-30 08:28:45.638154,SETTLED,00,2500.0,BANK_D
TXN001358,2026-08-10 11:45:29.158567,2026-08-10 11:45:59.158567,SETTLED,00,250.0,BANK_D
TXN001359,2026-08-07 06:47:05.443454,2026-08-07 06:55:40.797162,SETTLED,00,1000.0,BANK_C
TXN001360,2026-08-23 01:44:14.673717,2026-08-23 01:52:22.856511,SETTLED,00,100.0,BANK_B
TXN001361,2026-08-22 11:36:20.254425,2026-08-22 11:42:56.511108,SETTLED,00,2500.0,BANK_A
TXN001362,2026-08-28 02:57:49.830247,2026-08-28 03:06:01.553034,SETTLED,00,500.0,BANK_D
TXN001363,2026-08-12 03:41:57.658782,2026-08-12 03:51:18.716882,SETTLED,00,2500.0,BANK_B
TXN001364,2026-08-10 17:16:11.683452,,NOT_FOUND,NA,,BANK_A
TXN001365,2026-08-09 11:33:58.761519,2026-08-09 11:58:56.297092,PROCESSING,PENDING,1500.0,BANK_A
TXN001366,2026-08-18 18:21:26.767947,2026-08-18 18:29:39.690590,SETTLED,00,500.0,BANK_B
TXN001367,2026-08-20 11:34:39.386319,2026-08-20 11:36:25.794459,SETTLED,00,5000.0,BANK_D
TXN001368,2026-08-21 21:38:37.229063,2026-08-21 21:42:24.135306,SETTLED,00,1000.0,BANK_C
TXN001369,2026-08-27 17:09:20.534619,2026-08-27 17:12:39.372572,SETTLED,00,500.0,BANK_B
TXN001370,2026-08-19 01:22:34.523525,2026-08-19 01:28:26.922131,SETTLED,00,250.0,BANK_D
TXN001371,2026-08-10 06:06:20.954821,2026-08-10 06:17:50.516725,SETTLED,00,500.0,BANK_A
TXN001372,2026-08-13 22:23:00.922081,2026-08-13 22:35:31.218193,SETTLED,00,100.0,BANK_C
TXN001373,2026-08-06 05:27:29.669696,2026-08-06 05:30:38.240025,SETTLED,00,2000.0,BANK_A
TXN001374,2026-08-22 23:16:56.494675,2026-08-22 23:23:20.692868,SETTLED,00,250.0,BANK_A
TXN001375,2026-08-20 01:22:18.117352,2026-08-20 01:23:35.247749,SETTLED,00,500.0,BANK_C
TXN001376,2026-08-27 12:28:28.479793,2026-08-27 12:39:38.644169,SETTLED,00,500.0,BANK_B
TXN001377,2026-08-16 17:15:19.878271,2026-08-16 17:19:10.929899,SETTLED,00,500.0,BANK_C
TXN001378,2026-08-13 20:35:54.797084,2026-08-13 20:42:04.616290,SETTLED,00,750.0,BANK_C
TXN001379,2026-08-25 08:57:36.346090,2026-08-25 08:59:17.947260,SETTLED,00,5000.0,BANK_D
TXN001380,2026-09-03 15:39:16.216040,2026-09-03 15:48:46.495884,SETTLED,00,2000.0,BANK_B
TXN001381,2026-08-14 09:59:09.088345,2026-08-14 10:33:28.988477,PROCESSING,PENDING,500.0,BANK_A
TXN001383,2026-08-20 08:07:21.159264,2026-08-20 08:16:15.612126,SETTLED,00,250.0,BANK_C
TXN001384,2026-08-15 23:09:54.335453,2026-08-16 00:16:36.035638,PROCESSING,PENDING,500.0,BANK_B
TXN001385,2026-08-25 03:54:35.726070,2026-08-25 04:17:42.763175,PROCESSING,PENDING,750.0,BANK_B
TXN001386,2026-08-06 20:48:34.351215,2026-08-06 21:02:08.348954,SETTLED,00,500.0,BANK_D
TXN001387,2026-08-15 12:52:17.742659,2026-08-15 13:27:51.745157,PROCESSING,PENDING,100.0,BANK_D
TXN001388,2026-08-07 10:58:06.466902,2026-08-07 11:02:43.820714,SETTLED,00,1000.0,BANK_C
TXN001389,2026-08-05 08:26:23.877584,2026-08-05 08:31:43.290419,SETTLED,00,1500.0,BANK_D
TXN001390,2026-08-11 10:44:28.090832,2026-08-11 10:49:07.459417,SETTLED,00,2500.0,BANK_A
TXN001391,2026-08-06 07:04:05.745000,2026-08-06 07:09:39.301806,SETTLED,00,750.0,BANK_A
TXN001392,2026-08-15 12:31:44.530650,2026-08-15 12:42:27.862109,SETTLED,00,750.0,BANK_B
TXN001393,2026-08-17 08:14:38.524571,2026-08-17 08:21:38.997761,SETTLED,00,250.0,BANK_A
TXN001394,2026-08-09 05:03:55.542048,2026-08-09 05:07:47.653271,SETTLED,00,10000.0,BANK_B
TXN001395,2026-08-04 07:33:46.666776,2026-08-04 07:37:37.246685,SETTLED,00,100.0,BANK_D
TXN001396,2026-08-31 11:21:20.344131,2026-08-31 11:25:50.367970,SETTLED,00,2500.0,BANK_D
TXN001397,2026-08-15 17:04:14.107876,2026-08-15 17:12:08.437366,SETTLED,00,500.0,BANK_B
TXN001398,2026-08-07 13:34:52.838306,2026-08-07 13:40:15.778102,SETTLED,00,5000.0,BANK_A
TXN001399,2026-08-21 09:15:00.150829,2026-08-21 09:19:21.624346,SETTLED,00,500.0,BANK_D
TXN001400,2026-08-23 20:26:12.841770,2026-08-23 20:33:45.435882,SETTLED,00,2000.0,BANK_B
TXN001401,2026-09-04 17:07:51.306864,2026-09-04 17:16:02.592472,SETTLED,00,250.0,BANK_D
TXN001402,2026-08-01 10:57:11.825845,2026-08-01 11:04:01.324370,SETTLED,00,500.0,BANK_C
TXN001403,2026-08-13 15:24:50.513951,2026-08-13 15:33:40.275673,SETTLED,00,250.0,BANK_A
TXN001404,2026-08-28 08:38:37.959566,2026-08-28 08:42:44.602847,SETTLED,00,500.0,BANK_D
TXN001405,2026-08-11 20:27:28.672899,2026-08-11 20:27:58.672899,SETTLED,00,1000.0,BANK_A
TXN001406,2026-09-03 20:28:37.205607,2026-09-03 20:33:45.660761,SETTLED,00,1000.0,BANK_A
TXN001407,2026-08-08 23:34:12.517373,2026-08-08 23:41:01.553817,SETTLED,00,750.0,BANK_B
TXN001408,2026-09-03 00:30:22.700151,2026-09-03 00:37:44.641736,SETTLED,00,250.0,BANK_A
TXN001409,2026-08-11 09:03:34.830112,2026-08-11 09:38:00.024711,PROCESSING,PENDING,500.0,BANK_A
TXN001410,2026-08-21 15:44:03.693490,2026-08-21 16:35:17.992125,PROCESSING,PENDING,5000.0,BANK_A
TXN001411,2026-08-14 07:19:54.563696,2026-08-14 07:28:46.700766,SETTLED,00,100.0,BANK_B
TXN001412,2026-08-30 16:14:56.252666,2026-08-30 16:16:37.541292,SETTLED,00,2500.0,BANK_D
TXN001413,2026-08-29 03:25:28.114559,,NOT_FOUND,NA,,BANK_A
TXN001414,2026-08-11 12:10:50.512618,2026-08-11 12:16:06.350380,SETTLED,00,10000.0,BANK_A
TXN001415,2026-08-18 21:31:54.537091,2026-08-18 21:37:23.607238,SETTLED,00,100.0,BANK_D
TXN001416,2026-08-10 02:04:13.010576,2026-08-10 02:34:46.240438,PROCESSING,PENDING,750.0,BANK_A
TXN001417,2026-08-28 18:27:51.772774,2026-08-28 18:33:11.401707,SETTLED,00,2500.0,BANK_C
TXN001418,2026-08-17 07:39:59.281417,2026-08-17 07:41:57.803740,SETTLED,00,500.0,BANK_A
TXN001419,2026-08-29 03:17:13.437478,2026-08-29 03:20:21.746611,SETTLED,00,250.0,BANK_D
TXN001420,2026-08-19 18:48:28.564832,2026-08-19 18:54:56.412862,SETTLED,00,500.0,BANK_B
TXN001421,2026-08-07 05:33:16.534407,2026-08-07 06:01:25.673283,PROCESSING,PENDING,10000.0,BANK_A
TXN001422,2026-08-10 05:29:35.265609,2026-08-10 05:34:40.516556,SETTLED,00,2000.0,BANK_B
TXN001423,2026-08-06 08:42:16.502712,2026-08-06 08:44:39.899027,SETTLED,00,500.0,BANK_B
TXN001424,2026-08-15 22:35:19.632112,2026-08-15 22:38:59.314140,SETTLED,00,100.0,BANK_B
TXN001425,2026-08-30 00:54:30.363156,,NOT_FOUND,NA,,BANK_C
TXN001426,2026-08-06 18:09:04.610802,2026-08-06 18:16:30.491961,SETTLED,00,1500.0,BANK_C
TXN001427,2026-08-04 14:27:26.618494,2026-08-04 14:35:58.111828,SETTLED,00,500.0,BANK_D
TXN001428,2026-08-19 06:07:18.792349,2026-08-19 06:10:48.461784,SETTLED,00,750.0,BANK_C
TXN001429,2026-08-06 03:12:54.046413,2026-08-06 03:18:02.353457,SETTLED,00,250.0,BANK_B
TXN001430,2026-08-05 11:48:29.999810,2026-08-05 11:52:35.583310,SETTLED,00,750.0,BANK_A
TXN001431,2026-09-04 03:04:07.173828,2026-09-04 03:13:14.561994,SETTLED,00,1000.0,BANK_D
TXN001432,2026-09-04 12:36:26.851352,2026-09-04 12:45:03.258769,SETTLED,00,100.0,BANK_B
TXN001433,2026-08-06 08:15:16.965330,2026-08-06 08:19:42.410183,SETTLED,00,100.0,BANK_D
TXN001434,2026-08-03 00:20:50.910651,2026-08-03 00:28:13.394530,SETTLED,00,250.0,BANK_B
TXN001435,2026-08-23 10:08:03.714014,2026-08-23 10:58:15.799588,PROCESSING,PENDING,1500.0,BANK_A
TXN001436,2026-08-02 23:19:05.496538,2026-08-02 23:26:16.715011,SETTLED,00,2500.0,BANK_A
TXN001437,2026-08-07 02:40:10.953239,2026-08-07 02:44:48.984147,SETTLED,00,2500.0,BANK_A
TXN001438,2026-08-08 00:54:39.746347,2026-08-08 01:09:42.665156,PROCESSING,PENDING,2000.0,BANK_B
TXN001439,2026-08-22 18:22:10.422193,2026-08-22 18:37:17.300044,PROCESSING,PENDING,1000.0,BANK_C
TXN001440,2026-08-11 10:59:14.771397,2026-08-11 11:09:22.285523,PROCESSING,PENDING,5000.0,BANK_C
TXN001441,2026-08-10 01:34:30.254306,,NOT_FOUND,NA,,BANK_A
TXN001442,2026-08-09 21:21:59.374458,2026-08-09 21:29:28.825233,SETTLED,00,750.0,BANK_D
TXN001443,2026-08-03 21:55:43.321461,2026-08-03 22:00:53.370502,SETTLED,00,2500.0,BANK_D
TXN001444,2026-09-04 21:32:06.305278,2026-09-04 21:57:05.081208,PROCESSING,PENDING,2000.0,BANK_A
TXN001445,2026-08-14 23:18:24.905103,2026-08-14 23:25:59.694665,SETTLED,00,750.0,BANK_B
TXN001446,2026-08-02 12:36:29.085693,2026-08-02 12:57:21.589452,PROCESSING,PENDING,1000.0,BANK_A
TXN001447,2026-08-29 23:08:46.485299,2026-08-30 00:01:33.622533,PROCESSING,PENDING,500.0,BANK_C
TXN001448,2026-08-05 11:28:33.473693,2026-08-05 11:38:01.143126,SETTLED,00,500.0,BANK_A
TXN001449,2026-08-19 10:44:58.641984,2026-08-19 10:53:38.297508,SETTLED,00,250.0,BANK_B
TXN001450,2026-08-20 11:21:49.725985,2026-08-20 11:26:20.037674,SETTLED,00,2000.0,BANK_A
TXN001451,2026-08-05 03:24:31.322101,2026-08-05 03:35:59.738781,PROCESSING,PENDING,1500.0,BANK_B
TXN001452,2026-08-30 16:27:45.348786,2026-08-30 16:33:12.002561,SETTLED,00,25000.0,BANK_A
TXN001453,2026-08-27 12:43:20.920085,2026-08-27 12:44:43.082692,SETTLED,00,2500.0,BANK_C
TXN001454,2026-08-23 01:06:29.898989,2026-08-23 01:09:13.093607,SETTLED,00,1500.0,BANK_C
TXN001455,2026-08-19 07:39:52.778212,2026-08-19 07:40:22.778212,SETTLED,00,2500.0,BANK_C
TXN001456,2026-08-16 23:11:43.084650,2026-08-16 23:19:09.413978,SETTLED,00,750.0,BANK_C
TXN001457,2026-08-13 07:18:45.571100,2026-08-13 07:25:23.977664,SETTLED,00,10000.0,BANK_C
TXN001458,2026-08-06 15:13:10.316070,2026-08-06 15:20:36.952668,SETTLED,00,1000.0,BANK_B
TXN001459,2026-08-09 06:21:04.885452,,NOT_FOUND,NA,,BANK_C
TXN001460,2026-08-23 06:31:43.096258,2026-08-23 06:40:53.976228,SETTLED,00,100.0,BANK_C
TXN001461,2026-08-21 18:42:41.536048,2026-08-21 18:46:03.007498,SETTLED,00,100.0,BANK_C
TXN001462,2026-08-24 10:22:01.081888,,NOT_FOUND,NA,,BANK_B
TXN001463,2026-08-11 15:26:17.484088,2026-08-11 16:31:38.173460,PROCESSING,PENDING,2500.0,BANK_C
TXN001464,2026-08-15 22:55:09.042636,2026-08-15 22:59:58.537299,SETTLED,00,2500.0,BANK_D
TXN001465,2026-08-26 04:59:26.106999,2026-08-26 05:05:01.473428,SETTLED,00,1000.0,BANK_A
TXN001466,2026-08-18 01:19:49.258859,2026-08-18 01:24:31.960375,SETTLED,00,250.0,BANK_C
TXN001467,2026-08-16 20:06:04.806213,2026-08-16 20:11:01.140173,SETTLED,00,2500.0,BANK_A
TXN001468,2026-08-15 21:13:15.268163,2026-08-15 21:18:28.725712,SETTLED,00,2500.0,BANK_B
TXN001469,2026-08-13 07:46:19.080412,2026-08-13 07:51:43.526535,SETTLED,00,750.0,BANK_C
TXN001470,2026-09-01 00:50:31.491300,2026-09-01 00:57:58.108006,SETTLED,00,750.0,BANK_B
TXN001471,2026-08-18 19:26:57.078386,2026-08-18 19:34:28.974961,SETTLED,00,100.0,BANK_C
TXN001472,2026-08-04 14:03:08.804430,2026-08-04 14:11:59.040995,SETTLED,00,25000.0,BANK_B
TXN001473,2026-08-16 01:01:34.089059,2026-08-16 01:25:57.128109,PROCESSING,PENDING,25000.0,BANK_B
TXN001474,2026-08-21 09:10:23.266532,2026-08-21 09:46:48.552441,PROCESSING,PENDING,750.0,BANK_A
TXN001475,2026-08-25 17:20:59.308700,2026-08-25 17:37:11.897381,PROCESSING,PENDING,250.0,BANK_C
TXN001476,2026-09-01 12:32:28.933398,2026-09-01 12:38:47.220038,SETTLED,00,2500.0,BANK_D
TXN001477,2026-08-30 10:09:07.744436,2026-08-30 10:12:31.506391,SETTLED,00,10000.0,BANK_C
TXN001478,2026-08-06 22:50:10.075761,2026-08-06 22:52:23.104858,SETTLED,00,2000.0,BANK_D
TXN001479,2026-08-25 13:20:52.565612,2026-08-25 13:22:12.050466,SETTLED,00,10000.0,BANK_B
TXN001480,2026-08-13 16:48:44.362655,2026-08-13 16:53:46.895613,SETTLED,00,500.0,BANK_D
TXN001481,2026-08-24 16:50:46.784798,2026-08-24 17:00:37.132685,SETTLED,00,250.0,BANK_B
TXN001482,2026-08-16 16:20:23.552725,2026-08-16 16:26:29.118945,SETTLED,00,2000.0,BANK_B
TXN001483,2026-08-09 17:54:13.853230,2026-08-09 18:07:05.656407,PROCESSING,PENDING,1500.0,BANK_A
TXN001484,2026-08-25 04:00:40.370484,2026-08-25 04:40:39.074713,PROCESSING,PENDING,250.0,BANK_B
TXN001485,2026-08-29 23:37:40.885103,2026-08-29 23:48:30.237722,SETTLED,00,1500.0,BANK_C
TXN001486,2026-08-30 06:23:37.758043,2026-08-30 06:32:47.104740,SETTLED,00,10000.0,BANK_B
TXN001487,2026-08-06 08:34:33.069614,2026-08-06 08:36:48.023280,SETTLED,00,250.0,BANK_B
TXN001488,2026-08-27 00:51:32.645176,2026-08-27 01:13:57.157209,PROCESSING,PENDING,1500.0,BANK_C
TXN001489,2026-08-21 06:41:43.731239,2026-08-21 06:47:41.197841,SETTLED,00,750.0,BANK_B
TXN001490,2026-08-18 09:29:49.447486,2026-08-18 09:34:42.575656,SETTLED,00,250.0,BANK_B
TXN001491,2026-08-10 02:54:23.934503,2026-08-10 03:02:20.776132,SETTLED,00,5000.0,BANK_A
TXN001492,2026-08-27 21:50:39.009364,2026-08-27 21:59:23.668536,SETTLED,00,250.0,BANK_B
TXN001493,2026-08-31 01:13:20.406190,2026-08-31 01:17:33.316471,SETTLED,00,100.0,BANK_C
TXN001494,2026-09-02 21:51:41.194432,2026-09-02 21:59:00.982515,SETTLED,00,500.0,BANK_B
TXN001495,2026-08-26 06:34:12.000000,2026-08-26 07:02:08.008699,PROCESSING,PENDING,750.0,BANK_A
TXN001496,2026-08-20 21:46:12.477335,2026-08-20 21:51:29.132030,SETTLED,00,2500.0,BANK_B
TXN001497,2026-08-02 18:45:58.861458,2026-08-02 18:55:20.400768,SETTLED,00,500.0,BANK_D
TXN001498,2026-08-30 16:06:05.138617,2026-08-30 16:09:40.947219,SETTLED,00,1500.0,BANK_C
TXN001499,2026-08-10 06:44:23.703529,2026-08-10 06:57:45.829521,PROCESSING,PENDING,1000.0,BANK_A
TXN001500,2026-08-30 07:53:58.980269,2026-08-30 07:59:13.920354,SETTLED,00,1000.0,BANK_C
TXN001501,2026-08-03 01:11:41.409850,,NOT_FOUND,NA,,BANK_B
TXN001502,2026-09-02 18:31:51.643771,2026-09-02 18:37:35.155873,SETTLED,00,1000.0,BANK_A
TXN001503,2026-08-08 19:22:13.867473,2026-08-08 19:43:36.422073,PROCESSING,PENDING,2000.0,BANK_D
TXN001504,2026-08-09 20:41:01.914851,,NOT_FOUND,NA,,BANK_B
TXN001505,2026-08-29 17:45:03.533970,2026-08-29 17:50:18.350641,SETTLED,00,2000.0,BANK_D
TXN001506,2026-09-03 10:32:00.284227,2026-09-03 10:38:45.853307,SETTLED,00,1000.0,BANK_D
TXN001507,2026-08-10 23:59:12.069126,2026-08-11 00:09:57.867606,SETTLED,00,1000.0,BANK_A
TXN001509,2026-08-12 18:23:48.415272,2026-08-12 18:30:33.449420,SETTLED,00,2500.0,BANK_D
TXN001510,2026-08-22 00:55:25.384435,2026-08-22 02:08:42.158016,PROCESSING,PENDING,1500.0,BANK_C
TXN001511,2026-08-13 12:43:49.428966,2026-08-13 12:46:34.532219,SETTLED,00,250.0,BANK_A
TXN001512,2026-08-07 00:01:42.467247,2026-08-07 00:08:50.934798,SETTLED,00,750.0,BANK_A
TXN001513,2026-08-28 21:12:58.947470,2026-08-28 21:20:15.601307,SETTLED,00,5000.0,BANK_B
TXN001514,2026-08-11 01:00:53.689256,2026-08-11 01:10:54.020720,SETTLED,00,750.0,BANK_B
TXN001515,2026-08-26 16:14:26.208377,2026-08-26 16:19:24.117297,SETTLED,00,500.0,BANK_C
TXN001516,2026-08-30 12:10:52.703927,2026-08-30 12:15:44.881260,SETTLED,00,100.0,BANK_C
TXN001517,2026-08-06 01:50:39.926633,2026-08-06 01:56:23.041666,SETTLED,00,500.0,BANK_A
TXN001518,2026-08-21 17:12:06.314815,2026-08-21 17:38:13.504433,PROCESSING,PENDING,100.0,BANK_B
TXN001519,2026-08-06 13:33:26.067852,2026-08-06 13:38:15.254812,SETTLED,00,250.0,BANK_C
TXN001521,2026-08-20 09:15:37.823595,2026-08-20 09:24:14.453849,SETTLED,00,750.0,BANK_D
TXN001522,2026-08-15 18:01:18.380217,2026-08-15 18:08:13.494094,SETTLED,00,750.0,BANK_C
TXN001523,2026-08-10 19:22:04.914588,,NOT_FOUND,NA,,BANK_C
TXN001524,2026-08-25 09:36:12.829560,2026-08-25 09:42:59.178144,SETTLED,00,500.0,BANK_A
TXN001525,2026-08-15 11:18:18.076754,2026-08-15 11:21:56.935695,SETTLED,00,250.0,BANK_C
TXN001526,2026-08-25 11:44:04.439306,2026-08-25 11:50:06.926259,SETTLED,00,500.0,BANK_B
TXN001527,2026-08-14 00:12:14.267037,2026-08-14 00:18:14.890908,SETTLED,00,1500.0,BANK_D
TXN001528,2026-08-24 23:33:44.057087,2026-08-24 23:37:40.674934,SETTLED,00,1000.0,BANK_C
TXN001529,2026-08-10 05:27:23.157609,,NOT_FOUND,NA,,BANK_C
TXN001530,2026-08-27 20:36:08.990028,2026-08-27 20:43:08.848908,SETTLED,00,1500.0,BANK_A
TXN001531,2026-08-02 03:02:49.574142,2026-08-02 03:10:17.626243,SETTLED,00,500.0,BANK_B
TXN001532,2026-08-30 20:22:56.421901,2026-08-30 20:57:35.476202,PROCESSING,PENDING,500.0,BANK_A
TXN001533,2026-08-31 22:18:35.773092,2026-08-31 22:30:18.541570,PROCESSING,PENDING,2500.0,BANK_B
TXN001534,2026-08-18 02:04:22.181664,2026-08-18 02:10:06.056237,SETTLED,00,2500.0,BANK_A
TXN001535,2026-09-03 21:24:17.541671,2026-09-03 21:34:02.632430,SETTLED,00,1500.0,BANK_A
TXN001536,2026-08-29 00:54:12.481423,2026-08-29 00:59:52.544598,SETTLED,00,10000.0,BANK_C
TXN001537,2026-08-21 09:38:59.285818,2026-08-21 09:43:25.449363,SETTLED,00,500.0,BANK_C
TXN001538,2026-08-22 00:23:59.627108,2026-08-22 00:52:31.087901,PROCESSING,PENDING,2500.0,BANK_D
TXN001539,2026-08-15 19:28:54.334271,2026-08-15 19:35:46.295490,SETTLED,00,2000.0,BANK_A
TXN001540,2026-09-02 13:11:34.777368,2026-09-02 13:16:59.877844,SETTLED,00,25000.0,BANK_C
TXN001541,2026-09-04 06:54:20.173601,2026-09-04 06:55:13.743200,SETTLED,00,500.0,BANK_A
TXN001542,2026-08-10 16:38:58.345326,2026-08-10 16:43:54.825110,SETTLED,00,2000.0,BANK_D
TXN001543,2026-08-23 13:21:39.368953,,NOT_FOUND,NA,,BANK_B
TXN001544,2026-08-19 07:12:22.589288,2026-08-19 07:16:22.504848,SETTLED,00,2000.0,BANK_C
TXN001545,2026-08-19 14:26:15.619654,2026-08-19 14:51:21.070335,PROCESSING,PENDING,1500.0,BANK_B
TXN001546,2026-08-15 05:40:20.134390,2026-08-15 05:42:45.523801,SETTLED,00,250.0,BANK_C
TXN001547,2026-08-20 07:24:32.759885,2026-08-20 07:32:11.511978,SETTLED,00,1500.0,BANK_D
TXN001548,2026-08-26 19:42:27.890315,2026-08-26 19:49:07.541085,SETTLED,00,1000.0,BANK_D
TXN001549,2026-09-02 06:58:44.787954,,NOT_FOUND,NA,,BANK_A
TXN001550,2026-08-22 09:48:26.634675,2026-08-22 09:56:40.272932,SETTLED,00,100.0,BANK_D
TXN001551,2026-08-28 15:59:28.249830,2026-08-28 16:05:09.297990,SETTLED,00,750.0,BANK_C
TXN001552,2026-08-07 19:58:59.485083,2026-08-07 20:07:10.135559,SETTLED,00,1000.0,BANK_C
TXN001553,2026-08-31 05:58:27.464751,2026-08-31 06:05:58.376445,SETTLED,00,2000.0,BANK_C
TXN001554,2026-09-02 01:54:12.420141,2026-09-02 02:20:56.803592,PROCESSING,PENDING,100.0,BANK_B
TXN001555,2026-09-03 23:59:27.261073,2026-09-04 00:07:29.060850,SETTLED,00,1500.0,BANK_C
TXN001556,2026-08-25 03:26:10.138993,2026-08-25 03:30:21.527059,SETTLED,00,250.0,BANK_C
TXN001557,2026-08-02 04:35:35.171304,2026-08-02 04:46:51.948194,SETTLED,00,500.0,BANK_D
TXN001558,2026-09-03 05:28:23.427127,2026-09-03 05:33:52.525335,SETTLED,00,750.0,BANK_D
TXN001559,2026-08-18 16:11:39.949738,2026-08-18 16:17:19.053973,SETTLED,00,500.0,BANK_D
TXN001561,2026-09-01 01:09:31.278078,2026-09-01 01:36:58.510707,PROCESSING,PENDING,100.0,BANK_D
TXN001562,2026-08-07 16:59:09.221916,2026-08-07 17:04:32.750848,SETTLED,00,500.0,BANK_C
TXN001563,2026-08-09 16:35:05.495920,2026-08-09 16:35:45.985023,SETTLED,00,5000.0,BANK_B
TXN001564,2026-08-31 05:33:01.815682,2026-08-31 05:38:41.485113,SETTLED,00,2500.0,BANK_B
TXN001565,2026-08-17 21:55:15.287679,2026-08-17 22:04:36.736577,SETTLED,00,100.0,BANK_D
TXN001566,2026-08-26 15:04:06.737471,2026-08-26 15:10:26.955068,SETTLED,00,750.0,BANK_B
TXN001567,2026-08-04 09:40:02.607774,2026-08-04 09:46:39.598245,SETTLED,00,750.0,BANK_A
TXN001568,2026-08-17 19:15:50.186726,2026-08-17 19:25:23.997614,SETTLED,00,2000.0,BANK_A
TXN001569,2026-08-09 03:24:10.955830,2026-08-09 03:33:32.842517,SETTLED,00,2500.0,BANK_A
TXN001570,2026-08-12 17:22:10.376694,2026-08-12 17:32:04.955591,SETTLED,00,1000.0,BANK_D
TXN001571,2026-08-27 00:51:55.270060,2026-08-27 00:53:59.910048,SETTLED,00,1500.0,BANK_A
TXN001572,2026-08-09 07:47:46.711581,2026-08-09 07:52:48.756087,SETTLED,00,1500.0,BANK_C
TXN001573,2026-08-11 10:35:57.724226,2026-08-11 10:39:37.869736,SETTLED,00,1000.0,BANK_A
TXN001574,2026-08-27 19:31:13.504445,2026-08-27 19:40:06.766441,SETTLED,00,100.0,BANK_C
TXN001575,2026-08-30 19:09:05.899916,2026-08-30 19:17:12.996722,SETTLED,00,750.0,BANK_B
TXN001576,2026-08-22 01:42:47.260877,2026-08-22 01:45:15.710149,SETTLED,00,2500.0,BANK_B
TXN001577,2026-08-15 16:57:37.129410,2026-08-15 17:09:10.399996,SETTLED,00,1500.0,BANK_A
TXN001578,2026-08-09 16:44:25.201243,2026-08-09 16:49:30.748992,SETTLED,00,2000.0,BANK_A
TXN001579,2026-08-17 10:46:44.204552,2026-08-17 10:53:47.582182,SETTLED,00,2000.0,BANK_B
TXN001580,2026-08-01 22:37:17.023812,2026-08-01 22:44:54.221272,SETTLED,00,1000.0,BANK_C
TXN001581,2026-08-28 21:14:34.609693,2026-08-28 21:25:27.844632,SETTLED,00,750.0,BANK_B
TXN001582,2026-08-12 07:33:57.227624,,NOT_FOUND,NA,,BANK_A
TXN001583,2026-08-05 16:06:06.079467,2026-08-05 16:12:55.894389,SETTLED,00,100.0,BANK_B
TXN001584,2026-08-25 21:51:37.689905,2026-08-25 22:22:26.082865,PROCESSING,PENDING,750.0,BANK_B
TXN001585,2026-08-25 23:10:06.000000,,NOT_FOUND,NA,,BANK_D
TXN001586,2026-08-08 08:32:55.227438,2026-08-08 08:42:22.501801,SETTLED,00,250.0,BANK_D
TXN001587,2026-08-10 15:49:14.497487,2026-08-10 16:24:07.219553,PROCESSING,PENDING,250.0,BANK_B
TXN001588,2026-08-11 12:32:20.662013,2026-08-11 12:41:12.838918,PROCESSING,PENDING,2500.0,BANK_D
TXN001589,2026-08-24 13:12:41.798641,2026-08-24 13:21:42.724396,SETTLED,00,1500.0,BANK_D
TXN001590,2026-08-26 19:07:43.828821,2026-08-26 19:14:04.984339,SETTLED,00,2500.0,BANK_B
TXN001591,2026-08-06 20:35:41.796793,2026-08-06 20:59:28.863675,PROCESSING,PENDING,750.0,BANK_D
TXN001592,2026-08-26 19:36:01.352719,2026-08-26 20:15:29.877623,PROCESSING,PENDING,1000.0,BANK_D
TXN001593,2026-08-08 02:44:33.420099,2026-08-08 03:10:01.556507,PROCESSING,PENDING,250.0,BANK_D
TXN001594,2026-08-22 20:53:27.002425,2026-08-22 21:02:49.415680,SETTLED,00,1000.0,BANK_D
TXN001595,2026-08-27 14:41:36.999771,2026-08-27 14:46:58.867638,SETTLED,00,500.0,BANK_B
TXN001596,2026-08-08 10:44:56.583941,2026-08-08 10:55:04.485673,SETTLED,00,2000.0,BANK_D
TXN001597,2026-08-14 15:56:50.999258,2026-08-14 16:03:52.237332,SETTLED,00,2000.0,BANK_A
TXN001598,2026-08-08 05:45:13.873565,2026-08-08 05:49:56.399102,SETTLED,00,500.0,BANK_D
TXN001599,2026-08-20 21:48:36.785633,2026-08-20 21:53:31.840222,SETTLED,00,250.0,BANK_A
TXN001600,2026-08-28 12:21:30.222097,2026-08-28 12:26:11.785247,SETTLED,00,100.0,BANK_B
TXN001601,2026-08-15 10:19:48.578467,2026-08-15 10:24:16.741536,SETTLED,00,1000.0,BANK_B
TXN001602,2026-09-03 03:16:27.508139,2026-09-03 03:49:11.316398,PROCESSING,PENDING,100.0,BANK_B
TXN001603,2026-08-07 04:18:32.536978,2026-08-07 04:22:46.056579,SETTLED,00,250.0,BANK_B
TXN001604,2026-08-25 12:35:47.152041,2026-08-25 12:43:39.702832,SETTLED,00,500.0,BANK_B
TXN001605,2026-08-06 08:29:10.727083,2026-08-06 08:36:12.093613,SETTLED,00,250.0,BANK_B
TXN001606,2026-08-09 10:57:03.775965,2026-08-09 11:01:34.326787,SETTLED,00,250.0,BANK_D
TXN001607,2026-08-18 06:35:47.751444,2026-08-18 07:18:06.279177,PROCESSING,PENDING,100.0,BANK_A
TXN001608,2026-08-09 04:43:52.566192,2026-08-09 04:49:13.638663,SETTLED,00,2000.0,BANK_C
TXN001609,2026-08-17 17:50:55.354189,2026-08-17 18:18:50.056345,PROCESSING,PENDING,750.0,BANK_A
TXN001610,2026-08-26 17:37:48.730654,,NOT_FOUND,NA,,BANK_C
TXN001611,2026-08-04 04:03:21.271057,2026-08-04 04:12:50.498809,SETTLED,00,1000.0,BANK_D
TXN001612,2026-08-09 07:01:16.368374,2026-08-09 07:36:39.109391,PROCESSING,PENDING,1000.0,BANK_D
TXN001613,2026-08-20 19:34:13.445482,2026-08-20 19:39:38.621297,SETTLED,00,500.0,BANK_D
TXN001614,2026-08-02 18:23:48.564363,2026-08-02 18:32:35.575764,SETTLED,00,500.0,BANK_B
TXN001615,2026-08-29 02:39:37.792454,2026-08-29 03:00:30.522412,PROCESSING,PENDING,10000.0,BANK_A
TXN001616,2026-09-01 18:56:31.207527,2026-09-01 19:01:55.814300,SETTLED,00,500.0,BANK_A
TXN001617,2026-08-25 11:55:12.208177,2026-08-25 12:05:39.623189,SETTLED,00,100.0,BANK_A
TXN001618,2026-08-11 15:11:58.015272,2026-08-11 15:12:28.015272,SETTLED,00,1000.0,BANK_A
TXN001619,2026-08-12 09:23:56.539893,2026-08-12 09:27:09.191793,SETTLED,00,100.0,BANK_C
TXN001620,2026-08-11 20:48:24.445946,2026-08-11 20:58:33.571356,SETTLED,00,500.0,BANK_A
TXN001621,2026-08-03 00:30:01.658916,2026-08-03 00:34:54.161464,SETTLED,00,250.0,BANK_A
TXN001623,2026-09-04 11:45:07.757180,2026-09-04 11:54:33.638823,SETTLED,00,100.0,BANK_B
TXN001624,2026-08-25 11:52:09.757035,2026-08-25 11:59:12.648235,SETTLED,00,2500.0,BANK_C
TXN001625,2026-08-09 00:54:36.686295,2026-08-09 01:01:38.610241,SETTLED,00,500.0,BANK_C
TXN001626,2026-08-13 04:22:29.547604,2026-08-13 04:30:58.261727,PROCESSING,PENDING,1000.0,BANK_B
TXN001627,2026-08-11 15:47:48.563618,2026-08-11 15:53:16.169453,SETTLED,00,5000.0,BANK_A
TXN001628,2026-08-25 22:37:18.119086,2026-08-25 22:41:45.557858,SETTLED,00,1000.0,BANK_B
TXN001629,2026-08-30 00:56:40.691419,2026-08-30 01:10:31.047506,PROCESSING,PENDING,250.0,BANK_A
TXN001630,2026-08-04 09:32:59.230638,2026-08-04 09:39:41.186749,SETTLED,00,750.0,BANK_B
TXN001631,2026-08-04 14:23:57.188464,2026-08-04 14:30:11.671676,SETTLED,00,2000.0,BANK_D
TXN001632,2026-08-15 10:06:32.702058,2026-08-15 10:12:07.934110,SETTLED,00,1500.0,BANK_B
TXN001633,2026-08-24 09:23:34.615212,2026-08-24 09:28:06.810866,SETTLED,00,1500.0,BANK_D
TXN001634,2026-08-08 20:58:13.605619,2026-08-08 21:02:18.968397,SETTLED,00,1000.0,BANK_A
TXN001635,2026-08-23 21:40:27.417339,2026-08-23 21:45:51.600522,SETTLED,00,250.0,BANK_A
TXN001636,2026-08-11 02:50:32.365988,2026-08-11 03:18:24.573650,PROCESSING,PENDING,500.0,BANK_C
TXN001637,2026-08-26 23:33:36.101373,2026-08-26 23:40:33.285768,SETTLED,00,2500.0,BANK_A
TXN001638,2026-08-31 16:43:18.205153,,NOT_FOUND,NA,,BANK_A
TXN001639,2026-08-07 09:55:09.663333,2026-08-07 09:58:21.936169,SETTLED,00,5000.0,BANK_C
TXN001640,2026-08-05 10:36:50.335924,2026-08-05 10:42:52.089485,SETTLED,00,250.0,BANK_A
TXN001641,2026-08-11 22:16:43.062537,2026-08-11 22:23:04.336013,SETTLED,00,1000.0,BANK_C
TXN001643,2026-08-27 09:13:54.386396,2026-08-27 09:24:51.519356,SETTLED,00,1000.0,BANK_A
TXN001644,2026-09-04 13:47:21.869684,2026-09-04 13:47:51.869684,SETTLED,00,1000.0,BANK_A
TXN001645,2026-08-16 10:10:17.687604,2026-08-16 10:43:16.753639,PROCESSING,PENDING,5000.0,BANK_C
TXN001646,2026-09-03 07:30:32.645825,2026-09-03 07:37:32.624649,SETTLED,00,500.0,BANK_D
TXN001647,2026-08-03 16:17:08.956519,2026-08-03 16:25:34.734615,SETTLED,00,250.0,BANK_D
TXN001648,2026-08-28 22:00:09.050822,2026-08-28 22:12:14.230722,SETTLED,00,1000.0,BANK_C
TXN001649,2026-08-25 02:22:38.757596,2026-08-25 02:26:35.896147,SETTLED,00,1500.0,BANK_A
TXN001650,2026-08-19 05:04:19.725393,2026-08-19 05:09:26.890125,SETTLED,00,250.0,BANK_D
TXN001651,2026-09-03 11:07:38.367951,2026-09-03 11:13:01.408792,SETTLED,00,250.0,BANK_D
TXN001652,2026-08-20 05:00:34.826073,,NOT_FOUND,NA,,BANK_C
TXN001653,2026-08-31 20:41:13.930351,2026-08-31 20:45:20.480488,SETTLED,00,2000.0,BANK_B
TXN001654,2026-08-01 03:18:29.677516,2026-08-01 03:25:32.443055,SETTLED,00,2500.0,BANK_B
TXN001655,2026-08-30 22:02:11.684876,2026-08-30 22:02:41.684876,SETTLED,00,500.0,BANK_C
TXN001656,2026-08-21 11:02:12.332026,2026-08-21 11:27:06.315390,PROCESSING,PENDING,5000.0,BANK_A
TXN001657,2026-08-03 04:50:11.134156,2026-08-03 04:57:27.023825,SETTLED,00,1000.0,BANK_D
TXN001658,2026-08-23 17:44:01.195531,,NOT_FOUND,NA,,BANK_B
TXN001660,2026-08-01 14:10:16.550074,2026-08-01 14:43:19.216135,PROCESSING,PENDING,1000.0,BANK_C
TXN001661,2026-09-04 03:55:14.019846,2026-09-04 04:01:54.871555,SETTLED,00,500.0,BANK_A
TXN001662,2026-08-04 11:58:50.935495,2026-08-04 12:11:14.712270,SETTLED,00,2500.0,BANK_A
TXN001663,2026-08-09 04:12:48.705875,2026-08-09 05:04:12.181073,PROCESSING,PENDING,500.0,BANK_B
TXN001664,2026-08-28 22:51:48.025162,2026-08-28 23:00:07.183855,SETTLED,00,500.0,BANK_D
TXN001665,2026-08-07 07:05:15.919131,2026-08-07 07:10:39.686755,SETTLED,00,1000.0,BANK_C
TXN001666,2026-08-03 05:21:06.488963,2026-08-03 05:29:40.223589,SETTLED,00,1500.0,BANK_C
TXN001667,2026-08-01 04:55:49.147972,2026-08-01 05:05:15.355821,SETTLED,00,2500.0,BANK_B
TXN001668,2026-08-30 15:18:24.412052,2026-08-30 15:23:52.235481,SETTLED,00,100.0,BANK_B
TXN001669,2026-08-01 10:45:52.345766,2026-08-01 10:49:54.536361,SETTLED,00,25000.0,BANK_C
TXN001671,2026-08-26 18:41:43.719603,2026-08-26 18:46:17.058132,SETTLED,00,2000.0,BANK_D
TXN001672,2026-09-04 01:21:27.270626,2026-09-04 01:28:16.069165,SETTLED,00,100.0,BANK_D
TXN001673,2026-08-19 02:14:53.513222,2026-08-19 02:30:12.691873,PROCESSING,PENDING,1000.0,BANK_B
TXN001674,2026-09-02 17:54:30.725562,2026-09-02 18:21:28.049339,PROCESSING,PENDING,1000.0,BANK_D
TXN001675,2026-08-16 00:16:16.871737,2026-08-16 00:23:22.494442,SETTLED,00,100.0,BANK_A
TXN001676,2026-08-29 04:30:53.368005,2026-08-29 04:32:47.520287,SETTLED,00,750.0,BANK_A
TXN001677,2026-09-03 23:56:40.477104,2026-09-04 00:04:36.038657,SETTLED,00,1500.0,BANK_D
TXN001679,2026-08-11 02:10:05.871815,2026-08-11 02:17:10.013350,SETTLED,00,2500.0,BANK_D
TXN001680,2026-08-23 01:26:18.055745,2026-08-23 01:33:34.769130,SETTLED,00,500.0,BANK_D
TXN001681,2026-08-05 19:32:07.065482,2026-08-05 19:36:12.842608,SETTLED,00,500.0,BANK_A
TXN001682,2026-08-15 23:28:38.119552,2026-08-15 23:34:10.641499,SETTLED,00,5000.0,BANK_B
TXN001683,2026-08-06 08:36:56.189771,2026-08-06 08:53:14.531764,PROCESSING,PENDING,2500.0,BANK_D
TXN001684,2026-08-14 07:41:13.761154,2026-08-14 07:54:41.823540,PROCESSING,PENDING,250.0,BANK_B
TXN001685,2026-08-26 15:47:39.795584,2026-08-26 15:54:41.507040,SETTLED,00,250.0,BANK_D
TXN001686,2026-08-27 18:04:07.487421,2026-08-27 18:07:19.415946,SETTLED,00,1000.0,BANK_B
TXN001687,2026-08-10 20:27:32.961183,,NOT_FOUND,NA,,BANK_A
TXN001688,2026-08-20 13:32:04.591719,2026-08-20 13:37:06.351467,SETTLED,00,250.0,BANK_B
TXN001689,2026-08-22 22:17:47.502510,2026-08-22 22:23:31.109323,SETTLED,00,750.0,BANK_A
TXN001690,2026-08-06 09:22:00.039630,2026-08-06 09:31:05.431671,SETTLED,00,1500.0,BANK_D
TXN001691,2026-08-17 20:46:14.396000,2026-08-17 20:57:31.501346,SETTLED,00,1000.0,BANK_C
TXN001693,2026-08-01 02:37:22.910256,2026-08-01 02:40:24.358806,SETTLED,00,1500.0,BANK_C
TXN001694,2026-09-04 19:20:07.781372,2026-09-04 19:24:24.971033,SETTLED,00,2000.0,BANK_C
TXN001695,2026-08-09 03:55:50.722908,2026-08-09 03:59:39.685761,SETTLED,00,500.0,BANK_C
TXN001696,2026-08-23 04:34:40.858778,2026-08-23 04:40:08.063826,SETTLED,00,750.0,BANK_D
TXN001697,2026-08-15 19:51:43.376175,2026-08-15 20:52:13.339142,PROCESSING,PENDING,10000.0,BANK_C
TXN001698,2026-09-03 04:31:11.470367,2026-09-03 04:35:12.860880,SETTLED,00,250.0,BANK_A
TXN001699,2026-08-24 09:48:15.102908,2026-08-24 09:48:50.092652,SETTLED,00,750.0,BANK_A
TXN001700,2026-08-31 03:34:40.773808,,NOT_FOUND,NA,,BANK_A
TXN001701,2026-09-04 02:52:05.884219,2026-09-04 02:59:46.801411,SETTLED,00,250.0,BANK_D
TXN001702,2026-08-17 14:02:52.295729,2026-08-17 14:23:16.466384,PROCESSING,PENDING,500.0,BANK_C
TXN001703,2026-08-28 21:07:47.199764,2026-08-28 21:20:55.332943,PROCESSING,PENDING,2000.0,BANK_C
TXN001705,2026-08-23 04:12:25.682547,2026-08-23 04:21:27.441911,SETTLED,00,500.0,BANK_D
TXN001707,2026-08-22 03:58:56.861948,2026-08-22 04:02:41.779214,SETTLED,00,100.0,BANK_D
TXN001708,2026-08-16 08:59:17.615509,2026-08-16 09:04:01.554651,SETTLED,00,250.0,BANK_B
TXN001710,2026-08-17 19:05:05.996771,2026-08-17 19:12:13.573903,SETTLED,00,5000.0,BANK_A
TXN001711,2026-08-22 02:27:23.156466,2026-08-22 02:58:00.213307,PROCESSING,PENDING,250.0,BANK_B
TXN001712,2026-08-20 21:47:45.102514,2026-08-20 21:58:22.440940,SETTLED,00,500.0,BANK_A
TXN001714,2026-08-28 08:46:26.428125,2026-08-28 08:52:59.034574,SETTLED,00,1000.0,BANK_C
TXN001715,2026-08-14 04:19:21.607409,2026-08-14 04:22:18.644496,SETTLED,00,2500.0,BANK_A
TXN001716,2026-08-05 23:42:03.061037,2026-08-06 00:41:53.895456,PROCESSING,PENDING,2500.0,BANK_D
TXN001717,2026-08-20 08:11:12.533348,2026-08-20 08:18:47.292860,SETTLED,00,1000.0,BANK_A
TXN001718,2026-08-13 01:28:14.684083,2026-08-13 01:33:03.253078,SETTLED,00,250.0,BANK_B
TXN001720,2026-08-14 15:30:36.930468,2026-08-14 16:04:52.744075,PROCESSING,PENDING,1500.0,BANK_C
TXN001721,2026-08-26 10:45:49.316328,2026-08-26 11:12:08.351068,PROCESSING,PENDING,750.0,BANK_A
TXN001722,2026-08-29 02:44:12.157777,2026-08-29 02:53:54.156832,SETTLED,00,750.0,BANK_C
TXN001723,2026-08-06 18:51:06.000000,,NOT_FOUND,NA,,BANK_A
TXN001724,2026-08-18 05:15:44.775619,,NOT_FOUND,NA,,BANK_C
TXN001725,2026-08-07 21:54:51.006130,2026-08-07 22:16:49.294981,PROCESSING,PENDING,250.0,BANK_D
TXN001726,2026-09-01 10:49:13.025483,2026-09-01 10:58:29.806316,SETTLED,00,5000.0,BANK_A
TXN001727,2026-08-04 15:31:31.169020,2026-08-04 15:36:33.568227,SETTLED,00,1500.0,BANK_C
TXN001728,2026-08-24 02:15:27.909373,2026-08-24 02:35:27.909373,PROCESSING,PENDING,100.0,BANK_A
TXN001729,2026-08-13 11:18:50.732339,2026-08-13 11:23:27.051322,SETTLED,00,250.0,BANK_B
TXN001730,2026-08-10 13:47:26.488003,2026-08-10 13:54:20.684694,SETTLED,00,500.0,BANK_D
TXN001731,2026-08-11 13:24:29.854435,2026-08-11 13:34:54.263443,SETTLED,00,100.0,BANK_C
TXN001732,2026-08-22 11:14:55.675544,2026-08-22 11:20:05.085725,SETTLED,00,500.0,BANK_D
TXN001733,2026-08-30 21:20:43.097799,2026-08-30 21:27:44.191326,SETTLED,00,500.0,BANK_B
TXN001734,2026-08-01 08:28:31.113511,2026-08-01 08:36:45.833289,SETTLED,00,500.0,BANK_C
TXN001735,2026-08-18 05:27:09.778606,2026-08-18 05:31:18.168848,SETTLED,00,1000.0,BANK_B
TXN001736,2026-08-19 07:46:56.784406,,NOT_FOUND,NA,,BANK_B
TXN001737,2026-08-06 00:19:49.750971,2026-08-06 00:42:02.156586,PROCESSING,PENDING,2500.0,BANK_A
TXN001738,2026-08-13 21:09:42.428625,2026-08-13 21:21:32.857640,SETTLED,00,2500.0,BANK_C
TXN001739,2026-08-09 18:00:39.351242,2026-08-09 18:07:00.391029,SETTLED,00,100.0,BANK_B
TXN001740,2026-08-27 15:08:11.129938,2026-08-27 15:17:15.932894,SETTLED,00,100.0,BANK_D
TXN001741,2026-08-31 17:03:20.840029,2026-08-31 17:43:10.831559,PROCESSING,PENDING,5000.0,BANK_D
TXN001742,2026-08-18 20:36:29.099398,2026-08-18 21:04:27.086279,PROCESSING,PENDING,250.0,BANK_D
TXN001743,2026-08-17 17:37:56.454785,2026-08-17 17:44:04.922387,SETTLED,00,250.0,BANK_D
TXN001744,2026-09-03 16:14:56.289858,2026-09-03 16:22:50.699669,SETTLED,00,750.0,BANK_D
TXN001745,2026-08-10 19:09:14.874087,2026-08-10 19:16:24.197760,SETTLED,00,2000.0,BANK_B
TXN001746,2026-08-24 16:12:24.840332,2026-08-24 16:17:17.626918,SETTLED,00,2000.0,BANK_C
TXN001747,2026-08-02 16:41:51.708007,2026-08-02 16:47:29.451760,SETTLED,00,2000.0,BANK_B
TXN001748,2026-08-06 15:34:52.034006,2026-08-06 16:11:00.068789,PROCESSING,PENDING,500.0,BANK_A
TXN001749,2026-08-18 03:47:16.398852,2026-08-18 03:54:18.982520,SETTLED,00,10000.0,BANK_B
TXN001750,2026-08-12 20:25:50.674276,2026-08-12 20:50:00.748952,PROCESSING,PENDING,100.0,BANK_A
TXN001751,2026-08-03 19:11:07.291473,2026-08-03 19:15:34.894055,SETTLED,00,1500.0,BANK_D
TXN001752,2026-08-04 19:28:26.575970,2026-08-04 19:33:33.812275,SETTLED,00,2500.0,BANK_D
TXN001753,2026-08-14 14:27:44.571594,2026-08-14 14:56:30.861623,PROCESSING,PENDING,2500.0,BANK_D
TXN001754,2026-08-27 05:51:27.320010,2026-08-27 06:19:29.104404,PROCESSING,PENDING,500.0,BANK_B
TXN001755,2026-08-14 09:38:14.475246,2026-08-14 09:41:55.313466,SETTLED,00,500.0,BANK_A
TXN001756,2026-08-08 07:34:10.592843,2026-08-08 07:39:07.525877,SETTLED,00,2000.0,BANK_A
TXN001757,2026-08-02 16:41:20.036312,2026-08-02 16:47:31.699541,SETTLED,00,100.0,BANK_B
TXN001758,2026-08-27 23:14:49.996443,2026-08-28 00:42:18.386525,PROCESSING,PENDING,250.0,BANK_A
TXN001759,2026-08-25 07:27:12.005869,,NOT_FOUND,NA,,BANK_B
TXN001760,2026-08-10 15:04:01.244056,2026-08-10 15:42:21.246488,PROCESSING,PENDING,250.0,BANK_D
TXN001761,2026-08-25 22:52:49.348221,2026-08-25 22:59:06.940565,SETTLED,00,1500.0,BANK_B
TXN001762,2026-08-02 12:14:29.132751,2026-08-02 12:19:36.893658,SETTLED,00,2000.0,BANK_C
TXN001763,2026-08-17 01:53:52.568347,2026-08-17 01:58:56.481107,SETTLED,00,2000.0,BANK_D
TXN001764,2026-08-21 17:07:15.125672,2026-08-21 17:15:17.608191,SETTLED,00,750.0,BANK_C
TXN001765,2026-08-13 06:06:16.125102,2026-08-13 06:13:17.581903,SETTLED,00,500.0,BANK_A
TXN001766,2026-08-19 02:43:16.508362,2026-08-19 02:48:48.192734,SETTLED,00,1000.0,BANK_B
TXN001767,2026-08-24 16:43:15.124874,2026-08-24 16:47:08.513032,SETTLED,00,500.0,BANK_A
TXN001768,2026-08-04 15:15:37.452725,2026-08-04 15:33:48.557449,PROCESSING,PENDING,1000.0,BANK_D
TXN001769,2026-08-26 23:08:37.130312,2026-08-26 23:24:07.131888,PROCESSING,PENDING,1500.0,BANK_B
TXN001770,2026-08-17 10:44:47.141224,2026-08-17 10:49:52.029291,SETTLED,00,500.0,BANK_A
TXN001771,2026-08-27 18:50:52.874163,2026-08-27 18:56:49.216660,SETTLED,00,500.0,BANK_C
TXN001772,2026-08-13 16:35:22.260524,2026-08-13 17:20:06.886703,PROCESSING,PENDING,25000.0,BANK_D
TXN001773,2026-08-24 05:41:53.777468,2026-08-24 05:43:54.666207,SETTLED,00,100.0,BANK_B
TXN001774,2026-08-27 08:15:18.207603,2026-08-27 08:18:42.221638,SETTLED,00,1000.0,BANK_C
TXN001775,2026-09-01 16:58:58.698232,2026-09-01 17:05:17.594814,SETTLED,00,750.0,BANK_C
TXN001776,2026-08-02 16:02:10.051147,2026-08-02 16:07:34.203309,SETTLED,00,5000.0,BANK_A
TXN001777,2026-08-13 14:38:31.763230,2026-08-13 14:43:03.855407,SETTLED,00,500.0,BANK_C
TXN001778,2026-08-21 23:13:48.245508,2026-08-21 23:19:37.366969,SETTLED,00,250.0,BANK_A
TXN001779,2026-08-17 11:20:45.060504,2026-08-17 11:27:10.982108,SETTLED,00,500.0,BANK_D
TXN001780,2026-08-02 22:44:43.808230,2026-08-02 22:50:18.540624,SETTLED,00,1000.0,BANK_C
TXN001781,2026-08-23 15:29:25.724473,2026-08-23 15:31:25.318524,SETTLED,00,2000.0,BANK_C
TXN001782,2026-08-08 09:48:00.300413,2026-08-08 09:56:33.992381,SETTLED,00,5000.0,BANK_A
TXN001783,2026-09-01 06:31:04.809441,2026-09-01 06:37:19.255803,SETTLED,00,1000.0,BANK_B
TXN001784,2026-08-29 07:46:04.186870,2026-08-29 07:54:50.850452,SETTLED,00,100.0,BANK_A
TXN001785,2026-08-05 17:39:33.881330,2026-08-05 18:09:36.554302,PROCESSING,PENDING,25000.0,BANK_A
TXN001786,2026-08-09 12:15:37.090406,2026-08-09 12:23:03.786374,SETTLED,00,750.0,BANK_A
TXN001787,2026-08-12 07:59:39.531220,2026-08-12 08:04:20.104505,SETTLED,00,250.0,BANK_B
TXN001788,2026-09-02 17:38:57.734454,,NOT_FOUND,NA,,BANK_A
TXN001789,2026-09-01 22:47:51.371163,2026-09-01 22:57:39.111529,SETTLED,00,1000.0,BANK_A
TXN001790,2026-08-22 16:40:31.129504,2026-08-22 16:44:07.809865,SETTLED,00,10000.0,BANK_D
TXN001791,2026-08-29 09:11:44.058954,2026-08-29 09:56:26.895340,PROCESSING,PENDING,2500.0,BANK_D
TXN001792,2026-08-03 21:40:38.393292,2026-08-03 21:47:19.136730,SETTLED,00,2500.0,BANK_A
TXN001793,2026-08-01 02:05:20.927505,2026-08-01 02:38:28.517665,PROCESSING,PENDING,2500.0,BANK_C
TXN001794,2026-08-08 19:24:53.072478,2026-08-08 19:28:31.371778,SETTLED,00,1000.0,BANK_D
TXN001795,2026-09-02 00:04:50.574381,2026-09-02 00:10:46.382329,SETTLED,00,1500.0,BANK_A
TXN001796,2026-08-13 21:40:50.851028,2026-08-13 21:44:00.952963,SETTLED,00,250.0,BANK_A
TXN001797,2026-08-03 08:04:42.108747,2026-08-03 08:10:03.451263,SETTLED,00,10000.0,BANK_A
TXN001798,2026-08-14 21:13:25.279121,2026-08-14 21:20:34.594370,SETTLED,00,100.0,BANK_D
TXN001799,2026-08-08 14:40:37.917406,2026-08-08 15:08:15.012291,PROCESSING,PENDING,100.0,BANK_D
TXN001800,2026-08-21 15:19:41.507570,,NOT_FOUND,NA,,BANK_C
TXN001801,2026-09-03 08:37:54.542144,2026-09-03 08:42:19.509519,SETTLED,00,100.0,BANK_A
TXN001802,2026-08-03 12:09:46.454325,2026-08-03 12:16:39.991830,SETTLED,00,750.0,BANK_B
TXN001803,2026-08-15 10:51:17.625670,2026-08-15 10:57:57.804938,SETTLED,00,250.0,BANK_B
TXN001804,2026-08-22 08:57:57.640809,2026-08-22 09:24:04.030272,PROCESSING,PENDING,2000.0,BANK_B
TXN001805,2026-09-04 06:31:12.000000,2026-09-04 06:42:25.357737,SETTLED,00,100.0,BANK_B
TXN001806,2026-08-02 04:10:50.150648,2026-08-02 04:13:13.818134,SETTLED,00,500.0,BANK_A
TXN001807,2026-08-23 03:45:19.849382,2026-08-23 03:50:40.562567,SETTLED,00,1000.0,BANK_D
TXN001808,2026-08-19 07:12:27.895413,2026-08-19 07:14:15.896498,SETTLED,00,2000.0,BANK_A
TXN001809,2026-08-07 00:32:16.033149,2026-08-07 00:34:55.677723,SETTLED,00,500.0,BANK_B
TXN001810,2026-09-04 22:51:12.000000,2026-09-04 22:59:23.169495,SETTLED,00,250.0,BANK_D
TXN001811,2026-08-21 21:09:43.584248,2026-08-21 21:21:55.924786,SETTLED,00,250.0,BANK_C
TXN001812,2026-08-01 07:35:46.653916,2026-08-01 07:45:59.618358,SETTLED,00,1000.0,BANK_C
TXN001813,2026-08-18 15:47:47.472585,,NOT_FOUND,NA,,BANK_C
TXN001814,2026-08-27 13:50:52.774052,2026-08-27 13:52:57.508585,SETTLED,00,2500.0,BANK_B
TXN001815,2026-08-11 09:48:34.997497,2026-08-11 09:53:52.209932,SETTLED,00,10000.0,BANK_C
TXN001816,2026-09-02 12:31:43.334595,2026-09-02 12:37:26.826905,SETTLED,00,1000.0,BANK_A
TXN001817,2026-08-12 06:50:35.679063,2026-08-12 06:57:38.177273,SETTLED,00,2500.0,BANK_B
TXN001819,2026-08-15 00:42:56.643019,2026-08-15 00:46:44.548644,SETTLED,00,1500.0,BANK_D
TXN001820,2026-08-22 01:33:39.763559,2026-08-22 01:39:21.615547,SETTLED,00,2000.0,BANK_B
TXN001821,2026-08-27 12:31:51.486486,2026-08-27 12:37:03.285883,SETTLED,00,1500.0,BANK_A
TXN001822,2026-08-07 21:18:00.525254,2026-08-07 21:29:07.025792,SETTLED,00,25000.0,BANK_B
TXN001823,2026-08-07 11:59:27.055885,2026-08-07 12:07:07.498099,SETTLED,00,500.0,BANK_C
TXN001824,2026-08-17 18:57:35.603735,2026-08-17 19:20:11.606766,PROCESSING,PENDING,100.0,BANK_C
TXN001825,2026-08-01 12:59:04.676040,2026-08-01 13:02:21.823376,SETTLED,00,10000.0,BANK_B
TXN001826,2026-08-26 04:43:07.969043,2026-08-26 04:50:31.991691,SETTLED,00,250.0,BANK_D
TXN001827,2026-08-22 22:58:33.364207,2026-08-22 23:05:29.759198,SETTLED,00,500.0,BANK_A
TXN001828,2026-08-26 17:45:46.361863,2026-08-26 17:51:32.389244,SETTLED,00,1500.0,BANK_B
TXN001829,2026-09-02 10:30:29.240087,2026-09-02 10:35:27.168318,SETTLED,00,100.0,BANK_A
TXN001830,2026-08-16 02:22:21.213185,2026-08-16 02:24:31.490541,SETTLED,00,250.0,BANK_D
TXN001831,2026-08-13 07:52:30.086612,2026-08-13 08:05:24.623830,SETTLED,00,1000.0,BANK_B
TXN001832,2026-08-23 11:04:44.471816,2026-08-23 11:10:58.707528,SETTLED,00,100.0,BANK_A
TXN001833,2026-08-15 02:45:04.645778,2026-08-15 02:52:13.027481,SETTLED,00,5000.0,BANK_C
TXN001834,2026-08-08 11:47:43.601399,2026-08-08 11:56:27.908804,SETTLED,00,500.0,BANK_A
TXN001835,2026-09-03 15:08:15.345190,2026-09-03 15:13:19.543684,SETTLED,00,1500.0,BANK_B
TXN001836,2026-08-17 21:49:54.076215,2026-08-17 21:55:08.362147,SETTLED,00,10000.0,BANK_A
TXN001837,2026-08-08 11:12:22.673149,2026-08-08 11:22:52.346284,SETTLED,00,2000.0,BANK_B
TXN001838,2026-09-03 21:45:04.374416,2026-09-03 21:51:22.682010,SETTLED,00,500.0,BANK_D
TXN001839,2026-08-27 03:33:56.649875,2026-08-27 03:40:13.217036,SETTLED,00,2000.0,BANK_C
TXN001840,2026-08-13 05:25:43.304025,2026-08-13 05:30:57.718705,SETTLED,00,750.0,BANK_C
TXN001841,2026-08-17 07:26:29.223213,2026-08-17 07:34:13.370167,SETTLED,00,750.0,BANK_C
TXN001842,2026-08-13 13:17:14.607053,,NOT_FOUND,NA,,BANK_A
TXN001843,2026-08-12 05:30:33.214346,2026-08-12 05:33:17.858613,SETTLED,00,100.0,BANK_B
TXN001844,2026-08-28 22:11:10.399408,2026-08-28 22:37:56.490748,PROCESSING,PENDING,10000.0,BANK_D
TXN001845,2026-08-27 20:55:43.011761,2026-08-27 21:09:05.380474,PROCESSING,PENDING,1000.0,BANK_C
TXN001846,2026-08-06 14:09:38.554099,2026-08-06 14:15:36.990530,SETTLED,00,1000.0,BANK_D
TXN001847,2026-08-18 20:04:37.450384,2026-08-18 20:42:38.172230,PROCESSING,PENDING,250.0,BANK_B
TXN001848,2026-08-23 14:57:01.226416,2026-08-23 15:05:59.146683,SETTLED,00,1500.0,BANK_D
TXN001849,2026-08-22 08:13:31.623888,2026-08-22 08:18:33.629128,SETTLED,00,250.0,BANK_A
TXN001850,2026-09-02 23:46:22.797474,2026-09-02 23:54:53.138533,SETTLED,00,2500.0,BANK_D
TXN001851,2026-08-26 00:06:21.692678,2026-08-26 00:09:04.207302,SETTLED,00,250.0,BANK_B
TXN001852,2026-08-05 18:35:59.799079,2026-08-05 18:42:36.881206,SETTLED,00,250.0,BANK_A
TXN001853,2026-08-04 22:11:30.745135,2026-08-04 22:18:01.128894,SETTLED,00,100.0,BANK_B
TXN001854,2026-08-22 11:05:22.538947,2026-08-22 11:11:48.091486,SETTLED,00,500.0,BANK_A
TXN001855,2026-08-21 14:36:23.577135,2026-08-21 14:47:53.081048,SETTLED,00,1000.0,BANK_D
TXN001856,2026-08-12 17:38:12.401792,2026-08-12 18:07:33.809861,PROCESSING,PENDING,250.0,BANK_A
TXN001857,2026-08-29 23:46:20.199259,2026-08-29 23:50:03.308330,SETTLED,00,500.0,BANK_C
TXN001858,2026-08-02 22:58:28.855435,2026-08-02 23:03:14.036860,SETTLED,00,100.0,BANK_D
TXN001859,2026-08-10 21:33:43.545248,2026-08-10 21:41:56.628547,SETTLED,00,1000.0,BANK_D
TXN001860,2026-08-04 10:06:31.357697,2026-08-04 10:13:16.296517,SETTLED,00,2000.0,BANK_C
TXN001861,2026-08-16 05:04:31.079028,2026-08-16 05:40:55.037683,PROCESSING,PENDING,2500.0,BANK_D
TXN001862,2026-08-16 13:19:03.776779,2026-08-16 13:23:07.248963,SETTLED,00,250.0,BANK_D
TXN001863,2026-08-16 19:51:20.149990,,NOT_FOUND,NA,,BANK_C
TXN001864,2026-08-24 17:17:17.055654,2026-08-24 17:25:28.779495,SETTLED,00,250.0,BANK_C
TXN001865,2026-08-16 15:37:21.749581,2026-08-16 15:50:00.377584,SETTLED,00,1000.0,BANK_C
TXN001866,2026-08-31 00:18:19.952936,2026-08-31 00:21:37.960033,SETTLED,00,750.0,BANK_B
TXN001867,2026-08-13 02:17:12.321612,2026-08-13 02:25:45.589583,SETTLED,00,500.0,BANK_B
TXN001868,2026-08-23 21:21:22.889802,,NOT_FOUND,NA,,BANK_A
TXN001869,2026-08-08 21:30:23.998786,2026-08-08 21:39:11.180760,SETTLED,00,1500.0,BANK_A
TXN001870,2026-08-07 08:57:43.727963,2026-08-07 09:04:44.713331,SETTLED,00,500.0,BANK_D
TXN001871,2026-08-17 00:12:55.513288,2026-08-17 00:19:37.231471,SETTLED,00,25000.0,BANK_A
TXN001872,2026-08-08 00:09:04.134805,2026-08-08 01:13:52.709930,PROCESSING,PENDING,1500.0,BANK_B
TXN001873,2026-08-12 02:40:20.142965,2026-08-12 02:42:20.576897,SETTLED,00,1500.0,BANK_C
TXN001874,2026-08-02 09:46:32.092074,2026-08-02 09:52:38.045504,SETTLED,00,500.0,BANK_B
TXN001875,2026-09-03 17:44:54.882067,2026-09-03 17:51:55.497479,SETTLED,00,500.0,BANK_A
TXN001876,2026-08-08 07:15:14.084848,2026-08-08 07:19:43.080393,SETTLED,00,250.0,BANK_B
TXN001877,2026-08-15 23:38:14.536633,2026-08-15 23:42:33.789693,SETTLED,00,750.0,BANK_B
TXN001878,2026-08-23 14:00:01.801299,2026-08-23 14:02:43.669734,SETTLED,00,250.0,BANK_B
TXN001879,2026-08-14 06:28:50.497131,2026-08-14 06:31:39.272527,SETTLED,00,750.0,BANK_C
TXN001880,2026-09-03 12:55:35.600576,2026-09-03 13:08:35.152978,SETTLED,00,750.0,BANK_A
TXN001881,2026-08-14 13:46:12.000000,2026-08-14 13:49:49.449693,SETTLED,00,2500.0,BANK_C
TXN001882,2026-08-03 09:01:56.350877,2026-08-03 09:07:04.876472,SETTLED,00,750.0,BANK_D
TXN001883,2026-08-16 04:07:02.368102,,NOT_FOUND,NA,,BANK_C
TXN001884,2026-08-26 01:49:32.427440,2026-08-26 01:56:05.546705,SETTLED,00,1000.0,BANK_C
TXN001885,2026-08-07 05:38:37.055824,2026-08-07 05:43:23.592197,SETTLED,00,2500.0,BANK_A
TXN001886,2026-08-23 16:42:06.586854,2026-08-23 16:52:25.341795,SETTLED,00,2000.0,BANK_A
TXN001887,2026-08-19 14:59:06.091190,2026-08-19 15:06:13.478501,SETTLED,00,750.0,BANK_B
TXN001888,2026-08-29 04:44:56.895371,2026-08-29 04:58:56.304666,PROCESSING,PENDING,250.0,BANK_B
TXN001889,2026-08-14 06:59:56.578227,2026-08-14 07:30:26.187030,PROCESSING,PENDING,750.0,BANK_D
TXN001890,2026-08-26 14:35:28.675192,2026-08-26 15:09:13.362785,PROCESSING,PENDING,2000.0,BANK_D
TXN001891,2026-08-07 02:12:54.431074,2026-08-07 02:18:39.055919,SETTLED,00,250.0,BANK_B
TXN001892,2026-08-28 22:03:50.253152,2026-08-28 22:08:58.087181,SETTLED,00,100.0,BANK_D
TXN001893,2026-08-08 21:56:29.038088,2026-08-08 22:06:06.067548,SETTLED,00,100.0,BANK_B
TXN001894,2026-08-09 03:04:05.459461,2026-08-09 03:13:00.963106,SETTLED,00,2000.0,BANK_C
TXN001895,2026-08-15 02:21:53.697934,2026-08-15 02:27:37.787919,SETTLED,00,5000.0,BANK_B
TXN001896,2026-08-27 19:09:29.331792,2026-08-27 19:14:10.983368,SETTLED,00,2000.0,BANK_D
TXN001897,2026-09-02 10:56:32.890315,2026-09-02 11:14:38.449673,PROCESSING,PENDING,100.0,BANK_B
TXN001898,2026-08-01 01:59:50.676585,2026-08-01 02:06:05.690246,SETTLED,00,250.0,BANK_D
TXN001899,2026-08-12 00:29:40.274371,2026-08-12 00:40:17.579030,SETTLED,00,250.0,BANK_B
TXN001900,2026-08-04 13:07:51.975730,2026-08-04 13:17:40.608104,SETTLED,00,100.0,BANK_B
TXN001901,2026-08-19 23:19:11.834871,2026-08-19 23:24:11.175074,SETTLED,00,2500.0,BANK_D
TXN001902,2026-08-20 12:56:09.356427,2026-08-20 13:08:22.252244,SETTLED,00,1500.0,BANK_C
TXN001903,2026-08-22 23:47:05.983983,2026-08-22 23:51:11.202990,SETTLED,00,2500.0,BANK_C
TXN001904,2026-08-04 09:54:18.466616,2026-08-04 10:02:50.851646,SETTLED,00,1000.0,BANK_B
TXN001905,2026-08-03 18:50:33.242280,2026-08-03 18:56:17.107242,SETTLED,00,750.0,BANK_B
TXN001906,2026-08-07 05:08:14.656220,,NOT_FOUND,NA,,BANK_B
TXN001907,2026-08-29 07:36:59.445504,2026-08-29 07:44:23.352180,SETTLED,00,750.0,BANK_A
TXN001908,2026-09-03 13:39:40.115179,2026-09-03 14:02:42.478357,PROCESSING,PENDING,250.0,BANK_A
TXN001909,2026-08-04 05:39:13.151108,2026-08-04 05:45:42.178136,SETTLED,00,250.0,BANK_D
TXN001910,2026-08-11 21:57:10.794875,2026-08-11 22:06:55.297249,SETTLED,00,250.0,BANK_C
TXN001912,2026-08-25 04:10:49.808596,2026-08-25 04:16:32.365023,SETTLED,00,250.0,BANK_A
TXN001913,2026-08-24 22:29:42.075698,2026-08-24 22:36:35.443555,SETTLED,00,250.0,BANK_C
TXN001914,2026-08-20 01:06:45.665371,2026-08-20 01:11:11.295713,SETTLED,00,750.0,BANK_D
TXN001915,2026-08-23 19:55:42.044210,2026-08-23 19:59:45.474738,SETTLED,00,250.0,BANK_D
TXN001916,2026-08-13 00:53:33.841040,2026-08-13 01:03:41.114073,SETTLED,00,2000.0,BANK_B
TXN001917,2026-08-06 07:03:39.971765,2026-08-06 07:37:16.926884,PROCESSING,PENDING,2000.0,BANK_B
TXN001918,2026-08-02 13:15:19.584038,2026-08-02 13:25:08.897763,SETTLED,00,750.0,BANK_B
TXN001919,2026-08-04 09:15:19.688654,2026-08-04 09:40:24.504891,PROCESSING,PENDING,100.0,BANK_C
TXN001920,2026-09-04 02:01:24.315635,2026-09-04 02:04:39.164684,SETTLED,00,500.0,BANK_B
TXN001921,2026-08-21 11:16:27.110011,2026-08-21 11:22:36.297999,SETTLED,00,250.0,BANK_A
TXN001922,2026-08-21 13:59:21.556489,2026-08-21 14:06:51.961189,SETTLED,00,2000.0,BANK_A
TXN001923,2026-08-02 05:17:33.423950,2026-08-02 05:24:13.177486,SETTLED,00,100.0,BANK_D
TXN001924,2026-08-31 09:11:30.825619,2026-08-31 09:12:29.074783,SETTLED,00,100.0,BANK_D
TXN001925,2026-08-25 03:55:07.595707,,NOT_FOUND,NA,,BANK_A
TXN001926,2026-09-03 16:45:58.830724,2026-09-03 16:53:17.608303,SETTLED,00,750.0,BANK_B
TXN001927,2026-08-13 13:02:14.215189,2026-08-13 13:06:08.586365,SETTLED,00,500.0,BANK_B
TXN001928,2026-08-10 00:00:05.483285,2026-08-10 00:06:27.218031,SETTLED,00,500.0,BANK_A
TXN001930,2026-08-20 23:57:52.795430,2026-08-21 00:09:27.930755,SETTLED,00,10000.0,BANK_B
TXN001931,2026-09-04 05:47:06.000000,,NOT_FOUND,NA,,BANK_A
TXN001932,2026-08-16 14:11:53.755141,2026-08-16 14:15:14.016139,SETTLED,00,100.0,BANK_B
TXN001933,2026-08-21 03:16:47.289841,2026-08-21 03:23:38.584014,SETTLED,00,750.0,BANK_A
TXN001934,2026-08-23 05:13:13.704585,2026-08-23 05:20:52.722041,SETTLED,00,500.0,BANK_C
TXN001935,2026-08-15 15:00:37.441081,2026-08-15 15:07:42.056143,SETTLED,00,250.0,BANK_B
TXN001936,2026-08-15 06:40:44.419577,2026-08-15 06:52:42.866429,PROCESSING,PENDING,750.0,BANK_C
TXN001937,2026-08-08 05:37:29.176023,2026-08-08 05:44:56.851853,SETTLED,00,1000.0,BANK_A
TXN001938,2026-08-29 17:22:14.256664,2026-08-29 17:26:03.783117,SETTLED,00,10000.0,BANK_B
TXN001939,2026-08-03 10:03:50.768333,2026-08-03 10:10:09.609464,SETTLED,00,100.0,BANK_A
TXN001940,2026-09-03 12:47:29.825945,2026-09-03 12:50:47.463442,SETTLED,00,250.0,BANK_B
TXN001941,2026-08-30 06:53:38.059852,,NOT_FOUND,NA,,BANK_D
TXN001942,2026-08-21 02:58:30.002239,2026-08-21 03:04:52.451709,SETTLED,00,1000.0,BANK_A
TXN001943,2026-08-13 16:05:16.602844,2026-08-13 16:14:03.109218,SETTLED,00,100.0,BANK_A
TXN001944,2026-08-14 04:54:00.570815,2026-08-14 05:02:29.198379,SETTLED,00,1000.0,BANK_B
TXN001945,2026-09-04 14:44:02.944159,2026-09-04 14:53:51.355348,SETTLED,00,250.0,BANK_C
TXN001946,2026-08-24 10:56:34.722568,2026-08-24 11:04:10.162302,SETTLED,00,5000.0,BANK_B
TXN001947,2026-08-16 23:10:49.493284,2026-08-16 23:42:23.794276,PROCESSING,PENDING,500.0,BANK_D
TXN001948,2026-08-10 22:36:36.107584,2026-08-10 22:42:18.600206,SETTLED,00,750.0,BANK_B
TXN001949,2026-08-19 14:57:23.390067,,NOT_FOUND,NA,,BANK_D
TXN001950,2026-08-29 07:51:25.956954,2026-08-29 07:57:04.570518,SETTLED,00,1000.0,BANK_B
TXN001951,2026-08-11 17:05:54.851696,2026-08-11 17:07:09.996682,SETTLED,00,5000.0,BANK_B
TXN001952,2026-08-26 18:51:57.796010,2026-08-26 18:58:09.432501,SETTLED,00,500.0,BANK_B
TXN001953,2026-08-23 13:54:47.177837,2026-08-23 14:03:45.097313,SETTLED,00,1500.0,BANK_D
TXN001954,2026-08-03 08:23:43.031628,2026-08-03 08:32:07.227943,SETTLED,00,250.0,BANK_B
TXN001955,2026-08-29 05:35:52.086385,2026-08-29 05:45:36.338822,SETTLED,00,100.0,BANK_C
TXN001956,2026-08-28 21:46:52.807886,2026-08-28 21:54:40.914346,SETTLED,00,1500.0,BANK_D
TXN001957,2026-08-22 01:27:23.981278,2026-08-22 01:31:06.386983,SETTLED,00,2500.0,BANK_D
TXN001958,2026-08-29 07:44:47.209947,,NOT_FOUND,NA,,BANK_C
TXN001959,2026-08-29 04:14:48.856960,2026-08-29 04:20:24.292074,SETTLED,00,1000.0,BANK_C
TXN001960,2026-08-07 08:43:33.660506,2026-08-07 08:50:58.234427,SETTLED,00,250.0,BANK_C
TXN001961,2026-08-29 07:45:48.243512,2026-08-29 07:53:45.605635,SETTLED,00,500.0,BANK_A
TXN001962,2026-08-09 07:58:26.721710,2026-08-09 08:10:50.650978,SETTLED,00,5000.0,BANK_A
TXN001963,2026-08-11 02:12:39.791917,,NOT_FOUND,NA,,BANK_A
TXN001964,2026-08-11 04:17:58.639307,2026-08-11 04:21:06.850887,SETTLED,00,1000.0,BANK_C
TXN001965,2026-08-11 21:56:32.005734,2026-08-11 21:59:17.639802,SETTLED,00,750.0,BANK_D
TXN001966,2026-08-18 09:08:00.270398,2026-08-18 09:12:15.519353,SETTLED,00,2000.0,BANK_A
TXN001967,2026-08-07 13:41:39.808279,,NOT_FOUND,NA,,BANK_D
TXN001968,2026-09-02 01:25:34.425645,2026-09-02 01:30:22.878949,SETTLED,00,2500.0,BANK_B
TXN001969,2026-08-03 07:38:52.892463,2026-08-03 07:44:54.290734,SETTLED,00,100.0,BANK_D
TXN001970,2026-08-03 07:27:22.328526,2026-08-03 07:37:00.980758,SETTLED,00,5000.0,BANK_C
TXN001971,2026-09-04 11:45:36.630102,2026-09-04 11:52:30.384629,SETTLED,00,1500.0,BANK_B
TXN001972,2026-08-23 09:01:38.322323,,NOT_FOUND,NA,,BANK_A
TXN001973,2026-08-30 08:28:02.587564,2026-08-30 08:58:16.115641,PROCESSING,PENDING,1500.0,BANK_B
TXN001974,2026-08-16 17:40:50.798300,2026-08-16 17:46:22.216674,SETTLED,00,250.0,BANK_B
TXN001975,2026-08-09 21:27:01.823121,2026-08-09 21:34:09.529275,SETTLED,00,250.0,BANK_B
TXN001976,2026-08-06 05:22:45.644910,,NOT_FOUND,NA,,BANK_A
TXN001977,2026-08-09 13:36:59.254064,2026-08-09 13:46:34.189901,SETTLED,00,100.0,BANK_C
TXN001978,2026-08-12 01:07:47.008123,2026-08-12 01:10:22.155663,SETTLED,00,500.0,BANK_A
TXN001979,2026-08-15 07:04:26.116894,2026-08-15 07:06:31.384065,SETTLED,00,1500.0,BANK_A
TXN001980,2026-08-15 09:04:45.366250,,NOT_FOUND,NA,,BANK_B
TXN001981,2026-08-21 06:17:08.890424,2026-08-21 06:22:48.973238,SETTLED,00,250.0,BANK_A
TXN001982,2026-08-25 14:57:51.892481,2026-08-25 15:05:15.847774,SETTLED,00,10000.0,BANK_C
TXN001983,2026-08-11 06:31:34.152914,2026-08-11 06:55:21.586214,PROCESSING,PENDING,750.0,BANK_A
TXN001984,2026-09-03 07:46:35.825484,2026-09-03 07:53:20.311101,SETTLED,00,100.0,BANK_D
TXN001985,2026-08-10 22:54:09.659402,2026-08-10 23:25:15.368297,PROCESSING,PENDING,2000.0,BANK_B
TXN001986,2026-08-02 15:07:47.390936,2026-08-02 15:18:33.766028,SETTLED,00,500.0,BANK_D
TXN001987,2026-08-20 16:56:45.006157,2026-08-20 17:00:14.196582,SETTLED,00,750.0,BANK_D
TXN001988,2026-09-01 21:37:06.210267,2026-09-01 21:39:50.619029,SETTLED,00,1000.0,BANK_D
TXN001989,2026-08-05 06:05:23.516277,2026-08-05 06:10:44.433849,SETTLED,00,10000.0,BANK_B
TXN001990,2026-08-10 09:21:20.723790,2026-08-10 09:29:28.847290,SETTLED,00,250.0,BANK_B
TXN001991,2026-08-17 18:26:45.388671,2026-08-17 18:32:37.708236,SETTLED,00,1500.0,BANK_C
TXN001992,2026-08-01 11:58:46.373084,2026-08-01 12:04:34.450748,SETTLED,00,100.0,BANK_A
TXN001993,2026-08-16 10:16:28.495439,,NOT_FOUND,NA,,BANK_B
TXN001994,2026-08-22 04:38:57.221682,2026-08-22 04:43:10.640562,SETTLED,00,500.0,BANK_D
TXN001995,2026-08-26 08:33:04.741839,2026-08-26 08:38:39.653237,SETTLED,00,500.0,BANK_D
TXN001996,2026-08-11 17:02:33.824534,2026-08-11 17:11:06.233464,SETTLED,00,2000.0,BANK_A
TXN001997,2026-08-25 12:21:55.965480,2026-08-25 12:30:28.328819,SETTLED,00,5000.0,BANK_A
TXN001998,2026-08-11 09:22:29.677743,2026-08-11 09:22:59.677743,SETTLED,00,2000.0,BANK_D
TXN001999,2026-08-08 18:10:53.454354,2026-08-08 18:13:57.096353,SETTLED,00,500.0,BANK_C
TXN002000,2026-08-30 20:33:07.646462,2026-08-30 20:52:41.211329,PROCESSING,PENDING,500.0,BANK_B
TXN002001,2026-08-20 22:42:08.499894,2026-08-20 22:48:00.952370,SETTLED,00,2000.0,BANK_C
TXN002002,2026-08-08 17:26:13.729645,2026-08-08 17:29:33.005553,SETTLED,00,250.0,BANK_B
TXN002003,2026-08-16 17:19:29.995786,2026-08-16 17:27:20.902919,SETTLED,00,500.0,BANK_A
TXN002004,2026-08-16 07:30:12.000000,2026-08-16 07:37:34.972443,SETTLED,00,250.0,BANK_A
TXN002005,2026-08-01 01:08:31.889077,2026-08-01 01:17:54.448571,SETTLED,00,1500.0,BANK_C
TXN002006,2026-08-28 07:56:54.151978,2026-08-28 08:29:33.653545,PROCESSING,PENDING,1000.0,BANK_A
TXN002007,2026-09-03 19:16:18.821846,2026-09-03 19:18:56.130221,SETTLED,00,500.0,BANK_C
TXN002008,2026-08-12 14:39:12.065927,2026-08-12 15:10:48.184856,PROCESSING,PENDING,100.0,BANK_A
TXN002009,2026-08-12 20:35:38.215873,2026-08-12 21:16:53.741988,PROCESSING,PENDING,250.0,BANK_A
TXN002010,2026-08-08 19:49:53.490025,2026-08-08 19:58:07.944239,SETTLED,00,1000.0,BANK_C
TXN002011,2026-08-04 04:07:11.516533,2026-08-04 04:11:37.193703,SETTLED,00,1000.0,BANK_B
TXN002012,2026-08-09 18:01:35.361940,2026-08-09 18:08:04.217984,SETTLED,00,500.0,BANK_B
TXN002014,2026-08-01 04:51:47.459864,2026-08-01 04:52:47.954272,SETTLED,00,1500.0,BANK_A
TXN002015,2026-08-18 11:12:49.222601,2026-08-18 11:16:50.360334,SETTLED,00,1000.0,BANK_D
TXN002016,2026-08-18 10:18:10.868567,2026-08-18 10:22:53.786090,SETTLED,00,100.0,BANK_C
TXN002017,2026-08-01 18:41:24.921569,2026-08-01 18:41:54.921569,SETTLED,00,250.0,BANK_C
TXN002018,2026-08-30 08:01:59.584419,2026-08-30 08:10:59.754761,SETTLED,00,1500.0,BANK_B
TXN002019,2026-08-21 08:09:41.113516,2026-08-21 08:28:11.878246,PROCESSING,PENDING,500.0,BANK_B
TXN002020,2026-08-29 19:37:04.743571,2026-08-29 20:09:52.582085,PROCESSING,PENDING,2500.0,BANK_C
TXN002021,2026-08-04 08:06:13.112508,2026-08-04 08:14:39.727083,SETTLED,00,2500.0,BANK_C
TXN002022,2026-08-05 18:36:44.613152,2026-08-05 18:44:29.782907,SETTLED,00,2000.0,BANK_A
TXN002023,2026-08-08 08:28:32.857326,2026-08-08 08:33:02.107243,SETTLED,00,750.0,BANK_B
TXN002024,2026-08-23 20:30:07.308308,2026-08-23 20:38:00.101044,SETTLED,00,2000.0,BANK_C
TXN002025,2026-08-21 13:16:02.151179,2026-08-21 13:20:36.044776,SETTLED,00,2000.0,BANK_C
TXN002027,2026-08-12 06:48:45.115818,2026-08-12 06:59:43.106279,SETTLED,00,2000.0,BANK_C
TXN002028,2026-08-27 18:37:37.964221,2026-08-27 18:51:39.657548,PROCESSING,PENDING,1000.0,BANK_D
TXN002029,2026-08-21 06:52:51.434783,2026-08-21 06:57:22.146145,SETTLED,00,100.0,BANK_B
TXN002030,2026-09-03 09:51:00.029145,2026-09-03 09:57:56.352952,SETTLED,00,100.0,BANK_D
TXN002031,2026-08-28 05:01:33.144125,2026-08-28 05:25:10.086918,PROCESSING,PENDING,1000.0,BANK_C
TXN002032,2026-08-14 16:02:04.621946,2026-08-14 16:07:37.059453,SETTLED,00,250.0,BANK_C
TXN002033,2026-08-23 17:22:05.564537,2026-08-23 17:26:25.394949,SETTLED,00,500.0,BANK_D
TXN002034,2026-08-03 16:26:01.202223,2026-08-03 16:31:44.882274,SETTLED,00,1500.0,BANK_C
TXN002035,2026-08-17 00:39:05.674960,2026-08-17 00:41:22.131972,SETTLED,00,750.0,BANK_C
TXN002036,2026-08-05 18:43:12.000000,2026-08-05 18:49:44.151228,SETTLED,00,100.0,BANK_B
TXN002037,2026-08-14 23:32:43.729177,2026-08-14 23:40:31.137345,SETTLED,00,2500.0,BANK_A
TXN002038,2026-08-06 18:45:26.547166,2026-08-06 18:53:27.750768,SETTLED,00,1000.0,BANK_C
TXN002039,2026-08-18 16:41:51.396490,2026-08-18 16:45:30.196727,SETTLED,00,250.0,BANK_D
TXN002040,2026-08-01 04:57:47.088834,2026-08-01 05:09:19.804885,SETTLED,00,5000.0,BANK_B
TXN002041,2026-08-28 10:44:39.812988,,NOT_FOUND,NA,,BANK_B
TXN002042,2026-08-14 20:00:18.364008,2026-08-14 20:08:04.794165,SETTLED,00,2500.0,BANK_A
TXN002043,2026-08-02 07:38:21.598726,2026-08-02 08:04:58.157773,PROCESSING,PENDING,1500.0,BANK_C
TXN002044,2026-09-03 16:35:46.835999,2026-09-03 16:49:06.008277,SETTLED,00,1000.0,BANK_C
TXN002045,2026-08-22 03:22:04.229044,2026-08-22 03:26:36.458645,SETTLED,00,10000.0,BANK_B
TXN002046,2026-08-02 07:14:43.662083,2026-08-02 07:20:27.536483,SETTLED,00,2500.0,BANK_C
TXN002047,2026-08-11 21:15:12.556548,2026-08-11 21:23:09.240442,SETTLED,00,500.0,BANK_A
TXN002048,2026-08-30 19:45:04.083803,2026-08-30 19:50:18.102800,SETTLED,00,750.0,BANK_A
TXN002049,2026-08-07 06:05:33.239409,2026-08-07 06:34:05.979657,PROCESSING,PENDING,1000.0,BANK_D
TXN002050,2026-08-31 07:37:18.626100,2026-08-31 07:44:50.063952,SETTLED,00,2000.0,BANK_B
TXN002051,2026-09-01 18:25:41.920047,2026-09-01 18:47:40.565357,PROCESSING,PENDING,1000.0,BANK_A
TXN002052,2026-08-18 03:19:04.204705,2026-08-18 03:25:26.600007,SETTLED,00,500.0,BANK_C
TXN002053,2026-08-30 08:28:08.749526,2026-08-30 09:16:37.868681,PROCESSING,PENDING,100.0,BANK_A
TXN002054,2026-08-10 18:34:26.512668,2026-08-10 18:35:07.135822,SETTLED,00,2000.0,BANK_A
TXN002055,2026-08-24 13:26:06.037027,2026-08-24 13:34:11.204845,SETTLED,00,500.0,BANK_A
TXN002056,2026-09-02 19:00:34.918822,2026-09-02 19:02:58.164643,SETTLED,00,750.0,BANK_B
TXN002057,2026-08-11 19:29:42.588710,2026-08-11 19:36:27.601576,SETTLED,00,250.0,BANK_A
TXN002058,2026-08-05 02:44:59.246985,2026-08-05 02:56:25.111240,SETTLED,00,250.0,BANK_D
TXN002059,2026-08-04 00:51:54.501981,2026-08-04 00:59:46.443157,SETTLED,00,250.0,BANK_A
TXN002060,2026-08-29 19:35:52.559197,2026-08-29 19:42:24.677299,SETTLED,00,250.0,BANK_B
TXN002061,2026-08-05 11:18:26.129176,2026-08-05 11:36:39.644289,PROCESSING,PENDING,1500.0,BANK_A
TXN002062,2026-08-13 20:19:17.823152,2026-08-13 20:28:01.422285,SETTLED,00,500.0,BANK_C
TXN002063,2026-08-05 09:14:25.888994,2026-08-05 09:19:24.303032,SETTLED,00,750.0,BANK_C
TXN002064,2026-08-19 17:42:04.801968,2026-08-19 17:46:43.762856,SETTLED,00,2500.0,BANK_A
TXN002065,2026-08-01 16:52:46.855107,2026-08-01 17:03:42.630796,SETTLED,00,25000.0,BANK_A
TXN002066,2026-08-14 18:47:45.529017,2026-08-14 18:53:11.203591,SETTLED,00,100.0,BANK_D
TXN002067,2026-08-21 15:25:49.970450,2026-08-21 15:34:07.749380,SETTLED,00,500.0,BANK_C
TXN002068,2026-09-02 04:54:15.029136,2026-09-02 05:59:09.575175,PROCESSING,PENDING,500.0,BANK_A
TXN002069,2026-08-25 13:16:23.794592,2026-08-25 14:02:27.759567,PROCESSING,PENDING,1000.0,BANK_D
TXN002070,2026-08-14 02:30:28.306608,2026-08-14 03:03:49.676896,PROCESSING,PENDING,500.0,BANK_C
TXN002071,2026-08-02 15:45:13.973556,,NOT_FOUND,NA,,BANK_B
TXN002072,2026-08-09 15:24:38.532533,2026-08-09 15:56:58.153832,PROCESSING,PENDING,10000.0,BANK_A
TXN002073,2026-08-06 09:50:12.960271,2026-08-06 09:54:24.117498,SETTLED,00,750.0,BANK_A
TXN002074,2026-08-27 03:48:32.077719,2026-08-27 03:52:21.350669,SETTLED,00,500.0,BANK_A
TXN002075,2026-09-01 10:26:04.863855,2026-09-01 10:33:55.319284,SETTLED,00,750.0,BANK_C
TXN002076,2026-08-17 14:25:32.712170,,NOT_FOUND,NA,,BANK_B
TXN002077,2026-08-18 07:45:33.551205,2026-08-18 07:48:47.793581,SETTLED,00,1000.0,BANK_D
TXN002078,2026-08-30 23:12:24.416381,2026-08-30 23:17:04.009958,SETTLED,00,750.0,BANK_A
TXN002079,2026-08-20 21:36:23.016875,2026-08-20 21:54:03.196792,PROCESSING,PENDING,1500.0,BANK_B
TXN002080,2026-08-30 15:11:09.408451,2026-08-30 15:11:39.991605,SETTLED,00,1500.0,BANK_A
TXN002081,2026-08-17 18:08:36.928772,2026-08-17 18:15:48.289097,SETTLED,00,250.0,BANK_B
TXN002082,2026-08-28 21:10:01.203826,2026-08-28 21:14:51.977547,SETTLED,00,250.0,BANK_D
TXN002083,2026-08-07 21:02:24.613239,2026-08-07 21:06:02.105615,SETTLED,00,10000.0,BANK_C
TXN002084,2026-08-20 08:13:27.047785,2026-08-20 08:18:48.340686,SETTLED,00,250.0,BANK_C
TXN002085,2026-08-06 22:52:05.481223,2026-08-06 23:21:52.671817,PROCESSING,PENDING,1500.0,BANK_A
TXN002086,2026-08-01 22:00:46.108412,2026-08-01 22:05:58.691697,SETTLED,00,1000.0,BANK_D
TXN002087,2026-08-21 15:05:28.760804,2026-08-21 15:32:58.526966,PROCESSING,PENDING,250.0,BANK_D
TXN002088,2026-08-03 09:27:33.649202,2026-08-03 09:29:26.407690,SETTLED,00,2500.0,BANK_C
TXN002089,2026-08-14 07:23:43.362694,2026-08-14 07:29:41.646507,SETTLED,00,750.0,BANK_B
TXN002090,2026-08-09 15:02:55.966298,2026-08-09 15:13:23.075554,SETTLED,00,1000.0,BANK_A
TXN002091,2026-08-25 01:35:34.232916,2026-08-25 01:43:01.505139,SETTLED,00,750.0,BANK_C
TXN002092,2026-08-23 15:48:03.657353,2026-08-23 15:53:04.330989,SETTLED,00,2000.0,BANK_D
TXN002093,2026-08-10 10:56:32.997422,2026-08-10 11:00:59.921340,SETTLED,00,2500.0,BANK_A
TXN002095,2026-08-20 20:44:25.062858,2026-08-20 20:55:25.013927,SETTLED,00,1000.0,BANK_B
TXN002096,2026-08-25 13:34:25.844148,2026-08-25 13:37:57.804273,SETTLED,00,1500.0,BANK_C
TXN002097,2026-08-05 06:02:23.729801,2026-08-05 06:21:31.132745,PROCESSING,PENDING,750.0,BANK_D
TXN002098,2026-09-03 08:05:20.946158,2026-09-03 08:09:14.847003,SETTLED,00,1000.0,BANK_D
TXN002099,2026-08-04 09:56:07.510044,2026-08-04 10:02:34.824608,SETTLED,00,500.0,BANK_C
TXN002100,2026-08-25 21:19:43.203485,2026-08-25 21:53:30.392917,PROCESSING,PENDING,2500.0,BANK_D
TXN002102,2026-08-29 15:51:22.442844,2026-08-29 15:55:59.257307,SETTLED,00,250.0,BANK_B
TXN002103,2026-08-30 02:21:31.454979,2026-08-30 02:24:06.700646,SETTLED,00,1000.0,BANK_D
TXN002104,2026-08-19 05:14:15.190720,2026-08-19 05:44:01.657123,PROCESSING,PENDING,100.0,BANK_A
TXN002105,2026-08-05 03:46:55.439435,2026-08-05 04:24:23.063786,PROCESSING,PENDING,100.0,BANK_A
TXN002106,2026-08-04 15:24:59.042950,2026-08-04 15:41:47.366773,PROCESSING,PENDING,750.0,BANK_A
TXN002107,2026-08-18 21:39:14.026145,2026-08-18 21:45:05.643237,SETTLED,00,10000.0,BANK_D
TXN002108,2026-08-18 07:19:59.537971,2026-08-18 07:23:51.509905,SETTLED,00,5000.0,BANK_C
TXN002109,2026-08-26 19:36:41.432124,2026-08-26 19:43:22.406475,SETTLED,00,750.0,BANK_C
TXN002110,2026-08-20 23:57:14.490546,2026-08-21 00:02:33.162684,SETTLED,00,1500.0,BANK_B
TXN002111,2026-08-01 21:35:43.495396,2026-08-01 21:42:15.369079,SETTLED,00,25000.0,BANK_D
TXN002112,2026-08-25 11:53:27.611522,2026-08-25 12:20:23.498029,PROCESSING,PENDING,750.0,BANK_A
TXN002113,2026-08-09 07:36:38.548166,,NOT_FOUND,NA,,BANK_B
TXN002114,2026-08-30 23:01:28.776735,2026-08-30 23:07:27.532220,SETTLED,00,1500.0,BANK_A
TXN002115,2026-08-06 16:42:27.319818,2026-08-06 16:45:08.994585,SETTLED,00,500.0,BANK_A
TXN002116,2026-08-26 08:02:30.919448,2026-08-26 08:07:05.417790,SETTLED,00,2500.0,BANK_B
TXN002117,2026-08-23 17:48:01.412473,2026-08-23 17:56:06.627916,SETTLED,00,100.0,BANK_A
TXN002118,2026-08-25 20:39:00.145899,2026-08-25 20:39:45.771256,SETTLED,00,750.0,BANK_D
TXN002119,2026-08-25 21:17:26.966384,2026-08-25 22:08:41.003883,PROCESSING,PENDING,1500.0,BANK_B
TXN002120,2026-08-28 20:51:32.709786,2026-08-28 21:00:57.807612,SETTLED,00,250.0,BANK_A
TXN002121,2026-09-03 03:03:51.397539,2026-09-03 03:12:58.416080,SETTLED,00,2500.0,BANK_B
TXN002123,2026-08-16 16:56:56.888553,2026-08-16 17:04:03.629874,SETTLED,00,500.0,BANK_C
TXN002124,2026-08-06 01:19:41.576446,2026-08-06 01:27:18.874064,PROCESSING,PENDING,2000.0,BANK_A
TXN002125,2026-08-08 20:26:11.247442,2026-08-08 20:37:16.626034,SETTLED,00,100.0,BANK_A
TXN002126,2026-08-03 09:34:59.847949,2026-08-03 09:39:52.041665,SETTLED,00,1500.0,BANK_D
TXN002127,2026-08-30 14:19:17.045746,2026-08-30 14:24:58.167945,SETTLED,00,1500.0,BANK_C
TXN002128,2026-08-15 12:05:38.340119,2026-08-15 12:12:25.675949,SETTLED,00,2000.0,BANK_A
TXN002129,2026-09-03 16:34:04.051575,2026-09-03 16:41:08.559846,SETTLED,00,1500.0,BANK_D
TXN002130,2026-08-05 21:08:55.151778,2026-08-05 21:16:34.369164,SETTLED,00,2000.0,BANK_B
TXN002131,2026-08-12 21:31:18.891552,2026-08-12 21:38:57.622749,SETTLED,00,1500.0,BANK_A
TXN002132,2026-08-26 07:43:15.417851,2026-08-26 07:52:26.666723,SETTLED,00,500.0,BANK_D
TXN002133,2026-08-09 13:07:24.517635,2026-08-09 13:23:34.591821,PROCESSING,PENDING,1000.0,BANK_C
TXN002134,2026-08-28 13:54:21.494030,2026-08-28 14:21:35.502669,PROCESSING,PENDING,100.0,BANK_B
TXN002135,2026-08-24 11:46:05.339603,2026-08-24 11:48:07.260533,SETTLED,00,100.0,BANK_B
TXN002136,2026-08-26 00:37:15.765006,2026-08-26 01:26:17.944669,PROCESSING,PENDING,1000.0,BANK_C
TXN002137,2026-08-24 09:44:13.216621,2026-08-24 09:51:06.210536,SETTLED,00,750.0,BANK_A
TXN002138,2026-08-06 18:23:19.285341,2026-08-06 18:57:42.414868,PROCESSING,PENDING,250.0,BANK_D
TXN002139,2026-08-20 01:41:30.801382,2026-08-20 02:00:33.102802,PROCESSING,PENDING,500.0,BANK_A
TXN002140,2026-08-03 10:20:57.790856,2026-08-03 10:28:25.778473,SETTLED,00,2500.0,BANK_C
TXN002141,2026-08-13 16:06:31.807176,2026-08-13 16:34:15.971241,PROCESSING,PENDING,2000.0,BANK_C
TXN002142,2026-08-13 03:49:14.880878,2026-08-13 03:49:44.880878,SETTLED,00,25000.0,BANK_D
TXN002143,2026-08-31 02:08:22.110157,2026-08-31 02:09:14.731355,SETTLED,00,250.0,BANK_D
TXN002144,2026-08-08 10:38:22.329426,2026-08-08 10:40:18.839198,SETTLED,00,1000.0,BANK_A
TXN002145,2026-08-21 10:12:00.362791,2026-08-21 10:18:11.022596,SETTLED,00,100.0,BANK_A
TXN002146,2026-08-27 00:44:26.475770,2026-08-27 00:48:08.414824,SETTLED,00,250.0,BANK_B
TXN002147,2026-08-06 02:43:42.137012,2026-08-06 02:54:42.047469,SETTLED,00,1000.0,BANK_A
TXN002148,2026-08-26 11:10:36.374854,2026-08-26 11:19:56.679241,SETTLED,00,10000.0,BANK_A
TXN002149,2026-08-13 19:48:44.608755,2026-08-13 19:56:04.883723,SETTLED,00,250.0,BANK_D
TXN002150,2026-08-04 02:05:07.896378,2026-08-04 02:14:34.638065,SETTLED,00,500.0,BANK_D
TXN002151,2026-08-31 03:44:36.665866,2026-08-31 03:49:20.133570,SETTLED,00,5000.0,BANK_C
TXN002153,2026-09-03 02:52:17.671148,2026-09-03 02:58:35.606035,SETTLED,00,1000.0,BANK_C
TXN002155,2026-09-02 05:36:00.692489,2026-09-02 06:24:47.365928,PROCESSING,PENDING,2000.0,BANK_D
TXN002156,2026-08-03 20:44:41.239216,2026-08-03 20:50:29.611549,SETTLED,00,750.0,BANK_D
TXN002157,2026-08-06 11:15:45.732476,2026-08-06 11:22:26.889498,SETTLED,00,250.0,BANK_B
TXN002158,2026-08-04 21:25:36.527191,2026-08-04 21:32:18.999774,SETTLED,00,1500.0,BANK_D
TXN002159,2026-08-10 09:57:53.531821,2026-08-10 10:04:48.559879,SETTLED,00,1500.0,BANK_D
TXN002160,2026-09-02 17:41:50.867394,2026-09-02 17:49:52.869509,SETTLED,00,2500.0,BANK_A
TXN002161,2026-08-21 09:12:53.087235,2026-08-21 09:20:12.743655,SETTLED,00,5000.0,BANK_D
TXN002163,2026-08-06 06:21:51.802730,2026-08-06 06:32:02.697935,PROCESSING,PENDING,2000.0,BANK_A
TXN002164,2026-08-10 22:09:58.997165,2026-08-10 22:15:26.404431,SETTLED,00,250.0,BANK_B
TXN002165,2026-08-30 13:46:10.569549,2026-08-30 13:49:05.745293,SETTLED,00,100.0,BANK_B
TXN002166,2026-08-16 13:23:28.104772,2026-08-16 13:31:09.799974,SETTLED,00,750.0,BANK_D
TXN002167,2026-08-04 20:31:53.818786,2026-08-04 20:41:11.673956,SETTLED,00,750.0,BANK_C
TXN002168,2026-08-06 20:17:43.204710,2026-08-06 20:24:47.668892,SETTLED,00,1000.0,BANK_D
TXN002169,2026-09-04 16:01:45.536535,2026-09-04 16:23:17.480331,PROCESSING,PENDING,2500.0,BANK_A
TXN002170,2026-08-28 13:44:57.269671,2026-08-28 13:53:28.162365,SETTLED,00,500.0,BANK_D
TXN002171,2026-08-05 22:53:20.776425,2026-08-05 23:00:41.569644,SETTLED,00,100.0,BANK_A
TXN002172,2026-08-13 18:41:03.013477,2026-08-13 18:45:03.695052,SETTLED,00,1000.0,BANK_B
TXN002173,2026-09-02 15:18:49.393056,2026-09-02 15:26:26.087605,SETTLED,00,100.0,BANK_B
TXN002175,2026-08-22 09:50:52.214708,2026-08-22 09:57:54.389591,SETTLED,00,1000.0,BANK_A
TXN002176,2026-08-12 21:12:29.384230,,NOT_FOUND,NA,,BANK_C
TXN002177,2026-08-06 10:43:43.214506,2026-08-06 10:54:37.378874,SETTLED,00,1000.0,BANK_D
TXN002178,2026-08-27 13:04:01.298755,2026-08-27 13:04:31.298755,SETTLED,00,1000.0,BANK_C
TXN002179,2026-08-28 07:11:54.142107,2026-08-28 07:16:13.069696,SETTLED,00,500.0,BANK_D
TXN002180,2026-08-30 15:28:31.838188,2026-08-30 15:37:57.370467,SETTLED,00,25000.0,BANK_D
TXN002181,2026-08-24 09:42:32.092491,2026-08-24 09:47:25.853497,SETTLED,00,5000.0,BANK_B
TXN002182,2026-09-03 14:15:26.467148,2026-09-03 14:18:04.388301,SETTLED,00,500.0,BANK_A
TXN002183,2026-08-20 00:11:01.451778,2026-08-20 00:19:17.423193,SETTLED,00,500.0,BANK_A
TXN002184,2026-08-30 08:55:04.091985,2026-08-30 08:59:59.052165,SETTLED,00,1500.0,BANK_A
TXN002185,2026-08-28 04:11:37.590740,2026-08-28 04:23:48.025760,SETTLED,00,100.0,BANK_D
TXN002186,2026-08-01 22:37:45.297793,2026-08-01 22:40:27.593378,SETTLED,00,1000.0,BANK_B
TXN002187,2026-08-30 01:22:35.616737,2026-08-30 01:56:30.591125,PROCESSING,PENDING,2500.0,BANK_B
TXN002188,2026-08-07 06:05:37.476478,2026-08-07 06:10:55.783448,SETTLED,00,250.0,BANK_B
TXN002189,2026-08-02 08:42:52.182845,2026-08-02 08:49:50.785201,SETTLED,00,1000.0,BANK_C
TXN002190,2026-09-01 09:47:35.676340,2026-09-01 09:56:10.598100,SETTLED,00,250.0,BANK_B
TXN002191,2026-08-10 04:14:41.393150,2026-08-10 04:32:46.931881,PROCESSING,PENDING,2000.0,BANK_A
TXN002192,2026-09-04 17:32:19.575294,2026-09-04 17:38:46.632537,SETTLED,00,750.0,BANK_A
TXN002193,2026-08-20 20:22:03.181838,2026-08-20 20:32:21.878994,SETTLED,00,2500.0,BANK_A
TXN002194,2026-08-03 06:25:30.452085,2026-08-03 06:37:10.156474,SETTLED,00,25000.0,BANK_A
TXN002195,2026-08-24 16:54:17.230071,2026-08-24 16:57:00.204779,SETTLED,00,5000.0,BANK_B
TXN002196,2026-08-05 08:19:10.462868,2026-08-05 08:25:33.604089,SETTLED,00,1500.0,BANK_C
TXN002197,2026-08-04 18:22:12.771291,2026-08-04 18:31:25.535427,SETTLED,00,250.0,BANK_B
TXN002198,2026-08-09 02:17:00.702113,2026-08-09 02:23:43.481806,SETTLED,00,1500.0,BANK_C
TXN002199,2026-08-29 20:31:07.371853,2026-08-29 20:37:08.661924,SETTLED,00,1500.0,BANK_D
TXN002200,2026-08-12 04:21:49.802528,2026-08-12 04:30:39.820287,SETTLED,00,2000.0,BANK_D
TXN002201,2026-08-12 18:40:27.446009,2026-08-12 18:42:42.138221,SETTLED,00,250.0,BANK_C
TXN002202,2026-08-08 13:11:13.946802,2026-08-08 13:18:29.705918,SETTLED,00,750.0,BANK_D
TXN002203,2026-08-21 20:14:20.248115,2026-08-21 20:24:29.257225,SETTLED,00,250.0,BANK_A
TXN002204,2026-08-01 12:40:26.420210,2026-08-01 12:44:32.895457,SETTLED,00,1000.0,BANK_B
TXN002205,2026-08-09 10:12:00.272013,2026-08-09 10:23:07.175246,PROCESSING,PENDING,1500.0,BANK_C
TXN002206,2026-08-07 13:14:27.907502,2026-08-07 13:51:52.503134,PROCESSING,PENDING,500.0,BANK_C
TXN002207,2026-08-17 04:45:32.969526,2026-08-17 04:52:17.306941,SETTLED,00,100.0,BANK_D
TXN002208,2026-09-04 04:33:19.175434,2026-09-04 04:42:25.128671,SETTLED,00,1000.0,BANK_D
TXN002209,2026-08-19 02:34:07.761666,2026-08-19 02:36:31.260600,SETTLED,00,2000.0,BANK_D
TXN002210,2026-08-04 03:10:27.507816,2026-08-04 03:17:05.072744,SETTLED,00,750.0,BANK_B
TXN002211,2026-08-22 15:25:45.164956,2026-08-22 15:30:54.427290,SETTLED,00,1000.0,BANK_B
TXN002212,2026-09-04 13:51:45.113877,2026-09-04 14:00:29.915720,SETTLED,00,2000.0,BANK_C
TXN002213,2026-08-18 14:13:29.020116,,NOT_FOUND,NA,,BANK_B
TXN002214,2026-08-31 20:45:12.000000,2026-08-31 20:51:54.064785,SETTLED,00,250.0,BANK_D
TXN002215,2026-08-13 15:49:07.760275,2026-08-13 16:29:21.070975,PROCESSING,PENDING,1500.0,BANK_B
TXN002216,2026-08-21 23:20:33.674052,2026-08-21 23:28:10.809867,SETTLED,00,5000.0,BANK_C
TXN002217,2026-08-24 09:42:06.824857,2026-08-24 09:48:59.375591,SETTLED,00,25000.0,BANK_B
TXN002218,2026-08-29 09:07:53.908793,,NOT_FOUND,NA,,BANK_D
TXN002219,2026-08-16 05:20:30.403519,2026-08-16 05:54:34.470310,PROCESSING,PENDING,1000.0,BANK_C
TXN002220,2026-08-07 19:56:06.236650,2026-08-07 20:00:17.091828,SETTLED,00,1000.0,BANK_D
TXN002221,2026-08-26 04:35:21.770635,2026-08-26 04:38:14.459963,SETTLED,00,100.0,BANK_C
TXN002222,2026-08-23 05:41:29.948575,2026-08-23 05:45:44.884318,SETTLED,00,2500.0,BANK_D
TXN002223,2026-08-27 12:58:18.244553,2026-08-27 13:02:38.120752,SETTLED,00,750.0,BANK_B
TXN002224,2026-08-10 01:57:38.323870,2026-08-10 02:02:35.346641,SETTLED,00,25000.0,BANK_D
TXN002225,2026-09-03 08:02:11.311120,2026-09-03 08:06:26.673390,SETTLED,00,750.0,BANK_A
TXN002226,2026-09-03 19:33:29.941460,,NOT_FOUND,NA,,BANK_C
TXN002227,2026-08-20 10:51:52.645889,2026-08-20 10:56:06.413075,SETTLED,00,250.0,BANK_C
TXN002228,2026-08-17 15:58:30.901775,2026-08-17 16:04:12.009531,SETTLED,00,5000.0,BANK_B
TXN002229,2026-08-12 05:37:19.941930,2026-08-12 06:00:03.616293,PROCESSING,PENDING,1000.0,BANK_C
TXN002230,2026-09-02 00:19:07.180253,2026-09-02 00:21:04.663740,SETTLED,00,500.0,BANK_B
TXN002231,2026-09-04 03:33:17.368609,2026-09-04 03:38:09.144116,SETTLED,00,2500.0,BANK_A
TXN002232,2026-08-08 10:10:28.727643,2026-08-08 10:56:11.008863,PROCESSING,PENDING,500.0,BANK_A
TXN002233,2026-08-16 03:25:28.040790,2026-08-16 03:49:43.666806,PROCESSING,PENDING,2500.0,BANK_C
TXN002234,2026-08-21 10:38:02.610844,2026-08-21 10:43:18.608016,SETTLED,00,100.0,BANK_A
TXN002235,2026-08-27 12:40:52.853442,2026-08-27 12:45:00.701006,SETTLED,00,5000.0,BANK_C
TXN002236,2026-08-23 03:56:25.766474,2026-08-23 04:28:05.844478,PROCESSING,PENDING,100.0,BANK_D
TXN002237,2026-08-03 07:03:27.866637,2026-08-03 07:09:46.242122,SETTLED,00,1500.0,BANK_C
TXN002238,2026-08-27 16:07:21.348728,2026-08-27 16:12:32.285898,SETTLED,00,500.0,BANK_C
TXN002239,2026-08-10 08:12:28.986685,2026-08-10 08:21:24.298406,SETTLED,00,100.0,BANK_B
TXN002240,2026-08-13 22:49:51.751573,2026-08-13 22:57:13.837212,SETTLED,00,750.0,BANK_D
TXN002241,2026-08-27 14:15:22.655206,2026-08-27 14:22:05.270927,SETTLED,00,10000.0,BANK_D
TXN002242,2026-08-20 11:51:12.000000,2026-08-20 12:13:28.650327,PROCESSING,PENDING,100.0,BANK_B
TXN002243,2026-08-16 08:37:03.274954,2026-08-16 08:44:40.766991,SETTLED,00,2000.0,BANK_C
TXN002244,2026-08-14 20:03:09.185969,2026-08-14 20:29:10.139611,PROCESSING,PENDING,2500.0,BANK_D
TXN002245,2026-08-28 07:16:49.645992,2026-08-28 07:35:16.299763,PROCESSING,PENDING,250.0,BANK_C
TXN002246,2026-08-31 15:07:49.776516,2026-08-31 15:12:48.914780,SETTLED,00,1500.0,BANK_D
TXN002247,2026-08-17 11:10:14.626856,2026-08-17 11:13:50.901094,SETTLED,00,1000.0,BANK_A
TXN002248,2026-08-18 10:48:22.870512,2026-08-18 10:50:00.054920,SETTLED,00,100.0,BANK_D
TXN002249,2026-08-29 12:55:55.922634,2026-08-29 13:02:17.065490,SETTLED,00,250.0,BANK_C
TXN002250,2026-08-05 11:45:45.904841,,NOT_FOUND,NA,,BANK_D
TXN002251,2026-08-15 16:19:00.345477,2026-08-15 16:23:48.890614,SETTLED,00,250.0,BANK_D
TXN002252,2026-08-03 19:32:51.195310,2026-08-03 19:38:02.680309,SETTLED,00,1000.0,BANK_D
TXN002253,2026-08-13 08:50:21.885022,2026-08-13 08:56:05.883681,SETTLED,00,250.0,BANK_C
TXN002254,2026-08-07 00:11:07.449784,2026-08-07 00:15:01.358415,SETTLED,00,25000.0,BANK_C
TXN002255,2026-08-24 21:57:31.934732,2026-08-24 22:55:01.310741,PROCESSING,PENDING,750.0,BANK_C
TXN002256,2026-08-16 11:50:48.680382,2026-08-16 12:17:33.626956,PROCESSING,PENDING,500.0,BANK_C
TXN002257,2026-09-04 17:23:34.803702,2026-09-04 17:29:01.774342,SETTLED,00,1000.0,BANK_A
TXN002258,2026-08-25 10:14:31.334835,2026-08-25 10:19:58.226047,SETTLED,00,25000.0,BANK_C
TXN002259,2026-08-07 02:44:40.528020,2026-08-07 03:23:49.019239,PROCESSING,PENDING,10000.0,BANK_D
TXN002261,2026-09-04 02:07:18.138604,2026-09-04 02:16:15.031651,SETTLED,00,100.0,BANK_A
TXN002262,2026-08-13 18:32:49.628733,2026-08-13 18:34:32.660604,SETTLED,00,750.0,BANK_A
TXN002263,2026-08-28 02:41:55.993745,,NOT_FOUND,NA,,BANK_A
TXN002264,2026-09-02 03:29:01.929742,2026-09-02 03:35:07.323880,SETTLED,00,2000.0,BANK_A
TXN002265,2026-08-30 06:10:50.924929,2026-08-30 06:16:20.823875,SETTLED,00,250.0,BANK_D
TXN002266,2026-08-16 10:59:05.696471,2026-08-16 11:06:41.128354,SETTLED,00,1500.0,BANK_A
TXN002267,2026-09-03 04:35:11.909748,2026-09-03 04:42:47.751078,SETTLED,00,250.0,BANK_A
TXN002268,2026-08-10 22:50:28.893619,2026-08-10 22:54:24.727516,SETTLED,00,500.0,BANK_B
TXN002269,2026-08-15 02:06:55.381613,2026-08-15 02:12:29.803026,SETTLED,00,1000.0,BANK_D
TXN002270,2026-09-01 05:08:01.868569,2026-09-01 05:13:40.153311,SETTLED,00,2000.0,BANK_D
TXN002271,2026-08-16 11:04:59.493893,2026-08-16 11:10:56.885935,SETTLED,00,500.0,BANK_B
TXN002272,2026-08-02 22:22:30.308821,,NOT_FOUND,NA,,BANK_B
TXN002273,2026-08-09 10:56:35.953547,2026-08-09 11:01:15.050125,SETTLED,00,100.0,BANK_A
TXN002274,2026-09-03 20:34:31.687972,2026-09-03 20:42:35.813922,SETTLED,00,1000.0,BANK_D
TXN002275,2026-08-05 17:38:44.586457,2026-08-05 17:44:59.601833,SETTLED,00,1500.0,BANK_D
TXN002276,2026-09-02 19:35:51.205196,2026-09-02 19:46:19.792022,SETTLED,00,1000.0,BANK_B
TXN002277,2026-08-13 19:36:18.649924,2026-08-13 19:43:50.571151,SETTLED,00,100.0,BANK_B
TXN002278,2026-08-02 15:39:17.929003,2026-08-02 15:45:40.610186,SETTLED,00,500.0,BANK_B
TXN002279,2026-09-01 23:02:55.757843,2026-09-01 23:10:24.880050,SETTLED,00,1000.0,BANK_D
TXN002280,2026-08-06 19:51:51.843308,2026-08-06 19:58:27.674457,SETTLED,00,100.0,BANK_B
TXN002282,2026-09-01 04:54:35.060710,2026-09-01 05:01:11.869606,SETTLED,00,250.0,BANK_D
TXN002283,2026-08-23 06:50:09.614119,2026-08-23 06:51:35.727491,SETTLED,00,100.0,BANK_C
TXN002284,2026-08-02 07:03:29.152898,2026-08-02 07:06:29.147973,SETTLED,00,2500.0,BANK_D
TXN002285,2026-08-25 05:08:10.165765,2026-08-25 05:11:52.317810,SETTLED,00,250.0,BANK_B
TXN002286,2026-08-01 19:45:55.508217,2026-08-01 19:54:34.958295,SETTLED,00,250.0,BANK_C
TXN002287,2026-08-19 17:16:56.645214,2026-08-19 17:22:10.017878,SETTLED,00,750.0,BANK_D
TXN002288,2026-08-10 06:09:24.658744,2026-08-10 06:18:57.461470,SETTLED,00,750.0,BANK_A
TXN002289,2026-08-23 03:37:26.887848,2026-08-23 03:45:13.980472,SETTLED,00,250.0,BANK_D
TXN002290,2026-09-01 16:09:01.407630,2026-09-01 16:11:34.208212,SETTLED,00,2000.0,BANK_C
TXN002291,2026-08-26 20:08:02.028517,2026-08-26 20:09:45.169603,SETTLED,00,750.0,BANK_D
TXN002293,2026-08-02 10:21:29.770689,2026-08-02 10:28:39.233711,SETTLED,00,5000.0,BANK_D
TXN002294,2026-08-29 10:18:57.175677,2026-08-29 10:24:48.046401,SETTLED,00,1000.0,BANK_C
TXN002295,2026-08-24 15:22:53.069877,2026-08-24 15:27:44.663076,SETTLED,00,750.0,BANK_D
TXN002296,2026-08-14 17:10:31.006171,2026-08-14 17:15:38.027838,SETTLED,00,25000.0,BANK_A
TXN002297,2026-08-07 03:17:33.277645,2026-08-07 03:24:45.660845,SETTLED,00,750.0,BANK_D
TXN002298,2026-09-04 10:37:44.647598,2026-09-04 11:01:12.061303,PROCESSING,PENDING,250.0,BANK_B
TXN002299,2026-08-06 15:48:39.280495,2026-08-06 15:56:36.679627,SETTLED,00,2500.0,BANK_D
TXN002300,2026-08-13 04:47:22.980953,2026-08-13 04:50:39.079580,SETTLED,00,2000.0,BANK_A
TXN002301,2026-08-13 01:49:56.767951,2026-08-13 01:57:56.767951,PROCESSING,PENDING,750.0,BANK_B
TXN002302,2026-08-08 02:45:30.711324,2026-08-08 02:53:21.433661,SETTLED,00,250.0,BANK_D
TXN002303,2026-08-19 06:11:12.529999,2026-08-19 06:21:03.942349,SETTLED,00,750.0,BANK_A
TXN002304,2026-08-08 22:32:48.688898,2026-08-08 23:23:27.886513,PROCESSING,PENDING,1500.0,BANK_C
TXN002305,2026-08-06 15:10:38.932174,,NOT_FOUND,NA,,BANK_D
TXN002307,2026-08-03 12:44:55.061371,2026-08-03 12:50:22.694843,SETTLED,00,5000.0,BANK_A
TXN002308,2026-08-01 07:03:10.372712,,NOT_FOUND,NA,,BANK_D
TXN002309,2026-08-29 11:44:36.051225,2026-08-29 11:49:24.213547,SETTLED,00,750.0,BANK_C
TXN002310,2026-08-29 18:40:30.389954,2026-08-29 18:47:09.428058,SETTLED,00,2000.0,BANK_D
TXN002311,2026-08-18 03:54:34.903723,2026-08-18 04:00:19.184283,SETTLED,00,1500.0,BANK_B
TXN002312,2026-08-02 06:32:07.517981,2026-08-02 06:36:08.521374,SETTLED,00,10000.0,BANK_B
TXN002313,2026-08-21 16:34:21.463607,2026-08-21 16:41:07.737171,SETTLED,00,750.0,BANK_B
TXN002314,2026-08-21 14:37:34.180080,2026-08-21 15:08:39.311440,PROCESSING,PENDING,250.0,BANK_B
TXN002315,2026-08-06 14:08:02.925197,2026-08-06 14:44:54.657361,PROCESSING,PENDING,1000.0,BANK_C
TXN002316,2026-08-14 13:17:10.253420,2026-08-14 13:25:54.301941,SETTLED,00,1000.0,BANK_D
TXN002317,2026-08-05 08:18:14.633400,2026-08-05 08:25:13.969990,SETTLED,00,1000.0,BANK_C
TXN002318,2026-08-28 20:33:21.708445,2026-08-28 20:34:58.685401,SETTLED,00,1500.0,BANK_B
TXN002319,2026-09-01 17:59:27.380160,2026-09-01 18:17:56.566838,PROCESSING,PENDING,100.0,BANK_A
TXN002320,2026-09-03 22:32:15.042630,2026-09-03 22:37:56.124370,SETTLED,00,500.0,BANK_C
TXN002321,2026-08-01 22:56:51.085072,2026-08-01 23:00:31.462943,SETTLED,00,1500.0,BANK_B
TXN002322,2026-08-23 03:41:36.543444,2026-08-23 03:51:34.821586,SETTLED,00,250.0,BANK_C
TXN002323,2026-08-03 03:02:46.609259,2026-08-03 03:14:45.129645,SETTLED,00,5000.0,BANK_B
TXN002324,2026-08-13 14:50:23.533124,2026-08-13 15:00:33.062922,SETTLED,00,2500.0,BANK_C
TXN002325,2026-08-14 18:41:26.242001,2026-08-14 18:43:17.186914,SETTLED,00,500.0,BANK_D
TXN002326,2026-09-02 15:24:22.269707,2026-09-02 15:24:52.269707,SETTLED,00,2000.0,BANK_A
TXN002328,2026-08-31 17:51:39.247957,2026-08-31 18:02:28.068887,SETTLED,00,250.0,BANK_D
TXN002329,2026-08-30 12:18:21.087470,,NOT_FOUND,NA,,BANK_B
TXN002330,2026-08-12 14:19:03.670540,2026-08-12 14:25:36.501271,SETTLED,00,100.0,BANK_D
TXN002331,2026-08-21 04:13:56.453414,2026-08-21 04:18:09.489195,SETTLED,00,500.0,BANK_A
TXN002332,2026-08-19 01:16:19.102242,2026-08-19 01:26:08.300501,SETTLED,00,100.0,BANK_D
TXN002333,2026-08-09 01:43:57.136047,2026-08-09 01:53:12.672778,SETTLED,00,750.0,BANK_B
TXN002334,2026-08-07 16:21:34.848809,2026-08-07 16:28:49.805098,SETTLED,00,100.0,BANK_B
TXN002335,2026-08-07 19:41:32.249695,2026-08-07 19:45:35.055403,SETTLED,00,100.0,BANK_D
TXN002337,2026-08-30 20:39:29.107492,2026-08-30 20:53:44.314968,PROCESSING,PENDING,500.0,BANK_B
TXN002338,2026-08-25 15:43:27.945650,2026-08-25 15:47:55.544645,SETTLED,00,500.0,BANK_B
TXN002340,2026-08-20 20:23:15.712785,2026-08-20 20:32:35.434027,SETTLED,00,1500.0,BANK_A
TXN002341,2026-08-24 18:11:41.898606,2026-08-24 18:17:42.826419,SETTLED,00,250.0,BANK_B
TXN002342,2026-08-29 14:47:33.268017,2026-08-29 14:51:33.077827,SETTLED,00,2000.0,BANK_B
TXN002343,2026-08-28 05:28:42.715071,2026-08-28 05:34:26.560495,SETTLED,00,250.0,BANK_A
TXN002344,2026-08-09 13:15:34.910496,2026-08-09 13:38:38.040438,PROCESSING,PENDING,500.0,BANK_A
TXN002345,2026-08-01 19:58:39.639297,2026-08-01 19:59:11.326933,SETTLED,00,5000.0,BANK_B
TXN002346,2026-08-05 21:21:54.889067,2026-08-05 21:32:26.282334,SETTLED,00,1000.0,BANK_C
TXN002347,2026-08-04 08:18:16.144585,2026-08-04 09:00:40.084962,PROCESSING,PENDING,500.0,BANK_B
TXN002348,2026-08-10 06:30:27.008631,2026-08-10 06:33:03.333409,SETTLED,00,100.0,BANK_B
TXN002349,2026-08-10 01:02:53.456278,2026-08-10 01:14:09.009077,SETTLED,00,750.0,BANK_A
TXN002350,2026-08-03 06:06:19.718327,2026-08-03 06:11:39.918510,SETTLED,00,25000.0,BANK_A
TXN002351,2026-08-02 18:00:00.928326,2026-08-02 18:03:26.672905,SETTLED,00,100.0,BANK_C
TXN002352,2026-08-31 15:27:45.822067,2026-08-31 15:31:32.563729,SETTLED,00,250.0,BANK_C
TXN002353,2026-08-03 10:20:44.149323,2026-08-03 10:54:13.874518,PROCESSING,PENDING,10000.0,BANK_C
TXN002354,2026-08-24 22:52:45.752529,2026-08-24 23:00:21.230836,SETTLED,00,500.0,BANK_A
TXN002355,2026-08-31 07:46:03.922227,2026-08-31 07:54:11.437842,SETTLED,00,2500.0,BANK_A
TXN002356,2026-08-15 10:04:37.653998,2026-08-15 10:06:46.761098,SETTLED,00,500.0,BANK_B
TXN002357,2026-08-09 10:40:07.830902,2026-08-09 10:48:19.123572,SETTLED,00,2500.0,BANK_A
TXN002358,2026-09-01 00:04:43.384343,2026-09-01 00:14:29.515741,SETTLED,00,2500.0,BANK_C
TXN002359,2026-08-09 14:41:50.691335,2026-08-09 14:50:12.433501,SETTLED,00,2000.0,BANK_B
TXN002360,2026-08-05 14:53:17.072853,2026-08-05 14:59:02.293110,SETTLED,00,750.0,BANK_D
TXN002361,2026-08-09 23:03:34.891520,2026-08-09 23:11:27.398178,SETTLED,00,750.0,BANK_B
TXN002362,2026-08-10 15:48:38.663907,2026-08-10 15:51:43.220837,SETTLED,00,2500.0,BANK_C
TXN002363,2026-08-10 11:44:14.094447,2026-08-10 12:13:13.033459,PROCESSING,PENDING,750.0,BANK_C
TXN002364,2026-08-17 10:19:12.393522,2026-08-17 10:19:42.393522,SETTLED,00,750.0,BANK_B
TXN002365,2026-08-02 09:33:01.324047,2026-08-02 09:38:01.370255,SETTLED,00,100.0,BANK_B
TXN002366,2026-08-22 03:32:13.325684,2026-08-22 04:02:51.701669,PROCESSING,PENDING,2500.0,BANK_A
TXN002367,2026-08-02 15:37:26.042269,2026-08-02 15:44:21.569419,SETTLED,00,500.0,BANK_A
TXN002368,2026-08-30 22:00:38.618011,2026-08-30 22:02:49.084045,SETTLED,00,250.0,BANK_D
TXN002369,2026-08-04 10:05:13.704573,2026-08-04 10:10:25.837824,SETTLED,00,250.0,BANK_A
TXN002370,2026-08-28 18:00:26.902234,2026-08-28 18:06:14.724131,SETTLED,00,2000.0,BANK_A
TXN002371,2026-08-23 09:27:32.232039,,NOT_FOUND,NA,,BANK_D
TXN002372,2026-08-22 17:43:47.295454,2026-08-22 17:51:08.493598,SETTLED,00,250.0,BANK_C
TXN002373,2026-08-22 03:54:02.659622,2026-08-22 04:02:22.900583,SETTLED,00,25000.0,BANK_C
TXN002374,2026-08-04 01:47:28.767475,2026-08-04 01:54:40.837540,SETTLED,00,1500.0,BANK_B
TXN002375,2026-09-03 15:24:47.487856,2026-09-03 16:04:41.586598,PROCESSING,PENDING,500.0,BANK_A
TXN002376,2026-09-04 13:08:26.252924,2026-09-04 13:13:40.392767,SETTLED,00,1500.0,BANK_D
TXN002377,2026-08-27 21:45:36.550119,2026-08-27 21:50:07.368915,SETTLED,00,2000.0,BANK_B
TXN002378,2026-09-04 09:07:22.794801,2026-09-04 09:12:30.287149,SETTLED,00,250.0,BANK_B
TXN002379,2026-08-31 14:09:32.232904,2026-08-31 14:16:06.579327,SETTLED,00,1000.0,BANK_D
TXN002380,2026-09-03 00:56:56.993793,2026-09-03 01:04:08.713063,SETTLED,00,500.0,BANK_B
TXN002381,2026-08-09 07:42:40.235458,2026-08-09 07:48:38.770266,SETTLED,00,10000.0,BANK_D
TXN002382,2026-08-16 07:25:53.071085,2026-08-16 07:47:44.123284,PROCESSING,PENDING,2500.0,BANK_B
TXN002383,2026-08-30 00:11:49.172361,2026-08-30 00:20:04.196851,SETTLED,00,1000.0,BANK_B
TXN002384,2026-08-01 14:37:22.976011,2026-08-01 14:44:08.308972,SETTLED,00,5000.0,BANK_C
TXN002385,2026-08-20 15:32:15.827931,2026-08-20 15:37:43.551788,SETTLED,00,250.0,BANK_D
TXN002386,2026-08-25 14:54:22.833420,2026-08-25 15:04:23.793722,SETTLED,00,750.0,BANK_B
TXN002387,2026-08-01 03:14:46.612292,2026-08-01 03:23:37.965507,SETTLED,00,500.0,BANK_D
TXN002388,2026-08-19 23:58:56.060870,2026-08-20 00:05:08.643299,SETTLED,00,250.0,BANK_A
TXN002389,2026-09-03 11:48:25.416235,2026-09-03 11:48:55.416235,SETTLED,00,750.0,BANK_D
TXN002390,2026-08-19 21:43:59.699679,2026-08-19 21:47:48.236344,SETTLED,00,2500.0,BANK_C
TXN002391,2026-08-29 07:02:06.000000,,NOT_FOUND,NA,,BANK_B
TXN002392,2026-08-12 14:08:49.632499,2026-08-12 14:15:46.665969,SETTLED,00,500.0,BANK_B
TXN002393,2026-08-24 21:36:01.694849,2026-08-24 21:42:24.471518,SETTLED,00,1500.0,BANK_C
TXN002394,2026-08-06 10:52:51.719570,2026-08-06 10:57:07.924179,SETTLED,00,1500.0,BANK_B
TXN002395,2026-08-02 18:44:19.281111,2026-08-02 18:53:21.586007,SETTLED,00,250.0,BANK_D
TXN002396,2026-08-10 15:33:46.610741,2026-08-10 15:39:30.987781,SETTLED,00,100.0,BANK_D
TXN002397,2026-08-10 08:20:09.442033,2026-08-10 08:27:31.575115,SETTLED,00,750.0,BANK_C
TXN002398,2026-09-02 18:06:19.487033,2026-09-02 18:08:25.354979,SETTLED,00,250.0,BANK_B
TXN002399,2026-08-10 05:46:16.226140,2026-08-10 06:03:22.130440,PROCESSING,PENDING,100.0,BANK_A
TXN002400,2026-08-11 03:55:07.964413,2026-08-11 03:59:32.937565,SETTLED,00,250.0,BANK_D
TXN002401,2026-08-10 11:32:11.310845,2026-08-10 11:40:26.737744,SETTLED,00,1000.0,BANK_C
TXN002402,2026-08-01 09:17:54.146165,2026-08-01 09:28:15.862556,SETTLED,00,10000.0,BANK_C
TXN002403,2026-08-02 05:19:06.463320,2026-08-02 05:23:38.937280,SETTLED,00,1500.0,BANK_C
TXN002404,2026-08-20 06:08:20.784273,2026-08-20 06:12:03.698126,SETTLED,00,1000.0,BANK_A
TXN002405,2026-08-20 09:59:57.746767,2026-08-20 10:08:22.990913,SETTLED,00,250.0,BANK_B
TXN002406,2026-09-03 15:54:46.915443,2026-09-03 16:00:24.906537,SETTLED,00,5000.0,BANK_D
TXN002407,2026-08-26 05:17:26.183346,2026-08-26 05:21:49.352489,SETTLED,00,1000.0,BANK_B
TXN002408,2026-08-11 06:28:16.922632,2026-08-11 06:36:07.040020,SETTLED,00,750.0,BANK_D
TXN002409,2026-08-18 09:20:44.979552,2026-08-18 09:54:46.665442,PROCESSING,PENDING,100.0,BANK_C
TXN002410,2026-08-01 12:18:54.494449,2026-08-01 12:29:11.518182,SETTLED,00,1500.0,BANK_D
TXN002411,2026-09-03 05:53:51.303148,2026-09-03 05:59:36.045166,SETTLED,00,750.0,BANK_C
TXN002412,2026-08-11 08:55:04.257236,2026-08-11 09:16:23.880828,PROCESSING,PENDING,5000.0,BANK_B
TXN002413,2026-08-01 23:05:05.667786,2026-08-01 23:18:38.870729,PROCESSING,PENDING,1000.0,BANK_A
TXN002414,2026-08-08 09:31:42.235412,2026-08-08 09:39:29.533036,SETTLED,00,500.0,BANK_B
TXN002415,2026-08-22 11:37:09.802336,2026-08-22 11:40:46.932351,SETTLED,00,100.0,BANK_A
TXN002416,2026-08-31 09:10:45.164722,2026-08-31 09:14:07.902451,SETTLED,00,250.0,BANK_C
TXN002417,2026-08-09 19:14:39.336709,2026-08-09 19:20:13.842709,SETTLED,00,500.0,BANK_A
TXN002418,2026-08-31 08:03:01.820241,2026-08-31 08:12:02.187433,SETTLED,00,100.0,BANK_B
TXN002419,2026-09-02 11:42:02.444072,,NOT_FOUND,NA,,BANK_C
TXN002420,2026-08-09 17:43:28.958367,2026-08-09 17:48:24.574792,SETTLED,00,100.0,BANK_D
TXN002421,2026-08-27 18:12:39.275493,2026-08-27 18:20:47.690364,SETTLED,00,500.0,BANK_A
TXN002422,2026-08-02 06:01:42.231090,2026-08-02 06:08:57.544445,SETTLED,00,1000.0,BANK_C
TXN002423,2026-08-11 13:00:35.867549,2026-08-11 13:04:39.124096,SETTLED,00,1000.0,BANK_A
TXN002424,2026-08-19 02:22:36.886184,2026-08-19 02:26:19.308592,SETTLED,00,5000.0,BANK_B
TXN002425,2026-08-01 08:03:58.885866,2026-08-01 08:09:18.355038,SETTLED,00,1000.0,BANK_A
TXN002426,2026-08-05 17:34:27.987316,2026-08-05 17:43:33.183596,SETTLED,00,100.0,BANK_A
TXN002427,2026-08-21 02:51:11.126068,2026-08-21 02:59:40.184041,SETTLED,00,250.0,BANK_B
TXN002428,2026-08-31 22:10:21.592462,2026-08-31 22:15:29.797220,SETTLED,00,2500.0,BANK_A
TXN002429,2026-08-29 23:37:19.644376,2026-08-29 23:41:35.804832,SETTLED,00,750.0,BANK_A
TXN002430,2026-08-25 10:43:42.875091,2026-08-25 10:51:34.599041,SETTLED,00,10000.0,BANK_C
TXN002431,2026-08-16 04:46:01.756126,2026-08-16 04:49:38.981061,SETTLED,00,750.0,BANK_A
TXN002432,2026-08-29 00:13:00.272999,2026-08-29 00:19:11.226633,SETTLED,00,2000.0,BANK_B
TXN002433,2026-08-24 02:31:33.598564,2026-08-24 02:41:13.082360,SETTLED,00,750.0,BANK_B
TXN002434,2026-08-13 13:34:32.156165,2026-08-13 13:42:07.319890,SETTLED,00,750.0,BANK_D
TXN002435,2026-08-17 07:50:35.952118,2026-08-17 07:53:39.763619,SETTLED,00,25000.0,BANK_A
TXN002436,2026-08-01 02:10:17.256807,2026-08-01 02:16:00.438654,SETTLED,00,100.0,BANK_D
TXN002437,2026-09-01 14:50:13.345406,2026-09-01 14:56:49.492241,SETTLED,00,500.0,BANK_D
TXN002438,2026-08-11 12:56:39.710468,2026-08-11 13:02:14.132753,SETTLED,00,2000.0,BANK_D
TXN002439,2026-08-31 11:34:31.268896,2026-08-31 11:41:44.943359,SETTLED,00,500.0,BANK_A
TXN002440,2026-08-06 23:40:42.269344,2026-08-06 23:44:00.506425,SETTLED,00,500.0,BANK_B
TXN002441,2026-08-24 08:43:14.362798,2026-08-24 08:49:47.255547,SETTLED,00,2000.0,BANK_C
TXN002442,2026-08-21 14:49:55.913903,2026-08-21 14:55:10.345060,SETTLED,00,250.0,BANK_C
TXN002443,2026-08-18 20:39:11.839986,2026-08-18 20:45:41.881146,SETTLED,00,1500.0,BANK_C
TXN002444,2026-08-04 10:19:24.903929,2026-08-04 10:24:42.372572,SETTLED,00,750.0,BANK_A
TXN002445,2026-08-27 11:49:18.544274,2026-08-27 11:52:43.433084,SETTLED,00,1500.0,BANK_B
TXN002446,2026-08-13 07:55:42.273737,2026-08-13 07:56:12.273737,SETTLED,00,100.0,BANK_C
TXN002447,2026-08-24 06:19:19.659322,2026-08-24 06:29:59.149130,SETTLED,00,500.0,BANK_D
TXN002448,2026-09-03 10:03:39.434389,2026-09-03 10:10:33.078578,SETTLED,00,250.0,BANK_D
TXN002449,2026-08-06 18:47:28.099505,2026-08-06 19:10:59.356705,PROCESSING,PENDING,750.0,BANK_A
TXN002450,2026-08-21 19:03:02.208516,2026-08-21 19:07:53.343636,SETTLED,00,500.0,BANK_D
TXN002451,2026-08-03 12:23:54.090146,2026-08-03 12:28:20.261901,SETTLED,00,500.0,BANK_A
TXN002452,2026-08-07 20:18:38.667896,2026-08-07 20:20:07.240371,SETTLED,00,1500.0,BANK_A
TXN002453,2026-08-26 02:20:48.622593,2026-08-26 02:31:42.242965,SETTLED,00,2500.0,BANK_D
TXN002454,2026-08-15 04:49:17.705107,2026-08-15 04:56:11.157047,SETTLED,00,2500.0,BANK_C
TXN002455,2026-08-19 20:49:33.443093,2026-08-19 20:58:00.899171,SETTLED,00,1000.0,BANK_D
TXN002456,2026-08-07 06:33:33.466050,2026-08-07 06:37:48.367130,SETTLED,00,2500.0,BANK_D
TXN002457,2026-08-02 20:17:42.860796,2026-08-02 20:36:23.958264,PROCESSING,PENDING,250.0,BANK_D
TXN002458,2026-08-03 10:08:20.225578,2026-08-03 10:10:54.524774,SETTLED,00,2000.0,BANK_A
TXN002459,2026-08-02 16:53:04.793106,2026-08-02 16:57:18.704765,SETTLED,00,250.0,BANK_B
TXN002460,2026-08-19 07:45:30.046472,,NOT_FOUND,NA,,BANK_C
TXN002461,2026-08-06 19:42:26.315294,2026-08-06 19:48:44.956885,SETTLED,00,250.0,BANK_B
TXN002462,2026-08-22 07:01:40.746783,2026-08-22 07:10:47.439934,SETTLED,00,250.0,BANK_C
TXN002463,2026-08-07 06:59:44.854457,2026-08-07 07:28:53.758043,PROCESSING,PENDING,1500.0,BANK_C
TXN002464,2026-08-02 21:21:19.317334,2026-08-02 21:30:43.376272,SETTLED,00,1500.0,BANK_C
TXN002465,2026-08-30 07:11:05.448158,2026-08-30 07:18:14.821976,SETTLED,00,500.0,BANK_A
TXN002466,2026-08-02 02:00:14.552522,2026-08-02 02:11:33.810970,PROCESSING,PENDING,5000.0,BANK_D
TXN002467,2026-08-12 01:39:55.716285,2026-08-12 01:44:28.572836,SETTLED,00,1500.0,BANK_B
TXN002468,2026-08-15 19:47:35.904236,2026-08-15 19:53:28.447467,SETTLED,00,2500.0,BANK_C
TXN002469,2026-08-22 17:01:44.184560,2026-08-22 17:06:46.600359,SETTLED,00,500.0,BANK_A
TXN002470,2026-08-26 09:45:43.053680,2026-08-26 09:48:38.714311,SETTLED,00,500.0,BANK_D
TXN002471,2026-08-06 22:57:55.991718,2026-08-06 23:08:15.314835,SETTLED,00,100.0,BANK_A
TXN002472,2026-09-03 07:42:39.590583,2026-09-03 07:46:42.608687,SETTLED,00,250.0,BANK_C
TXN002473,2026-08-19 22:19:49.014240,2026-08-19 22:23:45.196277,SETTLED,00,1500.0,BANK_A
TXN002474,2026-09-04 08:24:13.940744,2026-09-04 08:31:13.913127,SETTLED,00,500.0,BANK_A
TXN002475,2026-08-06 11:36:56.390901,2026-08-06 11:41:36.703076,SETTLED,00,100.0,BANK_A
TXN002476,2026-08-12 06:04:37.842128,2026-08-12 06:10:41.738069,SETTLED,00,25000.0,BANK_A
TXN002477,2026-08-21 12:16:06.086304,2026-08-21 12:20:58.024992,SETTLED,00,250.0,BANK_C
TXN002478,2026-08-30 07:37:40.943386,2026-08-30 07:45:41.711914,SETTLED,00,100.0,BANK_A
TXN002479,2026-08-04 22:13:56.606341,,NOT_FOUND,NA,,BANK_A
TXN002480,2026-08-12 04:11:52.478013,2026-08-12 04:15:39.901740,SETTLED,00,750.0,BANK_D
TXN002482,2026-08-01 00:14:51.151256,2026-08-01 00:26:17.828434,SETTLED,00,500.0,BANK_C
TXN002483,2026-09-04 07:06:03.309214,2026-09-04 07:08:32.328504,SETTLED,00,750.0,BANK_C
TXN002484,2026-08-31 21:20:29.934611,2026-08-31 21:26:19.680439,SETTLED,00,2000.0,BANK_C
TXN002485,2026-08-29 01:17:24.244954,2026-08-29 01:24:57.404642,SETTLED,00,2500.0,BANK_A
TXN002486,2026-08-05 23:16:30.401768,2026-08-05 23:23:42.890918,SETTLED,00,750.0,BANK_C
TXN002487,2026-08-29 16:02:48.310240,2026-08-29 16:08:18.679969,SETTLED,00,500.0,BANK_A
TXN002488,2026-09-04 11:39:05.548535,2026-09-04 11:43:57.665756,SETTLED,00,2500.0,BANK_B
TXN002489,2026-08-18 13:41:19.898679,2026-08-18 13:50:21.315033,SETTLED,00,100.0,BANK_A
TXN002490,2026-08-09 08:54:15.416934,2026-08-09 09:01:16.094587,SETTLED,00,500.0,BANK_D
TXN002491,2026-08-16 15:59:49.083606,2026-08-16 16:06:44.887242,SETTLED,00,2500.0,BANK_B
TXN002492,2026-08-15 13:39:21.561916,2026-08-15 13:48:33.248815,SETTLED,00,500.0,BANK_A
TXN002493,2026-08-26 22:01:20.220667,2026-08-26 22:20:51.255246,PROCESSING,PENDING,250.0,BANK_D
TXN002494,2026-08-01 10:57:40.392485,2026-08-01 11:03:58.057296,SETTLED,00,100.0,BANK_B
TXN002495,2026-08-27 21:46:02.239819,2026-08-27 21:56:03.860103,SETTLED,00,500.0,BANK_D
TXN002496,2026-08-18 11:37:26.105201,2026-08-18 11:51:13.978899,PROCESSING,PENDING,500.0,BANK_A
TXN002497,2026-08-23 07:25:23.921807,2026-08-23 07:35:59.977596,SETTLED,00,100.0,BANK_A
TXN002498,2026-08-01 06:59:10.083631,2026-08-01 07:02:29.699255,SETTLED,00,100.0,BANK_B
TXN002499,2026-09-04 10:43:05.634868,2026-09-04 10:50:14.864741,SETTLED,00,10000.0,BANK_C
TXN002501,2026-08-30 12:53:23.448637,2026-08-30 13:03:32.510427,SETTLED,00,1500.0,BANK_C
TXN002502,2026-08-08 00:27:08.038036,2026-08-08 00:37:32.518499,SETTLED,00,500.0,BANK_A
TXN002503,2026-08-14 12:46:46.478374,2026-08-14 12:51:21.923041,SETTLED,00,1500.0,BANK_C
TXN002504,2026-08-10 13:36:16.554611,2026-08-10 13:43:28.321189,SETTLED,00,500.0,BANK_B
TXN002505,2026-09-01 19:03:52.818347,2026-09-01 19:08:44.349273,SETTLED,00,100.0,BANK_C
TXN002506,2026-08-12 06:01:43.375390,2026-08-12 06:11:07.054137,SETTLED,00,5000.0,BANK_A
TXN002507,2026-08-05 01:19:44.777183,2026-08-05 01:28:19.895446,SETTLED,00,1500.0,BANK_A
TXN002508,2026-08-14 02:37:18.034441,2026-08-14 02:45:05.032274,SETTLED,00,1500.0,BANK_A
TXN002509,2026-08-01 23:28:43.078750,2026-08-01 23:32:17.288075,SETTLED,00,500.0,BANK_B
TXN002510,2026-08-25 19:37:53.919452,2026-08-25 19:43:57.712384,SETTLED,00,100.0,BANK_B
TXN002511,2026-08-20 03:16:39.533599,2026-08-20 03:23:26.658876,SETTLED,00,1000.0,BANK_C
TXN002512,2026-08-26 21:22:12.905711,2026-08-26 21:29:53.072833,SETTLED,00,100.0,BANK_C
TXN002513,2026-08-10 01:17:01.085441,,NOT_FOUND,NA,,BANK_C
TXN002514,2026-08-08 13:45:09.442452,2026-08-08 13:50:45.877628,SETTLED,00,250.0,BANK_B
TXN002515,2026-08-21 18:11:54.920850,2026-08-21 18:17:36.748629,SETTLED,00,2000.0,BANK_A
TXN002516,2026-08-03 22:29:46.598485,2026-08-03 22:40:38.369372,SETTLED,00,500.0,BANK_B
TXN002517,2026-08-28 18:15:33.910823,2026-08-28 18:20:00.252038,SETTLED,00,2000.0,BANK_A
TXN002518,2026-08-21 07:42:49.978411,2026-08-21 07:48:49.065752,SETTLED,00,500.0,BANK_A
TXN002519,2026-08-20 05:35:56.836142,2026-08-20 05:38:39.456711,SETTLED,00,500.0,BANK_B
TXN002520,2026-08-27 06:52:06.810242,2026-08-27 06:57:34.971205,SETTLED,00,25000.0,BANK_B
TXN002521,2026-08-23 06:57:35.122832,2026-08-23 07:52:20.833173,PROCESSING,PENDING,750.0,BANK_C
TXN002522,2026-08-04 13:57:18.319363,2026-08-04 14:24:35.960740,PROCESSING,PENDING,1000.0,BANK_D
TXN002523,2026-08-18 00:50:55.629454,2026-08-18 00:55:20.273445,SETTLED,00,10000.0,BANK_C
TXN002524,2026-09-04 21:24:51.615329,2026-09-04 21:33:18.339970,SETTLED,00,2000.0,BANK_A
TXN002525,2026-08-19 03:21:13.051112,2026-08-19 03:56:00.946286,PROCESSING,PENDING,750.0,BANK_C
TXN002526,2026-08-15 06:18:09.130657,2026-08-15 06:23:36.385407,SETTLED,00,5000.0,BANK_B
TXN002527,2026-08-31 00:13:22.810866,2026-08-31 00:20:57.982257,SETTLED,00,1500.0,BANK_B
TXN002528,2026-08-16 09:26:36.494549,2026-08-16 09:35:44.148299,SETTLED,00,100.0,BANK_C
TXN002529,2026-09-02 17:25:56.561988,2026-09-02 17:29:32.795483,SETTLED,00,1000.0,BANK_C
TXN002530,2026-08-27 03:37:49.399453,2026-08-27 03:41:31.918211,SETTLED,00,2000.0,BANK_B
TXN002532,2026-08-15 17:51:45.799703,2026-08-15 17:55:10.587158,SETTLED,00,1000.0,BANK_D
TXN002533,2026-09-03 20:51:54.853999,2026-09-03 21:18:26.949601,PROCESSING,PENDING,1500.0,BANK_D
TXN002534,2026-08-15 22:53:52.155423,2026-08-15 23:01:13.582631,SETTLED,00,1000.0,BANK_C
TXN002535,2026-09-02 13:40:58.758613,2026-09-02 13:47:56.844902,SETTLED,00,10000.0,BANK_A
TXN002536,2026-08-22 00:43:42.048431,2026-08-22 00:55:50.698731,SETTLED,00,250.0,BANK_D
TXN002537,2026-08-16 13:59:28.770319,2026-08-16 14:05:25.738806,SETTLED,00,750.0,BANK_C
TXN002538,2026-08-16 12:07:07.894671,2026-08-16 12:12:36.806887,SETTLED,00,2500.0,BANK_B
TXN002539,2026-09-02 17:08:28.166434,2026-09-02 17:11:12.729503,SETTLED,00,100.0,BANK_B
TXN002540,2026-08-19 17:17:58.674949,2026-08-19 18:06:36.308123,PROCESSING,PENDING,100.0,BANK_B
TXN002541,2026-08-21 09:33:33.788285,,NOT_FOUND,NA,,BANK_B
TXN002542,2026-08-22 15:52:46.935867,2026-08-22 15:53:16.935867,SETTLED,00,100.0,BANK_A
TXN002543,2026-08-16 06:51:00.170201,2026-08-16 06:58:33.588627,SETTLED,00,100.0,BANK_C
TXN002544,2026-08-29 03:31:31.067617,2026-08-29 03:39:08.409453,SETTLED,00,500.0,BANK_A
TXN002545,2026-08-09 20:59:06.449858,2026-08-09 21:03:41.258515,SETTLED,00,2000.0,BANK_B
TXN002546,2026-08-30 12:41:22.218806,2026-08-30 12:49:17.753782,SETTLED,00,100.0,BANK_A
TXN002547,2026-08-02 08:52:05.550647,2026-08-02 08:58:38.556504,SETTLED,00,250.0,BANK_D
TXN002548,2026-08-09 17:14:41.114474,2026-08-09 17:19:21.086697,SETTLED,00,2500.0,BANK_B
TXN002549,2026-08-21 01:43:58.213943,2026-08-21 02:08:31.171171,PROCESSING,PENDING,2500.0,BANK_D
TXN002550,2026-08-22 01:18:31.270144,2026-08-22 01:19:23.830650,SETTLED,00,10000.0,BANK_B
TXN002551,2026-08-11 02:55:16.987681,2026-08-11 03:19:06.024447,PROCESSING,PENDING,500.0,BANK_B
TXN002552,2026-08-14 20:15:21.267358,2026-08-14 20:20:26.593834,SETTLED,00,500.0,BANK_B
TXN002553,2026-08-29 12:08:45.936077,2026-08-29 13:03:44.375964,PROCESSING,PENDING,25000.0,BANK_A
TXN002554,2026-08-19 00:25:22.530022,2026-08-19 00:33:01.636550,SETTLED,00,2000.0,BANK_B
TXN002555,2026-08-03 17:39:41.273909,2026-08-03 17:49:04.131374,SETTLED,00,1000.0,BANK_D
TXN002556,2026-08-06 11:32:06.514291,2026-08-06 11:38:58.052064,SETTLED,00,1000.0,BANK_A
TXN002557,2026-08-20 14:45:50.736853,2026-08-20 14:50:35.230315,SETTLED,00,100.0,BANK_B
TXN002558,2026-08-02 11:06:29.329027,2026-08-02 11:11:40.625550,SETTLED,00,1500.0,BANK_D
TXN002559,2026-08-20 18:24:01.544373,2026-08-20 18:30:16.725706,SETTLED,00,1500.0,BANK_B
TXN002560,2026-08-02 04:34:50.223878,2026-08-02 04:45:12.768049,SETTLED,00,2000.0,BANK_D
TXN002561,2026-08-15 01:17:39.409857,2026-08-15 01:27:30.438265,SETTLED,00,500.0,BANK_A
TXN002562,2026-08-26 18:22:01.327164,2026-08-26 18:24:49.278929,SETTLED,00,500.0,BANK_A
TXN002563,2026-08-29 21:45:26.750387,2026-08-29 21:46:00.095753,SETTLED,00,750.0,BANK_C
TXN002564,2026-08-16 03:34:04.410608,2026-08-16 03:39:12.439636,SETTLED,00,250.0,BANK_D
TXN002565,2026-09-04 23:34:50.872770,2026-09-04 23:40:42.740326,SETTLED,00,250.0,BANK_B
TXN002566,2026-08-20 20:31:31.196315,,NOT_FOUND,NA,,BANK_C
TXN002567,2026-09-03 00:49:55.837627,2026-09-03 00:57:12.288238,SETTLED,00,1000.0,BANK_A
TXN002568,2026-08-08 10:19:38.616682,,NOT_FOUND,NA,,BANK_D
TXN002569,2026-08-24 13:47:30.288777,2026-08-24 13:54:04.380149,SETTLED,00,750.0,BANK_C
TXN002570,2026-09-02 13:15:01.406551,2026-09-02 13:45:31.214222,PROCESSING,PENDING,1000.0,BANK_A
TXN002571,2026-08-31 05:35:42.436869,2026-08-31 05:42:19.119035,SETTLED,00,2500.0,BANK_C
TXN002572,2026-09-03 07:49:12.000000,2026-09-03 08:11:22.784196,PROCESSING,PENDING,5000.0,BANK_B
TXN002573,2026-08-06 08:23:17.099948,2026-08-06 08:28:07.494943,SETTLED,00,1500.0,BANK_D
TXN002574,2026-08-26 09:35:35.440598,2026-08-26 09:43:03.907661,SETTLED,00,250.0,BANK_A
TXN002575,2026-08-13 11:36:01.801633,2026-08-13 11:42:38.798493,SETTLED,00,1500.0,BANK_C
TXN002576,2026-08-19 16:18:30.367375,2026-08-19 17:25:30.337116,PROCESSING,PENDING,250.0,BANK_B
TXN002577,2026-08-03 05:34:09.992215,,NOT_FOUND,NA,,BANK_A
TXN002578,2026-08-23 02:34:19.075965,2026-08-23 02:38:52.268123,SETTLED,00,2000.0,BANK_C
TXN002579,2026-08-14 19:49:22.623515,2026-08-14 19:58:48.313231,SETTLED,00,1500.0,BANK_A
TXN002580,2026-08-14 22:49:38.654207,2026-08-14 22:53:27.818391,SETTLED,00,250.0,BANK_C
TXN002581,2026-08-09 01:26:53.435013,2026-08-09 01:37:33.918284,SETTLED,00,250.0,BANK_D
TXN002582,2026-09-02 12:24:54.396795,2026-09-02 12:59:02.176257,PROCESSING,PENDING,2500.0,BANK_B
TXN002583,2026-08-24 06:55:07.209960,2026-08-24 07:09:03.767183,PROCESSING,PENDING,100.0,BANK_A
TXN002584,2026-08-06 04:09:39.295746,2026-08-06 04:16:27.074732,SETTLED,00,2500.0,BANK_A
TXN002585,2026-08-11 17:10:42.513266,,NOT_FOUND,NA,,BANK_C
TXN002586,2026-08-20 15:23:03.609990,2026-08-20 15:26:21.392886,SETTLED,00,10000.0,BANK_D
TXN002587,2026-08-09 08:02:10.356122,2026-08-09 08:10:23.241497,SETTLED,00,250.0,BANK_A
TXN002588,2026-09-01 22:05:03.059255,2026-09-01 22:40:23.181341,PROCESSING,PENDING,2000.0,BANK_C
TXN002589,2026-08-12 05:34:24.171702,2026-08-12 06:17:11.444938,PROCESSING,PENDING,10000.0,BANK_B
TXN002590,2026-08-17 21:09:17.885036,2026-08-17 21:16:45.079770,SETTLED,00,250.0,BANK_C
TXN002591,2026-08-18 12:04:10.732037,2026-08-18 12:09:19.726633,SETTLED,00,750.0,BANK_B
TXN002592,2026-08-24 21:59:41.438398,2026-08-24 22:04:41.374211,SETTLED,00,250.0,BANK_A
TXN002594,2026-08-30 09:39:04.903775,2026-08-30 09:44:00.006250,SETTLED,00,1500.0,BANK_D
TXN002595,2026-09-03 06:29:27.367685,2026-09-03 06:39:36.249996,SETTLED,00,750.0,BANK_C
TXN002596,2026-08-05 15:46:31.797923,2026-08-05 15:54:31.797923,PROCESSING,PENDING,1500.0,BANK_C
TXN002597,2026-09-01 12:44:40.353985,2026-09-01 12:46:33.474314,SETTLED,00,2000.0,BANK_C
TXN002598,2026-08-20 16:13:24.232629,2026-08-20 16:20:49.928372,SETTLED,00,750.0,BANK_D
TXN002599,2026-08-27 11:22:11.211728,2026-08-27 11:32:23.452047,SETTLED,00,100.0,BANK_A
TXN002600,2026-08-15 00:35:35.510371,2026-08-15 00:46:49.354348,SETTLED,00,250.0,BANK_B
TXN002601,2026-08-01 22:39:15.011879,2026-08-01 22:48:03.116776,SETTLED,00,1500.0,BANK_C
TXN002602,2026-08-31 07:04:19.950694,2026-08-31 07:10:17.873817,SETTLED,00,500.0,BANK_C
TXN002604,2026-08-11 22:54:07.452263,2026-08-11 23:02:29.786859,SETTLED,00,250.0,BANK_B
TXN002605,2026-08-18 14:32:43.104398,2026-08-18 14:42:18.237575,SETTLED,00,250.0,BANK_B
TXN002606,2026-08-26 06:05:12.679285,2026-08-26 06:14:06.521373,SETTLED,00,250.0,BANK_A
TXN002607,2026-08-09 08:02:24.540793,2026-08-09 08:12:10.889027,SETTLED,00,2500.0,BANK_B
TXN002608,2026-09-04 23:22:09.396423,2026-09-04 23:28:28.893430,SETTLED,00,10000.0,BANK_D
TXN002609,2026-08-02 09:57:39.183761,2026-08-02 10:18:35.757854,PROCESSING,PENDING,500.0,BANK_D
TXN002610,2026-08-21 17:04:19.866658,2026-08-21 17:08:58.145389,SETTLED,00,2000.0,BANK_A
TXN002611,2026-08-09 09:15:29.337055,2026-08-09 09:22:49.868704,SETTLED,00,250.0,BANK_D
TXN002612,2026-08-19 22:19:25.717026,2026-08-19 22:25:52.254273,SETTLED,00,1500.0,BANK_B
TXN002613,2026-08-08 09:17:35.846313,2026-08-08 09:45:20.358859,PROCESSING,PENDING,2000.0,BANK_A
TXN002614,2026-08-04 19:44:52.507720,,NOT_FOUND,NA,,BANK_C
TXN002617,2026-08-18 07:11:33.072572,2026-08-18 07:20:09.183069,SETTLED,00,500.0,BANK_C
TXN002618,2026-08-28 11:53:28.988813,2026-08-28 12:21:46.780314,PROCESSING,PENDING,10000.0,BANK_D
TXN002619,2026-08-13 16:44:28.675001,2026-08-13 16:51:41.883478,SETTLED,00,1500.0,BANK_B
TXN002620,2026-09-01 17:30:43.405038,2026-09-01 17:36:36.289151,SETTLED,00,250.0,BANK_D
TXN002621,2026-08-26 05:32:28.174024,2026-08-26 05:36:51.424116,SETTLED,00,250.0,BANK_A
TXN002622,2026-09-02 13:42:02.874116,2026-09-02 13:45:53.861941,SETTLED,00,500.0,BANK_A
TXN002623,2026-08-20 16:41:21.737406,2026-08-20 16:48:15.133329,SETTLED,00,250.0,BANK_D
TXN002624,2026-08-03 10:11:11.738561,2026-08-03 10:11:41.738561,SETTLED,00,5000.0,BANK_A
TXN002625,2026-08-26 06:46:57.088951,2026-08-26 06:55:09.465278,SETTLED,00,500.0,BANK_A
TXN002626,2026-08-06 10:46:35.770746,2026-08-06 10:50:28.413858,SETTLED,00,250.0,BANK_A
TXN002627,2026-08-04 01:08:29.067324,2026-08-04 01:44:34.683777,PROCESSING,PENDING,750.0,BANK_C
TXN002628,2026-08-29 02:23:18.371961,2026-08-29 02:33:15.195696,SETTLED,00,250.0,BANK_A
TXN002629,2026-08-01 22:30:33.988389,2026-08-01 22:36:59.637339,SETTLED,00,5000.0,BANK_C
TXN002630,2026-08-29 20:10:22.849817,2026-08-29 20:42:56.841723,PROCESSING,PENDING,250.0,BANK_D
TXN002631,2026-08-20 17:35:47.874549,2026-08-20 17:44:01.597171,SETTLED,00,1500.0,BANK_D
TXN002632,2026-08-31 09:34:25.544581,2026-08-31 09:40:51.934033,SETTLED,00,2000.0,BANK_A
TXN002633,2026-08-30 18:17:08.198082,2026-08-30 18:24:19.451030,SETTLED,00,5000.0,BANK_C
TXN002634,2026-08-10 01:58:20.207043,2026-08-10 02:17:18.922433,PROCESSING,PENDING,100.0,BANK_D
TXN002635,2026-08-15 01:32:52.299866,2026-08-15 01:39:13.441303,SETTLED,00,2000.0,BANK_C
TXN002636,2026-08-14 12:41:02.882955,2026-08-14 12:49:01.505053,SETTLED,00,1500.0,BANK_C
TXN002637,2026-08-17 23:01:42.878595,2026-08-17 23:22:27.124582,PROCESSING,PENDING,500.0,BANK_B
TXN002638,2026-08-19 10:43:29.585614,2026-08-19 11:10:21.378564,PROCESSING,PENDING,1000.0,BANK_D
TXN002639,2026-08-26 15:06:00.875108,2026-08-26 15:12:19.152868,SETTLED,00,500.0,BANK_B
TXN002640,2026-09-03 09:34:08.254817,2026-09-03 09:41:28.345088,SETTLED,00,25000.0,BANK_A
TXN002641,2026-08-23 07:51:42.016887,2026-08-23 07:59:28.099312,SETTLED,00,250.0,BANK_B
TXN002642,2026-08-28 14:34:40.564338,2026-08-28 14:43:48.747235,SETTLED,00,5000.0,BANK_A
TXN002643,2026-08-10 22:41:51.340601,2026-08-10 23:14:19.195774,PROCESSING,PENDING,250.0,BANK_D
TXN002644,2026-08-08 07:16:18.344482,2026-08-08 07:21:49.186848,SETTLED,00,100.0,BANK_B
TXN002645,2026-08-13 10:19:47.742294,2026-08-13 10:43:39.233824,PROCESSING,PENDING,2500.0,BANK_B
TXN002647,2026-08-15 05:00:41.383971,,NOT_FOUND,NA,,BANK_B
TXN002648,2026-08-22 06:37:13.499178,2026-08-22 06:42:58.990256,SETTLED,00,500.0,BANK_D
TXN002649,2026-08-23 18:05:30.650540,2026-08-23 18:07:26.986863,SETTLED,00,2000.0,BANK_A
TXN002650,2026-08-07 20:26:57.766075,2026-08-07 20:34:17.007323,SETTLED,00,2000.0,BANK_A
TXN002651,2026-08-04 23:19:00.085052,2026-08-04 23:25:42.970869,SETTLED,00,250.0,BANK_A
TXN002652,2026-08-12 05:50:17.981144,2026-08-12 05:57:41.494653,SETTLED,00,1000.0,BANK_B
TXN002653,2026-08-06 05:37:11.036246,2026-08-06 05:42:46.350490,SETTLED,00,2000.0,BANK_A
TXN002654,2026-08-11 20:21:33.401737,2026-08-11 20:24:53.623139,SETTLED,00,1000.0,BANK_D
TXN002655,2026-08-29 02:57:23.967964,2026-08-29 03:01:00.937530,SETTLED,00,1000.0,BANK_C
TXN002656,2026-08-05 13:52:19.245256,2026-08-05 13:58:51.812163,SETTLED,00,750.0,BANK_B
TXN002657,2026-09-01 16:57:39.959587,2026-09-01 17:05:25.062982,SETTLED,00,2000.0,BANK_C
TXN002658,2026-08-05 03:13:52.505680,2026-08-05 03:21:58.825411,SETTLED,00,500.0,BANK_C
TXN002659,2026-08-15 19:16:51.496915,2026-08-15 19:24:09.082576,SETTLED,00,750.0,BANK_B
TXN002660,2026-09-02 07:52:23.863835,2026-09-02 07:59:07.766155,SETTLED,00,250.0,BANK_C
TXN002661,2026-08-29 05:42:48.001784,2026-08-29 05:44:13.249943,SETTLED,00,250.0,BANK_C
TXN002662,2026-08-29 11:53:17.134792,2026-08-29 11:57:07.591838,SETTLED,00,5000.0,BANK_C
TXN002663,2026-08-22 03:06:49.003858,2026-08-22 03:14:07.585219,SETTLED,00,1000.0,BANK_A
TXN002664,2026-09-04 10:26:49.724576,2026-09-04 10:32:04.435397,SETTLED,00,500.0,BANK_A
TXN002665,2026-08-09 12:03:38.408061,2026-08-09 12:08:05.057242,SETTLED,00,2000.0,BANK_A
TXN002666,2026-08-13 03:41:46.277324,2026-08-13 03:46:58.517283,SETTLED,00,250.0,BANK_D
TXN002667,2026-08-31 20:41:36.887500,2026-08-31 21:03:10.462301,PROCESSING,PENDING,750.0,BANK_C
TXN002668,2026-08-31 15:39:20.179235,2026-08-31 15:49:02.432761,SETTLED,00,5000.0,BANK_C
TXN002669,2026-09-02 17:32:54.622085,2026-09-02 17:46:09.902956,PROCESSING,PENDING,2000.0,BANK_D
TXN002670,2026-08-08 08:04:21.047509,2026-08-08 08:11:07.282265,SETTLED,00,100.0,BANK_B
TXN002671,2026-09-03 08:29:34.781462,2026-09-03 08:54:59.745380,PROCESSING,PENDING,500.0,BANK_A
TXN002672,2026-08-20 23:15:35.680300,2026-08-20 23:22:14.369289,SETTLED,00,1500.0,BANK_B
TXN002673,2026-09-03 01:08:41.093906,,NOT_FOUND,NA,,BANK_A
TXN002674,2026-09-02 18:42:42.765082,2026-09-02 18:51:55.093886,SETTLED,00,100.0,BANK_C
TXN002675,2026-08-23 00:55:43.786392,2026-08-23 01:02:48.209666,SETTLED,00,250.0,BANK_A
TXN002676,2026-08-04 02:17:14.157354,2026-08-04 02:18:13.864709,SETTLED,00,5000.0,BANK_A
TXN002677,2026-09-03 06:22:29.125926,2026-09-03 06:31:46.920667,SETTLED,00,750.0,BANK_B
TXN002678,2026-08-12 01:55:14.423605,2026-08-12 02:03:13.041882,SETTLED,00,750.0,BANK_D
TXN002679,2026-08-23 10:14:27.972271,2026-08-23 10:24:00.371148,SETTLED,00,5000.0,BANK_C
TXN002680,2026-08-03 22:09:48.238458,2026-08-03 22:16:27.614868,SETTLED,00,750.0,BANK_A
TXN002681,2026-08-03 19:56:23.091644,2026-08-03 19:58:20.832442,SETTLED,00,1500.0,BANK_B
TXN002682,2026-08-05 17:09:02.179196,,NOT_FOUND,NA,,BANK_D
TXN002683,2026-08-14 19:41:48.275008,2026-08-14 19:42:47.980648,SETTLED,00,5000.0,BANK_D
TXN002684,2026-09-03 04:49:36.074272,2026-09-03 04:52:25.230725,SETTLED,00,750.0,BANK_B
TXN002685,2026-08-26 21:19:22.517251,2026-08-26 21:25:03.571305,SETTLED,00,750.0,BANK_D
TXN002686,2026-08-13 19:46:14.774831,2026-08-13 19:56:33.285491,SETTLED,00,250.0,BANK_D
TXN002687,2026-08-22 11:10:47.709081,2026-08-22 11:11:17.709081,SETTLED,00,100.0,BANK_C
TXN002688,2026-08-10 18:17:04.485056,2026-08-10 18:53:34.514386,PROCESSING,PENDING,1000.0,BANK_B
TXN002689,2026-08-20 17:42:04.966255,2026-08-20 18:14:07.802873,PROCESSING,PENDING,25000.0,BANK_D
TXN002690,2026-08-08 09:58:36.481725,2026-08-08 10:17:32.581600,PROCESSING,PENDING,2000.0,BANK_A
TXN002691,2026-08-01 00:50:11.767649,2026-08-01 00:55:23.208513,SETTLED,00,500.0,BANK_A
TXN002692,2026-08-09 20:06:46.373542,2026-08-09 20:12:18.946577,SETTLED,00,1000.0,BANK_A
TXN002693,2026-08-25 11:29:59.960220,2026-08-25 11:35:01.190441,SETTLED,00,1000.0,BANK_C
TXN002694,2026-08-15 23:04:56.289846,2026-08-15 23:07:38.726592,SETTLED,00,5000.0,BANK_D
TXN002695,2026-08-08 01:01:21.415901,2026-08-08 01:07:35.293897,SETTLED,00,2500.0,BANK_B
TXN002696,2026-09-03 18:02:02.922392,2026-09-03 18:04:49.912455,SETTLED,00,5000.0,BANK_A
TXN002697,2026-08-08 00:10:05.771988,,NOT_FOUND,NA,,BANK_A
TXN002698,2026-08-22 03:14:19.330322,2026-08-22 03:43:49.274768,PROCESSING,PENDING,250.0,BANK_B
TXN002699,2026-08-14 18:42:51.071807,2026-08-14 18:47:49.895263,SETTLED,00,100.0,BANK_C
TXN002700,2026-08-02 21:10:41.491041,2026-08-02 21:16:52.870624,SETTLED,00,500.0,BANK_C
TXN002701,2026-08-09 10:15:32.801908,2026-08-09 10:19:38.205807,SETTLED,00,250.0,BANK_B
TXN002703,2026-08-14 17:01:49.551621,2026-08-14 17:05:49.234140,SETTLED,00,250.0,BANK_B
TXN002704,2026-09-02 03:29:37.527467,2026-09-02 03:31:25.168722,SETTLED,00,2500.0,BANK_C
TXN002705,2026-08-28 01:54:00.523741,2026-08-28 02:37:18.219852,PROCESSING,PENDING,750.0,BANK_D
TXN002706,2026-08-15 04:09:23.228996,2026-08-15 04:21:58.529708,PROCESSING,PENDING,250.0,BANK_B
TXN002707,2026-08-22 20:07:01.182387,2026-08-22 20:41:13.984898,PROCESSING,PENDING,250.0,BANK_C
TXN002708,2026-08-19 06:28:41.074088,2026-08-19 06:29:53.917689,SETTLED,00,1000.0,BANK_C
TXN002709,2026-08-14 19:53:08.943158,2026-08-14 19:59:02.057429,SETTLED,00,2000.0,BANK_C
TXN002710,2026-08-11 18:30:41.452266,2026-08-11 18:34:53.274375,SETTLED,00,2000.0,BANK_D
TXN002711,2026-08-25 20:24:12.608157,2026-08-25 20:33:45.840066,SETTLED,00,2500.0,BANK_A
TXN002712,2026-09-03 06:33:58.645638,2026-09-03 06:41:23.105290,SETTLED,00,1500.0,BANK_A
TXN002713,2026-08-14 10:45:13.862501,2026-08-14 10:48:01.349130,SETTLED,00,5000.0,BANK_D
TXN002714,2026-08-10 08:55:32.926597,2026-08-10 09:07:50.989459,SETTLED,00,250.0,BANK_A
TXN002715,2026-08-05 15:14:22.129790,2026-08-05 15:34:53.903597,PROCESSING,PENDING,25000.0,BANK_C
TXN002716,2026-08-23 14:16:10.446694,2026-08-23 14:21:45.607574,SETTLED,00,250.0,BANK_D
TXN002717,2026-08-23 14:09:27.547135,2026-08-23 14:34:50.354047,PROCESSING,PENDING,2000.0,BANK_B
TXN002718,2026-08-03 21:14:23.970440,2026-08-03 21:51:05.025559,PROCESSING,PENDING,250.0,BANK_B
TXN002719,2026-08-10 19:47:47.719144,2026-08-10 19:55:02.984648,SETTLED,00,2000.0,BANK_C
TXN002720,2026-08-15 18:48:50.824551,2026-08-15 18:57:40.552348,SETTLED,00,1500.0,BANK_B
TXN002721,2026-08-14 18:39:45.330865,2026-08-14 18:43:26.154345,SETTLED,00,250.0,BANK_D
TXN002722,2026-08-29 00:10:00.509014,2026-08-29 00:17:17.069280,SETTLED,00,250.0,BANK_D
TXN002723,2026-08-28 06:32:52.859632,2026-08-28 06:38:55.972543,SETTLED,00,100.0,BANK_C
TXN002724,2026-08-28 05:27:12.695822,2026-08-28 05:32:42.526118,SETTLED,00,750.0,BANK_D
TXN002725,2026-08-31 18:32:35.392395,2026-08-31 18:49:41.904087,PROCESSING,PENDING,2500.0,BANK_A
TXN002726,2026-08-16 05:23:36.824653,2026-08-16 05:30:04.065865,SETTLED,00,2000.0,BANK_C
TXN002727,2026-08-23 09:56:19.649509,,NOT_FOUND,NA,,BANK_A
TXN002728,2026-08-16 06:49:14.557415,2026-08-16 06:53:40.113237,SETTLED,00,1500.0,BANK_A
TXN002729,2026-08-08 15:25:23.711760,2026-08-08 15:29:42.534442,SETTLED,00,1000.0,BANK_B
TXN002730,2026-08-12 09:26:25.167682,2026-08-12 09:46:10.698487,PROCESSING,PENDING,5000.0,BANK_D
TXN002731,2026-09-04 23:43:21.697702,2026-09-04 23:47:52.374429,SETTLED,00,1500.0,BANK_B
TXN002732,2026-08-30 07:40:13.531648,2026-08-30 07:45:49.146447,SETTLED,00,500.0,BANK_C
TXN002733,2026-08-13 13:44:36.842578,2026-08-13 13:54:08.045958,SETTLED,00,100.0,BANK_D
TXN002734,2026-08-17 01:21:49.721997,2026-08-17 01:45:44.707914,PROCESSING,PENDING,500.0,BANK_D
TXN002735,2026-08-23 00:37:36.327376,,NOT_FOUND,NA,,BANK_A
TXN002736,2026-08-31 14:10:16.301270,2026-08-31 14:15:20.807822,SETTLED,00,1000.0,BANK_B
TXN002737,2026-08-11 12:09:17.043693,2026-08-11 12:17:17.696238,SETTLED,00,250.0,BANK_A
TXN002738,2026-08-17 15:08:49.723565,,NOT_FOUND,NA,,BANK_C
TXN002739,2026-08-31 12:05:47.494261,2026-08-31 12:12:18.465666,SETTLED,00,750.0,BANK_C
TXN002740,2026-08-25 01:42:47.015187,2026-08-25 01:49:07.505648,SETTLED,00,1000.0,BANK_D
TXN002741,2026-08-23 22:12:56.080078,2026-08-23 22:20:48.589735,SETTLED,00,750.0,BANK_A
TXN002742,2026-08-08 03:26:24.557975,2026-08-08 03:29:28.416175,SETTLED,00,500.0,BANK_B
TXN002743,2026-08-10 13:37:54.323752,2026-08-10 13:43:02.237154,SETTLED,00,10000.0,BANK_D
TXN002745,2026-09-04 21:44:26.152253,2026-09-04 21:51:50.706168,SETTLED,00,500.0,BANK_C
TXN002746,2026-08-19 13:39:12.836892,2026-08-19 13:40:27.055022,SETTLED,00,100.0,BANK_D
TXN002747,2026-08-16 00:17:56.227583,2026-08-16 00:24:29.065976,SETTLED,00,5000.0,BANK_A
TXN002748,2026-08-14 07:27:26.295801,2026-08-14 07:42:33.157107,PROCESSING,PENDING,1500.0,BANK_C
TXN002749,2026-08-20 16:26:12.000000,2026-08-20 16:31:21.399709,SETTLED,00,1000.0,BANK_C
TXN002750,2026-08-14 01:49:08.523381,,NOT_FOUND,NA,,BANK_C
TXN002751,2026-08-30 03:13:07.364506,2026-08-30 03:17:26.074705,SETTLED,00,5000.0,BANK_A
TXN002752,2026-08-16 12:47:26.728865,2026-08-16 12:52:34.091824,SETTLED,00,1500.0,BANK_D
TXN002753,2026-08-17 00:08:03.480685,2026-08-17 00:19:27.325698,SETTLED,00,500.0,BANK_C
TXN002754,2026-08-24 07:44:08.424451,2026-08-24 08:04:56.367704,PROCESSING,PENDING,100.0,BANK_C
TXN002755,2026-08-23 15:27:19.623795,2026-08-23 15:34:21.934787,SETTLED,00,750.0,BANK_A
TXN002756,2026-08-03 07:43:32.977148,2026-08-03 07:52:25.389774,SETTLED,00,2500.0,BANK_B
TXN002757,2026-08-01 07:58:39.945495,2026-08-01 08:01:28.404612,SETTLED,00,2500.0,BANK_C
TXN002758,2026-08-08 04:36:53.335059,2026-08-08 04:42:50.165442,SETTLED,00,250.0,BANK_A
TXN002759,2026-08-26 21:39:43.116466,2026-08-26 22:13:48.951562,PROCESSING,PENDING,750.0,BANK_B
TXN002760,2026-08-16 07:18:59.985652,2026-08-16 07:21:40.330778,SETTLED,00,250.0,BANK_D
TXN002761,2026-08-29 09:29:29.734176,2026-08-29 09:38:15.828470,SETTLED,00,250.0,BANK_A
TXN002762,2026-08-25 22:35:49.612257,2026-08-25 22:40:44.503450,SETTLED,00,25000.0,BANK_A
TXN002763,2026-09-02 19:24:32.842806,2026-09-02 19:27:04.593295,SETTLED,00,100.0,BANK_B
TXN002764,2026-09-02 22:18:45.249160,2026-09-02 22:19:15.249160,SETTLED,00,750.0,BANK_C
TXN002765,2026-08-08 18:24:40.442898,2026-08-08 18:41:32.049635,PROCESSING,PENDING,2500.0,BANK_A
TXN002766,2026-08-05 10:31:17.286013,2026-08-05 10:36:55.937254,SETTLED,00,1000.0,BANK_B
TXN002767,2026-08-27 13:31:09.025694,2026-08-27 13:34:54.229686,SETTLED,00,500.0,BANK_A
TXN002768,2026-08-29 04:38:14.084758,2026-08-29 04:45:30.492111,SETTLED,00,250.0,BANK_D
TXN002769,2026-08-15 19:44:56.354947,2026-08-15 19:53:42.680872,SETTLED,00,1000.0,BANK_D
TXN002770,2026-08-16 11:49:03.285676,,NOT_FOUND,NA,,BANK_A
TXN002771,2026-08-08 01:56:19.040073,2026-08-08 02:01:56.339723,SETTLED,00,100.0,BANK_D
TXN002772,2026-08-21 16:44:53.313397,2026-08-21 16:46:14.637566,SETTLED,00,750.0,BANK_B
TXN002773,2026-08-05 15:16:06.250433,2026-08-05 15:20:44.136348,SETTLED,00,500.0,BANK_D
TXN002774,2026-09-04 21:30:38.444878,2026-09-04 21:46:49.321746,PROCESSING,PENDING,750.0,BANK_D
TXN002775,2026-08-30 06:37:27.344263,2026-08-30 06:45:30.239190,SETTLED,00,250.0,BANK_C
TXN002776,2026-08-27 11:44:24.522810,2026-08-27 11:48:12.678234,SETTLED,00,100.0,BANK_C
TXN002777,2026-08-11 11:54:47.384908,2026-08-11 12:01:27.902450,SETTLED,00,2500.0,BANK_D
TXN002778,2026-09-01 23:58:15.577578,2026-09-02 00:00:13.183365,SETTLED,00,500.0,BANK_A
TXN002779,2026-08-21 01:46:19.899981,2026-08-21 01:57:39.647845,SETTLED,00,1500.0,BANK_D
TXN002780,2026-08-26 21:53:17.957410,2026-08-26 21:57:42.679636,SETTLED,00,2000.0,BANK_B
TXN002781,2026-08-28 15:04:55.407049,2026-08-28 15:08:21.323829,SETTLED,00,750.0,BANK_A
TXN002782,2026-09-02 22:02:41.094467,2026-09-02 22:08:30.596549,SETTLED,00,2000.0,BANK_D
TXN002783,2026-08-23 11:13:53.119822,2026-08-23 11:17:21.012632,SETTLED,00,1000.0,BANK_D
TXN002784,2026-08-13 21:32:16.533388,2026-08-13 21:41:18.464002,SETTLED,00,2000.0,BANK_A
TXN002785,2026-08-13 05:42:44.037303,2026-08-13 05:48:28.466213,SETTLED,00,750.0,BANK_D
TXN002786,2026-08-27 09:50:51.046006,,NOT_FOUND,NA,,BANK_A
TXN002787,2026-08-13 16:15:59.345960,2026-08-13 16:25:15.015767,SETTLED,00,5000.0,BANK_C
TXN002789,2026-08-28 20:53:04.684704,2026-08-28 21:37:41.707041,PROCESSING,PENDING,2500.0,BANK_B
TXN002790,2026-08-11 21:17:22.306647,2026-08-11 21:21:44.008661,SETTLED,00,500.0,BANK_D
TXN002791,2026-08-04 23:41:42.170495,,NOT_FOUND,NA,,BANK_D
TXN002792,2026-08-14 13:26:18.858135,2026-08-14 13:31:32.012760,SETTLED,00,1000.0,BANK_D
TXN002793,2026-08-02 20:51:59.500881,2026-08-02 20:54:45.072637,SETTLED,00,250.0,BANK_C
TXN002794,2026-08-17 15:33:53.144318,2026-08-17 15:49:45.203774,PROCESSING,PENDING,2500.0,BANK_C
TXN002795,2026-08-10 13:23:53.156423,2026-08-10 13:27:39.326496,SETTLED,00,2000.0,BANK_B
TXN002796,2026-08-22 00:03:31.239035,2026-08-22 00:40:21.079990,PROCESSING,PENDING,100.0,BANK_C
TXN002797,2026-08-14 21:59:11.258085,2026-08-14 22:22:23.010751,PROCESSING,PENDING,5000.0,BANK_A
TXN002798,2026-08-15 04:30:59.181876,2026-08-15 04:37:58.933907,SETTLED,00,250.0,BANK_C
TXN002799,2026-08-26 19:59:56.502634,2026-08-26 20:07:41.068365,SETTLED,00,2000.0,BANK_B
TXN002800,2026-08-28 12:47:12.000000,2026-08-28 12:48:10.824027,SETTLED,00,1000.0,BANK_D
TXN002801,2026-08-16 09:35:16.765111,2026-08-16 09:42:19.978129,SETTLED,00,250.0,BANK_D
TXN002802,2026-08-12 23:48:47.486010,2026-08-12 23:53:18.444267,SETTLED,00,1500.0,BANK_C
TXN002803,2026-08-04 17:56:16.482940,,NOT_FOUND,NA,,BANK_B
TXN002804,2026-08-13 17:55:09.752148,2026-08-13 17:56:44.760991,SETTLED,00,500.0,BANK_C
TXN002805,2026-08-11 09:11:47.070607,2026-08-11 09:19:40.230627,SETTLED,00,750.0,BANK_B
TXN002806,2026-08-10 22:58:17.351448,2026-08-10 23:09:49.821225,PROCESSING,PENDING,250.0,BANK_C
TXN002807,2026-08-02 06:03:00.709330,2026-08-02 06:10:18.825546,SETTLED,00,500.0,BANK_C
TXN002808,2026-08-18 10:52:40.999241,2026-08-18 11:29:10.222192,PROCESSING,PENDING,100.0,BANK_A
TXN002809,2026-08-07 00:23:49.124964,2026-08-07 00:31:58.512006,SETTLED,00,2500.0,BANK_A
TXN002810,2026-08-01 09:03:37.070731,2026-08-01 09:07:46.219184,SETTLED,00,100.0,BANK_B
TXN002811,2026-08-06 23:38:03.492345,2026-08-06 23:44:24.613291,SETTLED,00,250.0,BANK_A
TXN002812,2026-09-04 13:56:26.554603,2026-09-04 13:57:58.585995,SETTLED,00,2500.0,BANK_D
TXN002813,2026-08-07 11:36:19.515331,2026-08-07 11:42:50.512245,SETTLED,00,250.0,BANK_C
TXN002814,2026-08-24 14:40:25.997733,2026-08-24 14:41:39.701663,SETTLED,00,2000.0,BANK_B
TXN002815,2026-08-10 06:20:09.563894,2026-08-10 06:39:18.523013,PROCESSING,PENDING,500.0,BANK_B
TXN002816,2026-08-30 21:35:43.226528,2026-08-30 22:29:26.797259,PROCESSING,PENDING,500.0,BANK_B
TXN002817,2026-08-12 19:07:38.410495,2026-08-12 19:42:20.218274,PROCESSING,PENDING,1000.0,BANK_A
TXN002818,2026-08-30 04:41:52.649047,,NOT_FOUND,NA,,BANK_B
TXN002819,2026-09-04 14:00:06.537602,2026-09-04 14:06:12.092006,SETTLED,00,500.0,BANK_C
TXN002820,2026-08-04 18:12:18.236324,,NOT_FOUND,NA,,BANK_A
TXN002821,2026-08-24 20:43:22.669699,2026-08-24 21:19:04.670224,PROCESSING,PENDING,25000.0,BANK_D
TXN002822,2026-08-21 22:48:28.879666,2026-08-21 22:54:59.981854,SETTLED,00,250.0,BANK_B
TXN002823,2026-08-06 22:04:17.239166,2026-08-06 22:12:22.644292,SETTLED,00,500.0,BANK_B
TXN002824,2026-08-10 16:17:57.840541,2026-08-10 16:21:08.209009,SETTLED,00,1500.0,BANK_A
TXN002825,2026-08-29 11:00:40.054524,2026-08-29 11:04:20.763558,SETTLED,00,100.0,BANK_B
TXN002826,2026-08-29 15:11:12.904835,2026-08-29 15:19:02.418643,SETTLED,00,2000.0,BANK_C
TXN002827,2026-08-03 19:59:12.000000,2026-08-03 20:08:14.189393,SETTLED,00,1000.0,BANK_C
TXN002828,2026-08-11 09:34:57.422080,2026-08-11 09:46:43.705910,SETTLED,00,250.0,BANK_D
TXN002829,2026-08-15 03:08:44.670670,2026-08-15 03:13:05.505559,SETTLED,00,1500.0,BANK_D
TXN002830,2026-08-28 21:16:20.689514,2026-08-28 21:18:17.396616,SETTLED,00,1000.0,BANK_A
TXN002831,2026-09-01 17:09:36.909770,2026-09-01 17:17:19.726694,SETTLED,00,500.0,BANK_A
TXN002832,2026-08-23 20:50:34.737102,2026-08-23 20:55:46.130961,SETTLED,00,1500.0,BANK_D
TXN002833,2026-08-09 00:37:43.884074,2026-08-09 00:40:44.657687,SETTLED,00,750.0,BANK_D
TXN002834,2026-09-02 14:58:31.102980,2026-09-02 15:03:19.160886,SETTLED,00,250.0,BANK_D
TXN002835,2026-08-13 19:31:35.822836,2026-08-13 19:38:14.472601,SETTLED,00,2500.0,BANK_B
TXN002836,2026-08-14 21:23:09.167250,2026-08-14 21:44:49.102734,PROCESSING,PENDING,250.0,BANK_C
TXN002837,2026-08-08 14:55:54.228570,2026-08-08 15:05:11.616652,SETTLED,00,250.0,BANK_B
TXN002838,2026-08-16 17:07:07.860580,,NOT_FOUND,NA,,BANK_C
TXN002839,2026-08-27 12:18:24.655577,2026-08-27 12:21:22.363915,SETTLED,00,500.0,BANK_C
TXN002840,2026-08-31 10:36:21.118438,2026-08-31 11:19:51.767513,PROCESSING,PENDING,500.0,BANK_C
TXN002841,2026-08-22 23:46:26.290366,2026-08-22 23:49:12.666806,SETTLED,00,2000.0,BANK_A
TXN002842,2026-08-02 23:26:58.855513,2026-08-02 23:34:17.198046,SETTLED,00,1500.0,BANK_A
TXN002843,2026-08-08 19:02:13.845051,2026-08-08 19:26:53.668356,PROCESSING,PENDING,10000.0,BANK_A
TXN002844,2026-08-16 06:28:29.623376,2026-08-16 06:35:19.351573,SETTLED,00,100.0,BANK_D
TXN002845,2026-08-12 12:31:32.378001,,NOT_FOUND,NA,,BANK_C
TXN002846,2026-08-02 01:01:46.432063,,NOT_FOUND,NA,,BANK_C
TXN002847,2026-08-04 20:42:53.532602,2026-08-04 20:49:31.904564,SETTLED,00,750.0,BANK_B
TXN002848,2026-08-18 13:51:40.956297,2026-08-18 14:00:01.733644,SETTLED,00,2500.0,BANK_D
TXN002849,2026-08-25 14:53:36.674648,2026-08-25 14:55:54.627217,SETTLED,00,100.0,BANK_B
TXN002850,2026-08-15 04:05:47.272286,2026-08-15 04:11:30.290132,SETTLED,00,1500.0,BANK_D
TXN002851,2026-08-13 09:01:21.772155,2026-08-13 09:07:24.972937,SETTLED,00,100.0,BANK_C
TXN002852,2026-09-01 16:47:09.979527,2026-09-01 16:53:57.835709,SETTLED,00,1500.0,BANK_D
TXN002853,2026-08-25 14:00:59.780799,2026-08-25 14:09:49.728227,SETTLED,00,100.0,BANK_A
TXN002854,2026-09-02 12:09:12.827683,2026-09-02 12:18:24.414310,SETTLED,00,2000.0,BANK_B
TXN002856,2026-08-18 21:39:41.045533,2026-08-18 21:42:40.875588,SETTLED,00,25000.0,BANK_C
TXN002857,2026-09-02 06:22:58.278781,2026-09-02 06:31:42.014134,SETTLED,00,1500.0,BANK_A
TXN002858,2026-08-02 16:01:17.150370,2026-08-02 16:27:30.083829,PROCESSING,PENDING,2000.0,BANK_B
TXN002859,2026-08-05 08:12:46.750938,2026-08-05 08:38:02.183759,PROCESSING,PENDING,5000.0,BANK_A
TXN002860,2026-08-14 09:35:00.830002,2026-08-14 10:07:36.608169,PROCESSING,PENDING,250.0,BANK_D
TXN002861,2026-08-24 17:13:31.449387,2026-08-24 17:21:44.195853,SETTLED,00,5000.0,BANK_C
TXN002862,2026-08-24 13:19:09.940511,2026-08-24 13:20:47.583867,SETTLED,00,5000.0,BANK_A
TXN002863,2026-08-04 07:36:32.429557,2026-08-04 08:10:11.088561,PROCESSING,PENDING,250.0,BANK_C
TXN002864,2026-08-07 14:58:10.415785,2026-08-07 15:01:37.268742,SETTLED,00,2000.0,BANK_C
TXN002865,2026-08-06 18:59:44.726482,,NOT_FOUND,NA,,BANK_B
TXN002866,2026-08-16 12:24:15.218063,2026-08-16 12:34:12.923725,SETTLED,00,250.0,BANK_B
TXN002867,2026-08-26 20:45:58.468387,2026-08-26 20:55:46.223440,SETTLED,00,2000.0,BANK_C
TXN002868,2026-08-24 07:29:08.251079,2026-08-24 07:32:45.297262,SETTLED,00,1000.0,BANK_D
TXN002869,2026-08-24 06:37:38.432825,,NOT_FOUND,NA,,BANK_D
TXN002870,2026-08-10 13:56:14.699523,2026-08-10 13:59:00.303136,SETTLED,00,500.0,BANK_A
TXN002871,2026-08-26 19:27:37.558007,2026-08-26 19:33:44.213419,SETTLED,00,100.0,BANK_B
TXN002872,2026-09-04 00:58:35.089933,2026-09-04 01:03:18.213902,SETTLED,00,2500.0,BANK_C
TXN002873,2026-08-17 10:43:49.778616,2026-08-17 10:49:54.168129,SETTLED,00,750.0,BANK_C
TXN002874,2026-08-04 12:59:07.711511,2026-08-04 13:03:02.889748,SETTLED,00,100.0,BANK_D
TXN002875,2026-08-10 17:54:03.508501,2026-08-10 17:59:40.320893,SETTLED,00,2500.0,BANK_B
TXN002876,2026-08-03 11:40:14.908010,2026-08-03 11:49:16.560188,SETTLED,00,1000.0,BANK_C
TXN002877,2026-08-05 22:31:36.453393,2026-08-05 22:36:58.992285,SETTLED,00,750.0,BANK_A
TXN002878,2026-08-23 06:33:55.633308,2026-08-23 06:43:08.955985,SETTLED,00,750.0,BANK_C
TXN002879,2026-08-20 19:39:38.648962,2026-08-20 19:42:13.298788,SETTLED,00,2000.0,BANK_B
TXN002880,2026-09-02 01:02:06.000000,,NOT_FOUND,NA,,BANK_D
TXN002881,2026-08-05 23:33:22.301596,2026-08-05 23:35:03.989643,SETTLED,00,5000.0,BANK_C
TXN002882,2026-08-17 14:00:01.165087,2026-08-17 14:07:48.577316,SETTLED,00,250.0,BANK_B
TXN002883,2026-08-28 23:13:55.337075,2026-08-28 23:19:14.636194,SETTLED,00,500.0,BANK_C
TXN002884,2026-08-31 21:21:22.516312,2026-08-31 21:27:32.664817,SETTLED,00,1000.0,BANK_D
TXN002885,2026-08-26 02:55:26.843540,2026-08-26 03:03:35.903848,SETTLED,00,100.0,BANK_A
TXN002886,2026-09-02 22:35:35.833147,2026-09-02 22:39:10.334483,SETTLED,00,5000.0,BANK_C
TXN002887,2026-08-29 00:21:55.861670,2026-08-29 00:27:06.339500,SETTLED,00,10000.0,BANK_B
TXN002888,2026-08-14 06:47:46.192316,2026-08-14 06:51:31.806506,SETTLED,00,5000.0,BANK_A
TXN002889,2026-09-01 04:39:31.331868,,NOT_FOUND,NA,,BANK_B
TXN002890,2026-08-27 00:18:30.950120,2026-08-27 00:23:42.238469,SETTLED,00,250.0,BANK_D
TXN002891,2026-08-04 21:03:01.115573,2026-08-04 21:04:14.556975,SETTLED,00,500.0,BANK_C
TXN002892,2026-08-14 00:49:12.000000,2026-08-14 01:02:00.700816,PROCESSING,PENDING,100.0,BANK_B
TXN002893,2026-08-31 01:53:46.311020,,NOT_FOUND,NA,,BANK_B
TXN002894,2026-08-28 18:25:58.780097,2026-08-28 19:04:54.078983,PROCESSING,PENDING,500.0,BANK_A
TXN002895,2026-08-17 19:49:22.362812,2026-08-17 19:51:58.125843,SETTLED,00,100.0,BANK_C
TXN002896,2026-09-01 20:02:02.047753,2026-09-01 20:08:10.432002,SETTLED,00,500.0,BANK_B
TXN002897,2026-08-05 19:40:44.030300,2026-08-05 19:41:14.030300,SETTLED,00,250.0,BANK_A
TXN002898,2026-08-28 09:46:07.828950,2026-08-28 09:49:41.700591,SETTLED,00,1500.0,BANK_A
TXN002899,2026-08-16 04:39:12.301882,,NOT_FOUND,NA,,BANK_B
TXN002900,2026-09-01 08:04:58.672896,2026-09-01 09:06:02.505128,PROCESSING,PENDING,750.0,BANK_A
TXN002901,2026-08-31 11:51:39.243588,2026-08-31 11:57:15.371428,SETTLED,00,500.0,BANK_B
TXN002902,2026-09-03 22:47:03.522603,2026-09-03 22:47:33.522603,SETTLED,00,750.0,BANK_B
TXN002903,2026-08-06 02:46:30.170525,2026-08-06 02:53:40.400383,SETTLED,00,750.0,BANK_B
TXN002904,2026-08-01 19:24:38.687745,2026-08-01 19:36:55.010291,SETTLED,00,250.0,BANK_D
TXN002905,2026-08-15 23:52:15.992204,2026-08-15 23:57:38.837162,SETTLED,00,1000.0,BANK_D
TXN002906,2026-08-16 23:08:38.877308,2026-08-16 23:16:54.169632,SETTLED,00,2000.0,BANK_C
TXN002907,2026-08-24 01:44:44.468456,2026-08-24 01:51:15.241576,SETTLED,00,5000.0,BANK_C
TXN002909,2026-09-03 12:24:50.677581,2026-09-03 12:37:20.789059,SETTLED,00,1500.0,BANK_A
TXN002910,2026-08-03 06:12:48.695626,2026-08-03 06:23:35.951429,SETTLED,00,2500.0,BANK_C
TXN002911,2026-08-16 06:53:38.907045,2026-08-16 07:00:14.407804,SETTLED,00,1000.0,BANK_B
TXN002912,2026-08-11 06:10:39.849099,2026-08-11 06:18:39.545892,SETTLED,00,1500.0,BANK_B
TXN002913,2026-08-12 20:49:37.169964,2026-08-12 20:58:20.007696,SETTLED,00,250.0,BANK_D
TXN002914,2026-08-10 20:12:19.490689,2026-08-10 20:57:02.424538,PROCESSING,PENDING,1000.0,BANK_C
TXN002915,2026-08-17 02:09:39.946282,2026-08-17 02:14:39.192929,SETTLED,00,1000.0,BANK_D
TXN002917,2026-08-09 01:55:53.815370,,NOT_FOUND,NA,,BANK_C
TXN002918,2026-08-29 22:04:01.190726,2026-08-29 22:11:20.745123,SETTLED,00,100.0,BANK_D
TXN002919,2026-08-11 20:15:48.778404,2026-08-11 20:23:52.276097,SETTLED,00,250.0,BANK_C
TXN002920,2026-08-21 16:31:12.303897,2026-08-21 16:39:18.018626,SETTLED,00,10000.0,BANK_A
TXN002921,2026-08-28 23:55:48.481658,2026-08-29 00:08:54.580751,PROCESSING,PENDING,750.0,BANK_A
TXN002922,2026-08-21 00:24:16.460185,2026-08-21 00:29:15.332389,SETTLED,00,1500.0,BANK_C
TXN002923,2026-08-30 19:44:56.100779,2026-08-30 19:50:15.227839,SETTLED,00,500.0,BANK_C
TXN002924,2026-08-01 16:06:45.146006,2026-08-01 16:13:00.896157,SETTLED,00,2500.0,BANK_B
TXN002925,2026-08-04 23:11:28.360703,2026-08-04 23:18:57.465642,SETTLED,00,100.0,BANK_C
TXN002926,2026-08-27 05:02:35.088198,2026-08-27 05:11:31.876571,SETTLED,00,750.0,BANK_D
TXN002927,2026-08-20 02:34:45.321132,2026-08-20 02:36:58.960422,SETTLED,00,2500.0,BANK_D
TXN002928,2026-08-07 09:24:39.938885,2026-08-07 09:32:58.002993,SETTLED,00,750.0,BANK_D
TXN002929,2026-08-28 00:56:16.043893,2026-08-28 01:01:25.924612,SETTLED,00,5000.0,BANK_D
TXN002930,2026-08-05 16:20:08.601784,2026-08-05 16:23:29.004379,SETTLED,00,750.0,BANK_A
TXN002931,2026-08-03 17:36:19.370782,2026-08-03 17:45:48.785371,SETTLED,00,2000.0,BANK_D
TXN002932,2026-08-14 15:51:50.458288,2026-08-14 16:20:19.689973,PROCESSING,PENDING,500.0,BANK_B
TXN002933,2026-08-19 08:53:16.424693,,NOT_FOUND,NA,,BANK_A
TXN002934,2026-08-10 02:09:55.641134,2026-08-10 02:28:17.376774,PROCESSING,PENDING,1000.0,BANK_D
TXN002935,2026-08-26 17:50:32.035519,2026-08-26 17:54:18.275409,SETTLED,00,2500.0,BANK_C
TXN002936,2026-08-25 05:21:44.476722,2026-08-25 05:27:21.152009,SETTLED,00,2000.0,BANK_A
TXN002937,2026-08-24 16:18:03.955580,2026-08-24 16:24:59.447685,SETTLED,00,250.0,BANK_A
TXN002938,2026-08-25 05:18:59.749354,2026-08-25 05:27:11.630121,SETTLED,00,1000.0,BANK_A
TXN002939,2026-09-02 19:17:26.893770,2026-09-02 19:23:15.244389,SETTLED,00,750.0,BANK_C
TXN002940,2026-09-04 11:52:05.442669,2026-09-04 11:59:52.784561,SETTLED,00,2500.0,BANK_A
TXN002941,2026-08-16 18:38:09.459279,2026-08-16 18:46:53.004161,SETTLED,00,1500.0,BANK_B
TXN002942,2026-08-17 16:36:32.987440,2026-08-17 16:44:32.987440,PROCESSING,PENDING,1000.0,BANK_A
TXN002943,2026-08-20 15:27:00.950679,2026-08-20 15:32:23.938313,SETTLED,00,100.0,BANK_D
TXN002944,2026-08-16 12:23:25.597944,2026-08-16 12:29:37.757567,SETTLED,00,1000.0,BANK_B
TXN002945,2026-08-19 17:25:38.948117,2026-08-19 17:30:32.361317,SETTLED,00,500.0,BANK_B
TXN002946,2026-08-18 17:27:40.850660,2026-08-18 17:35:19.621463,SETTLED,00,500.0,BANK_B
TXN002947,2026-08-16 13:05:56.703602,2026-08-16 13:12:06.756451,SETTLED,00,750.0,BANK_A
TXN002948,2026-08-19 09:11:02.243006,2026-08-19 09:19:20.204332,SETTLED,00,250.0,BANK_C
TXN002949,2026-08-03 07:43:40.866940,2026-08-03 07:53:17.707232,SETTLED,00,500.0,BANK_B
TXN002950,2026-08-10 08:47:27.449635,2026-08-10 09:07:33.694570,PROCESSING,PENDING,1000.0,BANK_B
TXN002951,2026-09-03 12:11:54.959927,2026-09-03 12:15:38.013472,SETTLED,00,500.0,BANK_B
TXN002952,2026-08-13 11:16:03.892072,2026-08-13 11:23:44.895923,SETTLED,00,750.0,BANK_C
TXN002953,2026-08-22 05:49:31.769146,2026-08-22 05:55:39.178993,SETTLED,00,1500.0,BANK_B
TXN002954,2026-08-21 12:49:58.077957,2026-08-21 12:57:59.906074,SETTLED,00,100.0,BANK_C
TXN002955,2026-08-27 14:45:33.704955,2026-08-27 14:49:20.202798,SETTLED,00,100.0,BANK_A
TXN002957,2026-08-22 12:27:21.276901,2026-08-22 12:35:20.085073,SETTLED,00,5000.0,BANK_C
TXN002958,2026-08-08 07:09:10.294610,2026-08-08 07:13:46.059404,SETTLED,00,100.0,BANK_D
TXN002959,2026-08-15 10:25:19.114141,2026-08-15 10:30:34.178432,SETTLED,00,1500.0,BANK_C
TXN002960,2026-08-14 18:17:18.156432,2026-08-14 18:25:01.063310,SETTLED,00,1500.0,BANK_D
TXN002961,2026-08-17 17:53:39.216416,2026-08-17 17:59:42.613184,SETTLED,00,750.0,BANK_D
TXN002962,2026-08-19 06:25:15.469129,2026-08-19 06:35:43.641248,SETTLED,00,750.0,BANK_A
TXN002963,2026-09-03 11:54:23.389561,2026-09-03 12:01:46.616309,SETTLED,00,1500.0,BANK_C
TXN002964,2026-08-24 14:37:52.217921,2026-08-24 14:46:03.191458,SETTLED,00,500.0,BANK_D
TXN002965,2026-08-24 06:07:14.741352,2026-08-24 06:14:43.510401,SETTLED,00,250.0,BANK_A
TXN002966,2026-08-10 14:11:32.991620,2026-08-10 14:16:47.618993,SETTLED,00,1000.0,BANK_C
TXN002967,2026-09-01 06:07:48.531767,2026-09-01 06:15:21.319909,SETTLED,00,10000.0,BANK_B
TXN002968,2026-08-01 12:00:37.452624,2026-08-01 12:02:28.367698,SETTLED,00,750.0,BANK_C
TXN002969,2026-08-07 12:28:53.994945,2026-08-07 12:34:24.337140,SETTLED,00,500.0,BANK_D
TXN002970,2026-08-22 03:20:03.487531,2026-08-22 03:23:05.734334,SETTLED,00,750.0,BANK_D
TXN002971,2026-08-25 14:11:29.240204,2026-08-25 14:19:02.427526,SETTLED,00,100.0,BANK_C
TXN002972,2026-08-12 01:47:39.944963,2026-08-12 01:48:45.231062,SETTLED,00,2000.0,BANK_C
TXN002973,2026-08-22 20:52:25.298378,2026-08-22 20:55:13.450056,SETTLED,00,2500.0,BANK_B
TXN002974,2026-08-07 05:17:20.301518,2026-08-07 05:29:51.679416,SETTLED,00,100.0,BANK_B
TXN002975,2026-08-03 20:30:18.076593,2026-08-03 20:39:09.488629,SETTLED,00,100.0,BANK_C
TXN002976,2026-08-16 13:05:30.982144,2026-08-16 13:14:21.349316,SETTLED,00,5000.0,BANK_D
TXN002977,2026-08-14 18:39:10.113592,2026-08-14 18:42:14.720482,SETTLED,00,1500.0,BANK_A
TXN002978,2026-08-14 11:55:45.256072,2026-08-14 12:05:46.588320,SETTLED,00,250.0,BANK_A
TXN002979,2026-09-03 01:22:28.612772,2026-09-03 01:53:21.073670,PROCESSING,PENDING,1000.0,BANK_D
TXN002980,2026-08-09 21:04:14.170354,2026-08-09 21:09:08.232774,SETTLED,00,100.0,BANK_B
TXN002981,2026-08-29 18:10:53.063667,2026-08-29 18:33:05.242753,PROCESSING,PENDING,500.0,BANK_A
TXN002982,2026-08-09 22:26:12.000000,2026-08-09 22:56:41.515779,PROCESSING,PENDING,1500.0,BANK_D
TXN002983,2026-09-04 03:06:11.248825,2026-09-04 03:12:30.405101,SETTLED,00,500.0,BANK_C
TXN002985,2026-08-03 02:53:11.459489,2026-08-03 02:56:54.785796,SETTLED,00,250.0,BANK_D
TXN002986,2026-08-09 22:18:58.857917,2026-08-09 22:43:51.283647,PROCESSING,PENDING,250.0,BANK_C
TXN002987,2026-08-09 01:24:48.698918,2026-08-09 01:30:22.185142,SETTLED,00,5000.0,BANK_B
TXN002988,2026-08-31 08:24:17.669974,2026-08-31 08:24:47.669974,SETTLED,00,10000.0,BANK_C
TXN002989,2026-08-19 09:35:41.573448,2026-08-19 09:42:32.262491,SETTLED,00,1500.0,BANK_D
TXN002990,2026-08-21 01:52:12.488357,2026-08-21 01:56:09.179303,SETTLED,00,5000.0,BANK_D
TXN002991,2026-08-23 08:16:48.915142,2026-08-23 08:20:39.169049,SETTLED,00,100.0,BANK_C
TXN002992,2026-08-20 01:15:47.106417,2026-08-20 01:24:33.774627,SETTLED,00,1000.0,BANK_C
TXN002993,2026-09-01 10:42:11.686866,2026-09-01 10:49:27.484595,SETTLED,00,10000.0,BANK_D
TXN002994,2026-08-14 10:54:39.052365,,NOT_FOUND,NA,,BANK_C
TXN002995,2026-08-04 08:32:03.293760,2026-08-04 08:36:12.663468,SETTLED,00,250.0,BANK_B
TXN002996,2026-08-27 08:11:30.071490,2026-08-27 08:18:12.039191,SETTLED,00,250.0,BANK_A
TXN002997,2026-08-08 08:19:18.860900,2026-08-08 08:25:01.295727,SETTLED,00,250.0,BANK_B
TXN002998,2026-08-15 11:43:22.110228,,NOT_FOUND,NA,,BANK_B
TXN002999,2026-08-22 12:17:20.226200,2026-08-22 12:22:30.979334,SETTLED,00,2500.0,BANK_D
TXN003000,2026-08-07 06:59:46.279710,2026-08-07 07:10:38.824506,SETTLED,00,5000.0,BANK_C
TXN003001,2026-08-24 02:28:35.434426,2026-08-24 02:35:20.287288,SETTLED,00,750.0,BANK_A
TXN003002,2026-09-01 17:37:58.725700,2026-09-01 17:43:07.897054,SETTLED,00,25000.0,BANK_C
TXN003003,2026-08-25 04:08:12.227159,2026-08-25 04:14:12.364126,SETTLED,00,250.0,BANK_D
TXN003004,2026-08-06 15:31:16.338578,2026-08-06 15:34:08.397108,SETTLED,00,1000.0,BANK_D
TXN003005,2026-08-20 02:55:33.852935,2026-08-20 03:11:43.613503,PROCESSING,PENDING,25000.0,BANK_D
TXN003006,2026-08-24 21:03:44.163244,2026-08-24 21:07:32.261206,SETTLED,00,100.0,BANK_B
TXN003007,2026-08-19 21:35:49.521076,2026-08-19 21:38:07.030629,SETTLED,00,250.0,BANK_C
TXN003008,2026-08-24 17:53:06.540413,2026-08-24 17:59:34.852774,SETTLED,00,500.0,BANK_B
TXN003009,2026-08-26 00:37:08.619879,2026-08-26 00:50:08.157513,SETTLED,00,250.0,BANK_B
TXN003010,2026-08-21 17:20:12.375521,2026-08-21 17:27:57.288779,SETTLED,00,1000.0,BANK_B
TXN003011,2026-08-11 20:30:47.551313,2026-08-11 20:51:31.236155,PROCESSING,PENDING,500.0,BANK_B
TXN003012,2026-08-22 14:51:48.046074,2026-08-22 14:55:52.690418,SETTLED,00,2000.0,BANK_D
TXN003013,2026-08-11 09:14:42.249665,2026-08-11 10:19:00.760001,PROCESSING,PENDING,1000.0,BANK_C
TXN003015,2026-09-04 14:11:55.286979,2026-09-04 14:19:51.243701,SETTLED,00,2500.0,BANK_A
TXN003016,2026-08-08 06:48:03.461809,2026-08-08 07:29:34.219084,PROCESSING,PENDING,250.0,BANK_B
TXN003017,2026-09-04 04:00:28.782472,2026-09-04 04:03:04.089487,SETTLED,00,10000.0,BANK_A
TXN003018,2026-08-02 18:53:11.160322,2026-08-02 18:59:37.991342,SETTLED,00,2500.0,BANK_A
TXN003019,2026-08-14 13:02:44.719442,2026-08-14 13:08:39.147291,SETTLED,00,2500.0,BANK_B
TXN003020,2026-08-04 10:41:41.483155,2026-08-04 10:46:51.669479,SETTLED,00,1000.0,BANK_D
TXN003021,2026-08-08 03:45:01.316730,2026-08-08 03:47:44.514844,SETTLED,00,750.0,BANK_B
TXN003022,2026-08-31 06:03:38.340614,2026-08-31 06:13:05.693116,SETTLED,00,500.0,BANK_A
TXN003023,2026-08-29 18:28:44.946802,,NOT_FOUND,NA,,BANK_B
TXN003024,2026-08-12 07:42:19.295291,2026-08-12 08:24:48.988076,PROCESSING,PENDING,1000.0,BANK_C
TXN003025,2026-08-21 10:56:09.786315,2026-08-21 10:58:54.813777,SETTLED,00,500.0,BANK_B
TXN003026,2026-08-31 02:17:24.087817,2026-08-31 02:24:00.250162,SETTLED,00,250.0,BANK_A
TXN003027,2026-08-04 21:20:52.084689,2026-08-04 21:28:19.852115,SETTLED,00,100.0,BANK_B
TXN003028,2026-08-28 19:43:02.718539,2026-08-28 19:50:08.065093,SETTLED,00,750.0,BANK_A
TXN003029,2026-08-19 08:34:42.970646,2026-08-19 08:42:29.781871,SETTLED,00,1000.0,BANK_D
TXN003030,2026-08-01 03:29:12.000000,2026-08-01 03:36:06.819943,SETTLED,00,1000.0,BANK_D
TXN003031,2026-08-01 16:31:50.426691,2026-08-01 16:33:22.897200,SETTLED,00,10000.0,BANK_B
TXN003032,2026-08-02 11:50:47.275061,2026-08-02 11:58:47.556263,SETTLED,00,100.0,BANK_C
TXN003033,2026-08-24 00:09:48.858195,2026-08-24 00:12:39.310529,SETTLED,00,10000.0,BANK_D
TXN003034,2026-08-17 19:36:09.649955,2026-08-17 19:59:45.728085,PROCESSING,PENDING,1500.0,BANK_B
TXN003035,2026-08-24 17:13:46.063087,2026-08-24 17:20:23.971544,SETTLED,00,750.0,BANK_D
TXN003036,2026-08-07 08:26:35.766020,2026-08-07 08:30:22.989194,SETTLED,00,750.0,BANK_B
TXN003037,2026-08-08 07:18:28.695270,2026-08-08 07:26:03.068823,SETTLED,00,100.0,BANK_C
TXN003038,2026-08-17 04:40:55.867213,2026-08-17 04:46:24.686722,SETTLED,00,100.0,BANK_D
TXN003039,2026-08-10 02:33:31.821057,2026-08-10 02:54:14.141219,PROCESSING,PENDING,500.0,BANK_A
TXN003040,2026-08-12 22:18:57.959556,2026-08-12 22:23:49.031409,SETTLED,00,1000.0,BANK_B
TXN003041,2026-09-02 02:44:44.893624,2026-09-02 02:52:48.861992,SETTLED,00,500.0,BANK_C
TXN003042,2026-09-04 09:29:37.093013,2026-09-04 09:37:05.052899,SETTLED,00,100.0,BANK_D
TXN003043,2026-08-01 05:11:18.639696,2026-08-01 05:19:16.717311,SETTLED,00,750.0,BANK_B
TXN003044,2026-08-08 22:35:43.681300,2026-08-08 22:45:28.647515,SETTLED,00,750.0,BANK_A
TXN003045,2026-08-14 15:24:07.476432,2026-08-14 15:30:15.178006,SETTLED,00,5000.0,BANK_B
TXN003046,2026-08-08 17:06:54.965242,2026-08-08 17:14:09.722992,SETTLED,00,1500.0,BANK_D
TXN003047,2026-08-23 21:01:01.533553,2026-08-23 21:08:14.254227,SETTLED,00,750.0,BANK_D
TXN003048,2026-08-30 16:59:01.614212,2026-08-30 17:05:05.346354,SETTLED,00,100.0,BANK_D
TXN003049,2026-09-04 17:25:39.261683,2026-09-04 17:30:36.975764,SETTLED,00,500.0,BANK_C
TXN003050,2026-08-29 01:11:51.829614,2026-08-29 01:17:35.924500,SETTLED,00,500.0,BANK_B
TXN003051,2026-08-15 11:25:54.276587,2026-08-15 11:30:43.465401,SETTLED,00,1000.0,BANK_C
TXN003052,2026-08-05 04:39:26.568420,2026-08-05 04:41:18.374417,SETTLED,00,750.0,BANK_D
TXN003053,2026-08-16 05:22:35.556917,2026-08-16 05:28:31.824833,SETTLED,00,500.0,BANK_C
TXN003054,2026-08-14 05:36:07.983563,2026-08-14 05:41:00.776805,SETTLED,00,750.0,BANK_C
TXN003055,2026-08-03 01:20:06.453043,2026-08-03 01:30:40.231370,SETTLED,00,1500.0,BANK_A
TXN003056,2026-08-30 15:04:13.034877,2026-08-30 15:06:29.733888,SETTLED,00,250.0,BANK_A
TXN003057,2026-08-19 21:39:58.847736,2026-08-19 21:51:10.919652,SETTLED,00,750.0,BANK_A
TXN003058,2026-08-10 13:51:52.705504,2026-08-10 13:56:43.254066,SETTLED,00,2500.0,BANK_B
TXN003059,2026-08-06 06:46:36.291819,2026-08-06 06:48:00.981737,SETTLED,00,500.0,BANK_C
TXN003060,2026-08-25 18:00:02.860810,2026-08-25 18:11:02.803379,SETTLED,00,2000.0,BANK_A
TXN003061,2026-08-13 00:15:34.315639,2026-08-13 00:23:04.383476,SETTLED,00,100.0,BANK_B
TXN003062,2026-09-04 09:57:03.182411,2026-09-04 10:03:32.022929,SETTLED,00,2500.0,BANK_B
TXN003063,2026-08-23 08:20:53.997874,2026-08-23 08:26:35.057646,SETTLED,00,100.0,BANK_D
TXN003064,2026-08-23 21:10:56.643165,2026-08-23 21:22:19.536060,SETTLED,00,1500.0,BANK_A
TXN003065,2026-08-11 20:40:46.682279,2026-08-11 20:49:21.802980,SETTLED,00,1000.0,BANK_A
TXN003066,2026-08-01 05:09:16.499635,2026-08-01 05:14:42.614480,SETTLED,00,2500.0,BANK_D
TXN003067,2026-08-05 16:05:12.461078,2026-08-05 16:37:38.770656,PROCESSING,PENDING,1000.0,BANK_D
TXN003068,2026-09-04 04:39:18.510720,2026-09-04 04:45:22.599365,SETTLED,00,100.0,BANK_C
TXN003069,2026-09-01 12:02:05.598470,2026-09-01 12:07:18.037687,SETTLED,00,750.0,BANK_D
TXN003070,2026-08-05 22:01:23.382024,2026-08-05 22:26:50.072946,PROCESSING,PENDING,1000.0,BANK_B
TXN003071,2026-08-01 19:19:15.954027,2026-08-01 19:24:38.339952,SETTLED,00,10000.0,BANK_C
TXN003072,2026-08-06 14:49:18.899697,2026-08-06 15:02:26.488082,SETTLED,00,100.0,BANK_D
TXN003074,2026-08-22 21:50:32.320892,2026-08-22 21:57:28.202047,SETTLED,00,750.0,BANK_A
TXN003075,2026-09-03 15:53:44.897523,2026-09-03 16:01:18.795135,SETTLED,00,5000.0,BANK_D
TXN003076,2026-09-03 20:12:25.442668,2026-09-03 20:15:23.337131,SETTLED,00,500.0,BANK_B
TXN003077,2026-08-15 04:02:16.270265,,NOT_FOUND,NA,,BANK_C
TXN003078,2026-09-01 03:06:30.083743,2026-09-01 03:13:04.102474,SETTLED,00,1500.0,BANK_D
TXN003079,2026-08-18 10:32:02.234342,2026-08-18 10:38:28.646053,SETTLED,00,2500.0,BANK_A
TXN003080,2026-08-13 04:29:04.165614,2026-08-13 04:37:44.831491,SETTLED,00,2500.0,BANK_C
TXN003081,2026-08-23 11:19:25.939160,2026-08-23 11:25:34.993770,SETTLED,00,500.0,BANK_B
TXN003082,2026-08-19 06:13:45.594801,2026-08-19 06:18:49.706538,SETTLED,00,750.0,BANK_C
TXN003083,2026-08-18 21:51:40.372277,2026-08-18 22:22:14.179445,PROCESSING,PENDING,100.0,BANK_D
TXN003084,2026-08-10 17:54:59.456379,2026-08-10 18:00:47.200286,SETTLED,00,250.0,BANK_A
TXN003085,2026-08-22 14:14:36.973914,2026-08-22 14:19:37.103041,SETTLED,00,250.0,BANK_B
TXN003086,2026-08-26 23:37:52.326927,2026-08-26 23:46:38.291790,SETTLED,00,2500.0,BANK_D
TXN003087,2026-08-11 18:49:53.001785,2026-08-11 19:24:32.846797,PROCESSING,PENDING,2000.0,BANK_C
TXN003088,2026-08-14 08:12:02.561589,,NOT_FOUND,NA,,BANK_C
TXN003089,2026-09-04 21:51:06.927899,2026-09-04 21:57:52.707299,SETTLED,00,100.0,BANK_B
TXN003090,2026-08-23 13:17:23.336263,,NOT_FOUND,NA,,BANK_B
TXN003091,2026-08-18 03:06:32.161410,2026-08-18 03:28:18.023752,PROCESSING,PENDING,100.0,BANK_D
TXN003092,2026-08-12 22:39:51.538055,2026-08-12 23:28:12.764013,PROCESSING,PENDING,750.0,BANK_A
TXN003094,2026-08-30 22:07:10.560282,2026-08-30 22:44:01.938238,PROCESSING,PENDING,5000.0,BANK_D
TXN003095,2026-08-06 04:53:56.182429,2026-08-06 04:58:04.256636,SETTLED,00,500.0,BANK_D
TXN003096,2026-08-18 13:47:25.929738,2026-08-18 13:57:01.259242,SETTLED,00,750.0,BANK_B
TXN003097,2026-09-01 15:57:43.443612,,NOT_FOUND,NA,,BANK_C
TXN003098,2026-08-23 03:37:45.028431,2026-08-23 03:42:30.976413,SETTLED,00,100.0,BANK_D
TXN003099,2026-08-03 17:37:48.899970,2026-08-03 17:47:25.840704,SETTLED,00,1500.0,BANK_A
TXN003100,2026-09-03 17:29:05.072529,2026-09-03 17:34:22.382018,SETTLED,00,750.0,BANK_B
TXN003101,2026-08-26 18:56:14.947964,2026-08-26 18:59:05.801967,SETTLED,00,1000.0,BANK_A
TXN003102,2026-08-14 07:20:07.880476,2026-08-14 07:24:40.125183,SETTLED,00,500.0,BANK_A
TXN003103,2026-08-06 21:20:45.651352,2026-08-06 21:25:35.872581,SETTLED,00,1500.0,BANK_C
TXN003104,2026-08-26 23:40:03.852176,2026-08-26 23:48:14.127292,SETTLED,00,500.0,BANK_C
TXN003105,2026-08-20 08:36:38.760026,2026-08-20 08:47:44.652012,SETTLED,00,1500.0,BANK_D
TXN003106,2026-09-02 06:56:58.084782,2026-09-02 07:02:53.716095,SETTLED,00,1500.0,BANK_C
TXN003107,2026-08-21 08:56:24.879604,2026-08-21 08:59:25.235879,SETTLED,00,25000.0,BANK_A
TXN003108,2026-08-06 12:44:57.079636,2026-08-06 12:48:47.297171,SETTLED,00,100.0,BANK_A
TXN003109,2026-08-01 19:05:27.207426,2026-08-01 19:12:30.459221,SETTLED,00,2000.0,BANK_A
TXN003110,2026-08-07 08:58:57.165838,2026-08-07 09:04:14.153051,SETTLED,00,500.0,BANK_B
TXN003111,2026-08-10 09:02:17.302992,2026-08-10 09:06:07.732249,SETTLED,00,250.0,BANK_D
TXN003112,2026-08-13 20:29:33.106497,2026-08-13 20:34:26.385065,SETTLED,00,500.0,BANK_B
TXN003113,2026-08-19 12:36:19.574062,2026-08-19 12:42:34.405626,SETTLED,00,2000.0,BANK_A
TXN003114,2026-08-12 05:10:32.596298,2026-08-12 05:18:12.225587,SETTLED,00,250.0,BANK_D
TXN003115,2026-08-24 09:38:26.485000,2026-08-24 09:42:09.455968,SETTLED,00,2000.0,BANK_A
TXN003116,2026-08-12 03:45:39.980353,2026-08-12 03:54:57.966807,SETTLED,00,100.0,BANK_C
TXN003117,2026-08-26 03:52:21.668427,2026-08-26 04:33:17.446996,PROCESSING,PENDING,750.0,BANK_D
TXN003118,2026-08-05 19:49:54.449692,2026-08-05 19:57:14.173549,SETTLED,00,500.0,BANK_C
TXN003119,2026-08-23 07:45:17.630674,2026-08-23 07:51:22.468686,SETTLED,00,500.0,BANK_A
TXN003120,2026-08-02 15:33:35.971038,2026-08-02 15:39:47.485035,SETTLED,00,2500.0,BANK_C
TXN003121,2026-08-12 05:03:30.069698,2026-08-12 05:37:17.574744,PROCESSING,PENDING,1000.0,BANK_B
TXN003122,2026-08-07 06:30:50.407534,2026-08-07 06:33:40.928430,SETTLED,00,5000.0,BANK_B
TXN003123,2026-08-29 14:11:37.157383,2026-08-29 14:28:26.673817,PROCESSING,PENDING,2000.0,BANK_B
TXN003124,2026-08-22 00:29:45.047324,2026-08-22 00:37:49.307379,SETTLED,00,2500.0,BANK_B
TXN003125,2026-09-02 17:47:23.261810,2026-09-02 17:50:32.329391,SETTLED,00,250.0,BANK_D
TXN003126,2026-08-17 19:24:53.764972,2026-08-17 19:25:48.542187,SETTLED,00,250.0,BANK_C
TXN003127,2026-08-08 00:06:50.040639,2026-08-08 00:15:33.340736,SETTLED,00,1000.0,BANK_B
TXN003128,2026-08-29 07:20:45.020715,2026-08-29 07:27:16.655747,SETTLED,00,750.0,BANK_A
TXN003130,2026-08-27 20:30:21.855640,2026-08-27 20:38:50.269999,SETTLED,00,250.0,BANK_A
TXN003131,2026-08-07 10:17:52.197432,2026-08-07 10:23:55.938652,SETTLED,00,2500.0,BANK_D
TXN003132,2026-08-28 11:52:31.965646,2026-08-28 12:02:01.130867,SETTLED,00,100.0,BANK_D
TXN003133,2026-08-16 04:21:54.183548,2026-08-16 04:28:03.506212,SETTLED,00,500.0,BANK_C
TXN003134,2026-08-23 02:10:02.131772,2026-08-23 02:19:44.037530,SETTLED,00,25000.0,BANK_B
TXN003135,2026-08-09 01:33:05.114512,2026-08-09 01:36:51.905314,SETTLED,00,5000.0,BANK_C
TXN003136,2026-08-09 21:54:41.555641,2026-08-09 22:05:24.903873,SETTLED,00,1500.0,BANK_A
TXN003137,2026-08-31 09:11:23.309092,2026-08-31 09:18:00.429718,SETTLED,00,2000.0,BANK_C
TXN003138,2026-08-09 16:39:49.023428,2026-08-09 16:46:19.316725,SETTLED,00,750.0,BANK_C
TXN003139,2026-08-01 09:42:32.464440,2026-08-01 09:47:16.728149,SETTLED,00,500.0,BANK_D
TXN003140,2026-08-09 14:05:56.274404,2026-08-09 14:24:42.544807,PROCESSING,PENDING,2500.0,BANK_B
TXN003141,2026-08-31 01:27:23.950978,2026-08-31 01:33:11.698952,SETTLED,00,1000.0,BANK_C
TXN003142,2026-08-24 17:36:19.112462,2026-08-24 17:43:08.447088,SETTLED,00,1500.0,BANK_C
TXN003143,2026-08-11 23:34:36.779000,2026-08-11 23:41:27.424968,SETTLED,00,1500.0,BANK_C
TXN003145,2026-08-05 11:39:50.918992,2026-08-05 11:48:48.787785,SETTLED,00,5000.0,BANK_C
TXN003146,2026-08-30 19:55:09.837835,2026-08-30 20:03:18.617733,SETTLED,00,25000.0,BANK_D
TXN003147,2026-08-27 11:15:06.133911,,NOT_FOUND,NA,,BANK_A
TXN003148,2026-08-17 19:58:15.756321,2026-08-17 20:03:56.022411,SETTLED,00,2500.0,BANK_A
TXN003149,2026-08-28 09:06:15.399662,2026-08-28 09:09:25.855660,SETTLED,00,2000.0,BANK_B
TXN003150,2026-08-17 18:07:41.721659,2026-08-17 18:14:48.718250,SETTLED,00,10000.0,BANK_C
TXN003151,2026-08-24 13:04:12.000000,2026-08-24 13:13:11.707329,SETTLED,00,500.0,BANK_B
TXN003152,2026-09-04 17:09:43.734724,2026-09-04 17:15:42.068242,SETTLED,00,1500.0,BANK_A
TXN003153,2026-08-15 15:09:28.091917,2026-08-15 15:38:46.757061,PROCESSING,PENDING,2000.0,BANK_D
TXN003154,2026-09-02 22:15:46.870940,2026-09-02 22:47:23.168153,PROCESSING,PENDING,250.0,BANK_A
TXN003155,2026-08-23 03:12:08.098274,2026-08-23 03:18:47.378817,SETTLED,00,2500.0,BANK_A
TXN003156,2026-08-10 09:39:08.474982,2026-08-10 09:47:13.903070,SETTLED,00,500.0,BANK_C
TXN003157,2026-08-01 14:55:24.878145,,NOT_FOUND,NA,,BANK_C
TXN003158,2026-08-31 15:55:25.841338,2026-08-31 16:01:11.902180,SETTLED,00,25000.0,BANK_B
TXN003159,2026-08-24 20:58:52.228111,2026-08-24 21:04:40.263720,SETTLED,00,750.0,BANK_B
TXN003160,2026-08-03 18:56:12.000000,2026-08-03 18:58:12.056068,SETTLED,00,500.0,BANK_D
TXN003161,2026-08-11 13:44:00.560757,,NOT_FOUND,NA,,BANK_A
TXN003162,2026-08-12 07:52:59.140716,,NOT_FOUND,NA,,BANK_B
TXN003163,2026-08-20 16:01:53.424162,2026-08-20 16:07:25.396681,SETTLED,00,250.0,BANK_C
TXN003164,2026-08-02 19:01:51.573345,2026-08-02 19:09:37.869883,SETTLED,00,1500.0,BANK_B
TXN003165,2026-08-30 05:26:08.015278,2026-08-30 06:04:16.194516,PROCESSING,PENDING,1000.0,BANK_D
TXN003166,2026-08-09 17:39:20.128735,2026-08-09 17:48:30.759262,SETTLED,00,100.0,BANK_A
TXN003167,2026-08-01 07:55:01.105348,2026-08-01 08:15:57.901958,PROCESSING,PENDING,25000.0,BANK_C
TXN003168,2026-08-01 18:49:57.610472,2026-08-01 18:52:16.727193,SETTLED,00,2500.0,BANK_C
TXN003169,2026-08-24 09:06:56.452004,,NOT_FOUND,NA,,BANK_A
TXN003170,2026-08-04 10:34:15.025360,2026-08-04 11:01:12.069495,PROCESSING,PENDING,250.0,BANK_D
TXN003171,2026-08-05 06:25:07.050854,2026-08-05 06:30:50.085699,SETTLED,00,250.0,BANK_D
TXN003172,2026-09-03 01:14:48.473723,2026-09-03 01:18:05.592940,SETTLED,00,1500.0,BANK_C
TXN003173,2026-08-03 22:44:49.477274,2026-08-03 22:48:18.455845,SETTLED,00,100.0,BANK_A
TXN003174,2026-08-30 13:46:07.297217,,NOT_FOUND,NA,,BANK_C
TXN003175,2026-08-23 21:02:35.750617,2026-08-23 21:06:58.449779,SETTLED,00,250.0,BANK_C
TXN003176,2026-08-26 06:23:10.852119,2026-08-26 06:23:40.852119,SETTLED,00,1500.0,BANK_B
TXN003177,2026-08-22 23:35:22.053841,2026-08-23 00:14:15.419941,PROCESSING,PENDING,100.0,BANK_D
TXN003178,2026-08-30 02:40:18.873303,2026-08-30 02:47:03.543028,SETTLED,00,1000.0,BANK_D
TXN003179,2026-08-31 20:45:11.656397,2026-08-31 20:51:09.958101,SETTLED,00,2000.0,BANK_B
TXN003180,2026-08-01 00:52:14.030749,2026-08-01 00:52:44.030749,SETTLED,00,100.0,BANK_C
TXN003181,2026-08-06 21:53:46.311440,2026-08-06 21:57:28.486642,SETTLED,00,500.0,BANK_B
TXN003182,2026-08-19 18:38:30.081284,2026-08-19 18:48:19.766745,SETTLED,00,1000.0,BANK_C
TXN003183,2026-08-05 07:43:06.140773,2026-08-05 07:50:00.243294,SETTLED,00,1500.0,BANK_A
TXN003184,2026-09-02 10:16:15.016927,2026-09-02 10:17:13.931575,SETTLED,00,1500.0,BANK_C
TXN003185,2026-08-06 08:54:36.027152,2026-08-06 08:58:01.454462,SETTLED,00,100.0,BANK_B
TXN003186,2026-08-17 18:46:23.203459,2026-08-17 18:53:44.874585,SETTLED,00,1500.0,BANK_C
TXN003187,2026-08-15 16:44:44.334676,2026-08-15 16:52:43.703254,SETTLED,00,750.0,BANK_A
TXN003188,2026-08-27 17:10:15.439378,2026-08-27 17:24:37.605477,PROCESSING,PENDING,1000.0,BANK_A
TXN003189,2026-08-05 19:52:53.427229,2026-08-05 19:56:28.395390,SETTLED,00,100.0,BANK_A
TXN003190,2026-08-01 19:57:21.815199,2026-08-01 19:59:44.037517,SETTLED,00,100.0,BANK_B
TXN003191,2026-08-11 05:45:33.186937,2026-08-11 05:54:22.400637,SETTLED,00,2500.0,BANK_A
TXN003192,2026-08-10 04:03:19.923359,2026-08-10 04:10:55.056627,SETTLED,00,500.0,BANK_D
TXN003193,2026-08-30 08:30:18.818348,2026-08-30 08:40:49.463470,SETTLED,00,250.0,BANK_B
TXN003194,2026-08-06 08:49:52.505673,2026-08-06 08:52:59.348289,SETTLED,00,500.0,BANK_D
TXN003195,2026-08-22 15:46:44.809710,2026-08-22 15:48:42.278262,SETTLED,00,1000.0,BANK_D
TXN003196,2026-08-28 17:35:08.669910,2026-08-28 17:38:03.389362,SETTLED,00,10000.0,BANK_B
TXN003197,2026-08-04 12:20:26.706574,2026-08-04 12:31:19.387646,SETTLED,00,1000.0,BANK_B
TXN003198,2026-09-02 23:36:29.489508,2026-09-02 23:42:22.952470,SETTLED,00,250.0,BANK_D
TXN003199,2026-08-24 06:59:16.533169,2026-08-24 07:05:35.626039,SETTLED,00,100.0,BANK_B
TXN003200,2026-08-19 10:06:37.934062,2026-08-19 10:35:04.030033,PROCESSING,PENDING,100.0,BANK_D
TXN003201,2026-08-24 05:16:26.810713,2026-08-24 05:21:24.964038,SETTLED,00,1000.0,BANK_A
TXN003202,2026-08-24 20:06:54.048825,2026-08-24 20:14:20.026440,SETTLED,00,100.0,BANK_B
TXN003203,2026-08-31 08:39:48.618179,,NOT_FOUND,NA,,BANK_A
TXN003204,2026-09-03 10:44:14.055150,2026-09-03 11:09:07.234519,PROCESSING,PENDING,1000.0,BANK_C
TXN003205,2026-08-18 14:40:18.871484,2026-08-18 14:45:10.465869,SETTLED,00,1500.0,BANK_A
TXN003206,2026-08-31 04:50:53.993812,,NOT_FOUND,NA,,BANK_C
TXN003207,2026-08-28 09:23:24.295542,2026-08-28 09:29:53.073265,SETTLED,00,500.0,BANK_D
TXN003208,2026-08-28 01:28:12.000000,2026-08-28 01:37:05.953510,SETTLED,00,1000.0,BANK_D
TXN003209,2026-08-12 22:14:49.202803,2026-08-12 23:10:17.151255,PROCESSING,PENDING,250.0,BANK_C
TXN003210,2026-08-29 02:40:08.925432,2026-08-29 02:48:58.525941,SETTLED,00,500.0,BANK_D
TXN003211,2026-09-01 02:57:23.946799,2026-09-01 03:03:54.889623,SETTLED,00,1000.0,BANK_D
TXN003212,2026-09-01 13:46:24.359510,2026-09-01 13:52:41.771315,SETTLED,00,100.0,BANK_D
TXN003213,2026-08-18 23:03:28.958084,2026-08-18 23:21:56.209420,PROCESSING,PENDING,750.0,BANK_C
TXN003214,2026-09-03 15:09:50.348453,2026-09-03 15:16:22.170272,SETTLED,00,250.0,BANK_D
TXN003215,2026-08-15 17:31:55.400198,2026-08-15 17:39:17.773102,SETTLED,00,2500.0,BANK_B
TXN003216,2026-08-20 23:18:13.961043,2026-08-20 23:52:52.173468,PROCESSING,PENDING,1000.0,BANK_A
TXN003217,2026-08-28 08:05:57.687057,2026-08-28 08:12:45.171679,SETTLED,00,2500.0,BANK_A
TXN003218,2026-08-29 10:11:20.436826,2026-08-29 10:15:46.937804,SETTLED,00,750.0,BANK_D
TXN003219,2026-08-15 04:40:30.015614,2026-08-15 04:48:30.015614,PROCESSING,PENDING,25000.0,BANK_C
TXN003220,2026-08-26 05:58:26.821203,2026-08-26 06:06:31.358277,SETTLED,00,750.0,BANK_D
TXN003221,2026-08-26 16:42:47.227503,2026-08-26 16:45:10.717801,SETTLED,00,1500.0,BANK_A
TXN003222,2026-08-22 19:48:17.593643,2026-08-22 19:55:32.415827,SETTLED,00,1000.0,BANK_B
TXN003223,2026-08-29 11:58:22.634154,2026-08-29 12:06:44.345859,SETTLED,00,500.0,BANK_A
TXN003224,2026-08-15 10:17:26.189256,,NOT_FOUND,NA,,BANK_B
TXN003225,2026-08-15 03:29:03.917726,2026-08-15 03:32:13.615850,SETTLED,00,250.0,BANK_B
TXN003226,2026-08-10 04:04:51.111360,,NOT_FOUND,NA,,BANK_B
TXN003227,2026-08-05 06:45:06.610904,2026-08-05 07:15:54.622893,PROCESSING,PENDING,250.0,BANK_D
TXN003228,2026-08-26 04:55:30.559323,,NOT_FOUND,NA,,BANK_A
TXN003229,2026-08-30 08:47:03.429237,2026-08-30 09:12:20.270881,PROCESSING,PENDING,250.0,BANK_D
TXN003230,2026-08-25 11:30:13.769547,2026-08-25 11:35:21.128480,SETTLED,00,750.0,BANK_C
TXN003231,2026-08-03 08:33:58.618659,2026-08-03 08:37:59.576626,SETTLED,00,1000.0,BANK_D
TXN003232,2026-08-13 01:40:05.494314,2026-08-13 01:45:19.473262,SETTLED,00,750.0,BANK_B
TXN003233,2026-08-24 16:01:21.472932,2026-08-24 16:27:16.751179,PROCESSING,PENDING,500.0,BANK_D
TXN003234,2026-08-28 11:01:29.912389,2026-08-28 11:04:09.923895,SETTLED,00,1000.0,BANK_C
TXN003235,2026-08-27 06:15:58.426306,2026-08-27 06:21:28.966636,SETTLED,00,100.0,BANK_C
TXN003236,2026-08-15 13:15:12.000000,2026-08-15 13:21:58.575333,SETTLED,00,2500.0,BANK_A
TXN003237,2026-08-04 08:08:33.777422,2026-08-04 08:16:19.856282,SETTLED,00,2000.0,BANK_D
TXN003238,2026-08-26 16:09:35.509178,2026-08-26 16:17:14.530506,SETTLED,00,250.0,BANK_B
TXN003239,2026-08-01 15:35:56.602025,2026-08-01 15:42:52.798960,SETTLED,00,2000.0,BANK_B
TXN003240,2026-08-13 22:13:06.584755,2026-08-13 22:19:11.313702,SETTLED,00,5000.0,BANK_B
TXN003241,2026-09-02 20:31:05.739949,2026-09-02 20:35:16.052990,SETTLED,00,500.0,BANK_D
TXN003242,2026-08-30 23:10:56.017664,2026-08-30 23:38:04.546245,PROCESSING,PENDING,750.0,BANK_C
TXN003243,2026-08-08 18:13:36.848866,2026-08-08 18:24:17.062141,SETTLED,00,1000.0,BANK_C
TXN003245,2026-08-17 02:06:27.896622,2026-08-17 02:13:02.891208,SETTLED,00,500.0,BANK_B
TXN003246,2026-08-07 01:26:18.417676,2026-08-07 02:03:05.105039,PROCESSING,PENDING,500.0,BANK_D
TXN003247,2026-09-02 05:31:25.802948,2026-09-02 05:39:24.179497,SETTLED,00,500.0,BANK_A
TXN003248,2026-08-04 20:00:57.129376,2026-08-04 20:09:47.746168,SETTLED,00,2000.0,BANK_D
TXN003249,2026-08-15 15:05:20.490992,2026-08-15 15:09:40.022740,SETTLED,00,500.0,BANK_C
TXN003250,2026-08-15 19:09:13.713483,2026-08-15 19:17:22.341937,SETTLED,00,1500.0,BANK_C
TXN003251,2026-08-13 20:06:01.190671,2026-08-13 20:15:11.186956,SETTLED,00,500.0,BANK_D
TXN003252,2026-08-21 07:52:35.925179,2026-08-21 08:02:06.250371,SETTLED,00,2500.0,BANK_D
TXN003253,2026-09-02 16:06:24.124103,2026-09-02 16:13:20.093579,SETTLED,00,100.0,BANK_C
TXN003254,2026-08-07 04:56:40.502420,2026-08-07 04:58:14.054090,SETTLED,00,2000.0,BANK_D
TXN003255,2026-09-02 10:33:03.437277,2026-09-02 11:01:17.124887,PROCESSING,PENDING,250.0,BANK_C
TXN003256,2026-08-20 19:45:17.547924,2026-08-20 19:53:44.866044,SETTLED,00,2500.0,BANK_C
TXN003257,2026-08-28 13:28:01.589038,2026-08-28 13:33:16.473786,SETTLED,00,1000.0,BANK_B
TXN003258,2026-09-03 14:04:14.236362,2026-09-03 14:05:11.504851,SETTLED,00,2000.0,BANK_D
TXN003259,2026-08-26 13:54:14.608633,2026-08-26 14:26:10.273464,PROCESSING,PENDING,100.0,BANK_A
TXN003260,2026-08-25 05:20:08.607674,2026-08-25 05:28:16.476071,SETTLED,00,2000.0,BANK_C
TXN003261,2026-09-03 16:10:11.844829,2026-09-03 16:37:52.273708,PROCESSING,PENDING,100.0,BANK_B
TXN003262,2026-08-05 16:39:51.588036,2026-08-05 16:45:25.273578,SETTLED,00,2000.0,BANK_C
TXN003263,2026-08-10 07:19:37.582313,2026-08-10 07:23:59.593310,SETTLED,00,250.0,BANK_D
TXN003264,2026-08-14 04:35:35.057010,2026-08-14 04:42:11.140951,SETTLED,00,1500.0,BANK_C
TXN003265,2026-08-05 05:40:02.959965,2026-08-05 05:47:03.162630,SETTLED,00,250.0,BANK_B
TXN003266,2026-08-14 06:04:42.967993,,NOT_FOUND,NA,,BANK_C
TXN003267,2026-08-11 01:51:17.849766,2026-08-11 01:55:37.740943,SETTLED,00,750.0,BANK_B
TXN003268,2026-08-15 11:34:07.676350,2026-08-15 11:42:12.253025,SETTLED,00,500.0,BANK_C
TXN003269,2026-08-14 21:18:47.486094,2026-08-14 21:32:31.520346,PROCESSING,PENDING,10000.0,BANK_A
TXN003270,2026-08-17 11:01:56.340160,2026-08-17 11:25:48.021057,PROCESSING,PENDING,2000.0,BANK_D
TXN003271,2026-08-19 16:35:19.961904,2026-08-19 16:44:35.413658,SETTLED,00,100.0,BANK_D
TXN003272,2026-08-10 23:52:35.434322,2026-08-11 00:02:35.878354,SETTLED,00,5000.0,BANK_B
TXN003273,2026-08-19 19:37:43.949321,2026-08-19 19:44:21.649108,SETTLED,00,1000.0,BANK_D
TXN003274,2026-08-08 06:28:18.935247,2026-08-08 06:55:16.145581,PROCESSING,PENDING,100.0,BANK_D
TXN003275,2026-08-08 13:02:13.901968,2026-08-08 13:07:38.708308,SETTLED,00,100.0,BANK_A
TXN003276,2026-08-03 21:36:10.193473,2026-08-03 21:45:18.208645,SETTLED,00,750.0,BANK_D
TXN003277,2026-08-06 07:04:37.085112,2026-08-06 07:06:19.008764,SETTLED,00,750.0,BANK_D
TXN003278,2026-08-20 12:33:02.850319,2026-08-20 12:39:02.104398,SETTLED,00,1500.0,BANK_D
TXN003280,2026-08-27 17:30:02.381732,2026-08-27 17:35:32.650539,SETTLED,00,1500.0,BANK_D
TXN003281,2026-09-01 09:57:45.306425,2026-09-01 10:01:57.849434,SETTLED,00,10000.0,BANK_C
TXN003282,2026-08-01 03:35:20.393888,2026-08-01 03:48:58.032440,SETTLED,00,2000.0,BANK_A
TXN003283,2026-08-29 14:57:17.838189,2026-08-29 15:01:33.966594,SETTLED,00,500.0,BANK_D
TXN003284,2026-08-08 17:33:23.551204,2026-08-08 17:56:58.674207,PROCESSING,PENDING,1500.0,BANK_B
TXN003285,2026-08-24 07:26:17.246310,2026-08-24 07:34:30.655240,SETTLED,00,100.0,BANK_A
TXN003286,2026-08-26 18:46:47.348040,2026-08-26 18:52:39.661319,SETTLED,00,1000.0,BANK_D
TXN003287,2026-08-19 18:30:34.782554,2026-08-19 18:32:54.747067,SETTLED,00,1500.0,BANK_D
TXN003288,2026-08-24 07:26:23.707105,2026-08-24 07:57:59.358000,PROCESSING,PENDING,25000.0,BANK_D
TXN003289,2026-08-03 05:05:41.981307,2026-08-03 05:10:08.626631,SETTLED,00,2000.0,BANK_B
TXN003290,2026-08-17 07:23:14.299281,2026-08-17 07:29:17.288710,SETTLED,00,1000.0,BANK_C
TXN003291,2026-09-04 12:54:29.037437,2026-09-04 12:56:05.578677,SETTLED,00,250.0,BANK_A
TXN003292,2026-08-01 14:04:09.158000,2026-08-01 14:10:14.489865,SETTLED,00,5000.0,BANK_C
TXN003293,2026-08-14 21:32:15.305890,2026-08-14 21:39:51.257480,SETTLED,00,2000.0,BANK_A
TXN003294,2026-08-14 22:52:03.038820,2026-08-14 22:59:23.583078,SETTLED,00,100.0,BANK_D
TXN003295,2026-08-02 14:07:18.804617,2026-08-02 14:14:28.430665,SETTLED,00,100.0,BANK_C
TXN003296,2026-08-10 01:45:20.119522,2026-08-10 01:54:26.719029,SETTLED,00,2000.0,BANK_B
TXN003297,2026-08-28 08:56:54.318531,2026-08-28 09:01:14.648379,SETTLED,00,5000.0,BANK_C
TXN003298,2026-08-15 07:57:45.034738,2026-08-15 08:01:28.590539,SETTLED,00,750.0,BANK_C
TXN003299,2026-08-05 06:36:39.549798,2026-08-05 06:42:55.022031,SETTLED,00,5000.0,BANK_D
TXN003300,2026-09-03 14:32:01.236686,2026-09-03 14:34:58.685305,SETTLED,00,1500.0,BANK_C
TXN003301,2026-09-02 18:30:31.384760,2026-09-02 18:37:04.025884,SETTLED,00,750.0,BANK_C
TXN003302,2026-08-04 16:40:03.773106,2026-08-04 16:48:57.995292,SETTLED,00,2500.0,BANK_C
TXN003303,2026-08-22 11:21:54.213901,2026-08-22 11:24:44.570008,SETTLED,00,750.0,BANK_C
TXN003304,2026-08-23 11:55:26.713541,2026-08-23 12:03:22.594497,SETTLED,00,750.0,BANK_C
TXN003305,2026-08-25 19:07:25.017216,2026-08-25 19:16:41.777965,SETTLED,00,500.0,BANK_B
TXN003306,2026-08-14 19:14:11.008561,2026-08-14 19:16:51.062536,SETTLED,00,5000.0,BANK_D
TXN003307,2026-08-21 20:23:12.809966,2026-08-21 20:28:52.158166,SETTLED,00,1000.0,BANK_D
TXN003308,2026-09-01 17:56:03.940561,2026-09-01 17:58:33.298260,SETTLED,00,1500.0,BANK_D
TXN003309,2026-08-14 19:57:33.385791,2026-08-14 19:58:06.589683,SETTLED,00,1500.0,BANK_C
TXN003310,2026-08-12 22:36:02.238457,2026-08-12 22:42:23.134701,SETTLED,00,5000.0,BANK_A
TXN003311,2026-08-13 12:17:53.046502,2026-08-13 12:25:21.602681,SETTLED,00,1000.0,BANK_C
TXN003312,2026-08-28 16:36:12.588505,2026-08-28 16:38:27.008993,SETTLED,00,500.0,BANK_A
TXN003313,2026-08-30 09:55:10.757764,2026-08-30 09:57:36.620245,SETTLED,00,1000.0,BANK_A
TXN003314,2026-08-20 16:26:58.797063,2026-08-20 16:32:08.905628,SETTLED,00,500.0,BANK_B
TXN003315,2026-08-29 11:46:51.664314,2026-08-29 11:49:57.644739,SETTLED,00,1000.0,BANK_C
TXN003316,2026-08-26 08:00:41.505761,2026-08-26 08:02:51.966624,SETTLED,00,250.0,BANK_A
TXN003317,2026-08-23 13:15:12.000000,2026-08-23 13:23:46.820205,SETTLED,00,250.0,BANK_C
TXN003318,2026-09-01 09:30:52.554170,2026-09-01 09:40:14.539437,SETTLED,00,250.0,BANK_D
TXN003319,2026-08-21 22:19:32.616887,2026-08-21 22:23:57.029591,SETTLED,00,1500.0,BANK_A
TXN003320,2026-08-14 14:42:05.091103,2026-08-14 14:49:11.311474,SETTLED,00,2500.0,BANK_A
TXN003321,2026-08-28 22:05:48.737599,2026-08-28 22:14:18.950583,SETTLED,00,500.0,BANK_A
TXN003322,2026-08-15 13:41:30.884075,2026-08-15 13:50:07.885807,SETTLED,00,1000.0,BANK_B
TXN003323,2026-09-02 16:39:50.956662,2026-09-02 17:15:34.780737,PROCESSING,PENDING,750.0,BANK_A
TXN003324,2026-08-12 03:04:14.783766,2026-08-12 03:07:35.922580,SETTLED,00,2000.0,BANK_B
TXN003325,2026-08-08 00:24:34.965603,2026-08-08 00:30:19.887834,SETTLED,00,750.0,BANK_C
TXN003326,2026-09-03 07:27:40.622606,,NOT_FOUND,NA,,BANK_D
TXN003327,2026-08-21 08:39:54.078759,2026-08-21 08:46:42.035190,SETTLED,00,2000.0,BANK_C
TXN003329,2026-09-04 03:19:22.568512,,NOT_FOUND,NA,,BANK_C
TXN003331,2026-08-19 08:00:23.698689,2026-08-19 08:05:43.252282,SETTLED,00,2500.0,BANK_B
TXN003332,2026-08-17 18:41:52.175223,2026-08-17 18:48:30.329573,SETTLED,00,500.0,BANK_A
TXN003333,2026-08-19 09:46:51.254360,2026-08-19 09:53:41.316832,SETTLED,00,1000.0,BANK_A
TXN003334,2026-08-26 20:28:54.735129,2026-08-26 20:33:40.893724,SETTLED,00,250.0,BANK_B
TXN003335,2026-08-13 11:12:49.432507,2026-08-13 11:19:56.545868,SETTLED,00,250.0,BANK_C
TXN003336,2026-08-09 04:25:47.171631,2026-08-09 04:33:38.465568,SETTLED,00,750.0,BANK_A
TXN003337,2026-08-31 02:32:11.592394,2026-08-31 02:34:25.670585,SETTLED,00,1500.0,BANK_B
TXN003338,2026-08-03 08:42:06.900512,2026-08-03 08:46:31.913308,SETTLED,00,500.0,BANK_B
TXN003339,2026-08-31 06:13:26.352416,2026-08-31 06:21:33.152449,SETTLED,00,1500.0,BANK_B
TXN003340,2026-08-11 21:37:39.884568,2026-08-11 21:44:53.911246,SETTLED,00,250.0,BANK_B
TXN003341,2026-08-07 10:01:32.255484,2026-08-07 10:11:22.319401,SETTLED,00,2500.0,BANK_B
TXN003342,2026-08-07 05:55:02.312236,2026-08-07 06:03:47.014698,SETTLED,00,500.0,BANK_B
TXN003343,2026-08-13 08:30:46.015971,2026-08-13 08:38:34.336561,SETTLED,00,500.0,BANK_A
TXN003344,2026-08-03 02:18:06.103959,,NOT_FOUND,NA,,BANK_A
TXN003345,2026-08-31 03:27:54.121798,2026-08-31 03:38:10.668161,SETTLED,00,1500.0,BANK_D
TXN003346,2026-08-18 22:11:17.037814,2026-08-18 22:13:42.951974,SETTLED,00,2000.0,BANK_D
TXN003347,2026-08-29 13:26:42.496438,2026-08-29 13:34:47.218731,SETTLED,00,1500.0,BANK_A
TXN003348,2026-08-02 00:10:43.583361,2026-08-02 00:16:28.582249,SETTLED,00,2500.0,BANK_D
TXN003349,2026-08-11 04:06:24.558167,2026-08-11 04:09:35.603490,SETTLED,00,2500.0,BANK_C
TXN003350,2026-08-23 12:29:46.066029,2026-08-23 12:32:22.434489,SETTLED,00,100.0,BANK_C
TXN003351,2026-08-13 07:17:04.214189,2026-08-13 07:26:26.996559,SETTLED,00,1000.0,BANK_A
TXN003352,2026-09-03 06:17:20.695735,2026-09-03 06:22:09.005008,SETTLED,00,750.0,BANK_C
TXN003353,2026-08-02 10:17:24.481286,2026-08-02 10:26:42.737969,SETTLED,00,500.0,BANK_A
TXN003354,2026-08-29 18:40:29.595648,2026-08-29 18:50:39.294898,SETTLED,00,250.0,BANK_D
TXN003355,2026-08-15 15:28:19.397694,2026-08-15 15:33:11.567703,SETTLED,00,10000.0,BANK_C
TXN003356,2026-08-21 17:44:43.468552,2026-08-21 17:50:38.862223,SETTLED,00,5000.0,BANK_A
TXN003357,2026-09-04 21:47:06.183242,2026-09-04 21:56:06.681725,SETTLED,00,250.0,BANK_D
TXN003358,2026-09-02 01:25:33.312335,2026-09-02 01:28:07.086749,SETTLED,00,250.0,BANK_D
TXN003359,2026-08-31 23:29:44.754115,2026-08-31 23:35:44.982713,SETTLED,00,1500.0,BANK_A
TXN003360,2026-08-17 17:34:18.627568,2026-08-17 17:43:59.730475,SETTLED,00,750.0,BANK_B
TXN003361,2026-08-25 12:25:32.970690,2026-08-25 12:34:13.500917,SETTLED,00,2000.0,BANK_B
TXN003362,2026-08-06 14:01:06.095061,2026-08-06 14:07:11.143490,SETTLED,00,1000.0,BANK_D
TXN003363,2026-08-01 09:28:22.778183,,NOT_FOUND,NA,,BANK_C
TXN003364,2026-08-01 17:27:26.855147,2026-08-01 17:27:56.855147,SETTLED,00,5000.0,BANK_C
TXN003365,2026-08-24 23:29:01.798130,2026-08-25 00:14:11.372266,PROCESSING,PENDING,250.0,BANK_C
TXN003366,2026-08-19 17:02:10.733103,2026-08-19 17:10:32.210560,SETTLED,00,500.0,BANK_D
TXN003367,2026-08-22 13:04:51.083242,2026-08-22 13:12:02.440581,SETTLED,00,1000.0,BANK_D
TXN003368,2026-08-11 15:10:34.252789,2026-08-11 15:16:07.083506,SETTLED,00,250.0,BANK_C
TXN003369,2026-08-25 20:21:06.668724,2026-08-25 20:29:33.996294,SETTLED,00,100.0,BANK_B
TXN003370,2026-08-14 00:53:42.341993,2026-08-14 00:59:49.192183,SETTLED,00,500.0,BANK_A
TXN003371,2026-08-12 23:22:48.429225,2026-08-12 23:27:31.632126,SETTLED,00,250.0,BANK_D
TXN003372,2026-08-24 09:49:20.102434,2026-08-24 09:57:20.102434,PROCESSING,PENDING,1000.0,BANK_D
TXN003373,2026-08-14 10:26:31.076292,2026-08-14 10:51:16.947457,PROCESSING,PENDING,750.0,BANK_B
TXN003374,2026-08-12 10:12:15.203071,2026-08-12 10:36:58.647105,PROCESSING,PENDING,750.0,BANK_A
TXN003375,2026-08-05 00:30:21.607651,2026-08-05 00:32:01.305881,SETTLED,00,750.0,BANK_C
TXN003376,2026-08-30 04:59:31.613016,2026-08-30 05:10:15.581382,PROCESSING,PENDING,1000.0,BANK_B
TXN003377,2026-08-26 01:57:57.709558,2026-08-26 02:08:09.719591,SETTLED,00,250.0,BANK_B
TXN003378,2026-08-26 07:11:09.513029,2026-08-26 07:37:14.954919,PROCESSING,PENDING,2500.0,BANK_A
TXN003379,2026-08-06 03:19:42.134490,2026-08-06 03:24:04.179619,SETTLED,00,10000.0,BANK_C
TXN003380,2026-08-15 14:41:32.121546,2026-08-15 14:48:34.641267,SETTLED,00,500.0,BANK_B
TXN003381,2026-08-19 20:39:31.592029,,NOT_FOUND,NA,,BANK_D
TXN003382,2026-08-31 08:52:39.589150,2026-08-31 09:03:48.412213,SETTLED,00,1500.0,BANK_C
TXN003383,2026-08-25 07:24:25.987495,2026-08-25 07:30:13.302180,SETTLED,00,250.0,BANK_A
TXN003384,2026-08-19 13:40:44.484316,2026-08-19 13:49:08.154079,SETTLED,00,5000.0,BANK_C
TXN003385,2026-08-22 20:03:08.282520,2026-08-22 20:11:40.253628,SETTLED,00,25000.0,BANK_C
TXN003386,2026-08-15 20:19:21.141466,2026-08-15 20:28:26.730606,SETTLED,00,2000.0,BANK_A
TXN003388,2026-09-03 19:33:44.263980,2026-09-03 19:38:08.701018,SETTLED,00,1000.0,BANK_A
TXN003389,2026-08-13 18:38:55.841478,2026-08-13 19:00:39.907980,PROCESSING,PENDING,10000.0,BANK_B
TXN003390,2026-08-17 16:00:36.784630,2026-08-17 16:02:50.088061,SETTLED,00,25000.0,BANK_C
TXN003391,2026-08-18 03:39:47.731085,2026-08-18 03:46:31.407117,SETTLED,00,1500.0,BANK_A
TXN003392,2026-08-03 12:52:28.269214,2026-08-03 12:52:58.269214,SETTLED,00,2500.0,BANK_B
TXN003393,2026-08-05 00:51:27.240353,2026-08-05 00:57:07.033848,SETTLED,00,250.0,BANK_B
TXN003395,2026-08-03 23:11:58.947528,2026-08-03 23:15:29.046085,SETTLED,00,1000.0,BANK_B
TXN003396,2026-08-15 05:44:47.922660,2026-08-15 05:50:28.487119,SETTLED,00,5000.0,BANK_D
TXN003397,2026-08-29 19:42:34.708718,2026-08-29 20:11:01.249976,PROCESSING,PENDING,250.0,BANK_B
TXN003398,2026-08-11 22:07:11.614579,2026-08-11 22:11:51.955371,SETTLED,00,250.0,BANK_D
TXN003399,2026-08-09 05:29:51.679664,2026-08-09 05:38:59.032174,SETTLED,00,750.0,BANK_A
TXN003400,2026-09-01 16:57:33.328504,2026-09-01 17:06:06.058853,SETTLED,00,750.0,BANK_C
TXN003401,2026-08-12 11:46:53.280277,2026-08-12 11:52:54.128728,SETTLED,00,250.0,BANK_C
TXN003402,2026-08-28 04:54:05.530510,2026-08-28 04:58:49.761961,SETTLED,00,500.0,BANK_B
TXN003403,2026-09-02 15:31:46.924039,2026-09-02 15:38:51.802850,SETTLED,00,1500.0,BANK_D
TXN003404,2026-08-17 10:52:16.145863,2026-08-17 10:59:07.178326,SETTLED,00,5000.0,BANK_B
TXN003405,2026-08-29 23:50:28.445663,2026-08-29 23:54:07.454829,SETTLED,00,2000.0,BANK_A
TXN003406,2026-08-05 08:19:03.010974,2026-08-05 08:22:30.227554,SETTLED,00,10000.0,BANK_A
TXN003407,2026-08-20 16:51:14.248711,2026-08-20 16:53:50.059667,SETTLED,00,250.0,BANK_C
TXN003408,2026-08-23 18:33:11.329709,2026-08-23 18:51:48.311514,PROCESSING,PENDING,100.0,BANK_D
TXN003409,2026-08-11 06:19:01.822472,,NOT_FOUND,NA,,BANK_A
TXN003410,2026-08-13 15:35:36.329459,2026-08-13 15:43:44.727843,SETTLED,00,250.0,BANK_A
TXN003411,2026-09-01 04:16:57.353921,2026-09-01 04:23:05.187830,SETTLED,00,250.0,BANK_D
TXN003412,2026-08-06 18:16:45.274783,,NOT_FOUND,NA,,BANK_C
TXN003413,2026-08-17 19:40:47.826964,2026-08-17 19:44:23.297685,SETTLED,00,10000.0,BANK_C
TXN003414,2026-08-13 14:54:01.388959,2026-08-13 15:03:25.685530,SETTLED,00,750.0,BANK_C
TXN003415,2026-08-19 11:18:48.073077,2026-08-19 11:27:26.989260,SETTLED,00,100.0,BANK_B
TXN003416,2026-08-16 03:24:44.214672,2026-08-16 03:27:31.906603,SETTLED,00,100.0,BANK_B
TXN003417,2026-08-26 00:19:29.051881,2026-08-26 00:25:23.474070,SETTLED,00,1000.0,BANK_B
TXN003418,2026-08-11 22:19:15.329499,2026-08-11 22:26:32.125637,SETTLED,00,250.0,BANK_C
TXN003419,2026-08-26 19:28:53.790972,2026-08-26 19:40:29.384022,SETTLED,00,1500.0,BANK_D
TXN003420,2026-08-10 08:37:31.955754,2026-08-10 08:41:27.267840,SETTLED,00,250.0,BANK_D
TXN003421,2026-08-22 22:59:44.834779,2026-08-22 23:20:20.488530,PROCESSING,PENDING,2500.0,BANK_D
TXN003422,2026-08-11 06:07:21.883135,2026-08-11 06:18:22.663957,SETTLED,00,25000.0,BANK_D
TXN003423,2026-08-09 00:30:37.403540,2026-08-09 00:44:04.776678,SETTLED,00,100.0,BANK_C
TXN003424,2026-08-20 16:53:40.321032,2026-08-20 17:33:33.811520,PROCESSING,PENDING,250.0,BANK_B
TXN003425,2026-08-11 20:45:43.992377,2026-08-11 20:49:26.068594,SETTLED,00,500.0,BANK_B
TXN003426,2026-08-27 15:29:14.557839,2026-08-27 15:29:46.529365,SETTLED,00,250.0,BANK_B
TXN003427,2026-08-14 17:07:03.244595,2026-08-14 17:35:53.651757,PROCESSING,PENDING,500.0,BANK_C
TXN003428,2026-08-11 16:36:31.299966,2026-08-11 16:38:32.612955,SETTLED,00,25000.0,BANK_D
TXN003429,2026-08-25 00:27:12.340138,2026-08-25 00:30:35.933299,SETTLED,00,500.0,BANK_B
TXN003430,2026-08-02 21:37:29.646873,2026-08-02 21:42:50.880444,SETTLED,00,100.0,BANK_A
TXN003431,2026-08-19 00:20:21.571140,2026-08-19 00:23:24.880766,SETTLED,00,100.0,BANK_D
TXN003432,2026-08-22 11:52:33.349006,2026-08-22 12:32:56.574990,PROCESSING,PENDING,750.0,BANK_A
TXN003433,2026-08-17 06:26:08.955575,2026-08-17 06:59:23.149857,PROCESSING,PENDING,1500.0,BANK_C
TXN003434,2026-08-02 02:11:33.198372,2026-08-02 02:44:49.684064,PROCESSING,PENDING,250.0,BANK_A
TXN003435,2026-08-05 10:38:27.670537,2026-08-05 10:46:25.643723,SETTLED,00,2000.0,BANK_A
TXN003436,2026-08-16 19:53:30.788720,2026-08-16 20:02:30.838850,SETTLED,00,2000.0,BANK_A
TXN003437,2026-08-21 09:27:19.806647,2026-08-21 09:50:56.105116,PROCESSING,PENDING,2000.0,BANK_D
TXN003438,2026-08-21 09:10:31.865397,2026-08-21 09:14:28.585456,SETTLED,00,5000.0,BANK_A
TXN003439,2026-08-09 11:45:17.286166,2026-08-09 11:52:48.472645,SETTLED,00,100.0,BANK_D
TXN003440,2026-08-19 11:48:55.439545,2026-08-19 11:53:59.642769,SETTLED,00,1500.0,BANK_A
TXN003441,2026-08-14 04:16:25.730517,2026-08-14 04:21:48.973692,SETTLED,00,2500.0,BANK_C
TXN003442,2026-08-21 06:16:42.678000,2026-08-21 06:17:12.678000,SETTLED,00,250.0,BANK_D
TXN003443,2026-08-27 14:51:45.149426,2026-08-27 14:56:41.753367,SETTLED,00,5000.0,BANK_A
TXN003444,2026-08-07 01:36:47.605464,2026-08-07 01:42:25.898986,SETTLED,00,250.0,BANK_C
TXN003446,2026-08-13 22:53:39.269521,2026-08-13 23:00:55.714542,SETTLED,00,10000.0,BANK_C
TXN003447,2026-08-29 13:28:58.316126,2026-08-29 13:32:37.539634,SETTLED,00,750.0,BANK_B
TXN003448,2026-08-15 15:07:32.731957,2026-08-15 15:16:54.924980,SETTLED,00,250.0,BANK_B
TXN003449,2026-08-17 04:06:01.413566,2026-08-17 04:07:23.049029,SETTLED,00,750.0,BANK_A
TXN003450,2026-08-07 22:05:31.889095,2026-08-07 22:11:36.433029,SETTLED,00,1000.0,BANK_D
TXN003451,2026-08-26 04:44:47.121103,2026-08-26 04:51:29.535512,SETTLED,00,2500.0,BANK_C
TXN003452,2026-08-28 23:48:05.504936,2026-08-28 23:55:23.268320,SETTLED,00,750.0,BANK_A
TXN003453,2026-08-04 18:37:13.383565,2026-08-04 18:44:01.647317,SETTLED,00,1000.0,BANK_C
TXN003454,2026-08-12 11:19:12.000000,2026-08-12 11:25:24.458514,SETTLED,00,500.0,BANK_D
TXN003455,2026-09-02 07:38:15.363111,2026-09-02 07:45:32.999939,SETTLED,00,100.0,BANK_B
TXN003456,2026-08-12 12:25:19.946758,2026-08-12 12:28:00.027646,SETTLED,00,2500.0,BANK_C
TXN003457,2026-08-03 23:34:18.002555,2026-08-04 00:01:52.321176,PROCESSING,PENDING,2000.0,BANK_C
TXN003458,2026-08-25 05:16:02.260236,2026-08-25 05:22:57.708766,SETTLED,00,250.0,BANK_D
TXN003459,2026-08-18 21:21:46.633632,2026-08-18 21:30:21.206612,SETTLED,00,750.0,BANK_D
TXN003460,2026-08-02 16:00:04.636623,2026-08-02 16:04:46.237427,SETTLED,00,500.0,BANK_C
TXN003461,2026-08-12 10:07:53.407436,2026-08-12 10:14:32.049425,SETTLED,00,750.0,BANK_A
TXN003462,2026-08-14 07:26:59.751638,2026-08-14 07:35:11.484616,SETTLED,00,5000.0,BANK_D
TXN003463,2026-08-09 14:58:51.995566,2026-08-09 15:06:23.697599,SETTLED,00,250.0,BANK_D
TXN003464,2026-08-15 12:35:32.365661,2026-08-15 12:43:26.086775,SETTLED,00,100.0,BANK_C
TXN003465,2026-08-18 09:24:11.224014,2026-08-18 09:31:11.263117,SETTLED,00,1500.0,BANK_D
TXN003467,2026-08-12 20:16:37.905403,2026-08-12 20:43:08.017808,PROCESSING,PENDING,100.0,BANK_D
TXN003468,2026-08-15 16:22:35.648509,2026-08-15 16:24:47.923041,SETTLED,00,2000.0,BANK_B
TXN003469,2026-08-24 09:43:21.041561,,NOT_FOUND,NA,,BANK_B
TXN003470,2026-09-02 09:28:11.687056,2026-09-02 09:35:07.544343,SETTLED,00,100.0,BANK_B
TXN003471,2026-08-10 00:47:01.973054,2026-08-10 00:48:34.191849,SETTLED,00,1500.0,BANK_A
TXN003472,2026-08-23 22:25:21.094720,2026-08-23 22:37:37.689850,SETTLED,00,5000.0,BANK_B
TXN003473,2026-08-18 12:45:46.676631,,NOT_FOUND,NA,,BANK_B
TXN003474,2026-08-05 06:57:36.182554,2026-08-05 07:06:40.348085,SETTLED,00,100.0,BANK_A
TXN003475,2026-08-31 15:42:48.162173,2026-08-31 15:54:17.747593,SETTLED,00,1500.0,BANK_D
TXN003476,2026-08-26 18:43:50.757157,,NOT_FOUND,NA,,BANK_C
TXN003477,2026-08-22 10:54:14.784285,2026-08-22 11:15:32.009641,PROCESSING,PENDING,750.0,BANK_A
TXN003478,2026-08-16 00:33:10.162281,2026-08-16 00:42:25.745438,SETTLED,00,100.0,BANK_C
TXN003479,2026-08-06 00:25:41.648386,2026-08-06 00:44:00.181247,PROCESSING,PENDING,250.0,BANK_D
TXN003480,2026-08-14 18:28:08.491158,2026-08-14 18:35:49.803892,SETTLED,00,1000.0,BANK_C
TXN003481,2026-09-02 03:08:55.235586,2026-09-02 03:17:44.993289,SETTLED,00,1500.0,BANK_D
TXN003482,2026-08-01 07:10:49.688504,2026-08-01 07:18:22.322229,SETTLED,00,750.0,BANK_D
TXN003483,2026-08-30 19:21:14.456948,2026-08-30 20:14:53.525200,PROCESSING,PENDING,750.0,BANK_C
TXN003484,2026-08-16 18:14:20.360811,2026-08-16 18:22:35.857296,SETTLED,00,2000.0,BANK_D
TXN003485,2026-08-18 00:47:23.147269,,NOT_FOUND,NA,,BANK_D
TXN003486,2026-08-23 12:23:28.640746,2026-08-23 12:29:43.192064,SETTLED,00,250.0,BANK_B
TXN003487,2026-08-29 02:23:34.815472,2026-08-29 02:30:53.906999,SETTLED,00,750.0,BANK_B
TXN003488,2026-08-14 11:34:44.177388,2026-08-14 11:44:01.994587,SETTLED,00,500.0,BANK_B
TXN003489,2026-08-25 21:19:45.235447,2026-08-25 21:20:15.235447,SETTLED,00,250.0,BANK_A
TXN003490,2026-08-22 18:24:49.242531,2026-08-22 18:35:06.228208,SETTLED,00,100.0,BANK_D
TXN003491,2026-08-21 12:18:18.310213,2026-08-21 12:22:14.217799,SETTLED,00,2500.0,BANK_C
TXN003492,2026-08-30 21:35:36.089090,2026-08-30 21:40:35.360732,SETTLED,00,1000.0,BANK_B
TXN003493,2026-08-10 05:02:39.869827,2026-08-10 05:20:33.136998,PROCESSING,PENDING,5000.0,BANK_A
TXN003494,2026-08-21 15:23:03.822101,2026-08-21 15:29:54.069844,SETTLED,00,500.0,BANK_B
TXN003495,2026-08-31 03:57:05.368771,2026-08-31 04:05:03.662770,SETTLED,00,500.0,BANK_C
TXN003496,2026-09-02 11:33:26.215456,2026-09-02 11:38:06.299854,SETTLED,00,1000.0,BANK_A
TXN003497,2026-08-31 04:21:04.712564,2026-08-31 04:50:17.862808,PROCESSING,PENDING,1500.0,BANK_D
TXN003498,2026-08-16 10:07:38.778488,2026-08-16 10:26:55.801692,PROCESSING,PENDING,2500.0,BANK_C
TXN003499,2026-09-04 02:52:12.742074,2026-09-04 03:15:00.578965,PROCESSING,PENDING,10000.0,BANK_A
TXN003500,2026-08-24 15:06:28.322011,2026-08-24 15:10:47.674624,SETTLED,00,1500.0,BANK_D
TXN003501,2026-08-01 22:47:27.524314,2026-08-01 22:57:41.592435,SETTLED,00,500.0,BANK_D
TXN003502,2026-08-20 09:04:19.732559,2026-08-20 09:16:00.595104,SETTLED,00,250.0,BANK_B
TXN003503,2026-08-16 18:10:42.309818,2026-08-16 18:17:13.066392,SETTLED,00,750.0,BANK_A
TXN003504,2026-08-24 05:24:38.073846,2026-08-24 05:31:02.341704,SETTLED,00,250.0,BANK_C
TXN003505,2026-08-22 02:02:25.869527,,NOT_FOUND,NA,,BANK_A
TXN003506,2026-08-27 18:00:28.943316,2026-08-27 18:07:10.729544,SETTLED,00,250.0,BANK_A
TXN003507,2026-08-20 19:18:01.464256,2026-08-20 19:26:50.494695,SETTLED,00,500.0,BANK_D
TXN003508,2026-09-01 17:00:04.401062,2026-09-01 17:05:51.687254,SETTLED,00,2500.0,BANK_D
TXN003509,2026-08-01 04:06:11.888181,2026-08-01 04:10:47.391179,SETTLED,00,250.0,BANK_A
TXN003510,2026-09-03 06:17:24.021980,2026-09-03 06:26:11.512127,SETTLED,00,250.0,BANK_C
TXN003511,2026-08-19 13:00:38.970893,2026-08-19 14:04:37.292308,PROCESSING,PENDING,2500.0,BANK_B
TXN003512,2026-08-14 00:39:44.004114,2026-08-14 00:47:48.567786,SETTLED,00,100.0,BANK_B
TXN003513,2026-08-09 04:26:00.076714,2026-08-09 04:32:23.836845,SETTLED,00,1000.0,BANK_C
TXN003514,2026-08-13 23:25:09.696728,2026-08-13 23:58:32.618894,PROCESSING,PENDING,5000.0,BANK_A
TXN003515,2026-08-22 08:40:03.148218,2026-08-22 08:45:15.569280,SETTLED,00,100.0,BANK_D
TXN003516,2026-08-20 06:55:58.985365,2026-08-20 06:56:28.985365,SETTLED,00,2000.0,BANK_A
TXN003517,2026-08-11 08:51:56.223802,2026-08-11 09:00:22.918060,SETTLED,00,750.0,BANK_A
TXN003518,2026-08-02 18:23:53.560011,2026-08-02 18:55:49.428865,PROCESSING,PENDING,250.0,BANK_A
TXN003519,2026-08-25 16:56:37.748524,2026-08-25 17:03:02.976479,SETTLED,00,750.0,BANK_B
TXN003520,2026-08-15 20:35:10.763770,2026-08-15 20:38:29.013428,SETTLED,00,250.0,BANK_C
TXN003521,2026-08-25 03:19:26.041188,2026-08-25 03:26:23.218866,SETTLED,00,1500.0,BANK_C
TXN003522,2026-09-04 22:37:48.214406,2026-09-04 22:40:49.124417,SETTLED,00,500.0,BANK_B
TXN003523,2026-08-29 22:21:03.858640,2026-08-29 22:31:58.822005,SETTLED,00,500.0,BANK_D
TXN003524,2026-08-03 11:45:27.350460,2026-08-03 11:53:39.632249,SETTLED,00,750.0,BANK_C
TXN003525,2026-08-18 20:01:20.697497,2026-08-18 20:15:11.801318,PROCESSING,PENDING,1500.0,BANK_C
TXN003526,2026-08-31 21:21:07.353640,2026-08-31 21:26:12.091936,SETTLED,00,100.0,BANK_C
TXN003527,2026-08-03 10:05:07.234299,2026-08-03 10:15:42.516926,SETTLED,00,250.0,BANK_D
TXN003528,2026-08-19 22:42:55.963724,2026-08-19 23:27:18.768844,PROCESSING,PENDING,100.0,BANK_A
TXN003529,2026-08-14 16:35:37.951770,2026-08-14 16:42:25.621171,SETTLED,00,100.0,BANK_B
TXN003530,2026-08-20 10:17:10.551622,,NOT_FOUND,NA,,BANK_D
TXN003531,2026-08-21 06:44:06.567816,2026-08-21 06:47:35.170371,SETTLED,00,500.0,BANK_B
TXN003532,2026-08-08 16:30:54.956523,2026-08-08 16:37:21.936817,SETTLED,00,2500.0,BANK_A
TXN003533,2026-08-01 04:54:05.886476,2026-08-01 04:58:30.099498,SETTLED,00,1500.0,BANK_A
TXN003534,2026-09-02 15:55:17.130571,2026-09-02 16:03:07.547248,SETTLED,00,1000.0,BANK_B
TXN003535,2026-09-03 11:25:03.085516,2026-09-03 11:30:04.203870,SETTLED,00,500.0,BANK_C
TXN003536,2026-08-24 00:16:48.193173,2026-08-24 00:19:15.556491,SETTLED,00,500.0,BANK_A
TXN003537,2026-08-24 13:00:48.345915,2026-08-24 13:16:31.832700,PROCESSING,PENDING,2000.0,BANK_A
TXN003538,2026-08-27 19:59:42.698759,2026-08-27 20:05:53.054983,SETTLED,00,250.0,BANK_B
TXN003539,2026-09-02 12:42:07.645705,2026-09-02 12:47:08.814914,SETTLED,00,250.0,BANK_A
TXN003540,2026-08-13 14:59:49.532427,2026-08-13 15:05:54.175348,SETTLED,00,750.0,BANK_C
TXN003541,2026-08-09 07:17:02.427293,,NOT_FOUND,NA,,BANK_A
TXN003542,2026-08-03 10:05:20.961778,2026-08-03 10:12:44.289160,SETTLED,00,1000.0,BANK_D
TXN003543,2026-09-01 13:45:42.729975,2026-09-01 13:55:49.268915,SETTLED,00,1500.0,BANK_A
TXN003544,2026-08-13 22:48:30.164046,2026-08-13 22:53:20.227198,SETTLED,00,750.0,BANK_C
TXN003545,2026-08-12 03:10:27.479356,2026-08-12 03:17:09.465515,SETTLED,00,1500.0,BANK_C
TXN003546,2026-08-02 18:42:15.893513,2026-08-02 18:48:46.001073,SETTLED,00,1000.0,BANK_C
TXN003547,2026-09-04 18:01:02.198355,2026-09-04 18:06:31.265525,SETTLED,00,5000.0,BANK_A
TXN003548,2026-08-13 12:04:52.220581,2026-08-13 12:08:34.138808,SETTLED,00,750.0,BANK_D
TXN003549,2026-09-04 02:12:38.684566,2026-09-04 02:18:47.146156,SETTLED,00,1500.0,BANK_D
TXN003550,2026-08-27 10:30:37.513193,2026-08-27 10:46:58.128246,PROCESSING,PENDING,250.0,BANK_D
TXN003551,2026-09-01 12:42:21.017033,2026-09-01 12:52:38.846748,SETTLED,00,100.0,BANK_A
TXN003552,2026-08-21 09:26:42.545371,2026-08-21 09:30:58.557263,SETTLED,00,250.0,BANK_B
TXN003553,2026-08-19 22:46:08.242915,2026-08-19 22:51:41.769318,SETTLED,00,2000.0,BANK_D
TXN003554,2026-08-03 09:06:19.057006,2026-08-03 09:14:43.779680,SETTLED,00,1000.0,BANK_C
TXN003556,2026-08-07 08:39:18.110259,2026-08-07 08:43:34.721256,SETTLED,00,100.0,BANK_A
TXN003557,2026-08-24 13:12:58.508956,,NOT_FOUND,NA,,BANK_C
TXN003558,2026-09-03 15:14:11.383941,2026-09-03 15:16:25.134874,SETTLED,00,2500.0,BANK_B
TXN003559,2026-08-02 14:38:41.938538,2026-08-02 14:46:48.812332,SETTLED,00,750.0,BANK_C
TXN003560,2026-08-12 01:46:23.522295,2026-08-12 01:50:20.644865,SETTLED,00,250.0,BANK_A
TXN003561,2026-08-07 16:38:52.039999,2026-08-07 16:44:00.140435,SETTLED,00,100.0,BANK_C
TXN003562,2026-08-25 10:45:49.261985,2026-08-25 10:55:25.726914,SETTLED,00,1000.0,BANK_B
TXN003563,2026-09-02 13:50:16.125017,2026-09-02 14:27:30.425274,PROCESSING,PENDING,250.0,BANK_A
TXN003564,2026-08-21 21:55:48.991778,2026-08-21 21:57:36.137271,SETTLED,00,1500.0,BANK_A
TXN003565,2026-08-01 15:58:49.407077,2026-08-01 16:25:39.876675,PROCESSING,PENDING,250.0,BANK_B
TXN003566,2026-08-01 11:30:14.187505,2026-08-01 11:38:17.799298,SETTLED,00,100.0,BANK_D
TXN003567,2026-08-12 08:13:28.502265,2026-08-12 08:15:53.894694,SETTLED,00,500.0,BANK_A
TXN003568,2026-08-19 14:42:19.369004,2026-08-19 14:50:01.417082,SETTLED,00,100.0,BANK_B
TXN003569,2026-08-11 15:46:33.665816,2026-08-11 15:53:09.800623,SETTLED,00,1000.0,BANK_D
TXN003570,2026-08-31 14:54:51.410714,2026-08-31 15:03:01.669159,SETTLED,00,5000.0,BANK_D
TXN003571,2026-08-10 07:31:42.056886,2026-08-10 07:40:58.575702,SETTLED,00,250.0,BANK_D
TXN003572,2026-08-26 05:17:07.080668,2026-08-26 05:26:07.462763,SETTLED,00,1500.0,BANK_C
TXN003573,2026-08-11 05:51:06.087387,2026-08-11 05:55:54.256557,SETTLED,00,1000.0,BANK_C
TXN003574,2026-08-02 08:41:32.145007,2026-08-02 08:45:21.059857,SETTLED,00,1500.0,BANK_B
TXN003575,2026-08-28 20:20:41.068618,2026-08-28 20:21:57.870240,SETTLED,00,250.0,BANK_D
TXN003576,2026-08-05 20:58:17.106668,2026-08-05 21:10:28.490502,PROCESSING,PENDING,10000.0,BANK_C
TXN003577,2026-08-21 01:57:50.913170,2026-08-21 02:03:28.633383,SETTLED,00,750.0,BANK_C
TXN003578,2026-08-03 10:12:48.526463,2026-08-03 10:18:42.766056,SETTLED,00,750.0,BANK_C
TXN003579,2026-08-20 17:54:06.686044,2026-08-20 17:58:39.261873,SETTLED,00,1000.0,BANK_C
TXN003580,2026-08-06 04:08:12.000000,2026-08-06 04:43:15.746407,PROCESSING,PENDING,250.0,BANK_C
TXN003581,2026-08-02 03:26:16.609228,2026-08-02 03:34:36.719055,SETTLED,00,10000.0,BANK_A
TXN003582,2026-08-19 18:12:24.993968,2026-08-19 18:18:24.097975,SETTLED,00,500.0,BANK_B
TXN003583,2026-08-19 06:38:28.426004,2026-08-19 06:40:50.399956,SETTLED,00,1500.0,BANK_A
TXN003584,2026-08-01 17:10:33.268624,2026-08-01 17:17:28.368651,SETTLED,00,100.0,BANK_D
TXN003585,2026-08-04 00:55:16.528837,2026-08-04 00:59:30.601184,SETTLED,00,5000.0,BANK_A
TXN003586,2026-08-11 06:05:23.964375,2026-08-11 06:10:49.804721,SETTLED,00,1000.0,BANK_D
TXN003587,2026-08-18 13:25:44.541587,2026-08-18 13:29:13.927072,SETTLED,00,1500.0,BANK_D
TXN003588,2026-08-07 02:09:27.176912,2026-08-07 02:14:39.579443,SETTLED,00,750.0,BANK_D
TXN003589,2026-08-18 15:41:05.947437,,NOT_FOUND,NA,,BANK_A
TXN003590,2026-08-26 19:33:05.530851,2026-08-26 19:40:37.222567,SETTLED,00,1000.0,BANK_C
TXN003591,2026-08-18 19:42:25.773817,2026-08-18 19:43:37.102072,SETTLED,00,5000.0,BANK_B
TXN003592,2026-08-09 17:43:34.818978,2026-08-09 17:52:52.159366,SETTLED,00,500.0,BANK_C
TXN003593,2026-08-18 14:03:02.481796,2026-08-18 14:09:55.173815,SETTLED,00,500.0,BANK_A
TXN003594,2026-08-28 04:28:04.929244,2026-08-28 04:30:08.639786,SETTLED,00,100.0,BANK_B
TXN003595,2026-08-08 20:14:34.227405,2026-08-08 20:26:37.317852,PROCESSING,PENDING,1000.0,BANK_D
TXN003596,2026-08-31 22:56:02.261333,2026-08-31 23:06:55.800467,SETTLED,00,250.0,BANK_C
TXN003597,2026-08-11 22:54:15.776766,2026-08-11 23:02:17.980020,SETTLED,00,500.0,BANK_C
TXN003598,2026-09-04 00:37:09.457177,2026-09-04 00:41:43.086999,SETTLED,00,250.0,BANK_B
TXN003599,2026-08-10 01:34:18.902859,2026-08-10 01:40:32.944599,SETTLED,00,500.0,BANK_B
TXN003600,2026-08-13 18:46:43.429421,2026-08-13 18:49:54.675995,SETTLED,00,10000.0,BANK_A
TXN003601,2026-08-18 05:32:38.399603,2026-08-18 05:40:20.355316,SETTLED,00,1500.0,BANK_B
TXN003602,2026-09-01 08:56:52.256078,2026-09-01 09:23:34.094312,PROCESSING,PENDING,100.0,BANK_B
TXN003603,2026-08-04 04:51:39.062438,2026-08-04 04:59:01.983968,SETTLED,00,250.0,BANK_A
TXN003604,2026-08-12 09:57:50.793449,2026-08-12 10:05:49.311515,SETTLED,00,1500.0,BANK_B
TXN003605,2026-08-05 19:43:31.469571,2026-08-05 19:49:48.047410,SETTLED,00,250.0,BANK_B
TXN003606,2026-08-25 02:03:15.079981,2026-08-25 02:11:56.196023,SETTLED,00,1500.0,BANK_B
TXN003607,2026-08-08 22:22:12.000000,2026-08-08 22:25:58.188241,SETTLED,00,250.0,BANK_D
TXN003608,2026-08-07 09:27:20.563440,2026-08-07 09:32:44.710038,SETTLED,00,1000.0,BANK_D
TXN003609,2026-08-14 21:11:07.821988,2026-08-14 21:17:28.901743,SETTLED,00,750.0,BANK_A
TXN003610,2026-08-14 04:56:13.659025,,NOT_FOUND,NA,,BANK_C
TXN003611,2026-08-25 14:00:29.853367,2026-08-25 14:11:51.970142,SETTLED,00,100.0,BANK_A
TXN003612,2026-08-19 06:21:59.881105,2026-08-19 06:34:05.628160,SETTLED,00,2000.0,BANK_C
TXN003613,2026-08-29 19:55:53.533130,2026-08-29 20:03:26.966138,SETTLED,00,2500.0,BANK_A
TXN003614,2026-09-04 20:59:13.280679,2026-09-04 21:04:33.748050,SETTLED,00,500.0,BANK_C
TXN003615,2026-08-03 11:17:26.082044,2026-08-03 11:54:27.810000,PROCESSING,PENDING,2500.0,BANK_B
TXN003616,2026-09-01 05:39:58.691002,2026-09-01 05:43:05.159243,SETTLED,00,1000.0,BANK_B
TXN003617,2026-08-16 19:32:43.848610,2026-08-16 19:41:17.966363,SETTLED,00,2500.0,BANK_B
TXN003618,2026-08-26 12:24:43.450200,2026-08-26 12:31:05.132382,SETTLED,00,500.0,BANK_C
TXN003619,2026-08-12 11:53:38.962283,2026-08-12 12:08:56.835005,SETTLED,00,100.0,BANK_B
TXN003620,2026-08-15 16:40:52.556506,2026-08-15 16:48:18.109809,SETTLED,00,1000.0,BANK_D
TXN003621,2026-08-17 11:33:30.033411,2026-08-17 11:45:55.353609,SETTLED,00,1500.0,BANK_C
TXN003622,2026-08-06 04:35:47.741677,2026-08-06 04:42:35.485698,SETTLED,00,5000.0,BANK_D
TXN003623,2026-08-12 22:04:46.936670,2026-08-12 22:15:39.922037,SETTLED,00,500.0,BANK_B
TXN003624,2026-08-03 08:46:25.286166,2026-08-03 08:50:46.370384,SETTLED,00,2500.0,BANK_D
TXN003625,2026-08-20 05:38:43.319504,2026-08-20 05:42:41.172975,SETTLED,00,1500.0,BANK_C
TXN003626,2026-08-15 01:40:49.601200,2026-08-15 01:47:39.576537,SETTLED,00,1500.0,BANK_C
TXN003627,2026-09-01 16:42:24.060080,2026-09-01 16:43:24.249986,SETTLED,00,2000.0,BANK_B
TXN003628,2026-09-02 19:29:00.275077,2026-09-02 19:33:28.808668,SETTLED,00,250.0,BANK_A
TXN003629,2026-08-14 11:04:52.497887,2026-08-14 12:18:03.160819,PROCESSING,PENDING,2000.0,BANK_B
TXN003630,2026-08-07 21:05:49.135661,2026-08-07 21:15:12.919289,SETTLED,00,250.0,BANK_B
TXN003631,2026-08-12 19:41:54.367942,2026-08-12 19:49:16.662399,SETTLED,00,1000.0,BANK_B
TXN003632,2026-09-03 17:07:50.715974,2026-09-03 17:26:25.942325,PROCESSING,PENDING,1500.0,BANK_D
TXN003633,2026-08-14 09:54:50.490228,2026-08-14 10:04:40.005235,SETTLED,00,500.0,BANK_A
TXN003634,2026-08-25 09:36:27.096251,2026-08-25 09:39:39.887973,SETTLED,00,1500.0,BANK_B
TXN003636,2026-08-25 16:41:43.741255,2026-08-25 17:17:42.004952,PROCESSING,PENDING,2000.0,BANK_D
TXN003637,2026-08-03 20:18:41.558886,2026-08-03 20:25:08.601034,SETTLED,00,250.0,BANK_B
TXN003638,2026-08-08 13:26:55.013591,2026-08-08 13:32:18.094243,SETTLED,00,1500.0,BANK_B
TXN003639,2026-08-02 02:03:55.757867,2026-08-02 02:20:45.409985,PROCESSING,PENDING,1500.0,BANK_D
TXN003640,2026-08-16 04:07:57.629012,2026-08-16 04:41:58.138743,PROCESSING,PENDING,2500.0,BANK_D
TXN003641,2026-08-21 04:30:05.259193,2026-08-21 04:42:33.673184,SETTLED,00,750.0,BANK_B
TXN003642,2026-08-08 05:17:02.799694,2026-08-08 05:20:51.487927,SETTLED,00,1000.0,BANK_C
TXN003643,2026-08-03 22:23:35.237627,2026-08-03 22:52:51.752572,PROCESSING,PENDING,100.0,BANK_A
TXN003644,2026-08-21 15:07:14.131607,2026-08-21 15:12:03.034697,SETTLED,00,2500.0,BANK_B
TXN003645,2026-08-11 21:50:23.983831,2026-08-11 21:55:18.270785,SETTLED,00,100.0,BANK_C
TXN003646,2026-08-26 19:30:09.022994,2026-08-26 19:36:15.704488,SETTLED,00,1500.0,BANK_A
TXN003647,2026-08-27 18:10:19.155060,2026-08-27 18:12:01.878166,SETTLED,00,750.0,BANK_C
TXN003648,2026-08-29 15:34:26.365029,2026-08-29 15:41:07.355460,SETTLED,00,500.0,BANK_D
TXN003649,2026-09-01 14:36:22.130757,2026-09-01 14:39:55.404236,SETTLED,00,250.0,BANK_B
TXN003651,2026-08-07 01:08:08.698859,2026-08-07 01:14:16.132531,SETTLED,00,500.0,BANK_B
TXN003653,2026-08-04 14:55:03.121614,2026-08-04 14:59:41.267464,SETTLED,00,250.0,BANK_B
TXN003654,2026-08-18 00:55:09.253170,2026-08-18 01:00:09.500468,SETTLED,00,500.0,BANK_C
TXN003656,2026-08-23 22:48:47.416496,2026-08-23 23:45:54.798094,PROCESSING,PENDING,2000.0,BANK_B
TXN003657,2026-08-25 10:19:04.592029,2026-08-25 10:24:56.820517,SETTLED,00,500.0,BANK_A
TXN003658,2026-08-15 02:42:58.345121,2026-08-15 02:49:13.386210,SETTLED,00,500.0,BANK_B
TXN003659,2026-09-04 14:24:40.001151,2026-09-04 14:26:44.684103,SETTLED,00,750.0,BANK_D
TXN003660,2026-08-19 16:35:22.988695,2026-08-19 16:39:41.911792,SETTLED,00,250.0,BANK_C
TXN003661,2026-08-24 17:49:44.937921,2026-08-24 17:54:23.829794,SETTLED,00,2000.0,BANK_A
TXN003662,2026-08-27 22:41:19.243613,2026-08-27 22:48:53.070398,SETTLED,00,100.0,BANK_C
TXN003663,2026-08-01 17:57:28.213698,2026-08-01 18:21:32.571135,PROCESSING,PENDING,500.0,BANK_C
TXN003664,2026-08-02 07:59:54.502924,2026-08-02 08:02:56.737997,SETTLED,00,10000.0,BANK_C
TXN003665,2026-08-27 19:03:10.563901,2026-08-27 19:31:10.679527,PROCESSING,PENDING,500.0,BANK_B
TXN003666,2026-08-05 09:32:33.887342,2026-08-05 09:43:48.115329,SETTLED,00,100.0,BANK_D
TXN003667,2026-08-22 05:50:57.150174,2026-08-22 05:57:35.676229,SETTLED,00,750.0,BANK_B
TXN003668,2026-08-09 05:39:46.935181,2026-08-09 05:44:58.773495,SETTLED,00,10000.0,BANK_C
TXN003669,2026-08-25 19:07:21.705593,2026-08-25 19:12:22.273269,SETTLED,00,250.0,BANK_A
TXN003670,2026-08-06 18:04:27.968520,2026-08-06 18:06:42.641820,SETTLED,00,750.0,BANK_B
TXN003671,2026-08-14 02:02:32.025343,2026-08-14 02:31:31.180779,PROCESSING,PENDING,500.0,BANK_C
TXN003673,2026-08-12 09:29:42.969423,2026-08-12 09:36:42.310392,SETTLED,00,500.0,BANK_D
TXN003674,2026-08-18 15:46:28.324662,2026-08-18 15:49:04.654708,SETTLED,00,750.0,BANK_C
TXN003675,2026-09-01 14:40:22.102654,2026-09-01 14:50:45.097862,SETTLED,00,750.0,BANK_C
TXN003676,2026-08-12 13:11:23.200032,2026-08-12 13:20:00.145312,SETTLED,00,5000.0,BANK_C
TXN003677,2026-08-02 21:42:09.296125,2026-08-02 21:47:12.613340,SETTLED,00,750.0,BANK_B
TXN003678,2026-09-04 07:39:25.294568,2026-09-04 07:50:46.124901,SETTLED,00,2500.0,BANK_A
TXN003679,2026-08-21 23:02:34.832144,2026-08-21 23:06:38.793164,SETTLED,00,1500.0,BANK_C
TXN003680,2026-08-19 22:23:33.612782,,NOT_FOUND,NA,,BANK_B
TXN003681,2026-08-17 06:48:59.359750,,NOT_FOUND,NA,,BANK_C
TXN003682,2026-08-31 19:34:38.324718,2026-08-31 19:41:13.329922,SETTLED,00,2000.0,BANK_A
TXN003683,2026-08-29 05:57:17.249757,2026-08-29 06:03:43.410007,SETTLED,00,100.0,BANK_C
TXN003684,2026-08-26 08:46:22.483255,2026-08-26 08:49:58.839195,SETTLED,00,500.0,BANK_B
TXN003685,2026-08-31 18:24:10.894529,2026-08-31 18:30:59.993341,SETTLED,00,1000.0,BANK_C
TXN003686,2026-08-15 06:20:31.181042,2026-08-15 06:55:11.711572,PROCESSING,PENDING,2000.0,BANK_C
TXN003687,2026-08-09 19:35:34.533755,2026-08-09 19:44:18.535805,SETTLED,00,2500.0,BANK_D
TXN003688,2026-08-09 15:54:02.012339,2026-08-09 16:02:45.814763,SETTLED,00,750.0,BANK_B
TXN003689,2026-08-19 21:00:43.337596,2026-08-19 21:05:57.837634,SETTLED,00,250.0,BANK_C
TXN003690,2026-08-07 10:53:52.861249,2026-08-07 11:24:12.536430,PROCESSING,PENDING,1500.0,BANK_C
TXN003691,2026-08-11 15:04:51.049435,2026-08-11 15:14:00.538215,SETTLED,00,100.0,BANK_D
TXN003692,2026-08-04 10:04:49.664374,2026-08-04 10:10:20.016398,SETTLED,00,500.0,BANK_C
TXN003693,2026-08-09 04:26:36.128378,2026-08-09 04:32:55.606988,SETTLED,00,750.0,BANK_A
TXN003694,2026-08-03 07:58:59.099760,2026-08-03 08:02:23.566884,SETTLED,00,1500.0,BANK_A
TXN003695,2026-08-17 09:43:56.285676,2026-08-17 10:08:04.908739,PROCESSING,PENDING,500.0,BANK_D
TXN003696,2026-08-20 04:00:34.874477,2026-08-20 04:04:26.551585,SETTLED,00,1000.0,BANK_C
TXN003697,2026-08-04 10:15:59.190729,2026-08-04 10:23:43.716304,SETTLED,00,1000.0,BANK_B
TXN003698,2026-08-07 07:27:19.245290,2026-08-07 07:29:52.207755,SETTLED,00,100.0,BANK_C
TXN003699,2026-09-02 09:55:53.691086,2026-09-02 10:13:57.652444,PROCESSING,PENDING,1000.0,BANK_C
TXN003700,2026-08-17 14:36:27.699921,2026-08-17 14:45:38.050102,SETTLED,00,250.0,BANK_D
TXN003701,2026-08-26 01:12:50.501894,2026-08-26 01:13:20.501894,SETTLED,00,1000.0,BANK_C
TXN003702,2026-08-18 02:03:48.569076,2026-08-18 02:10:29.290651,SETTLED,00,1500.0,BANK_B
TXN003703,2026-08-27 19:57:09.594508,2026-08-27 20:00:53.086910,SETTLED,00,500.0,BANK_D
TXN003704,2026-08-04 13:21:33.811137,2026-08-04 13:23:57.168300,SETTLED,00,1500.0,BANK_D
TXN003705,2026-08-13 10:56:44.604438,2026-08-13 11:04:47.053894,SETTLED,00,1000.0,BANK_C
TXN003706,2026-08-29 03:37:42.242834,2026-08-29 03:45:23.660597,SETTLED,00,1000.0,BANK_D
TXN003707,2026-08-16 12:31:02.683479,2026-08-16 12:40:12.796883,SETTLED,00,1000.0,BANK_B
TXN003708,2026-08-03 20:21:12.000000,2026-08-03 20:28:09.408941,SETTLED,00,100.0,BANK_A
TXN003709,2026-08-12 02:51:44.910893,2026-08-12 03:01:47.609074,SETTLED,00,250.0,BANK_C
TXN003710,2026-09-03 17:36:57.146452,2026-09-03 17:46:35.950771,SETTLED,00,1000.0,BANK_C
TXN003711,2026-08-27 16:44:34.721537,2026-08-27 16:52:11.645776,SETTLED,00,500.0,BANK_D
TXN003712,2026-08-29 14:27:58.546490,2026-08-29 14:43:29.068121,PROCESSING,PENDING,250.0,BANK_C
TXN003713,2026-08-23 21:49:05.510166,,NOT_FOUND,NA,,BANK_A
TXN003714,2026-08-21 11:35:21.069702,2026-08-21 11:43:04.876294,SETTLED,00,2000.0,BANK_B
TXN003715,2026-08-03 17:58:42.652023,2026-08-03 18:03:01.923395,SETTLED,00,100.0,BANK_A
TXN003716,2026-08-21 17:31:17.596260,2026-08-21 17:36:25.907657,SETTLED,00,750.0,BANK_A
TXN003717,2026-08-18 16:17:39.492754,2026-08-18 16:23:10.173384,SETTLED,00,500.0,BANK_D
TXN003718,2026-08-28 23:06:47.146932,2026-08-28 23:13:18.318162,SETTLED,00,100.0,BANK_C
TXN003719,2026-08-11 23:26:34.906219,2026-08-11 23:31:45.878790,SETTLED,00,1500.0,BANK_C
TXN003720,2026-08-26 13:11:33.791234,2026-08-26 13:17:42.515846,SETTLED,00,750.0,BANK_A
TXN003721,2026-08-29 18:28:56.396818,2026-08-29 18:38:53.943943,SETTLED,00,2000.0,BANK_A
TXN003722,2026-08-27 05:57:04.463244,2026-08-27 06:02:57.554473,SETTLED,00,100.0,BANK_D
TXN003723,2026-08-10 16:54:41.154038,2026-08-10 17:00:43.134973,SETTLED,00,500.0,BANK_B
TXN003724,2026-08-26 14:36:45.315152,,NOT_FOUND,NA,,BANK_B
TXN003725,2026-08-10 08:36:18.173729,2026-08-10 08:40:33.462820,SETTLED,00,1500.0,BANK_C
TXN003726,2026-08-04 07:45:47.561834,2026-08-04 07:56:35.624795,SETTLED,00,100.0,BANK_A
TXN003727,2026-08-21 03:19:22.508241,2026-08-21 03:21:50.736885,SETTLED,00,500.0,BANK_C
TXN003728,2026-08-25 12:18:00.195288,2026-08-25 12:49:30.637592,PROCESSING,PENDING,5000.0,BANK_D
TXN003730,2026-08-02 14:19:54.145186,2026-08-02 14:25:26.935275,SETTLED,00,500.0,BANK_C
TXN003731,2026-08-07 21:49:02.364266,2026-08-07 21:56:03.953962,SETTLED,00,100.0,BANK_A
TXN003732,2026-08-12 10:32:50.139747,2026-08-12 10:38:43.103333,SETTLED,00,1000.0,BANK_D
TXN003733,2026-09-03 01:31:55.345570,2026-09-03 01:36:23.065376,SETTLED,00,250.0,BANK_D
TXN003734,2026-08-29 22:18:37.899452,2026-08-29 23:19:15.963111,PROCESSING,PENDING,500.0,BANK_C
TXN003735,2026-08-10 00:57:41.831426,,NOT_FOUND,NA,,BANK_A
TXN003736,2026-08-07 19:09:42.730666,2026-08-07 19:13:45.488477,SETTLED,00,1500.0,BANK_A
TXN003737,2026-08-05 07:50:32.639017,2026-08-05 07:54:24.813823,SETTLED,00,500.0,BANK_C
TXN003738,2026-09-04 10:11:50.443107,2026-09-04 10:31:50.443107,PROCESSING,PENDING,2000.0,BANK_B
TXN003739,2026-08-24 03:17:27.808996,2026-08-24 03:22:07.047567,SETTLED,00,2500.0,BANK_B
TXN003741,2026-08-03 09:28:35.310936,2026-08-03 09:29:47.733190,SETTLED,00,500.0,BANK_B
TXN003742,2026-08-02 08:51:57.359805,2026-08-02 08:58:42.485427,SETTLED,00,750.0,BANK_D
TXN003743,2026-09-02 22:03:05.881582,2026-09-02 22:30:36.576505,PROCESSING,PENDING,500.0,BANK_A
TXN003744,2026-09-02 10:04:55.062445,2026-09-02 10:26:50.293823,PROCESSING,PENDING,500.0,BANK_B
TXN003745,2026-08-03 14:18:29.602615,2026-08-03 14:22:43.691413,SETTLED,00,1500.0,BANK_C
TXN003746,2026-08-15 07:42:02.549987,2026-08-15 07:44:48.565875,SETTLED,00,100.0,BANK_B
TXN003747,2026-08-12 20:11:04.850683,2026-08-12 20:15:03.405708,SETTLED,00,2000.0,BANK_B
TXN003748,2026-08-12 12:10:38.438895,2026-08-12 12:15:08.955841,SETTLED,00,1000.0,BANK_B
TXN003749,2026-09-02 14:59:37.975661,2026-09-02 15:05:45.791813,SETTLED,00,1500.0,BANK_C
TXN003750,2026-08-14 09:11:03.037008,,NOT_FOUND,NA,,BANK_D
TXN003751,2026-08-22 12:30:00.520469,2026-08-22 12:40:53.779218,SETTLED,00,250.0,BANK_B
TXN003752,2026-08-20 22:08:13.051733,2026-08-20 22:10:54.748698,SETTLED,00,1000.0,BANK_B
TXN003753,2026-08-05 09:47:46.679848,2026-08-05 09:53:30.120718,SETTLED,00,10000.0,BANK_B
TXN003754,2026-08-21 03:09:09.049734,2026-08-21 04:04:44.159205,PROCESSING,PENDING,1000.0,BANK_C
TXN003755,2026-08-18 14:59:13.578811,2026-08-18 15:37:52.713051,PROCESSING,PENDING,2000.0,BANK_B
TXN003756,2026-08-22 12:02:01.587543,2026-08-22 12:05:48.102211,SETTLED,00,100.0,BANK_C
TXN003757,2026-08-09 07:38:20.175674,2026-08-09 07:45:11.576784,PROCESSING,PENDING,1500.0,BANK_D
TXN003759,2026-08-25 10:32:12.000000,2026-08-25 10:39:33.309904,SETTLED,00,1000.0,BANK_C
TXN003760,2026-09-02 02:36:38.687695,2026-09-02 02:45:28.001879,SETTLED,00,500.0,BANK_C
TXN003762,2026-08-07 23:32:39.928924,,NOT_FOUND,NA,,BANK_B
TXN003763,2026-08-14 17:56:20.689563,2026-08-14 18:00:13.937669,SETTLED,00,100.0,BANK_D
TXN003764,2026-08-28 01:58:02.821084,2026-08-28 02:01:46.210499,SETTLED,00,10000.0,BANK_D
TXN003765,2026-08-27 20:12:24.746502,2026-08-27 20:19:54.212696,SETTLED,00,10000.0,BANK_D
TXN003766,2026-08-01 09:20:30.976195,2026-08-01 09:24:58.498342,SETTLED,00,500.0,BANK_D
TXN003767,2026-08-01 04:14:25.324547,2026-08-01 04:55:11.919978,PROCESSING,PENDING,250.0,BANK_A
TXN003768,2026-09-03 03:44:14.075399,2026-09-03 03:52:34.258101,SETTLED,00,1500.0,BANK_A
TXN003769,2026-08-27 00:51:16.102363,2026-08-27 00:57:18.013882,SETTLED,00,1500.0,BANK_A
TXN003770,2026-09-03 18:04:05.344275,2026-09-03 18:09:28.590106,SETTLED,00,750.0,BANK_B
TXN003771,2026-08-23 08:00:23.148980,2026-08-23 08:06:30.233065,SETTLED,00,1500.0,BANK_B
TXN003772,2026-08-05 06:47:21.439851,,NOT_FOUND,NA,,BANK_A
TXN003773,2026-08-19 18:53:01.740908,2026-08-19 18:57:12.806282,SETTLED,00,750.0,BANK_B
TXN003774,2026-08-05 12:21:40.244877,2026-08-05 12:28:15.187252,SETTLED,00,250.0,BANK_D
TXN003775,2026-08-01 09:30:24.671251,2026-08-01 09:34:45.171201,SETTLED,00,1000.0,BANK_A
TXN003776,2026-08-20 10:25:30.780282,2026-08-20 10:31:34.719022,SETTLED,00,1000.0,BANK_B
TXN003777,2026-08-29 13:00:50.692357,2026-08-29 13:30:28.003643,PROCESSING,PENDING,100.0,BANK_D
TXN003778,2026-09-03 15:32:53.826181,2026-09-03 15:41:47.879383,SETTLED,00,500.0,BANK_D
TXN003779,2026-08-13 15:50:00.744281,2026-08-13 15:51:28.563387,SETTLED,00,1500.0,BANK_A
TXN003780,2026-08-07 09:33:32.647820,2026-08-07 09:45:01.809593,SETTLED,00,2500.0,BANK_D
TXN003781,2026-08-10 21:00:02.909003,2026-08-10 21:07:30.077178,SETTLED,00,1500.0,BANK_C
TXN003782,2026-08-20 13:56:11.792997,2026-08-20 14:16:17.067695,PROCESSING,PENDING,5000.0,BANK_C
TXN003783,2026-08-14 04:04:02.881130,2026-08-14 04:14:19.417010,SETTLED,00,500.0,BANK_C
TXN003784,2026-08-10 15:29:42.031994,2026-08-10 15:41:23.618399,PROCESSING,PENDING,1500.0,BANK_A
TXN003785,2026-08-26 19:22:58.876729,2026-08-26 19:28:58.908921,SETTLED,00,5000.0,BANK_D
TXN003786,2026-09-01 17:44:38.641490,2026-09-01 17:50:38.243027,SETTLED,00,250.0,BANK_C
TXN003787,2026-08-06 13:27:28.648814,2026-08-06 13:31:01.410356,SETTLED,00,500.0,BANK_B
TXN003788,2026-08-12 08:49:06.344619,2026-08-12 08:53:27.380228,SETTLED,00,750.0,BANK_A
TXN003789,2026-08-07 10:03:18.343429,2026-08-07 10:06:14.468830,SETTLED,00,10000.0,BANK_A
TXN003790,2026-09-01 20:13:12.000000,2026-09-01 20:34:42.262994,PROCESSING,PENDING,500.0,BANK_C
TXN003791,2026-08-04 01:19:35.409216,2026-08-04 01:21:04.329504,SETTLED,00,2500.0,BANK_B
TXN003792,2026-08-16 19:32:16.787471,2026-08-16 19:37:16.566165,SETTLED,00,250.0,BANK_D
TXN003793,2026-08-06 23:12:59.363587,2026-08-06 23:22:02.114396,SETTLED,00,500.0,BANK_B
TXN003794,2026-08-07 03:41:26.623947,2026-08-07 03:49:25.032460,SETTLED,00,1500.0,BANK_D
TXN003795,2026-08-12 17:57:48.746491,2026-08-12 18:02:39.674289,SETTLED,00,25000.0,BANK_C
TXN003796,2026-08-26 17:32:05.525192,2026-08-26 17:36:54.154369,SETTLED,00,750.0,BANK_D
TXN003797,2026-08-07 20:02:44.091163,2026-08-07 20:10:49.205759,SETTLED,00,1500.0,BANK_D
TXN003798,2026-08-15 15:55:43.981660,2026-08-15 16:06:30.571573,SETTLED,00,25000.0,BANK_D
TXN003799,2026-08-05 02:55:30.413918,2026-08-05 03:01:50.187177,SETTLED,00,1000.0,BANK_B
TXN003801,2026-08-23 05:32:09.185166,2026-08-23 05:44:23.589358,SETTLED,00,2000.0,BANK_D
TXN003802,2026-08-10 19:27:05.628212,2026-08-10 19:27:35.628212,SETTLED,00,1500.0,BANK_D
TXN003803,2026-08-03 11:21:00.579225,2026-08-03 11:27:55.598317,SETTLED,00,250.0,BANK_D
TXN003804,2026-08-31 09:17:03.166574,2026-08-31 09:25:22.229672,SETTLED,00,5000.0,BANK_C
TXN003805,2026-08-21 17:17:58.536845,2026-08-21 17:22:19.196802,SETTLED,00,500.0,BANK_C
TXN003806,2026-08-02 03:34:41.097952,2026-08-02 03:37:44.696981,SETTLED,00,250.0,BANK_A
TXN003807,2026-08-17 15:49:01.220480,2026-08-17 15:57:33.133201,SETTLED,00,2000.0,BANK_A
TXN003808,2026-08-11 00:36:11.845390,2026-08-11 00:47:31.758141,SETTLED,00,1500.0,BANK_D
TXN003809,2026-08-18 08:51:00.823521,2026-08-18 08:53:42.661624,SETTLED,00,750.0,BANK_B
TXN003810,2026-08-14 16:28:27.110569,2026-08-14 16:37:08.177386,SETTLED,00,500.0,BANK_C
TXN003811,2026-09-02 07:40:04.924869,2026-09-02 07:47:33.249380,SETTLED,00,1000.0,BANK_B
TXN003812,2026-08-18 05:04:05.666289,2026-08-18 05:13:24.638646,PROCESSING,PENDING,2500.0,BANK_C
TXN003813,2026-08-14 10:32:18.565535,2026-08-14 10:39:50.843551,SETTLED,00,250.0,BANK_A
TXN003814,2026-08-21 10:10:25.474442,2026-08-21 10:17:33.757015,SETTLED,00,750.0,BANK_A
TXN003815,2026-08-08 04:40:38.551634,2026-08-08 04:48:24.609599,SETTLED,00,1500.0,BANK_B
TXN003816,2026-08-04 17:33:54.396218,2026-08-04 17:43:32.050412,SETTLED,00,500.0,BANK_B
TXN003817,2026-08-15 06:57:21.897525,2026-08-15 06:59:44.597065,SETTLED,00,500.0,BANK_A
TXN003818,2026-08-20 03:39:22.440856,2026-08-20 03:45:59.026877,SETTLED,00,250.0,BANK_C
TXN003819,2026-08-19 17:37:40.926703,2026-08-19 17:44:41.060065,SETTLED,00,1500.0,BANK_B
TXN003821,2026-08-07 01:40:11.299291,2026-08-07 02:15:07.185812,PROCESSING,PENDING,1000.0,BANK_B
TXN003822,2026-08-18 00:43:25.497426,2026-08-18 00:56:15.658893,PROCESSING,PENDING,2500.0,BANK_B
TXN003823,2026-08-06 02:54:45.580060,2026-08-06 03:02:30.949057,SETTLED,00,2500.0,BANK_B
TXN003824,2026-08-09 17:05:46.574841,2026-08-09 17:14:46.925655,SETTLED,00,2500.0,BANK_C
TXN003825,2026-09-01 09:13:30.802883,2026-09-01 09:18:47.701212,SETTLED,00,250.0,BANK_D
TXN003826,2026-09-01 19:47:46.846047,2026-09-01 19:58:59.232525,SETTLED,00,100.0,BANK_D
TXN003827,2026-08-08 03:26:21.178556,2026-08-08 04:00:57.540053,PROCESSING,PENDING,1000.0,BANK_C
TXN003828,2026-09-04 08:56:31.357360,2026-09-04 09:04:27.072895,SETTLED,00,100.0,BANK_D
TXN003829,2026-08-29 11:37:29.670913,2026-08-29 11:49:28.972578,SETTLED,00,100.0,BANK_D
TXN003830,2026-08-24 04:30:49.569925,2026-08-24 04:40:51.577091,SETTLED,00,750.0,BANK_A
TXN003831,2026-08-19 11:19:27.918625,2026-08-19 11:23:30.577363,SETTLED,00,250.0,BANK_D
TXN003832,2026-08-08 22:20:06.911486,2026-08-08 22:29:12.766975,SETTLED,00,750.0,BANK_B
TXN003833,2026-08-06 21:08:47.039750,2026-08-06 21:15:19.841659,SETTLED,00,2500.0,BANK_B
TXN003834,2026-08-11 17:05:47.973658,2026-08-11 17:33:35.262063,PROCESSING,PENDING,25000.0,BANK_C
TXN003835,2026-08-28 01:25:14.948404,2026-08-28 01:33:21.257554,SETTLED,00,500.0,BANK_C
TXN003836,2026-09-02 12:25:58.972271,2026-09-02 12:32:42.992598,SETTLED,00,1000.0,BANK_B
TXN003837,2026-08-14 06:25:51.278044,2026-08-14 06:29:59.385492,SETTLED,00,500.0,BANK_B
TXN003838,2026-08-15 23:19:49.923987,2026-08-15 23:29:28.786385,SETTLED,00,250.0,BANK_A
TXN003839,2026-08-23 20:02:07.265262,2026-08-23 20:07:05.836992,SETTLED,00,100.0,BANK_B
TXN003840,2026-08-25 10:53:36.082554,2026-08-25 11:27:32.457184,PROCESSING,PENDING,250.0,BANK_C
TXN003841,2026-08-27 16:28:21.426018,2026-08-27 16:34:18.912858,SETTLED,00,100.0,BANK_C
TXN003842,2026-08-02 01:12:13.601344,2026-08-02 01:31:47.324713,PROCESSING,PENDING,2500.0,BANK_D
TXN003843,2026-08-16 22:33:02.644884,2026-08-16 22:38:30.689791,SETTLED,00,1000.0,BANK_C
TXN003844,2026-08-22 17:34:55.866741,2026-08-22 17:37:56.347070,SETTLED,00,1500.0,BANK_A
TXN003845,2026-08-12 11:14:12.000000,2026-08-12 11:30:32.434717,PROCESSING,PENDING,2500.0,BANK_B
TXN003846,2026-08-05 08:54:26.062418,2026-08-05 09:33:37.702657,PROCESSING,PENDING,1000.0,BANK_D
TXN003847,2026-08-19 15:27:06.829974,2026-08-19 15:30:48.455610,SETTLED,00,2500.0,BANK_D
TXN003848,2026-08-25 13:11:21.670707,2026-08-25 13:17:45.898251,SETTLED,00,500.0,BANK_A
TXN003849,2026-08-27 15:49:37.722144,2026-08-27 15:55:33.985401,SETTLED,00,100.0,BANK_D
TXN003851,2026-09-03 11:13:16.912733,2026-09-03 11:18:50.694873,SETTLED,00,250.0,BANK_B
TXN003852,2026-08-05 08:48:38.989539,2026-08-05 08:49:59.723185,SETTLED,00,750.0,BANK_D
TXN003853,2026-08-08 13:28:02.243206,2026-08-08 13:28:32.243206,SETTLED,00,1000.0,BANK_D
TXN003854,2026-08-15 16:03:54.206940,2026-08-15 16:10:54.618138,SETTLED,00,2500.0,BANK_D
TXN003855,2026-08-29 03:35:34.762580,2026-08-29 03:39:57.542129,SETTLED,00,100.0,BANK_B
TXN003856,2026-08-22 11:37:20.831573,2026-08-22 11:42:31.079344,SETTLED,00,250.0,BANK_B
TXN003857,2026-08-03 13:44:15.506052,2026-08-03 13:51:55.551972,SETTLED,00,100.0,BANK_C
TXN003858,2026-08-09 05:32:49.637825,2026-08-09 05:44:29.058983,SETTLED,00,1500.0,BANK_D
TXN003859,2026-08-31 06:00:08.779373,2026-08-31 06:05:14.699081,SETTLED,00,750.0,BANK_B
TXN003860,2026-08-02 16:52:54.537182,2026-08-02 16:57:28.173607,SETTLED,00,500.0,BANK_A
TXN003861,2026-08-25 03:29:50.584696,2026-08-25 03:34:17.388818,SETTLED,00,1000.0,BANK_C
TXN003862,2026-08-25 15:22:55.033650,2026-08-25 15:40:20.871392,PROCESSING,PENDING,500.0,BANK_B
TXN003863,2026-08-06 18:42:01.221132,2026-08-06 18:46:12.670611,SETTLED,00,2000.0,BANK_B
TXN003864,2026-08-15 00:53:12.828827,2026-08-15 01:44:29.058775,PROCESSING,PENDING,500.0,BANK_C
TXN003865,2026-08-15 09:04:50.551919,2026-08-15 09:11:38.484172,SETTLED,00,250.0,BANK_A
TXN003866,2026-08-08 16:57:13.506795,2026-08-08 17:04:03.242854,SETTLED,00,100.0,BANK_C
TXN003867,2026-08-28 15:41:30.513861,2026-08-28 16:00:12.198385,PROCESSING,PENDING,100.0,BANK_A
TXN003868,2026-08-17 00:06:30.337838,2026-08-17 00:15:29.022604,SETTLED,00,250.0,BANK_A
TXN003869,2026-08-09 14:12:53.105613,2026-08-09 14:16:48.754567,SETTLED,00,1000.0,BANK_C
TXN003870,2026-08-10 23:36:48.374055,2026-08-10 23:46:18.139412,SETTLED,00,750.0,BANK_B
TXN003871,2026-09-04 01:26:39.382091,2026-09-04 01:31:24.944136,SETTLED,00,750.0,BANK_A
TXN003872,2026-08-27 16:59:39.986708,2026-08-27 17:01:34.396689,SETTLED,00,10000.0,BANK_C
TXN003873,2026-08-30 05:39:00.776041,2026-08-30 05:44:45.135590,SETTLED,00,5000.0,BANK_D
TXN003874,2026-08-30 09:28:42.955266,2026-08-30 09:46:49.946491,PROCESSING,PENDING,5000.0,BANK_D
TXN003875,2026-08-31 23:35:00.607138,2026-08-31 23:44:37.038867,SETTLED,00,1000.0,BANK_D
TXN003876,2026-08-26 06:52:34.226351,2026-08-26 06:55:07.805969,SETTLED,00,750.0,BANK_B
TXN003877,2026-08-13 17:03:50.360402,2026-08-13 17:10:36.193751,SETTLED,00,500.0,BANK_D
TXN003878,2026-08-24 03:22:31.343406,2026-08-24 03:26:07.948405,SETTLED,00,250.0,BANK_D
TXN003879,2026-09-03 01:30:44.876574,2026-09-03 01:38:26.305639,SETTLED,00,250.0,BANK_C
TXN003880,2026-08-14 07:22:16.675546,2026-08-14 07:26:47.911643,SETTLED,00,1000.0,BANK_D
TXN003881,2026-08-25 18:26:12.000000,2026-08-25 18:33:43.720434,SETTLED,00,250.0,BANK_D
TXN003882,2026-08-30 16:07:08.329225,2026-08-30 16:14:37.853652,SETTLED,00,1000.0,BANK_A
TXN003883,2026-09-01 05:24:11.047368,2026-09-01 05:56:46.884840,PROCESSING,PENDING,2500.0,BANK_C
TXN003884,2026-09-02 02:55:25.775838,2026-09-02 03:01:07.115581,SETTLED,00,1500.0,BANK_C
TXN003885,2026-08-26 17:54:09.701694,2026-08-26 17:55:56.076239,SETTLED,00,1500.0,BANK_A
TXN003886,2026-08-29 10:29:18.603474,2026-08-29 10:34:22.403702,SETTLED,00,1000.0,BANK_A
TXN003887,2026-08-12 17:32:25.503410,2026-08-12 17:33:37.455194,SETTLED,00,100.0,BANK_C
TXN003888,2026-08-11 08:18:36.574459,2026-08-11 08:26:48.322977,SETTLED,00,750.0,BANK_C
TXN003889,2026-08-22 13:02:08.042865,2026-08-22 13:07:46.022560,SETTLED,00,750.0,BANK_D
TXN003890,2026-08-18 09:44:44.654112,2026-08-18 10:18:13.162093,PROCESSING,PENDING,500.0,BANK_B
TXN003891,2026-08-14 15:15:51.129457,2026-08-14 15:35:58.926065,PROCESSING,PENDING,100.0,BANK_D
TXN003892,2026-08-15 11:08:09.234339,2026-08-15 11:48:56.669486,PROCESSING,PENDING,2500.0,BANK_D
TXN003893,2026-08-20 23:46:29.103362,2026-08-20 23:52:06.884337,SETTLED,00,1000.0,BANK_D
TXN003894,2026-08-26 15:41:53.150722,2026-08-26 16:49:08.265679,PROCESSING,PENDING,250.0,BANK_A
TXN003895,2026-08-24 13:12:50.874118,2026-08-24 13:19:22.643786,SETTLED,00,100.0,BANK_B
TXN003896,2026-08-25 03:23:25.835585,2026-08-25 03:39:46.399966,PROCESSING,PENDING,1500.0,BANK_A
TXN003897,2026-08-14 23:48:06.425924,2026-08-15 00:14:15.578533,PROCESSING,PENDING,1000.0,BANK_C
TXN003898,2026-09-01 23:07:08.220511,2026-09-01 23:32:03.688257,PROCESSING,PENDING,250.0,BANK_A
TXN003899,2026-08-08 08:49:23.384134,2026-08-08 09:00:37.355131,SETTLED,00,10000.0,BANK_B
TXN003900,2026-08-22 09:34:36.633713,2026-08-22 09:40:02.261231,SETTLED,00,2000.0,BANK_A
TXN003901,2026-08-02 00:40:35.347249,2026-08-02 00:43:55.621772,SETTLED,00,5000.0,BANK_B
TXN003902,2026-08-15 09:26:52.049110,2026-08-15 09:33:32.961136,SETTLED,00,500.0,BANK_A
TXN003903,2026-09-01 06:27:54.848825,2026-09-01 06:37:40.875217,SETTLED,00,1000.0,BANK_C
TXN003904,2026-08-19 04:18:39.390398,2026-08-19 04:24:47.075895,SETTLED,00,250.0,BANK_D
TXN003905,2026-08-12 07:18:30.299627,2026-08-12 07:28:23.919082,SETTLED,00,500.0,BANK_B
TXN003906,2026-08-02 18:08:24.870317,2026-08-02 18:13:21.284051,SETTLED,00,750.0,BANK_D
TXN003907,2026-08-10 20:32:12.000000,2026-08-10 20:37:56.734897,SETTLED,00,1000.0,BANK_A
TXN003908,2026-08-11 00:41:14.275746,2026-08-11 00:42:01.439232,SETTLED,00,2000.0,BANK_A
TXN003909,2026-08-29 13:02:33.762718,2026-08-29 13:09:02.464521,SETTLED,00,1000.0,BANK_A
TXN003910,2026-08-24 16:37:11.195475,2026-08-24 16:41:24.899115,SETTLED,00,500.0,BANK_B
TXN003911,2026-08-27 02:34:01.852885,2026-08-27 02:37:02.181430,SETTLED,00,2000.0,BANK_B
TXN003912,2026-08-20 14:53:56.185903,2026-08-20 15:01:04.390438,SETTLED,00,2500.0,BANK_C
TXN003913,2026-08-20 19:54:55.828804,2026-08-20 20:04:46.857752,SETTLED,00,250.0,BANK_A
TXN003914,2026-08-07 14:15:39.223541,2026-08-07 14:20:59.052129,SETTLED,00,100.0,BANK_C
TXN003915,2026-08-07 15:50:53.314320,2026-08-07 16:27:35.586836,PROCESSING,PENDING,10000.0,BANK_A
TXN003916,2026-08-28 10:14:17.896901,2026-08-28 10:18:13.183558,SETTLED,00,2500.0,BANK_D
TXN003917,2026-08-14 06:04:48.005326,,NOT_FOUND,NA,,BANK_B
TXN003918,2026-08-01 03:07:55.643829,2026-08-01 03:21:54.613635,SETTLED,00,100.0,BANK_C
TXN003919,2026-08-23 10:31:15.204135,2026-08-23 10:40:25.619089,SETTLED,00,1000.0,BANK_D
TXN003920,2026-08-29 15:43:53.773576,2026-08-29 15:51:11.641952,SETTLED,00,25000.0,BANK_D
TXN003921,2026-08-11 16:44:14.890387,2026-08-11 16:53:20.651810,SETTLED,00,500.0,BANK_D
TXN003922,2026-09-04 15:07:24.674536,2026-09-04 15:10:37.616792,SETTLED,00,250.0,BANK_A
TXN003923,2026-08-13 08:59:27.162132,2026-08-13 09:33:30.196390,PROCESSING,PENDING,1000.0,BANK_A
TXN003924,2026-08-07 18:53:02.665840,2026-08-07 19:06:12.173226,SETTLED,00,250.0,BANK_A
TXN003925,2026-08-26 00:34:52.741089,2026-08-26 01:08:13.126424,PROCESSING,PENDING,500.0,BANK_B
TXN003926,2026-08-09 18:31:12.836865,,NOT_FOUND,NA,,BANK_C
TXN003927,2026-08-04 21:13:24.084029,2026-08-04 21:17:09.843755,SETTLED,00,100.0,BANK_A
TXN003928,2026-08-25 11:36:07.915489,2026-08-25 11:41:44.897243,SETTLED,00,1500.0,BANK_D
TXN003929,2026-08-04 19:34:07.758001,2026-08-04 19:41:40.986959,SETTLED,00,5000.0,BANK_D
TXN003930,2026-08-03 02:55:19.870623,2026-08-03 03:02:12.620521,SETTLED,00,500.0,BANK_A
TXN003931,2026-08-27 11:46:25.238076,2026-08-27 11:50:05.500447,SETTLED,00,1000.0,BANK_C
TXN003932,2026-08-31 14:17:17.850507,2026-08-31 14:21:56.930322,SETTLED,00,500.0,BANK_B
TXN003933,2026-08-15 08:13:06.831751,2026-08-15 08:19:59.765536,SETTLED,00,2000.0,BANK_C
TXN003934,2026-08-31 11:50:24.731038,2026-08-31 11:59:12.634444,SETTLED,00,250.0,BANK_D
TXN003936,2026-08-03 12:41:40.561205,2026-08-03 12:46:29.238153,SETTLED,00,1500.0,BANK_C
TXN003937,2026-08-23 22:34:16.981870,2026-08-23 22:58:17.658422,PROCESSING,PENDING,750.0,BANK_D
TXN003938,2026-08-05 11:00:12.000000,2026-08-05 11:09:21.825716,SETTLED,00,250.0,BANK_C
TXN003939,2026-09-01 22:45:58.130155,2026-09-01 22:53:19.289715,SETTLED,00,100.0,BANK_B
TXN003940,2026-08-30 00:46:46.810898,2026-08-30 00:55:56.609573,SETTLED,00,250.0,BANK_A
TXN003941,2026-08-27 17:25:43.694156,2026-08-27 17:32:29.853232,SETTLED,00,2500.0,BANK_B
TXN003942,2026-08-04 11:58:23.139550,2026-08-04 12:02:10.394999,SETTLED,00,2500.0,BANK_A
TXN003943,2026-08-26 07:34:00.455974,2026-08-26 07:41:00.173823,SETTLED,00,250.0,BANK_A
TXN003944,2026-08-10 19:49:31.668815,2026-08-10 20:10:52.054091,PROCESSING,PENDING,1000.0,BANK_D
TXN003945,2026-08-12 00:02:59.245440,2026-08-12 00:10:49.842443,SETTLED,00,1500.0,BANK_D
TXN003946,2026-08-25 02:10:16.035239,,NOT_FOUND,NA,,BANK_C
TXN003947,2026-08-19 02:49:12.770129,2026-08-19 02:50:09.074360,SETTLED,00,2500.0,BANK_C
TXN003948,2026-08-04 12:11:48.284462,2026-08-04 12:14:38.790725,SETTLED,00,100.0,BANK_A
TXN003949,2026-08-03 08:15:09.374531,2026-08-03 08:19:34.124676,SETTLED,00,25000.0,BANK_A
TXN003950,2026-09-04 23:36:21.017338,2026-09-04 23:38:43.008010,SETTLED,00,2500.0,BANK_B
TXN003951,2026-08-13 00:40:07.192695,2026-08-13 00:50:26.797956,SETTLED,00,100.0,BANK_C
TXN003952,2026-08-27 00:10:56.965540,2026-08-27 00:21:46.455740,SETTLED,00,500.0,BANK_A
TXN003953,2026-08-24 19:45:45.025246,2026-08-24 20:12:11.657968,PROCESSING,PENDING,500.0,BANK_A
TXN003954,2026-08-04 03:11:12.000000,2026-08-04 03:20:11.554802,SETTLED,00,500.0,BANK_B
TXN003955,2026-08-06 09:02:05.018647,2026-08-06 09:10:56.647334,SETTLED,00,2000.0,BANK_B
TXN003956,2026-08-13 08:58:11.998737,2026-08-13 09:01:03.827170,SETTLED,00,2000.0,BANK_B
TXN003957,2026-08-24 00:42:12.190530,2026-08-24 00:45:48.629196,SETTLED,00,2000.0,BANK_D
TXN003958,2026-08-17 03:49:28.389596,2026-08-17 04:00:03.739394,SETTLED,00,2000.0,BANK_D
TXN003959,2026-08-12 00:55:44.120883,2026-08-12 01:01:01.056837,SETTLED,00,100.0,BANK_D
TXN003960,2026-08-21 22:12:38.905160,2026-08-21 22:22:16.813691,SETTLED,00,750.0,BANK_A
TXN003961,2026-08-26 06:57:58.808075,2026-08-26 07:07:26.786605,SETTLED,00,750.0,BANK_D
TXN003962,2026-09-01 11:01:54.617919,2026-09-01 11:08:58.292025,SETTLED,00,100.0,BANK_B
TXN003963,2026-08-25 10:18:36.699969,2026-08-25 10:21:59.841062,SETTLED,00,10000.0,BANK_B
TXN003964,2026-08-09 04:52:17.210401,2026-08-09 04:56:49.825945,SETTLED,00,500.0,BANK_B
TXN003965,2026-08-03 04:44:14.385158,2026-08-03 04:50:30.326042,SETTLED,00,100.0,BANK_D
TXN003966,2026-09-01 02:43:36.642101,2026-09-01 02:47:48.747509,SETTLED,00,25000.0,BANK_A
TXN003967,2026-08-15 13:19:18.201264,2026-08-15 13:44:12.113276,PROCESSING,PENDING,2000.0,BANK_B
TXN003968,2026-08-11 18:57:01.185669,2026-08-11 19:00:57.854893,SETTLED,00,500.0,BANK_B
TXN003969,2026-09-02 10:11:51.037588,2026-09-02 10:21:00.365941,SETTLED,00,500.0,BANK_A
TXN003970,2026-08-17 19:59:23.980372,2026-08-17 20:07:36.447918,SETTLED,00,2500.0,BANK_A
TXN003971,2026-08-22 05:01:41.090247,2026-08-22 05:06:58.971252,SETTLED,00,500.0,BANK_C
TXN003972,2026-09-02 21:53:54.762717,2026-09-02 21:57:56.243687,SETTLED,00,750.0,BANK_A
TXN003973,2026-08-13 16:46:12.000000,2026-08-13 16:53:34.078806,SETTLED,00,10000.0,BANK_D
TXN003974,2026-08-04 07:00:50.646693,2026-08-04 07:05:04.625795,SETTLED,00,750.0,BANK_B
TXN003975,2026-08-16 10:26:51.664934,2026-08-16 10:36:39.592151,SETTLED,00,2500.0,BANK_B
TXN003976,2026-08-07 07:04:46.155888,2026-08-07 07:09:47.924310,SETTLED,00,100.0,BANK_B
TXN003977,2026-08-02 02:25:29.328834,2026-08-02 02:29:40.261100,SETTLED,00,100.0,BANK_A
TXN003978,2026-08-14 09:44:38.266155,,NOT_FOUND,NA,,BANK_D
TXN003979,2026-09-04 16:29:16.104263,2026-09-04 16:35:09.201160,SETTLED,00,10000.0,BANK_D
TXN003980,2026-08-31 11:36:03.664626,2026-08-31 11:42:15.282074,SETTLED,00,100.0,BANK_B
TXN003981,2026-08-17 20:43:33.301104,2026-08-17 20:49:44.996558,SETTLED,00,1000.0,BANK_A
TXN003982,2026-08-02 01:03:22.534311,,NOT_FOUND,NA,,BANK_A
TXN003983,2026-08-12 20:47:30.426733,2026-08-12 20:51:43.405975,SETTLED,00,1500.0,BANK_C
TXN003984,2026-08-21 16:58:31.523138,2026-08-21 17:05:33.422181,SETTLED,00,750.0,BANK_D
TXN003985,2026-08-07 13:39:07.192673,2026-08-07 13:44:28.998295,SETTLED,00,2500.0,BANK_C
TXN003986,2026-09-02 05:39:59.091671,2026-09-02 05:43:13.878751,SETTLED,00,100.0,BANK_B
TXN003987,2026-08-22 06:38:12.000000,2026-08-22 06:45:18.188063,SETTLED,00,100.0,BANK_A
TXN003988,2026-08-10 18:57:58.184541,2026-08-10 19:02:44.936958,SETTLED,00,2500.0,BANK_C
TXN003989,2026-08-25 19:54:50.210762,2026-08-25 20:00:13.850947,SETTLED,00,1500.0,BANK_B
TXN003990,2026-08-04 15:15:12.000000,2026-08-04 15:21:21.696461,SETTLED,00,2000.0,BANK_A
TXN003991,2026-08-30 06:43:12.397580,2026-08-30 06:45:55.911998,SETTLED,00,25000.0,BANK_D
TXN003992,2026-08-20 05:33:08.434409,2026-08-20 05:36:46.856441,SETTLED,00,1000.0,BANK_A
TXN003993,2026-08-10 18:59:37.724995,2026-08-10 19:07:34.503913,SETTLED,00,1500.0,BANK_C
TXN003994,2026-09-02 09:27:39.176472,2026-09-02 09:38:00.737379,SETTLED,00,250.0,BANK_D
TXN003995,2026-08-25 20:37:15.294870,2026-08-25 20:48:36.656633,PROCESSING,PENDING,500.0,BANK_C
TXN003996,2026-08-17 14:03:05.196073,2026-08-17 14:11:58.901514,SETTLED,00,1500.0,BANK_C
TXN003997,2026-09-03 16:13:55.085923,2026-09-03 16:22:11.234447,SETTLED,00,1000.0,BANK_D
TXN003998,2026-08-15 16:24:48.194886,2026-08-15 16:31:40.535913,SETTLED,00,500.0,BANK_B
TXN003999,2026-08-18 19:38:34.305819,2026-08-18 19:44:44.192829,SETTLED,00,1500.0,BANK_B
TXN004000,2026-08-02 01:10:42.149045,2026-08-02 01:17:31.517471,SETTLED,00,2500.0,BANK_A
TXN004001,2026-08-06 19:04:09.886966,2026-08-06 19:07:39.012823,SETTLED,00,750.0,BANK_C
TXN004002,2026-08-11 19:28:45.058979,,NOT_FOUND,NA,,BANK_A
TXN004003,2026-08-14 21:00:17.393447,2026-08-14 21:26:23.165187,PROCESSING,PENDING,2000.0,BANK_B
TXN004004,2026-08-19 05:11:51.440211,2026-08-19 05:19:10.915686,SETTLED,00,1500.0,BANK_B
TXN004005,2026-08-04 07:53:12.000000,2026-08-04 08:03:30.892659,SETTLED,00,1500.0,BANK_B
TXN004006,2026-09-02 15:07:59.944721,,NOT_FOUND,NA,,BANK_B
TXN004007,2026-08-07 05:54:56.001547,2026-08-07 06:02:51.026249,SETTLED,00,10000.0,BANK_C
TXN004008,2026-08-25 12:58:36.148718,2026-08-25 13:00:43.209601,SETTLED,00,500.0,BANK_A
TXN004009,2026-08-01 04:30:05.070952,2026-08-01 04:31:11.191038,SETTLED,00,500.0,BANK_A
TXN004010,2026-08-28 15:56:18.805550,2026-08-28 16:20:27.641431,PROCESSING,PENDING,2000.0,BANK_A
TXN004011,2026-08-04 12:30:22.965552,2026-08-04 12:37:25.764864,SETTLED,00,500.0,BANK_D
TXN004012,2026-08-09 13:14:51.997029,2026-08-09 13:24:27.092685,SETTLED,00,1000.0,BANK_A
TXN004013,2026-08-08 14:39:47.862027,2026-08-08 14:43:36.012066,SETTLED,00,25000.0,BANK_A
TXN004014,2026-08-28 03:16:43.775618,2026-08-28 03:17:45.800116,SETTLED,00,500.0,BANK_A
TXN004015,2026-08-21 08:06:17.846522,2026-08-21 08:12:14.071577,SETTLED,00,500.0,BANK_D
TXN004016,2026-08-05 08:12:23.414715,2026-08-05 08:48:52.706722,PROCESSING,PENDING,250.0,BANK_A
TXN004017,2026-08-13 07:13:53.315136,2026-08-13 07:24:06.811516,SETTLED,00,250.0,BANK_B
TXN004018,2026-09-02 07:45:05.588808,2026-09-02 07:52:47.845795,SETTLED,00,5000.0,BANK_C
TXN004019,2026-09-01 16:21:11.830524,2026-09-01 16:53:55.911259,PROCESSING,PENDING,10000.0,BANK_D
TXN004020,2026-08-19 01:54:30.954489,2026-08-19 01:57:52.598762,SETTLED,00,1000.0,BANK_C
TXN004021,2026-08-29 20:50:06.947263,2026-08-29 20:54:20.915773,SETTLED,00,1000.0,BANK_D
TXN004022,2026-08-30 05:27:14.716389,2026-08-30 05:36:43.369064,SETTLED,00,2000.0,BANK_C
TXN004023,2026-08-19 07:24:54.318692,2026-08-19 07:32:54.318692,PROCESSING,PENDING,100.0,BANK_B
TXN004024,2026-08-06 17:33:01.213044,2026-08-06 17:39:59.944884,SETTLED,00,500.0,BANK_D
TXN004025,2026-08-11 18:46:25.465957,2026-08-11 18:51:12.156310,SETTLED,00,2500.0,BANK_D
TXN004026,2026-09-04 20:26:17.482124,2026-09-04 20:29:31.241852,SETTLED,00,5000.0,BANK_A
TXN004027,2026-08-06 06:40:15.117559,2026-08-06 06:42:41.718561,SETTLED,00,2500.0,BANK_D
TXN004028,2026-08-19 04:51:13.038263,,NOT_FOUND,NA,,BANK_B
TXN004029,2026-08-04 21:09:30.801216,2026-08-04 21:57:55.413310,PROCESSING,PENDING,500.0,BANK_A
TXN004031,2026-08-30 16:44:40.271741,2026-08-30 16:50:47.172785,SETTLED,00,2500.0,BANK_C
TXN004032,2026-08-27 20:01:11.070974,2026-08-27 20:06:06.614037,SETTLED,00,10000.0,BANK_D
TXN004033,2026-08-14 21:31:33.978913,2026-08-14 21:35:39.382329,SETTLED,00,500.0,BANK_A
TXN004034,2026-08-24 01:00:51.458835,2026-08-24 01:06:30.776330,SETTLED,00,2000.0,BANK_B
TXN004035,2026-08-30 01:27:42.766496,,NOT_FOUND,NA,,BANK_D
TXN004036,2026-08-28 23:27:34.322749,2026-08-29 00:07:02.259771,PROCESSING,PENDING,500.0,BANK_C
TXN004037,2026-08-27 08:10:44.358604,2026-08-27 08:14:37.586367,SETTLED,00,2500.0,BANK_C
TXN004038,2026-08-19 17:23:05.309587,2026-08-19 17:25:56.938137,SETTLED,00,500.0,BANK_A
TXN004039,2026-08-19 02:28:22.449802,2026-08-19 02:29:04.776732,SETTLED,00,100.0,BANK_A
TXN004040,2026-08-29 00:47:30.982730,2026-08-29 00:57:01.849146,SETTLED,00,2500.0,BANK_D
TXN004041,2026-08-17 20:34:21.038731,2026-08-17 20:43:18.882412,SETTLED,00,100.0,BANK_A
TXN004042,2026-08-23 07:59:12.364948,2026-08-23 08:03:47.523811,SETTLED,00,1000.0,BANK_B
TXN004043,2026-08-17 00:48:09.543602,2026-08-17 01:16:00.379530,PROCESSING,PENDING,100.0,BANK_C
TXN004044,2026-08-29 12:42:52.953510,2026-08-29 12:54:30.986311,SETTLED,00,500.0,BANK_D
TXN004045,2026-08-13 13:26:41.476274,2026-08-13 13:32:36.529979,SETTLED,00,500.0,BANK_A
TXN004046,2026-08-25 05:15:25.679081,2026-08-25 05:21:32.669163,SETTLED,00,500.0,BANK_A
TXN004047,2026-08-03 03:16:21.678205,2026-08-03 03:22:42.900173,SETTLED,00,1000.0,BANK_C
TXN004048,2026-08-11 14:55:27.739832,2026-08-11 15:00:28.036062,SETTLED,00,1500.0,BANK_D
TXN004049,2026-08-07 10:20:15.701389,2026-08-07 10:27:09.723108,SETTLED,00,750.0,BANK_D
TXN004050,2026-09-01 01:52:15.872755,2026-09-01 01:59:39.528367,SETTLED,00,1000.0,BANK_D
TXN004051,2026-08-20 19:01:23.299228,2026-08-20 19:04:14.928643,SETTLED,00,1000.0,BANK_D
TXN004052,2026-09-01 10:31:14.933959,,NOT_FOUND,NA,,BANK_B
TXN004053,2026-09-03 11:25:43.742577,2026-09-03 11:40:52.619678,PROCESSING,PENDING,100.0,BANK_A
TXN004054,2026-08-08 10:36:34.204207,2026-08-08 10:42:00.006083,SETTLED,00,2000.0,BANK_B
TXN004055,2026-08-22 19:38:13.582353,2026-08-22 19:46:33.615014,SETTLED,00,500.0,BANK_D
TXN004056,2026-08-26 01:53:41.060776,2026-08-26 02:12:37.122032,PROCESSING,PENDING,1000.0,BANK_B
TXN004057,2026-08-18 16:44:24.548214,2026-08-18 16:50:15.186042,SETTLED,00,1000.0,BANK_D
TXN004058,2026-08-01 16:39:31.639619,2026-08-01 16:40:01.639619,SETTLED,00,500.0,BANK_D
TXN004059,2026-08-25 08:21:59.558774,2026-08-25 08:24:43.471003,SETTLED,00,750.0,BANK_D
TXN004060,2026-08-01 06:52:47.354048,2026-08-01 06:55:36.679141,SETTLED,00,500.0,BANK_D
TXN004061,2026-08-28 15:13:44.625894,2026-08-28 15:21:28.051391,SETTLED,00,2500.0,BANK_B
TXN004062,2026-08-14 11:32:44.150408,2026-08-14 11:48:15.623735,PROCESSING,PENDING,500.0,BANK_B
TXN004063,2026-08-27 01:03:06.608364,2026-08-27 01:07:15.760344,SETTLED,00,1000.0,BANK_C
TXN004064,2026-08-25 01:21:54.443662,2026-08-25 01:30:00.352511,SETTLED,00,2500.0,BANK_B
TXN004065,2026-08-03 11:57:18.981350,2026-08-03 12:19:17.061329,PROCESSING,PENDING,100.0,BANK_B
TXN004066,2026-08-21 03:42:16.132719,2026-08-21 03:50:51.843397,SETTLED,00,10000.0,BANK_A
TXN004067,2026-08-28 15:44:28.317548,2026-08-28 15:51:11.126682,SETTLED,00,500.0,BANK_D
TXN004068,2026-08-22 13:22:26.961142,2026-08-22 14:13:10.031900,PROCESSING,PENDING,250.0,BANK_B
TXN004069,2026-08-27 07:16:34.776360,2026-08-27 07:19:32.377908,SETTLED,00,250.0,BANK_D
TXN004070,2026-08-14 19:26:10.099945,2026-08-14 19:33:51.402082,SETTLED,00,100.0,BANK_A
TXN004071,2026-08-08 00:44:48.930651,2026-08-08 01:29:49.735023,PROCESSING,PENDING,1000.0,BANK_C
TXN004072,2026-08-26 17:53:20.622088,2026-08-26 18:34:34.336077,PROCESSING,PENDING,2500.0,BANK_B
TXN004073,2026-08-22 09:13:09.148273,2026-08-22 09:16:48.537304,SETTLED,00,1500.0,BANK_D
TXN004074,2026-08-19 10:21:12.000000,2026-08-19 10:31:47.458008,SETTLED,00,5000.0,BANK_A
TXN004075,2026-08-09 01:04:14.266522,2026-08-09 01:09:16.908001,SETTLED,00,2500.0,BANK_B
TXN004076,2026-08-29 20:20:06.168330,2026-08-29 21:01:07.361953,PROCESSING,PENDING,1500.0,BANK_B
TXN004077,2026-08-25 05:51:48.649004,2026-08-25 05:56:04.282652,SETTLED,00,1000.0,BANK_C
TXN004078,2026-08-06 08:53:07.504737,2026-08-06 09:04:53.748363,PROCESSING,PENDING,1000.0,BANK_D
TXN004079,2026-08-29 09:41:26.030959,,NOT_FOUND,NA,,BANK_C
TXN004080,2026-08-14 17:55:48.513750,2026-08-14 18:08:07.651587,PROCESSING,PENDING,250.0,BANK_A
TXN004082,2026-08-05 04:31:12.315866,,NOT_FOUND,NA,,BANK_B
TXN004083,2026-08-16 05:33:46.534438,2026-08-16 05:34:38.981709,SETTLED,00,2000.0,BANK_B
TXN004084,2026-08-01 05:32:16.394388,2026-08-01 05:41:38.370959,SETTLED,00,1000.0,BANK_B
TXN004085,2026-08-21 03:05:53.719547,2026-08-21 03:10:54.415606,SETTLED,00,100.0,BANK_A
TXN004086,2026-08-04 21:24:19.212846,2026-08-04 21:30:20.131957,SETTLED,00,500.0,BANK_B
TXN004087,2026-08-06 10:49:17.638907,2026-08-06 10:56:17.417619,SETTLED,00,2000.0,BANK_A
TXN004088,2026-08-25 11:32:36.340001,2026-08-25 11:34:55.943894,SETTLED,00,250.0,BANK_A
TXN004089,2026-08-19 16:21:44.936205,2026-08-19 16:50:34.448274,PROCESSING,PENDING,1500.0,BANK_A
TXN004090,2026-08-13 22:43:21.622370,2026-08-13 22:51:43.286244,SETTLED,00,1500.0,BANK_A
TXN004091,2026-08-12 09:10:00.970528,2026-08-12 09:18:33.897820,SETTLED,00,250.0,BANK_C
TXN004092,2026-08-03 15:05:56.757272,2026-08-03 15:12:14.093401,SETTLED,00,500.0,BANK_D
TXN004093,2026-08-18 09:20:05.602841,2026-08-18 09:29:27.351992,SETTLED,00,1000.0,BANK_D
TXN004094,2026-08-05 16:22:35.686263,2026-08-05 17:03:30.572842,PROCESSING,PENDING,500.0,BANK_A
TXN004095,2026-08-12 14:37:59.511404,2026-08-12 14:43:45.342094,SETTLED,00,250.0,BANK_C
TXN004096,2026-09-01 09:14:12.660290,2026-09-01 09:55:12.910530,PROCESSING,PENDING,250.0,BANK_D
TXN004097,2026-08-26 10:23:35.397172,2026-08-26 10:28:41.076029,SETTLED,00,500.0,BANK_A
TXN004098,2026-08-28 10:12:12.124367,2026-08-28 10:40:48.696527,PROCESSING,PENDING,100.0,BANK_C
TXN004099,2026-08-18 11:25:17.424041,2026-08-18 11:25:47.424041,SETTLED,00,500.0,BANK_B
TXN004100,2026-08-08 16:31:55.126485,2026-08-08 16:35:08.338841,SETTLED,00,5000.0,BANK_B
TXN004101,2026-08-08 19:52:19.487367,,NOT_FOUND,NA,,BANK_A
TXN004102,2026-08-23 04:08:58.870458,2026-08-23 04:15:26.819213,SETTLED,00,1500.0,BANK_B
TXN004103,2026-08-18 03:10:24.463269,2026-08-18 03:16:13.137131,SETTLED,00,2000.0,BANK_D
TXN004104,2026-08-07 23:56:25.747522,2026-08-08 00:04:46.832987,SETTLED,00,1000.0,BANK_A
TXN004105,2026-08-10 13:19:21.099393,2026-08-10 13:25:25.063611,SETTLED,00,2500.0,BANK_B
TXN004106,2026-09-03 07:45:18.278944,2026-09-03 07:51:14.651979,SETTLED,00,500.0,BANK_C
TXN004107,2026-08-23 19:05:52.240943,2026-08-23 19:12:30.532678,SETTLED,00,500.0,BANK_A
TXN004108,2026-08-02 09:50:23.129674,2026-08-02 09:54:12.376244,SETTLED,00,100.0,BANK_A
TXN004109,2026-08-26 10:47:12.913777,2026-08-26 10:51:52.943019,SETTLED,00,250.0,BANK_A
TXN004110,2026-08-21 04:42:18.906565,2026-08-21 04:47:27.863333,SETTLED,00,2000.0,BANK_D
TXN004111,2026-08-05 03:08:17.835380,2026-08-05 03:14:08.026957,SETTLED,00,100.0,BANK_B
TXN004112,2026-09-01 15:55:41.995839,2026-09-01 15:59:39.339342,SETTLED,00,2000.0,BANK_B
TXN004113,2026-08-15 06:39:12.731366,2026-08-15 06:44:00.648374,SETTLED,00,500.0,BANK_B
TXN004114,2026-08-10 02:26:05.069330,2026-08-10 02:37:35.007368,SETTLED,00,100.0,BANK_A
TXN004115,2026-08-17 03:36:04.183656,2026-08-17 03:43:43.438933,SETTLED,00,250.0,BANK_D
TXN004116,2026-08-04 17:04:59.342088,2026-08-04 17:43:14.760158,PROCESSING,PENDING,1000.0,BANK_A
TXN004117,2026-08-04 10:22:59.807029,2026-08-04 10:29:34.518747,SETTLED,00,5000.0,BANK_C
TXN004118,2026-08-22 02:35:24.040487,2026-08-22 02:39:36.755326,SETTLED,00,500.0,BANK_A
TXN004119,2026-08-30 23:30:59.086994,2026-08-30 23:34:43.759527,SETTLED,00,1500.0,BANK_C
TXN004120,2026-08-15 00:40:42.019913,2026-08-15 00:47:07.929580,SETTLED,00,1500.0,BANK_C
TXN004121,2026-08-29 03:46:48.280934,2026-08-29 03:54:32.533415,SETTLED,00,500.0,BANK_A
TXN004122,2026-08-02 19:07:53.320369,2026-08-02 19:15:11.668432,SETTLED,00,750.0,BANK_B
TXN004123,2026-08-23 04:42:44.021793,2026-08-23 04:53:27.499538,SETTLED,00,2500.0,BANK_D
TXN004124,2026-08-24 00:49:08.948701,2026-08-24 00:53:04.334490,SETTLED,00,100.0,BANK_C
TXN004125,2026-08-02 03:49:05.035616,2026-08-02 04:21:42.656511,PROCESSING,PENDING,100.0,BANK_C
TXN004126,2026-09-04 05:35:52.315205,2026-09-04 05:43:19.478426,SETTLED,00,1000.0,BANK_D
TXN004127,2026-08-03 07:02:24.236124,2026-08-03 07:02:54.236124,SETTLED,00,750.0,BANK_D
TXN004128,2026-08-18 15:45:39.504768,2026-08-18 15:53:20.548902,SETTLED,00,100.0,BANK_A
TXN004129,2026-08-11 15:52:06.000000,,NOT_FOUND,NA,,BANK_C
TXN004130,2026-08-02 02:32:27.527036,2026-08-02 02:35:10.351456,SETTLED,00,2000.0,BANK_D
TXN004131,2026-08-25 05:46:42.223684,2026-08-25 05:55:25.240643,SETTLED,00,100.0,BANK_D
TXN004132,2026-08-07 20:30:37.500618,,NOT_FOUND,NA,,BANK_C
TXN004133,2026-08-25 23:03:30.032298,2026-08-25 23:35:42.123524,PROCESSING,PENDING,500.0,BANK_A
TXN004134,2026-09-04 19:07:06.716021,2026-09-04 19:13:33.239339,SETTLED,00,1500.0,BANK_A
TXN004135,2026-08-22 19:13:52.312845,2026-08-22 19:20:50.791023,SETTLED,00,2000.0,BANK_D
TXN004136,2026-08-14 13:04:51.860657,2026-08-14 13:07:48.364573,SETTLED,00,1500.0,BANK_C
TXN004137,2026-08-14 08:44:44.619308,2026-08-14 08:52:47.259540,SETTLED,00,250.0,BANK_B
TXN004138,2026-08-09 11:22:14.370824,2026-08-09 11:25:54.038595,SETTLED,00,500.0,BANK_C
TXN004139,2026-08-26 19:06:31.762325,2026-08-26 19:14:56.319394,SETTLED,00,250.0,BANK_D
TXN004140,2026-08-22 14:34:24.793473,2026-08-22 14:42:37.722104,SETTLED,00,1000.0,BANK_B
TXN004142,2026-08-13 19:20:52.457583,2026-08-13 19:29:23.040270,SETTLED,00,2000.0,BANK_B
TXN004143,2026-08-13 15:10:27.894607,2026-08-13 15:48:49.177640,PROCESSING,PENDING,250.0,BANK_B
TXN004145,2026-08-13 20:15:59.077062,2026-08-13 20:20:15.946702,SETTLED,00,250.0,BANK_C
TXN004146,2026-08-16 16:39:23.611143,2026-08-16 16:48:04.828365,SETTLED,00,2500.0,BANK_C
TXN004148,2026-08-31 23:24:09.315918,2026-08-31 23:29:47.998345,SETTLED,00,250.0,BANK_B
TXN004149,2026-08-27 15:30:20.548262,2026-08-27 15:36:28.118944,SETTLED,00,250.0,BANK_B
TXN004150,2026-08-27 04:27:26.940950,2026-08-27 04:33:59.336204,SETTLED,00,1000.0,BANK_D
TXN004151,2026-08-20 16:34:14.211853,2026-08-20 17:11:43.029233,PROCESSING,PENDING,10000.0,BANK_A
TXN004152,2026-08-15 11:08:04.578003,2026-08-15 11:17:44.797908,SETTLED,00,1000.0,BANK_B
TXN004153,2026-08-18 12:14:46.245875,2026-08-18 12:20:24.645063,SETTLED,00,100.0,BANK_C
TXN004154,2026-08-04 09:23:34.821435,2026-08-04 09:28:03.564123,SETTLED,00,2000.0,BANK_D
TXN004155,2026-09-04 16:56:21.102058,,NOT_FOUND,NA,,BANK_C
TXN004156,2026-08-16 05:56:32.017209,2026-08-16 06:02:44.884206,SETTLED,00,100.0,BANK_A
TXN004157,2026-08-14 20:48:21.351226,2026-08-14 20:57:40.739039,SETTLED,00,750.0,BANK_A
TXN004158,2026-08-20 06:05:47.362576,2026-08-20 06:10:16.712611,SETTLED,00,250.0,BANK_D
TXN004159,2026-09-02 12:10:13.464853,2026-09-02 12:11:55.034298,SETTLED,00,250.0,BANK_C
TXN004160,2026-08-31 16:07:41.641270,2026-08-31 16:13:14.876106,SETTLED,00,250.0,BANK_D
TXN004161,2026-08-05 18:49:40.917175,2026-08-05 18:55:07.230685,SETTLED,00,100.0,BANK_D
TXN004162,2026-08-09 01:18:30.216631,2026-08-09 01:23:58.745500,SETTLED,00,250.0,BANK_A
TXN004163,2026-08-20 15:41:29.112898,2026-08-20 15:46:55.926556,SETTLED,00,750.0,BANK_B
TXN004164,2026-08-22 16:53:31.088750,2026-08-22 17:00:11.532785,SETTLED,00,250.0,BANK_C
TXN004165,2026-08-22 19:55:16.039353,2026-08-22 19:56:51.954214,SETTLED,00,250.0,BANK_B
TXN004166,2026-09-01 09:20:33.235265,2026-09-01 09:24:47.227402,SETTLED,00,5000.0,BANK_D
TXN004167,2026-08-18 00:54:22.774907,2026-08-18 01:01:12.996954,SETTLED,00,1500.0,BANK_B
TXN004168,2026-08-29 22:56:22.618698,2026-08-29 23:06:23.538320,SETTLED,00,2000.0,BANK_D
TXN004169,2026-08-18 01:32:49.592891,2026-08-18 01:37:26.756091,SETTLED,00,1000.0,BANK_A
TXN004170,2026-08-04 21:33:29.687856,2026-08-04 21:38:28.109257,SETTLED,00,750.0,BANK_C
TXN004171,2026-08-05 07:23:23.998353,2026-08-05 07:27:28.287888,SETTLED,00,500.0,BANK_C
TXN004172,2026-08-17 09:43:27.488048,2026-08-17 09:50:56.575072,SETTLED,00,100.0,BANK_B
TXN004173,2026-09-04 11:09:23.723230,2026-09-04 11:14:42.351364,PROCESSING,PENDING,1000.0,BANK_A
TXN004174,2026-08-04 03:49:19.828875,2026-08-04 03:51:53.661727,SETTLED,00,1500.0,BANK_A
TXN004175,2026-08-15 16:55:12.524388,2026-08-15 17:00:54.047122,SETTLED,00,500.0,BANK_B
TXN004176,2026-08-31 12:31:33.212070,2026-08-31 12:41:28.553984,SETTLED,00,100.0,BANK_D
TXN004177,2026-08-16 17:11:28.855751,2026-08-16 17:14:02.073532,SETTLED,00,2500.0,BANK_A
TXN004178,2026-08-25 14:54:00.216953,2026-08-25 14:58:44.869199,SETTLED,00,500.0,BANK_C
TXN004179,2026-08-23 11:04:43.108125,2026-08-23 11:13:35.855882,SETTLED,00,1500.0,BANK_C
TXN004180,2026-08-20 12:05:31.743956,2026-08-20 12:09:11.306697,SETTLED,00,1000.0,BANK_C
TXN004181,2026-08-25 01:06:30.761043,2026-08-25 01:26:20.077049,PROCESSING,PENDING,2500.0,BANK_C
TXN004182,2026-08-05 17:03:51.295907,2026-08-05 17:27:21.473769,PROCESSING,PENDING,2500.0,BANK_A
TXN004183,2026-08-15 06:38:48.429799,2026-08-15 06:47:13.175675,SETTLED,00,1000.0,BANK_C
TXN004184,2026-08-17 01:56:14.701256,2026-08-17 02:03:17.670248,SETTLED,00,250.0,BANK_A
TXN004185,2026-08-05 23:48:31.139569,2026-08-05 23:49:11.611762,SETTLED,00,100.0,BANK_B
TXN004186,2026-09-01 00:41:06.419526,2026-09-01 00:47:24.947385,SETTLED,00,250.0,BANK_B
TXN004187,2026-08-17 05:38:31.584462,2026-08-17 05:43:54.400979,SETTLED,00,500.0,BANK_D
TXN004188,2026-08-04 00:18:57.510200,2026-08-04 00:57:44.332659,PROCESSING,PENDING,100.0,BANK_D
TXN004189,2026-08-26 01:15:37.648762,2026-08-26 01:22:23.993307,SETTLED,00,25000.0,BANK_C
TXN004190,2026-08-25 00:02:07.928736,2026-08-25 00:09:16.060793,SETTLED,00,500.0,BANK_C
TXN004191,2026-08-15 05:06:58.123114,2026-08-15 05:10:25.092571,SETTLED,00,1000.0,BANK_B
TXN004193,2026-08-09 15:27:37.834125,2026-08-09 15:55:08.499284,PROCESSING,PENDING,25000.0,BANK_A
TXN004194,2026-08-24 08:46:19.482081,2026-08-24 08:51:06.318240,SETTLED,00,750.0,BANK_A
TXN004196,2026-08-22 05:23:11.973309,2026-08-22 05:38:56.271283,PROCESSING,PENDING,2000.0,BANK_D
TXN004198,2026-08-14 06:37:58.309629,2026-08-14 06:45:06.100260,SETTLED,00,10000.0,BANK_B
TXN004199,2026-08-05 18:08:46.762397,2026-08-05 18:16:39.351741,SETTLED,00,1000.0,BANK_A
TXN004200,2026-09-03 03:04:04.446245,2026-09-03 03:23:33.192929,PROCESSING,PENDING,2000.0,BANK_D
TXN004201,2026-08-27 04:01:21.434890,2026-08-27 04:08:14.324515,SETTLED,00,2500.0,BANK_B
TXN004202,2026-09-03 07:36:42.108310,,NOT_FOUND,NA,,BANK_D
TXN004203,2026-08-19 10:09:39.571654,2026-08-19 10:31:03.709128,PROCESSING,PENDING,1000.0,BANK_D
TXN004204,2026-08-20 09:43:02.711012,2026-08-20 10:29:25.452107,PROCESSING,PENDING,1000.0,BANK_D
TXN004205,2026-08-08 13:18:44.536403,2026-08-08 13:24:50.989828,SETTLED,00,100.0,BANK_B
TXN004206,2026-08-05 23:00:09.832177,2026-08-05 23:05:46.309967,SETTLED,00,500.0,BANK_D
TXN004207,2026-09-01 17:55:40.537249,2026-09-01 18:05:55.954231,SETTLED,00,100.0,BANK_A
TXN004208,2026-08-04 08:57:46.494986,2026-08-04 09:11:03.733107,PROCESSING,PENDING,25000.0,BANK_C
TXN004209,2026-08-01 11:50:40.346959,2026-08-01 11:54:50.747441,SETTLED,00,1000.0,BANK_C
TXN004210,2026-08-12 03:59:42.897749,2026-08-12 04:35:54.234551,PROCESSING,PENDING,100.0,BANK_C
TXN004211,2026-08-24 19:58:35.272868,2026-08-24 20:06:25.114119,SETTLED,00,250.0,BANK_B
TXN004212,2026-08-25 23:51:23.261280,2026-08-26 00:25:55.450494,PROCESSING,PENDING,250.0,BANK_B
TXN004213,2026-08-22 10:54:14.661045,2026-08-22 11:21:18.128366,PROCESSING,PENDING,750.0,BANK_B
TXN004214,2026-09-04 22:29:13.833207,2026-09-04 22:37:48.807784,SETTLED,00,1000.0,BANK_A
TXN004215,2026-08-16 18:26:33.125728,2026-08-16 18:33:48.123248,SETTLED,00,5000.0,BANK_B
TXN004216,2026-08-31 21:06:31.166696,2026-08-31 21:13:08.281080,SETTLED,00,250.0,BANK_C
TXN004217,2026-08-26 17:20:47.640095,,NOT_FOUND,NA,,BANK_D
TXN004218,2026-08-10 23:52:42.147811,2026-08-10 23:55:12.437339,SETTLED,00,2500.0,BANK_B
TXN004219,2026-08-13 08:56:39.312583,2026-08-13 09:06:44.312437,SETTLED,00,500.0,BANK_C
TXN004220,2026-09-04 02:23:39.315670,2026-09-04 03:02:16.296932,PROCESSING,PENDING,1500.0,BANK_D
TXN004221,2026-09-02 19:55:21.621942,2026-09-02 20:00:17.441379,SETTLED,00,10000.0,BANK_D
TXN004222,2026-08-08 05:54:20.312654,,NOT_FOUND,NA,,BANK_A
TXN004223,2026-08-21 14:37:59.988148,2026-08-21 14:47:29.642007,PROCESSING,PENDING,100.0,BANK_C
TXN004224,2026-08-15 10:30:34.903780,2026-08-15 10:37:42.850558,SETTLED,00,100.0,BANK_D
TXN004225,2026-08-18 01:15:44.675695,2026-08-18 01:18:39.373801,SETTLED,00,250.0,BANK_B
TXN004226,2026-08-09 17:16:46.057115,2026-08-09 17:23:09.251905,SETTLED,00,250.0,BANK_A
TXN004227,2026-08-31 18:49:42.232032,2026-08-31 19:06:23.913931,PROCESSING,PENDING,10000.0,BANK_C
TXN004228,2026-08-27 15:09:56.297242,2026-08-27 15:25:27.746702,PROCESSING,PENDING,500.0,BANK_A
TXN004229,2026-08-18 03:18:36.979813,2026-08-18 03:22:21.770903,SETTLED,00,250.0,BANK_B
TXN004230,2026-09-02 20:59:12.039724,2026-09-02 21:06:09.457053,SETTLED,00,250.0,BANK_D
TXN004231,2026-08-03 19:17:39.276565,2026-08-03 19:22:00.788470,SETTLED,00,500.0,BANK_C
TXN004232,2026-08-04 18:00:37.508039,2026-08-04 18:10:04.982395,SETTLED,00,2500.0,BANK_D
TXN004233,2026-08-16 20:16:12.789720,2026-08-16 20:23:34.602520,SETTLED,00,750.0,BANK_D
TXN004234,2026-08-18 00:35:08.642227,2026-08-18 00:39:28.006563,SETTLED,00,2000.0,BANK_C
TXN004236,2026-08-10 22:40:08.044766,2026-08-10 22:45:02.536890,SETTLED,00,250.0,BANK_B
TXN004238,2026-08-02 23:06:48.767003,2026-08-02 23:12:05.164861,SETTLED,00,250.0,BANK_B
TXN004239,2026-08-29 12:55:38.804579,2026-08-29 13:01:39.722486,SETTLED,00,500.0,BANK_D
TXN004240,2026-08-13 07:59:14.440229,2026-08-13 08:08:10.683022,SETTLED,00,750.0,BANK_A
TXN004241,2026-08-28 08:30:51.363850,2026-08-28 08:36:48.376390,SETTLED,00,2500.0,BANK_A
TXN004242,2026-08-12 09:33:29.311424,2026-08-12 09:41:04.679763,SETTLED,00,1500.0,BANK_A
TXN004243,2026-08-03 03:17:14.449584,2026-08-03 03:20:19.332441,SETTLED,00,1500.0,BANK_B
TXN004244,2026-08-26 14:24:44.211400,2026-08-26 14:28:47.794394,SETTLED,00,5000.0,BANK_D
TXN004245,2026-08-05 10:31:45.563800,2026-08-05 10:41:43.914230,SETTLED,00,500.0,BANK_C
TXN004246,2026-08-27 12:42:52.256491,2026-08-27 13:08:16.933406,PROCESSING,PENDING,2000.0,BANK_A
TXN004247,2026-08-16 15:49:24.380214,2026-08-16 15:58:15.274274,SETTLED,00,1500.0,BANK_C
TXN004248,2026-08-06 02:30:47.285390,2026-08-06 02:40:03.252057,SETTLED,00,1000.0,BANK_C
TXN004249,2026-08-15 21:50:08.075272,2026-08-15 22:01:02.937610,SETTLED,00,250.0,BANK_A
TXN004250,2026-09-04 22:20:13.171230,2026-09-04 22:26:28.131677,SETTLED,00,250.0,BANK_B
TXN004251,2026-09-02 10:56:13.002294,2026-09-02 11:05:04.927104,SETTLED,00,100.0,BANK_B
TXN004252,2026-09-04 22:50:47.526938,2026-09-04 22:59:55.939138,SETTLED,00,2000.0,BANK_B
TXN004253,2026-08-27 00:36:06.285388,2026-08-27 00:40:34.649593,SETTLED,00,2000.0,BANK_B
TXN004254,2026-08-08 06:18:55.167959,2026-08-08 06:42:12.997768,PROCESSING,PENDING,2000.0,BANK_B
TXN004255,2026-08-30 22:23:45.187697,2026-08-30 22:52:05.550938,PROCESSING,PENDING,250.0,BANK_A
TXN004256,2026-09-01 19:56:15.603354,2026-09-01 20:22:46.311350,PROCESSING,PENDING,25000.0,BANK_B
TXN004257,2026-08-26 09:54:08.740912,2026-08-26 10:04:00.467842,SETTLED,00,1000.0,BANK_B
TXN004258,2026-08-14 19:35:07.603950,2026-08-14 19:43:05.929250,SETTLED,00,5000.0,BANK_D
TXN004259,2026-08-03 16:25:14.730781,2026-08-03 16:38:01.201458,PROCESSING,PENDING,2500.0,BANK_C
TXN004260,2026-08-25 04:25:42.894433,2026-08-25 04:32:21.609858,SETTLED,00,2500.0,BANK_D
TXN004261,2026-08-28 16:44:25.903314,2026-08-28 16:48:01.890251,SETTLED,00,500.0,BANK_A
TXN004262,2026-08-13 02:39:52.079994,2026-08-13 02:46:40.506609,SETTLED,00,2500.0,BANK_A
TXN004263,2026-08-10 14:38:12.000000,2026-08-10 14:43:07.371968,SETTLED,00,100.0,BANK_D
TXN004264,2026-08-26 20:05:44.247744,2026-08-26 20:07:27.642715,SETTLED,00,500.0,BANK_A
TXN004265,2026-08-15 14:14:03.971344,2026-08-15 15:12:23.413592,PROCESSING,PENDING,250.0,BANK_A
TXN004266,2026-08-30 06:13:28.166434,2026-08-30 06:20:11.857615,SETTLED,00,100.0,BANK_C
TXN004267,2026-08-21 17:41:55.179504,2026-08-21 17:46:39.896593,SETTLED,00,1000.0,BANK_D
TXN004268,2026-08-25 14:01:04.160937,2026-08-25 14:09:15.629972,SETTLED,00,500.0,BANK_B
TXN004269,2026-09-04 08:04:28.888515,2026-09-04 08:09:43.253577,SETTLED,00,1500.0,BANK_D
TXN004270,2026-08-30 17:55:33.116217,2026-08-30 17:58:23.669457,SETTLED,00,1000.0,BANK_A
TXN004271,2026-08-05 19:54:42.874946,2026-08-05 19:56:16.745805,SETTLED,00,500.0,BANK_B
TXN004272,2026-08-20 15:59:54.840988,2026-08-20 16:35:57.282148,PROCESSING,PENDING,2000.0,BANK_B
TXN004273,2026-08-10 01:18:46.804659,2026-08-10 01:28:02.964825,SETTLED,00,100.0,BANK_C
TXN004274,2026-08-07 10:08:34.052060,2026-08-07 10:12:37.238347,SETTLED,00,2500.0,BANK_B
TXN004275,2026-08-27 06:51:19.850720,2026-08-27 06:59:41.970612,SETTLED,00,500.0,BANK_A
TXN004276,2026-08-04 06:58:53.262478,2026-08-04 07:03:52.981363,SETTLED,00,5000.0,BANK_A
TXN004277,2026-08-23 10:48:42.313375,2026-08-23 10:51:31.131769,SETTLED,00,250.0,BANK_A
TXN004278,2026-08-25 14:47:56.549958,2026-08-25 14:56:16.879816,SETTLED,00,2000.0,BANK_D
TXN004279,2026-08-01 03:42:49.971651,2026-08-01 03:47:50.202358,SETTLED,00,1500.0,BANK_C
TXN004280,2026-08-13 11:53:59.787866,2026-08-13 11:57:43.353088,SETTLED,00,2000.0,BANK_B
TXN004281,2026-08-01 23:40:57.462399,2026-08-01 23:44:47.548155,SETTLED,00,1500.0,BANK_A
TXN004282,2026-08-25 18:35:53.387433,2026-08-25 19:21:45.558088,PROCESSING,PENDING,1000.0,BANK_A
TXN004283,2026-08-28 19:23:15.541237,2026-08-28 19:29:56.755607,SETTLED,00,1500.0,BANK_D
TXN004284,2026-08-24 06:05:20.686247,2026-08-24 06:11:29.553780,SETTLED,00,100.0,BANK_B
TXN004285,2026-08-17 08:27:23.784871,,NOT_FOUND,NA,,BANK_C
TXN004286,2026-08-27 05:10:29.861662,2026-08-27 05:33:35.141645,PROCESSING,PENDING,1000.0,BANK_A
TXN004288,2026-08-22 17:44:38.184072,2026-08-22 17:50:30.672876,SETTLED,00,2500.0,BANK_A
TXN004289,2026-08-27 14:40:40.575450,2026-08-27 15:00:13.593086,PROCESSING,PENDING,1500.0,BANK_B
TXN004290,2026-08-01 18:52:41.794561,2026-08-01 19:17:36.924263,PROCESSING,PENDING,750.0,BANK_A
TXN004291,2026-08-16 20:54:59.251862,2026-08-16 20:57:25.298347,SETTLED,00,1500.0,BANK_C
TXN004292,2026-09-02 18:20:10.975264,2026-09-02 18:32:12.285641,SETTLED,00,500.0,BANK_D
TXN004293,2026-08-08 07:24:20.828078,2026-08-08 07:32:34.615499,SETTLED,00,750.0,BANK_C
TXN004294,2026-08-08 04:27:24.719693,2026-08-08 04:29:37.998431,SETTLED,00,25000.0,BANK_D
TXN004295,2026-08-13 18:00:44.650164,,NOT_FOUND,NA,,BANK_B
TXN004296,2026-08-09 13:20:53.840125,2026-08-09 13:28:24.150700,SETTLED,00,10000.0,BANK_B
TXN004298,2026-08-13 01:01:59.306564,2026-08-13 01:07:26.379669,SETTLED,00,2500.0,BANK_B
TXN004299,2026-08-25 07:01:12.399159,2026-08-25 07:17:55.442522,PROCESSING,PENDING,1000.0,BANK_D
TXN004300,2026-08-02 05:26:51.325096,2026-08-02 05:37:32.536874,SETTLED,00,1500.0,BANK_B
TXN004301,2026-08-03 05:19:34.553530,,NOT_FOUND,NA,,BANK_B
TXN004302,2026-08-07 18:50:34.521827,2026-08-07 18:52:43.795486,SETTLED,00,500.0,BANK_D
TXN004303,2026-08-21 17:08:39.994371,,NOT_FOUND,NA,,BANK_D
TXN004304,2026-08-28 06:56:16.238415,,NOT_FOUND,NA,,BANK_B
TXN004305,2026-08-31 02:39:07.691874,2026-08-31 03:13:10.040694,PROCESSING,PENDING,1000.0,BANK_B
TXN004306,2026-08-22 00:43:19.424335,2026-08-22 00:50:23.405795,SETTLED,00,1000.0,BANK_B
TXN004307,2026-08-23 18:23:53.385200,2026-08-23 18:30:47.774580,SETTLED,00,500.0,BANK_B
TXN004308,2026-08-28 18:46:46.362117,2026-08-28 18:51:51.874815,SETTLED,00,500.0,BANK_A
TXN004309,2026-08-01 08:49:44.881550,2026-08-01 08:53:59.429023,SETTLED,00,5000.0,BANK_A
TXN004310,2026-08-16 20:53:51.785826,2026-08-16 21:03:55.986163,SETTLED,00,2500.0,BANK_D
TXN004311,2026-08-30 12:53:01.571091,2026-08-30 12:58:17.374327,SETTLED,00,1500.0,BANK_D
TXN004312,2026-08-15 17:57:35.049312,2026-08-15 18:00:52.661972,SETTLED,00,1000.0,BANK_C
TXN004313,2026-08-01 18:46:12.796272,2026-08-01 18:53:28.438873,SETTLED,00,250.0,BANK_C
TXN004314,2026-08-12 17:45:36.713516,2026-08-12 17:52:52.866608,SETTLED,00,2000.0,BANK_D
TXN004315,2026-08-12 22:10:23.076115,2026-08-12 22:10:53.538936,SETTLED,00,100.0,BANK_B
TXN004316,2026-08-02 22:48:36.725991,2026-08-02 22:56:18.454416,SETTLED,00,1500.0,BANK_C
TXN004317,2026-09-02 04:51:51.337865,,NOT_FOUND,NA,,BANK_C
TXN004318,2026-08-12 14:57:30.157640,2026-08-12 15:03:10.688128,SETTLED,00,2500.0,BANK_D
TXN004319,2026-08-16 17:43:14.970081,2026-08-16 17:49:17.857187,SETTLED,00,1500.0,BANK_B
TXN004320,2026-08-20 20:33:24.763432,2026-08-20 20:33:54.763432,SETTLED,00,1500.0,BANK_C
TXN004321,2026-09-04 22:37:24.958225,2026-09-04 22:41:08.391918,SETTLED,00,750.0,BANK_B
TXN004322,2026-08-23 22:29:39.186773,2026-08-23 22:35:28.354700,SETTLED,00,250.0,BANK_A
TXN004323,2026-09-01 21:21:48.735732,2026-09-01 21:25:45.158314,SETTLED,00,5000.0,BANK_D
TXN004324,2026-08-14 09:36:13.674992,2026-08-14 09:44:15.629969,SETTLED,00,250.0,BANK_D
TXN004325,2026-08-18 20:59:19.261238,2026-08-18 21:06:53.277319,SETTLED,00,250.0,BANK_B
TXN004326,2026-08-29 12:27:26.362417,2026-08-29 12:48:16.091571,PROCESSING,PENDING,25000.0,BANK_A
TXN004327,2026-08-13 15:49:31.196843,2026-08-13 15:55:14.581650,SETTLED,00,1000.0,BANK_C
TXN004329,2026-08-22 18:48:51.641480,2026-08-22 18:54:34.942442,SETTLED,00,1500.0,BANK_B
TXN004330,2026-08-13 12:01:08.687111,2026-08-13 12:05:30.331275,SETTLED,00,500.0,BANK_D
TXN004332,2026-08-26 01:23:48.148303,2026-08-26 01:32:03.210255,SETTLED,00,500.0,BANK_B
TXN004333,2026-08-28 23:12:21.934902,2026-08-28 23:18:48.831576,SETTLED,00,2000.0,BANK_B
TXN004334,2026-08-05 16:04:52.835631,2026-08-05 16:12:57.581762,SETTLED,00,2500.0,BANK_A
TXN004335,2026-08-22 07:31:58.185971,,NOT_FOUND,NA,,BANK_D
TXN004336,2026-08-31 03:43:40.597065,2026-08-31 03:51:10.197803,SETTLED,00,500.0,BANK_D
TXN004337,2026-08-25 14:10:33.859493,2026-08-25 14:11:53.366116,SETTLED,00,250.0,BANK_B
TXN004338,2026-08-03 18:17:48.542045,2026-08-03 18:28:01.576422,SETTLED,00,500.0,BANK_B
TXN004339,2026-08-12 10:58:52.558384,2026-08-12 11:47:49.222285,PROCESSING,PENDING,100.0,BANK_D
TXN004340,2026-09-01 03:12:55.106475,2026-09-01 03:16:59.973298,SETTLED,00,100.0,BANK_C
TXN004341,2026-08-27 14:22:56.474438,2026-08-27 14:29:07.882373,SETTLED,00,500.0,BANK_B
TXN004342,2026-08-04 13:34:52.919545,2026-08-04 13:37:51.705815,SETTLED,00,2000.0,BANK_A
TXN004343,2026-08-11 09:12:05.453743,2026-08-11 09:20:55.730473,SETTLED,00,750.0,BANK_C
TXN004344,2026-08-25 18:58:11.899171,2026-08-25 19:06:02.891619,SETTLED,00,1000.0,BANK_C
TXN004345,2026-08-06 06:59:48.562462,2026-08-06 07:09:41.355168,SETTLED,00,100.0,BANK_C
TXN004346,2026-08-08 16:58:24.307449,2026-08-08 17:06:26.541855,SETTLED,00,250.0,BANK_B
TXN004347,2026-08-28 16:22:15.400569,2026-08-28 17:01:12.351352,PROCESSING,PENDING,500.0,BANK_C
TXN004348,2026-08-30 12:16:37.216889,2026-08-30 12:20:08.110324,SETTLED,00,1500.0,BANK_A
TXN004349,2026-08-28 15:50:34.736394,2026-08-28 15:57:02.579238,SETTLED,00,250.0,BANK_C
TXN004350,2026-08-11 06:18:25.528984,2026-08-11 06:26:55.400576,SETTLED,00,1500.0,BANK_B
TXN004351,2026-08-25 14:27:35.818944,2026-08-25 14:32:59.046864,SETTLED,00,1000.0,BANK_C
TXN004352,2026-08-14 20:16:23.736649,2026-08-14 20:20:19.665813,SETTLED,00,500.0,BANK_A
TXN004353,2026-08-15 21:35:11.351499,2026-08-15 21:54:40.966936,PROCESSING,PENDING,250.0,BANK_C
TXN004354,2026-08-24 20:24:00.283480,2026-08-24 20:30:18.375350,SETTLED,00,250.0,BANK_C
TXN004355,2026-08-05 06:51:20.877252,2026-08-05 06:53:48.419909,SETTLED,00,250.0,BANK_A
TXN004356,2026-08-29 20:21:14.109946,2026-08-29 20:31:08.930091,SETTLED,00,100.0,BANK_B
TXN004357,2026-08-20 02:27:08.445101,2026-08-20 02:31:19.852186,SETTLED,00,1000.0,BANK_C
TXN004358,2026-08-21 22:12:10.266167,2026-08-21 22:33:12.265403,PROCESSING,PENDING,250.0,BANK_B
TXN004359,2026-09-03 21:07:08.765486,2026-09-03 21:16:23.331921,SETTLED,00,750.0,BANK_C
TXN004360,2026-08-23 04:35:17.453256,2026-08-23 05:15:27.582243,PROCESSING,PENDING,2500.0,BANK_D
TXN004361,2026-08-04 10:18:39.783960,2026-08-04 10:25:31.162642,SETTLED,00,750.0,BANK_A
TXN004362,2026-08-24 19:26:44.324178,2026-08-24 19:31:48.947697,SETTLED,00,1000.0,BANK_C
TXN004363,2026-08-02 11:12:18.352611,2026-08-02 11:27:20.383662,PROCESSING,PENDING,10000.0,BANK_D
TXN004364,2026-08-26 20:20:24.855713,2026-08-26 20:23:25.836363,SETTLED,00,2000.0,BANK_D
TXN004365,2026-08-21 02:14:50.434129,,NOT_FOUND,NA,,BANK_D
TXN004366,2026-08-17 21:13:56.451329,2026-08-17 21:17:06.694608,SETTLED,00,2000.0,BANK_D
TXN004368,2026-08-16 03:53:31.567960,2026-08-16 04:01:52.510828,SETTLED,00,500.0,BANK_A
TXN004369,2026-08-13 11:34:07.482006,2026-08-13 11:38:19.782233,SETTLED,00,750.0,BANK_C
TXN004370,2026-08-14 16:53:14.096487,2026-08-14 16:59:27.391578,SETTLED,00,100.0,BANK_B
TXN004371,2026-08-05 02:52:51.265298,2026-08-05 03:03:14.310591,SETTLED,00,2000.0,BANK_B
TXN004372,2026-08-11 00:55:45.518138,2026-08-11 01:03:04.340672,SETTLED,00,750.0,BANK_C
TXN004373,2026-09-01 19:17:48.666560,2026-09-01 19:29:13.652456,SETTLED,00,2500.0,BANK_C
TXN004374,2026-08-28 09:02:10.423196,2026-08-28 09:03:53.944240,SETTLED,00,2500.0,BANK_B
TXN004375,2026-08-02 20:42:02.937468,2026-08-02 21:20:17.598047,PROCESSING,PENDING,5000.0,BANK_B
TXN004376,2026-09-04 14:48:06.246069,2026-09-04 14:56:24.099281,SETTLED,00,100.0,BANK_C
TXN004377,2026-08-15 04:55:14.435708,2026-08-15 05:01:28.575751,SETTLED,00,500.0,BANK_B
TXN004378,2026-08-09 13:09:04.036891,2026-08-09 13:42:09.009448,PROCESSING,PENDING,2000.0,BANK_B
TXN004379,2026-08-04 06:20:08.860053,2026-08-04 06:56:04.821621,PROCESSING,PENDING,500.0,BANK_D
TXN004380,2026-08-16 23:06:59.011696,2026-08-16 23:30:05.991657,PROCESSING,PENDING,5000.0,BANK_D
TXN004381,2026-08-13 01:09:11.704910,2026-08-13 01:12:45.010565,SETTLED,00,2500.0,BANK_B
TXN004382,2026-08-20 14:56:33.050326,2026-08-20 15:03:50.936796,SETTLED,00,5000.0,BANK_D
TXN004383,2026-08-13 23:15:24.226424,2026-08-13 23:20:04.577726,SETTLED,00,2000.0,BANK_C
TXN004384,2026-08-27 11:44:24.951858,2026-08-27 11:48:39.154377,SETTLED,00,750.0,BANK_B
TXN004385,2026-08-25 03:19:38.310648,2026-08-25 03:24:20.234623,SETTLED,00,2000.0,BANK_C
TXN004386,2026-08-06 22:33:05.830972,2026-08-06 22:39:57.239550,SETTLED,00,1000.0,BANK_B
TXN004387,2026-08-01 06:44:02.505498,2026-08-01 06:50:41.973311,SETTLED,00,2500.0,BANK_C
TXN004388,2026-09-01 12:56:12.000000,2026-09-01 13:01:24.417154,SETTLED,00,10000.0,BANK_B
TXN004389,2026-08-29 06:17:55.915414,2026-08-29 06:22:33.923263,SETTLED,00,1000.0,BANK_A
TXN004390,2026-08-24 03:13:30.747471,2026-08-24 03:26:14.439009,PROCESSING,PENDING,100.0,BANK_A
TXN004391,2026-08-13 03:12:10.202520,2026-08-13 03:20:17.715846,SETTLED,00,2500.0,BANK_C
TXN004392,2026-08-28 23:55:40.001749,2026-08-29 00:04:32.180591,SETTLED,00,1500.0,BANK_C
TXN004393,2026-08-24 02:32:17.994706,2026-08-24 02:38:16.329153,SETTLED,00,1500.0,BANK_B
TXN004394,2026-08-12 09:00:10.837944,2026-08-12 09:09:15.786722,SETTLED,00,250.0,BANK_C
TXN004395,2026-08-31 19:36:23.065835,2026-08-31 19:41:43.435528,SETTLED,00,500.0,BANK_C
TXN004396,2026-08-13 07:12:04.987504,2026-08-13 07:18:21.269728,SETTLED,00,2000.0,BANK_A
TXN004397,2026-09-04 07:37:01.762504,2026-09-04 07:41:17.026364,SETTLED,00,1000.0,BANK_D
TXN004398,2026-08-18 08:11:09.830740,2026-08-18 08:20:15.143015,SETTLED,00,2500.0,BANK_B
TXN004399,2026-08-10 07:04:41.576405,2026-08-10 07:12:14.338774,SETTLED,00,1000.0,BANK_C
TXN004400,2026-08-13 04:52:02.436205,2026-08-13 05:01:11.100817,SETTLED,00,1000.0,BANK_A
TXN004401,2026-08-20 16:41:04.770514,2026-08-20 16:43:41.222285,SETTLED,00,100.0,BANK_C
TXN004402,2026-08-13 05:18:06.529108,2026-08-13 05:23:38.421133,SETTLED,00,1500.0,BANK_A
TXN004403,2026-08-04 05:27:41.751934,2026-08-04 05:34:34.816635,SETTLED,00,750.0,BANK_D
TXN004404,2026-09-04 10:07:31.178748,2026-09-04 10:11:46.133381,SETTLED,00,750.0,BANK_D
TXN004405,2026-08-18 21:51:36.617980,2026-08-18 22:00:40.542998,SETTLED,00,2500.0,BANK_D
TXN004406,2026-08-13 21:41:34.781325,,NOT_FOUND,NA,,BANK_C
TXN004407,2026-08-18 09:50:15.250198,2026-08-18 09:57:37.997856,SETTLED,00,25000.0,BANK_C
TXN004408,2026-08-10 21:01:42.743684,2026-08-10 21:10:15.832120,SETTLED,00,250.0,BANK_D
TXN004409,2026-08-21 12:32:37.235658,2026-08-21 12:39:32.774831,SETTLED,00,250.0,BANK_C
TXN004410,2026-08-31 08:42:16.095128,2026-08-31 08:54:18.074885,SETTLED,00,500.0,BANK_A
TXN004411,2026-08-17 20:54:09.857995,2026-08-17 21:03:41.207455,SETTLED,00,1500.0,BANK_A
TXN004412,2026-08-21 00:31:22.454501,2026-08-21 01:06:35.767077,PROCESSING,PENDING,100.0,BANK_D
TXN004413,2026-08-02 22:38:10.014751,2026-08-02 23:05:05.576914,PROCESSING,PENDING,5000.0,BANK_B
TXN004414,2026-08-19 03:02:49.198208,2026-08-19 03:09:09.932355,SETTLED,00,1500.0,BANK_C
TXN004415,2026-08-19 18:00:50.704098,2026-08-19 18:07:41.455446,SETTLED,00,100.0,BANK_D
TXN004416,2026-08-14 21:25:20.237108,2026-08-14 21:30:29.717905,SETTLED,00,100.0,BANK_D
TXN004417,2026-08-08 13:50:28.078067,2026-08-08 13:58:37.552747,SETTLED,00,2500.0,BANK_C
TXN004418,2026-08-02 05:38:44.376877,2026-08-02 05:40:52.922533,SETTLED,00,1000.0,BANK_C
TXN004419,2026-08-06 06:30:14.776663,2026-08-06 06:35:24.775939,SETTLED,00,750.0,BANK_D
TXN004420,2026-09-01 02:09:13.821585,2026-09-01 02:16:29.663986,SETTLED,00,250.0,BANK_A
TXN004421,2026-09-01 21:38:52.975123,2026-09-01 21:49:51.708908,SETTLED,00,1000.0,BANK_D
TXN004422,2026-08-29 00:06:43.996566,2026-08-29 00:13:49.336228,SETTLED,00,1000.0,BANK_A
TXN004423,2026-09-03 13:53:59.720240,2026-09-03 13:59:28.662901,SETTLED,00,250.0,BANK_D
TXN004424,2026-08-29 07:45:47.029057,2026-08-29 07:56:58.171722,SETTLED,00,1500.0,BANK_D
TXN004425,2026-08-13 19:53:44.925002,2026-08-13 20:02:35.180790,SETTLED,00,500.0,BANK_A
TXN004426,2026-09-01 18:43:20.071900,2026-09-01 18:51:39.234466,SETTLED,00,2000.0,BANK_B
TXN004427,2026-08-22 00:08:25.201218,2026-08-22 00:25:32.050359,PROCESSING,PENDING,1500.0,BANK_B
TXN004428,2026-08-13 20:03:53.077237,2026-08-13 20:09:08.661145,SETTLED,00,100.0,BANK_D
TXN004429,2026-09-03 12:51:47.380025,2026-09-03 13:26:32.197550,PROCESSING,PENDING,10000.0,BANK_A
TXN004430,2026-08-12 18:23:18.324852,2026-08-12 18:31:14.642651,SETTLED,00,10000.0,BANK_C
TXN004431,2026-08-18 15:05:38.198076,2026-08-18 15:11:32.340823,SETTLED,00,250.0,BANK_B
TXN004432,2026-08-23 11:55:11.438392,2026-08-23 11:59:54.503910,SETTLED,00,500.0,BANK_C
TXN004433,2026-08-30 22:33:30.854132,2026-08-30 22:49:33.418048,PROCESSING,PENDING,2000.0,BANK_C
TXN004434,2026-08-25 09:20:09.350693,2026-08-25 09:34:10.182867,SETTLED,00,750.0,BANK_A
TXN004435,2026-08-18 05:12:27.333190,2026-08-18 05:19:32.943685,SETTLED,00,1500.0,BANK_A
TXN004437,2026-08-23 12:55:50.103459,2026-08-23 13:05:04.065426,SETTLED,00,1000.0,BANK_C
TXN004438,2026-08-24 01:06:22.957659,2026-08-24 01:12:28.983067,SETTLED,00,1500.0,BANK_B
TXN004439,2026-08-03 13:35:20.804619,,NOT_FOUND,NA,,BANK_A
TXN004441,2026-08-08 19:23:25.558974,2026-08-08 19:30:27.555015,SETTLED,00,250.0,BANK_A
TXN004442,2026-08-20 02:46:09.161270,2026-08-20 02:55:23.147835,SETTLED,00,100.0,BANK_B
TXN004443,2026-08-23 08:20:13.268039,2026-08-23 08:26:39.505041,SETTLED,00,750.0,BANK_B
TXN004444,2026-08-20 01:35:12.000000,2026-08-20 01:39:00.730892,SETTLED,00,1000.0,BANK_A
TXN004445,2026-08-12 18:55:28.274874,,NOT_FOUND,NA,,BANK_C
TXN004446,2026-09-02 03:46:57.894382,2026-09-02 04:00:09.972093,PROCESSING,PENDING,500.0,BANK_A
TXN004448,2026-08-18 11:13:05.907484,2026-08-18 11:22:44.529381,SETTLED,00,750.0,BANK_B
TXN004449,2026-08-16 11:29:34.462071,2026-08-16 11:34:50.440365,SETTLED,00,100.0,BANK_C
TXN004450,2026-08-26 02:39:22.539961,2026-08-26 02:46:42.872114,SETTLED,00,100.0,BANK_D
TXN004451,2026-09-03 15:56:15.724200,2026-09-03 16:02:02.057233,SETTLED,00,2000.0,BANK_B
TXN004452,2026-08-02 21:32:38.469662,2026-08-02 21:35:45.352863,SETTLED,00,5000.0,BANK_C
TXN004453,2026-08-06 14:05:29.110221,2026-08-06 14:10:32.372682,SETTLED,00,5000.0,BANK_C
TXN004454,2026-08-05 22:40:49.682921,2026-08-05 22:44:51.606683,SETTLED,00,5000.0,BANK_C
TXN004455,2026-08-07 12:47:27.797427,2026-08-07 13:07:25.858649,PROCESSING,PENDING,1000.0,BANK_C
TXN004456,2026-08-26 14:33:52.278368,2026-08-26 15:02:15.941934,PROCESSING,PENDING,100.0,BANK_D
TXN004457,2026-08-19 10:25:47.931709,2026-08-19 10:35:26.989927,SETTLED,00,1000.0,BANK_A
TXN004458,2026-08-03 03:13:43.347781,2026-08-03 03:23:29.548834,PROCESSING,PENDING,250.0,BANK_D
TXN004459,2026-09-04 17:22:06.296963,2026-09-04 17:31:11.684179,SETTLED,00,2500.0,BANK_B
TXN004460,2026-08-18 16:42:40.965559,2026-08-18 16:49:44.096744,SETTLED,00,100.0,BANK_D
TXN004461,2026-08-05 00:58:09.344759,2026-08-05 01:03:34.002840,SETTLED,00,1500.0,BANK_A
TXN004462,2026-08-11 14:47:43.462751,2026-08-11 14:51:33.514320,SETTLED,00,1000.0,BANK_B
TXN004463,2026-08-22 19:02:53.236460,2026-08-22 19:08:45.749978,SETTLED,00,2500.0,BANK_C
TXN004464,2026-08-28 12:24:35.295876,,NOT_FOUND,NA,,BANK_D
TXN004465,2026-08-26 02:35:17.952486,2026-08-26 02:39:16.787273,SETTLED,00,250.0,BANK_D
TXN004466,2026-08-25 10:36:05.893770,2026-08-25 10:46:53.772069,SETTLED,00,2500.0,BANK_C
TXN004467,2026-08-26 22:51:32.288039,2026-08-26 23:17:00.807135,PROCESSING,PENDING,1500.0,BANK_B
TXN004468,2026-08-30 08:02:52.448483,2026-08-30 08:10:27.533433,SETTLED,00,250.0,BANK_D
TXN004469,2026-08-11 20:26:14.377786,2026-08-11 20:33:25.156160,SETTLED,00,1000.0,BANK_A
TXN004470,2026-08-10 16:00:31.703188,2026-08-10 16:06:37.323329,SETTLED,00,1000.0,BANK_B
TXN004471,2026-08-04 16:00:32.701132,2026-08-04 16:03:31.239001,SETTLED,00,2500.0,BANK_C
TXN004472,2026-08-06 10:57:51.689097,2026-08-06 11:03:04.843399,SETTLED,00,500.0,BANK_B
TXN004473,2026-08-31 11:21:48.811518,2026-08-31 11:42:48.089507,PROCESSING,PENDING,250.0,BANK_D
TXN004474,2026-08-02 08:08:41.140277,2026-08-02 08:10:07.441679,SETTLED,00,500.0,BANK_D
TXN004475,2026-08-09 23:31:30.183383,2026-08-09 23:36:42.629323,SETTLED,00,2000.0,BANK_A
TXN004476,2026-09-01 10:23:28.736537,2026-09-01 10:28:15.028702,SETTLED,00,2000.0,BANK_A
TXN004477,2026-08-03 16:40:01.422855,2026-08-03 16:42:49.697031,SETTLED,00,2500.0,BANK_B
TXN004478,2026-08-20 21:49:24.262723,2026-08-20 21:58:24.440821,SETTLED,00,2000.0,BANK_A
TXN004479,2026-08-05 15:47:10.505333,2026-08-05 15:54:56.739933,SETTLED,00,1000.0,BANK_D
TXN004480,2026-08-03 08:41:40.763789,2026-08-03 08:49:14.924855,SETTLED,00,750.0,BANK_B
TXN004481,2026-08-28 22:40:34.311850,2026-08-28 22:42:07.922377,SETTLED,00,500.0,BANK_D
TXN004483,2026-09-03 05:25:02.092113,2026-09-03 05:31:09.338923,SETTLED,00,2500.0,BANK_D
TXN004484,2026-09-01 05:53:44.693850,,NOT_FOUND,NA,,BANK_B
TXN004485,2026-08-15 13:12:15.256374,2026-08-15 13:21:50.135481,SETTLED,00,1000.0,BANK_B
TXN004486,2026-08-06 09:33:31.025611,,NOT_FOUND,NA,,BANK_B
TXN004487,2026-08-05 17:10:13.763823,2026-08-05 17:13:04.184435,SETTLED,00,100.0,BANK_D
TXN004488,2026-08-18 13:47:52.714243,2026-08-18 13:53:22.347597,SETTLED,00,100.0,BANK_A
TXN004489,2026-08-18 22:06:11.928212,2026-08-18 22:14:11.655325,SETTLED,00,750.0,BANK_D
TXN004490,2026-08-13 10:37:56.853876,2026-08-13 10:44:07.363773,SETTLED,00,750.0,BANK_C
TXN004491,2026-08-24 15:23:24.232293,2026-08-24 15:25:37.420014,SETTLED,00,1500.0,BANK_A
TXN004492,2026-08-24 00:30:44.664558,2026-08-24 00:38:09.286629,SETTLED,00,100.0,BANK_B
TXN004493,2026-08-11 20:58:48.954794,2026-08-11 21:32:20.599393,PROCESSING,PENDING,100.0,BANK_A
TXN004494,2026-09-01 02:37:47.295022,2026-09-01 02:42:29.801398,SETTLED,00,100.0,BANK_B
TXN004495,2026-08-10 16:15:09.947200,2026-08-10 16:22:59.791858,SETTLED,00,2500.0,BANK_D
TXN004496,2026-08-17 00:37:30.826709,2026-08-17 01:05:02.392701,PROCESSING,PENDING,1500.0,BANK_A
TXN004497,2026-08-07 15:48:13.376692,2026-08-07 15:53:22.835459,SETTLED,00,1000.0,BANK_D
TXN004498,2026-08-29 00:49:04.294059,2026-08-29 00:53:32.879850,SETTLED,00,2500.0,BANK_C
TXN004499,2026-08-06 09:06:47.513352,2026-08-06 09:50:11.493746,PROCESSING,PENDING,250.0,BANK_B
TXN004500,2026-09-03 23:13:26.791780,2026-09-03 23:20:17.781572,SETTLED,00,1000.0,BANK_A
TXN004501,2026-08-04 15:08:45.725395,2026-08-04 16:09:29.740089,PROCESSING,PENDING,2000.0,BANK_A
TXN004502,2026-09-02 02:56:45.664569,2026-09-02 03:02:08.321823,SETTLED,00,100.0,BANK_A
TXN004503,2026-08-19 03:20:12.588582,2026-08-19 03:31:06.502903,SETTLED,00,500.0,BANK_C
TXN004504,2026-08-26 00:06:49.023931,2026-08-26 00:09:06.335718,SETTLED,00,500.0,BANK_A
TXN004505,2026-08-24 04:16:07.520758,2026-08-24 04:21:30.990529,SETTLED,00,100.0,BANK_A
TXN004506,2026-08-11 05:12:07.960805,2026-08-11 05:14:40.119188,SETTLED,00,1500.0,BANK_C
TXN004507,2026-08-09 18:44:30.021042,2026-08-09 18:51:53.091284,SETTLED,00,1000.0,BANK_B
TXN004508,2026-09-03 05:33:46.442298,2026-09-03 06:17:35.656025,PROCESSING,PENDING,1000.0,BANK_C
TXN004509,2026-08-27 10:18:16.082909,2026-08-27 10:43:39.312007,PROCESSING,PENDING,750.0,BANK_A
TXN004510,2026-08-15 23:46:04.246340,2026-08-15 23:54:59.637683,SETTLED,00,500.0,BANK_D
TXN004511,2026-08-05 11:56:53.413859,2026-08-05 12:09:02.035667,SETTLED,00,1000.0,BANK_C
TXN004512,2026-08-29 07:05:05.521257,2026-08-29 07:10:10.235553,SETTLED,00,500.0,BANK_C
TXN004513,2026-08-30 02:04:42.855256,2026-08-30 02:10:38.893625,SETTLED,00,500.0,BANK_D
TXN004514,2026-08-17 11:41:48.669469,2026-08-17 11:43:35.347227,SETTLED,00,2000.0,BANK_D
TXN004515,2026-08-05 00:50:59.430952,2026-08-05 00:57:26.976072,SETTLED,00,1000.0,BANK_C
TXN004516,2026-08-03 08:21:38.833615,2026-08-03 08:28:52.370347,SETTLED,00,2500.0,BANK_B
TXN004517,2026-08-25 17:58:51.377728,2026-08-25 18:07:53.567499,SETTLED,00,5000.0,BANK_D
TXN004518,2026-08-14 06:20:44.479682,2026-08-14 06:27:27.118353,SETTLED,00,2500.0,BANK_A
TXN004519,2026-08-18 14:51:39.051348,2026-08-18 14:59:59.857621,SETTLED,00,250.0,BANK_C
TXN004520,2026-08-14 21:47:13.731055,2026-08-14 21:54:43.204170,SETTLED,00,5000.0,BANK_C
TXN004521,2026-09-04 10:21:58.468811,2026-09-04 10:29:44.570517,SETTLED,00,1000.0,BANK_B
TXN004522,2026-08-23 21:38:12.000000,2026-08-23 21:42:21.889589,SETTLED,00,1000.0,BANK_D
TXN004523,2026-08-03 07:10:20.994022,2026-08-03 07:12:07.274511,SETTLED,00,750.0,BANK_B
TXN004524,2026-08-07 00:10:38.663118,2026-08-07 00:13:48.272979,SETTLED,00,500.0,BANK_A
TXN004525,2026-09-01 05:55:05.749395,2026-09-01 06:03:21.238436,SETTLED,00,1000.0,BANK_C
TXN004526,2026-08-09 16:01:25.135408,2026-08-09 16:08:22.832009,SETTLED,00,250.0,BANK_A
TXN004527,2026-08-15 00:36:06.220568,2026-08-15 00:44:31.714393,SETTLED,00,750.0,BANK_A
TXN004528,2026-08-23 22:11:46.659150,,NOT_FOUND,NA,,BANK_B
TXN004529,2026-08-31 20:12:04.152819,2026-08-31 20:16:15.405355,SETTLED,00,5000.0,BANK_C
TXN004530,2026-08-02 13:22:12.000000,2026-08-02 13:26:22.364951,SETTLED,00,250.0,BANK_A
TXN004531,2026-08-13 18:17:12.000000,2026-08-13 18:21:48.545012,SETTLED,00,1500.0,BANK_D
TXN004532,2026-08-20 18:52:27.566503,2026-08-20 18:58:02.327499,SETTLED,00,500.0,BANK_B
TXN004533,2026-09-04 00:30:30.369688,2026-09-04 00:37:11.909944,SETTLED,00,750.0,BANK_C
TXN004534,2026-08-17 18:35:21.744588,,NOT_FOUND,NA,,BANK_A
TXN004535,2026-08-15 09:18:56.106052,2026-08-15 09:21:03.150791,SETTLED,00,5000.0,BANK_C
TXN004536,2026-08-11 12:54:55.543345,2026-08-11 13:05:46.156575,SETTLED,00,500.0,BANK_D
TXN004537,2026-08-30 19:58:04.852482,2026-08-30 20:05:02.950286,SETTLED,00,500.0,BANK_C
TXN004538,2026-08-19 00:56:22.743990,2026-08-19 01:02:04.213797,SETTLED,00,100.0,BANK_B
TXN004539,2026-08-03 07:54:18.883552,2026-08-03 07:58:39.190601,SETTLED,00,2500.0,BANK_B
TXN004540,2026-08-11 20:37:42.438530,2026-08-11 20:44:37.505963,SETTLED,00,250.0,BANK_B
TXN004541,2026-08-18 05:04:11.178551,2026-08-18 05:12:13.456247,SETTLED,00,1000.0,BANK_D
TXN004542,2026-09-03 23:05:52.704543,2026-09-03 23:13:46.356406,SETTLED,00,100.0,BANK_A
TXN004543,2026-08-23 06:48:49.395558,2026-08-23 06:55:20.732315,SETTLED,00,500.0,BANK_B
TXN004544,2026-08-28 09:56:06.000000,,NOT_FOUND,NA,,BANK_D
TXN004545,2026-08-30 07:00:59.312228,2026-08-30 07:12:27.931355,PROCESSING,PENDING,750.0,BANK_D
TXN004546,2026-09-01 06:02:04.619645,2026-09-01 06:05:08.906494,SETTLED,00,750.0,BANK_A
TXN004547,2026-08-27 11:37:25.883831,2026-08-27 11:42:28.126001,SETTLED,00,1500.0,BANK_A
TXN004548,2026-08-14 16:25:56.622292,2026-08-14 16:28:55.929449,SETTLED,00,5000.0,BANK_D
TXN004549,2026-08-26 15:28:34.677750,2026-08-26 15:33:15.452533,SETTLED,00,2000.0,BANK_D
TXN004550,2026-08-12 12:06:06.000000,,NOT_FOUND,NA,,BANK_A
TXN004551,2026-08-19 01:01:31.837915,2026-08-19 01:06:30.394127,SETTLED,00,750.0,BANK_A
TXN004552,2026-08-01 17:43:04.879700,2026-08-01 17:48:56.685081,SETTLED,00,1500.0,BANK_A
TXN004553,2026-08-16 23:40:22.622313,2026-08-16 23:44:21.064113,SETTLED,00,250.0,BANK_B
TXN004554,2026-08-17 03:22:49.352039,2026-08-17 03:30:49.352039,PROCESSING,PENDING,10000.0,BANK_A
TXN004555,2026-09-02 03:12:43.530717,2026-09-02 03:18:13.433851,SETTLED,00,250.0,BANK_D
TXN004556,2026-08-02 21:10:05.859795,2026-08-02 21:11:06.658411,SETTLED,00,1000.0,BANK_D
TXN004557,2026-08-12 05:01:36.203138,2026-08-12 05:19:22.136720,PROCESSING,PENDING,1000.0,BANK_C
TXN004558,2026-08-17 08:45:00.171706,2026-08-17 08:53:36.476954,SETTLED,00,2000.0,BANK_A
TXN004559,2026-08-31 19:55:25.293367,2026-08-31 20:01:10.023622,SETTLED,00,2500.0,BANK_B
TXN004560,2026-08-09 14:02:45.057927,,NOT_FOUND,NA,,BANK_B
TXN004561,2026-08-24 18:58:26.972537,2026-08-24 19:22:37.815979,PROCESSING,PENDING,2000.0,BANK_D
TXN004562,2026-08-16 05:21:04.185137,2026-08-16 05:50:13.294205,PROCESSING,PENDING,750.0,BANK_A
TXN004563,2026-08-13 06:18:37.420435,2026-08-13 06:23:18.979980,SETTLED,00,100.0,BANK_B
TXN004564,2026-08-02 12:42:42.932982,2026-08-02 12:48:20.372467,SETTLED,00,500.0,BANK_C
TXN004565,2026-08-06 17:57:12.000000,2026-08-06 18:03:28.690711,SETTLED,00,500.0,BANK_A
TXN004566,2026-08-31 20:37:08.400801,2026-08-31 20:39:22.732986,SETTLED,00,1500.0,BANK_B
TXN004567,2026-08-02 11:19:54.690392,2026-08-02 11:29:16.425077,SETTLED,00,1000.0,BANK_B
TXN004568,2026-08-21 07:13:37.146910,2026-08-21 07:20:46.331987,SETTLED,00,750.0,BANK_A
TXN004569,2026-08-21 10:42:32.622462,2026-08-21 10:46:27.994905,SETTLED,00,250.0,BANK_B
TXN004570,2026-08-13 20:38:39.695660,2026-08-13 20:43:07.923953,SETTLED,00,10000.0,BANK_C
TXN004571,2026-08-05 18:38:22.449297,2026-08-05 18:38:52.449297,SETTLED,00,2500.0,BANK_A
TXN004572,2026-08-25 02:52:54.327575,2026-08-25 03:12:32.371674,PROCESSING,PENDING,2000.0,BANK_D
TXN004573,2026-08-26 23:58:40.638981,2026-08-26 23:59:10.638981,SETTLED,00,5000.0,BANK_C
TXN004574,2026-08-31 11:43:35.292602,2026-08-31 11:50:19.646732,SETTLED,00,500.0,BANK_A
TXN004575,2026-08-24 00:51:55.390365,2026-08-24 00:55:06.592924,SETTLED,00,10000.0,BANK_D
TXN004576,2026-08-12 04:49:02.120805,,NOT_FOUND,NA,,BANK_B
TXN004577,2026-08-15 20:04:00.662252,2026-08-15 20:11:26.330600,SETTLED,00,1000.0,BANK_D
TXN004578,2026-08-15 22:24:49.408978,2026-08-15 22:33:00.335132,SETTLED,00,2500.0,BANK_B
TXN004579,2026-08-03 08:53:13.943502,2026-08-03 08:59:08.522680,SETTLED,00,1500.0,BANK_C
TXN004580,2026-08-09 06:01:06.257812,2026-08-09 06:28:03.389237,PROCESSING,PENDING,25000.0,BANK_C
TXN004581,2026-08-28 17:17:24.461027,,NOT_FOUND,NA,,BANK_C
TXN004582,2026-08-07 14:31:47.813481,2026-08-07 15:17:33.336415,PROCESSING,PENDING,250.0,BANK_D
TXN004583,2026-09-03 17:24:18.004765,2026-09-03 17:33:13.679115,SETTLED,00,250.0,BANK_A
TXN004584,2026-08-12 20:51:15.099910,2026-08-12 20:58:12.330713,SETTLED,00,1500.0,BANK_D
TXN004585,2026-08-08 16:44:06.282088,2026-08-08 16:49:32.707374,SETTLED,00,250.0,BANK_D
TXN004586,2026-08-20 13:15:20.697063,2026-08-20 13:25:02.028396,SETTLED,00,100.0,BANK_A
TXN004588,2026-08-09 05:57:51.638755,2026-08-09 06:03:29.141110,SETTLED,00,1500.0,BANK_B
TXN004589,2026-08-03 06:48:03.809236,2026-08-03 06:51:19.041655,SETTLED,00,100.0,BANK_A
TXN004590,2026-08-18 03:21:21.660104,2026-08-18 03:32:28.140770,SETTLED,00,2000.0,BANK_C
TXN004591,2026-08-16 05:07:04.999205,2026-08-16 05:17:30.867713,SETTLED,00,500.0,BANK_C
TXN004592,2026-08-06 03:03:56.911398,2026-08-06 03:10:26.886652,SETTLED,00,1000.0,BANK_A
TXN004593,2026-08-24 15:24:04.860586,2026-08-24 15:29:32.002313,SETTLED,00,500.0,BANK_D
TXN004594,2026-09-03 19:07:03.540701,2026-09-03 19:12:27.308211,SETTLED,00,500.0,BANK_D
TXN004595,2026-08-20 01:15:30.977924,2026-08-20 01:26:29.255142,SETTLED,00,1500.0,BANK_A
TXN004596,2026-08-12 22:18:03.674873,2026-08-12 22:25:17.980550,SETTLED,00,500.0,BANK_C
TXN004598,2026-08-15 13:11:03.077879,,NOT_FOUND,NA,,BANK_B
TXN004599,2026-08-13 11:14:22.963115,2026-08-13 11:20:51.291509,SETTLED,00,750.0,BANK_C
TXN004600,2026-08-06 15:16:21.142102,2026-08-06 15:22:29.045939,SETTLED,00,100.0,BANK_B
TXN004601,2026-09-03 21:54:36.238156,2026-09-03 22:02:40.075400,SETTLED,00,750.0,BANK_C
TXN004602,2026-08-26 16:25:08.724677,2026-08-26 16:30:29.376959,SETTLED,00,1500.0,BANK_C
TXN004603,2026-08-22 00:05:06.624305,2026-08-22 00:09:36.940697,SETTLED,00,750.0,BANK_B
TXN004604,2026-08-27 17:52:46.689050,2026-08-27 18:25:02.772485,PROCESSING,PENDING,5000.0,BANK_C
TXN004605,2026-08-06 11:40:29.330982,2026-08-06 11:45:13.571001,SETTLED,00,100.0,BANK_C
TXN004606,2026-08-09 14:06:57.151958,2026-08-09 14:11:26.912793,SETTLED,00,500.0,BANK_A
TXN004607,2026-09-02 15:20:50.771803,2026-09-02 15:23:24.712107,SETTLED,00,1000.0,BANK_A
TXN004608,2026-08-25 22:18:20.803861,,NOT_FOUND,NA,,BANK_B
TXN004609,2026-08-03 04:15:08.542121,2026-08-03 04:18:45.517387,SETTLED,00,2500.0,BANK_B
TXN004611,2026-08-23 01:32:43.921433,2026-08-23 01:38:39.652068,SETTLED,00,1000.0,BANK_C
TXN004612,2026-08-26 06:09:45.357095,2026-08-26 06:15:38.304089,SETTLED,00,500.0,BANK_A
TXN004613,2026-08-17 11:47:39.584203,2026-08-17 12:04:17.141009,PROCESSING,PENDING,750.0,BANK_D
TXN004614,2026-08-01 14:34:41.648353,,NOT_FOUND,NA,,BANK_A
TXN004615,2026-08-10 19:23:53.365923,2026-08-10 19:33:44.804800,SETTLED,00,2500.0,BANK_A
TXN004616,2026-08-10 07:09:56.178373,2026-08-10 07:17:20.542289,SETTLED,00,250.0,BANK_D
TXN004617,2026-08-12 09:34:14.861685,2026-08-12 09:37:06.988803,SETTLED,00,2500.0,BANK_B
TXN004618,2026-08-01 20:10:58.578339,2026-08-01 20:13:13.488564,SETTLED,00,100.0,BANK_C
TXN004619,2026-08-06 04:48:14.512666,2026-08-06 04:55:28.413174,SETTLED,00,250.0,BANK_B
TXN004620,2026-09-04 17:22:24.128004,2026-09-04 17:27:13.746256,SETTLED,00,500.0,BANK_A
TXN004621,2026-08-18 13:59:28.539910,2026-08-18 14:06:04.616091,SETTLED,00,2500.0,BANK_C
TXN004622,2026-08-30 04:43:07.350410,2026-08-30 04:53:06.126687,SETTLED,00,1000.0,BANK_D
TXN004623,2026-08-11 10:50:22.042385,2026-08-11 11:00:32.645644,PROCESSING,PENDING,1000.0,BANK_B
TXN004624,2026-09-02 06:07:29.924938,2026-09-02 06:14:15.277795,SETTLED,00,750.0,BANK_C
TXN004625,2026-08-14 17:00:51.522573,2026-08-14 17:08:51.175210,SETTLED,00,2000.0,BANK_C
TXN004626,2026-08-27 01:15:02.031838,2026-08-27 01:46:06.660026,PROCESSING,PENDING,5000.0,BANK_B
TXN004627,2026-08-04 08:04:24.783969,2026-08-04 08:27:38.100778,PROCESSING,PENDING,750.0,BANK_C
TXN004628,2026-08-03 23:42:48.128315,,NOT_FOUND,NA,,BANK_A
TXN004629,2026-08-26 15:08:45.337749,2026-08-26 15:13:39.995552,SETTLED,00,1000.0,BANK_B
TXN004630,2026-09-04 15:55:09.569414,2026-09-04 16:04:34.232258,SETTLED,00,5000.0,BANK_A
TXN004631,2026-08-21 12:03:12.327142,2026-08-21 12:08:58.555529,SETTLED,00,750.0,BANK_C
TXN004632,2026-08-15 22:56:53.373217,2026-08-15 23:03:03.517014,SETTLED,00,500.0,BANK_D
TXN004633,2026-08-04 04:20:26.579175,2026-08-04 04:59:54.431519,PROCESSING,PENDING,2000.0,BANK_D
TXN004634,2026-08-06 21:44:27.767961,2026-08-06 21:51:06.249668,SETTLED,00,10000.0,BANK_B
TXN004635,2026-08-14 08:53:31.649934,2026-08-14 08:58:38.490323,SETTLED,00,750.0,BANK_A
TXN004637,2026-08-27 07:14:05.370665,2026-08-27 07:45:20.492949,PROCESSING,PENDING,500.0,BANK_A
TXN004638,2026-08-10 13:05:24.110202,2026-08-10 13:56:24.340561,PROCESSING,PENDING,100.0,BANK_D
TXN004639,2026-08-07 10:17:13.663155,2026-08-07 10:17:43.663155,SETTLED,00,1500.0,BANK_C
TXN004640,2026-08-26 06:45:42.310963,2026-08-26 07:08:58.792861,PROCESSING,PENDING,250.0,BANK_B
TXN004641,2026-08-25 18:08:34.475681,2026-08-25 18:13:54.671495,SETTLED,00,1500.0,BANK_B
TXN004642,2026-08-14 20:13:38.849845,,NOT_FOUND,NA,,BANK_C
TXN004643,2026-09-03 00:01:35.091011,2026-09-03 00:06:25.790971,SETTLED,00,250.0,BANK_C
TXN004644,2026-08-01 21:14:50.895247,2026-08-01 21:20:28.474275,SETTLED,00,500.0,BANK_C
TXN004645,2026-08-10 18:07:13.371259,2026-08-10 18:12:46.360381,SETTLED,00,750.0,BANK_C
TXN004646,2026-08-08 11:10:00.224365,2026-08-08 11:15:02.941019,SETTLED,00,100.0,BANK_D
TXN004647,2026-08-19 18:01:39.477265,2026-08-19 18:11:51.564538,SETTLED,00,2500.0,BANK_A
TXN004648,2026-08-23 08:38:34.501105,2026-08-23 08:48:31.921467,SETTLED,00,5000.0,BANK_C
TXN004649,2026-08-17 23:00:55.211104,2026-08-17 23:44:48.375677,PROCESSING,PENDING,1500.0,BANK_C
TXN004650,2026-08-17 05:52:03.870959,2026-08-17 05:56:54.017484,SETTLED,00,1500.0,BANK_D
TXN004651,2026-08-31 14:31:31.776547,2026-08-31 14:37:42.850994,SETTLED,00,100.0,BANK_C
TXN004652,2026-08-17 02:51:00.147983,,NOT_FOUND,NA,,BANK_D
TXN004653,2026-08-29 08:20:21.528205,2026-08-29 08:27:24.956597,SETTLED,00,250.0,BANK_B
TXN004654,2026-08-31 19:48:30.368478,2026-08-31 19:53:10.288856,SETTLED,00,500.0,BANK_D
TXN004655,2026-08-16 15:58:12.073550,2026-08-16 15:58:42.073550,SETTLED,00,100.0,BANK_A
TXN004656,2026-09-03 03:06:21.616469,2026-09-03 03:37:01.885240,PROCESSING,PENDING,1000.0,BANK_C
TXN004657,2026-08-04 23:36:49.317236,2026-08-04 23:43:50.909240,SETTLED,00,5000.0,BANK_B
TXN004658,2026-08-20 14:06:10.659708,2026-08-20 14:11:52.897001,SETTLED,00,250.0,BANK_D
TXN004659,2026-08-30 03:11:00.091352,2026-08-30 03:14:45.942162,SETTLED,00,500.0,BANK_A
TXN004660,2026-08-25 01:36:12.103666,2026-08-25 01:43:20.390372,SETTLED,00,5000.0,BANK_A
TXN004661,2026-08-23 15:08:35.082966,2026-08-23 15:11:36.185098,SETTLED,00,750.0,BANK_D
TXN004662,2026-08-12 08:50:18.345229,2026-08-12 09:29:16.689468,PROCESSING,PENDING,2000.0,BANK_A
TXN004663,2026-09-02 14:41:06.000000,,NOT_FOUND,NA,,BANK_C
TXN004664,2026-08-22 05:39:16.406329,2026-08-22 05:50:07.572032,SETTLED,00,500.0,BANK_A
TXN004665,2026-08-29 06:43:15.593207,2026-08-29 06:53:27.644112,SETTLED,00,2500.0,BANK_C
TXN004666,2026-08-25 14:35:03.310716,2026-08-25 14:46:31.467773,SETTLED,00,250.0,BANK_D
TXN004667,2026-08-15 11:04:33.011079,2026-08-15 11:06:07.005723,SETTLED,00,500.0,BANK_D
TXN004668,2026-08-18 19:09:27.554877,2026-08-18 19:14:10.206450,SETTLED,00,5000.0,BANK_D
TXN004669,2026-08-16 19:00:02.813834,2026-08-16 19:04:54.908455,SETTLED,00,500.0,BANK_A
TXN004670,2026-08-03 21:36:44.543363,2026-08-03 21:44:04.611046,SETTLED,00,750.0,BANK_A
TXN004671,2026-08-03 08:13:10.865386,2026-08-03 08:15:35.811975,SETTLED,00,2000.0,BANK_A
TXN004672,2026-08-08 12:54:02.450446,2026-08-08 13:02:20.804735,SETTLED,00,2000.0,BANK_C
TXN004673,2026-09-01 23:08:53.950795,2026-09-01 23:15:44.750469,SETTLED,00,2500.0,BANK_B
TXN004674,2026-09-02 17:23:12.185108,,NOT_FOUND,NA,,BANK_C
TXN004675,2026-08-24 03:56:53.099617,2026-08-24 04:25:37.345765,PROCESSING,PENDING,1000.0,BANK_A
TXN004676,2026-08-18 12:17:59.702342,2026-08-18 12:19:33.031343,SETTLED,00,5000.0,BANK_A
TXN004677,2026-09-04 22:51:21.346464,2026-09-04 22:56:47.090172,SETTLED,00,2000.0,BANK_B
TXN004678,2026-09-04 13:30:39.655126,2026-09-04 13:36:06.059012,SETTLED,00,1000.0,BANK_C
TXN004679,2026-08-15 11:26:30.852445,2026-08-15 11:33:53.163483,SETTLED,00,250.0,BANK_A
TXN004680,2026-08-18 13:20:23.495191,2026-08-18 13:25:17.644288,SETTLED,00,1500.0,BANK_C
TXN004681,2026-08-14 13:32:18.112361,2026-08-14 13:42:25.720564,SETTLED,00,750.0,BANK_D
TXN004682,2026-08-03 03:16:15.225495,2026-08-03 03:18:47.353420,SETTLED,00,25000.0,BANK_A
TXN004683,2026-08-23 21:20:17.336594,2026-08-23 21:24:46.266815,SETTLED,00,100.0,BANK_A
TXN004684,2026-08-21 13:01:01.616152,2026-08-21 13:07:34.122931,SETTLED,00,10000.0,BANK_C
TXN004685,2026-09-01 01:18:33.567263,2026-09-01 01:30:36.640108,SETTLED,00,2500.0,BANK_A
TXN004686,2026-08-21 05:31:42.264958,2026-08-21 05:37:29.058252,SETTLED,00,10000.0,BANK_A
TXN004687,2026-08-30 02:06:52.677564,2026-08-30 02:12:03.668430,SETTLED,00,250.0,BANK_D
TXN004688,2026-08-25 23:32:37.522381,2026-08-25 23:40:15.554784,SETTLED,00,100.0,BANK_C
TXN004689,2026-08-01 00:32:50.250430,2026-08-01 00:33:31.800385,SETTLED,00,250.0,BANK_D
TXN004690,2026-08-30 15:15:06.691178,2026-08-30 15:22:42.214324,SETTLED,00,5000.0,BANK_C
TXN004691,2026-08-12 16:14:04.351123,2026-08-12 16:22:47.325139,SETTLED,00,500.0,BANK_A
TXN004693,2026-08-14 11:38:49.455195,2026-08-14 11:48:00.715573,SETTLED,00,10000.0,BANK_C
TXN004694,2026-08-23 23:36:37.112735,2026-08-23 23:45:15.160100,SETTLED,00,500.0,BANK_B
TXN004695,2026-08-04 15:21:12.076864,2026-08-04 15:28:02.719428,SETTLED,00,750.0,BANK_A
TXN004696,2026-08-03 16:49:53.789460,,NOT_FOUND,NA,,BANK_D
TXN004697,2026-08-01 03:13:09.382165,,NOT_FOUND,NA,,BANK_A
TXN004698,2026-09-01 07:44:39.090037,2026-09-01 07:52:18.890654,SETTLED,00,10000.0,BANK_A
TXN004699,2026-08-17 01:01:12.125186,2026-08-17 01:12:32.314368,SETTLED,00,100.0,BANK_B
TXN004700,2026-08-26 12:10:07.800827,2026-08-26 12:11:58.440886,SETTLED,00,250.0,BANK_A
TXN004701,2026-08-31 20:54:54.747057,2026-08-31 20:59:38.751151,SETTLED,00,1000.0,BANK_D
TXN004702,2026-09-04 15:51:01.604948,2026-09-04 15:59:15.527233,SETTLED,00,2500.0,BANK_B
TXN004703,2026-09-04 07:00:10.673760,2026-09-04 07:03:51.149932,SETTLED,00,100.0,BANK_D
TXN004704,2026-08-10 02:48:03.127668,2026-08-10 03:18:48.404243,PROCESSING,PENDING,1000.0,BANK_B
TXN004705,2026-09-04 02:54:12.304810,2026-09-04 03:23:08.710604,PROCESSING,PENDING,2500.0,BANK_B
TXN004707,2026-08-13 21:02:53.088254,2026-08-13 21:45:08.524350,PROCESSING,PENDING,100.0,BANK_A
TXN004709,2026-08-25 00:01:28.245008,2026-08-25 00:08:53.379149,SETTLED,00,500.0,BANK_B
TXN004710,2026-08-05 04:39:03.081398,2026-08-05 04:48:17.984021,SETTLED,00,500.0,BANK_C
TXN004711,2026-08-02 05:19:14.776924,2026-08-02 05:29:27.513063,SETTLED,00,750.0,BANK_C
TXN004712,2026-08-24 23:08:45.129548,2026-08-24 23:14:28.852009,SETTLED,00,1500.0,BANK_C
TXN004713,2026-08-09 03:19:37.866925,2026-08-09 03:27:29.644028,SETTLED,00,5000.0,BANK_B
TXN004714,2026-08-26 06:28:54.429452,2026-08-26 06:32:26.345099,SETTLED,00,1000.0,BANK_B
TXN004715,2026-08-22 15:44:15.061168,2026-08-22 15:50:27.182798,SETTLED,00,2000.0,BANK_B
TXN004716,2026-08-15 07:31:34.278584,2026-08-15 07:37:34.350121,SETTLED,00,500.0,BANK_D
TXN004717,2026-08-20 15:21:45.972620,2026-08-20 15:27:16.521976,SETTLED,00,750.0,BANK_A
TXN004718,2026-08-15 03:19:04.650774,,NOT_FOUND,NA,,BANK_D
TXN004719,2026-08-17 09:31:34.203238,2026-08-17 09:37:34.976141,SETTLED,00,2000.0,BANK_C
TXN004720,2026-08-23 06:51:14.446316,2026-08-23 06:58:04.521186,SETTLED,00,2000.0,BANK_D
TXN004721,2026-08-26 00:29:21.338671,2026-08-26 00:32:35.810128,SETTLED,00,500.0,BANK_B
TXN004722,2026-08-27 15:55:08.218813,2026-08-27 16:01:26.032983,SETTLED,00,2000.0,BANK_D
TXN004723,2026-09-03 19:11:19.149989,2026-09-03 19:13:04.161076,SETTLED,00,750.0,BANK_D
TXN004724,2026-08-16 05:33:26.304716,2026-08-16 05:36:07.783931,SETTLED,00,500.0,BANK_B
TXN004725,2026-08-16 18:21:14.504223,2026-08-16 18:28:03.358669,SETTLED,00,750.0,BANK_A
TXN004726,2026-08-31 00:47:12.000000,2026-08-31 00:53:33.976474,SETTLED,00,100.0,BANK_B
TXN004727,2026-08-10 21:28:42.285676,2026-08-10 21:29:12.285676,SETTLED,00,10000.0,BANK_D
TXN004728,2026-08-15 13:52:32.888183,2026-08-15 14:53:21.959081,PROCESSING,PENDING,250.0,BANK_D
TXN004729,2026-08-13 05:49:17.643561,2026-08-13 05:52:50.948752,SETTLED,00,500.0,BANK_B
TXN004730,2026-08-20 06:31:52.118489,2026-08-20 06:47:15.272641,PROCESSING,PENDING,5000.0,BANK_D
TXN004731,2026-08-12 07:57:08.219799,2026-08-12 08:03:43.693030,SETTLED,00,1000.0,BANK_B
TXN004732,2026-08-11 23:26:54.318044,2026-08-11 23:32:27.802083,SETTLED,00,100.0,BANK_A
TXN004733,2026-08-29 14:14:15.611777,2026-08-29 14:18:17.356223,SETTLED,00,1500.0,BANK_B
TXN004734,2026-08-12 15:09:59.056958,2026-08-12 15:17:16.751748,SETTLED,00,500.0,BANK_B
TXN004736,2026-08-03 10:08:15.796426,2026-08-03 10:20:09.427011,SETTLED,00,2000.0,BANK_B
TXN004737,2026-08-31 01:11:12.320093,2026-08-31 02:02:38.828575,PROCESSING,PENDING,250.0,BANK_D
TXN004738,2026-08-29 22:39:29.640581,2026-08-29 22:41:06.458505,SETTLED,00,2000.0,BANK_B
TXN004739,2026-08-21 00:26:33.871118,2026-08-21 00:31:26.475903,SETTLED,00,1000.0,BANK_D
TXN004740,2026-08-23 16:55:28.153308,2026-08-23 17:02:04.147148,SETTLED,00,100.0,BANK_B
TXN004741,2026-08-11 01:32:33.813337,2026-08-11 01:36:12.916054,SETTLED,00,5000.0,BANK_D
TXN004742,2026-08-31 14:02:52.390133,,NOT_FOUND,NA,,BANK_C
TXN004743,2026-08-30 17:57:56.682829,,NOT_FOUND,NA,,BANK_A
TXN004744,2026-08-30 06:49:35.375102,2026-08-30 06:58:25.739854,SETTLED,00,10000.0,BANK_C
TXN004745,2026-08-04 17:10:57.747115,2026-08-04 17:18:21.231421,SETTLED,00,2000.0,BANK_C
TXN004746,2026-08-03 20:45:48.601608,2026-08-03 20:52:40.034119,SETTLED,00,100.0,BANK_D
TXN004747,2026-08-26 01:12:07.151068,2026-08-26 01:15:18.105897,SETTLED,00,2500.0,BANK_D
TXN004748,2026-08-07 20:12:26.343684,2026-08-07 20:19:20.329442,SETTLED,00,100.0,BANK_D
TXN004749,2026-08-10 10:57:29.678178,2026-08-10 11:06:19.141130,SETTLED,00,5000.0,BANK_D
TXN004750,2026-08-08 05:19:54.001757,2026-08-08 05:25:52.214494,SETTLED,00,500.0,BANK_B
TXN004751,2026-08-27 16:25:41.267397,2026-08-27 16:28:52.063983,SETTLED,00,500.0,BANK_B
TXN004752,2026-08-01 16:02:28.081893,2026-08-01 16:11:10.300537,SETTLED,00,500.0,BANK_D
TXN004753,2026-08-16 22:45:21.174814,2026-08-16 22:55:45.953611,SETTLED,00,500.0,BANK_B
TXN004755,2026-08-27 23:42:14.716561,2026-08-27 23:45:36.771351,SETTLED,00,1000.0,BANK_C
TXN004756,2026-08-10 08:17:54.649861,2026-08-10 08:24:55.605286,SETTLED,00,1500.0,BANK_C
TXN004757,2026-09-04 07:22:33.468233,2026-09-04 07:27:16.989918,SETTLED,00,1500.0,BANK_B
TXN004758,2026-08-06 06:29:32.002447,2026-08-06 06:54:36.779401,PROCESSING,PENDING,250.0,BANK_D
TXN004759,2026-08-22 17:41:17.913043,2026-08-22 17:51:25.679948,SETTLED,00,2500.0,BANK_B
TXN004760,2026-08-02 09:35:36.449942,2026-08-02 09:41:43.142299,SETTLED,00,750.0,BANK_C
TXN004761,2026-08-07 20:32:19.807202,2026-08-07 21:05:04.919609,PROCESSING,PENDING,2500.0,BANK_A
TXN004762,2026-08-31 22:02:56.652657,2026-08-31 22:20:57.740147,PROCESSING,PENDING,500.0,BANK_A
TXN004763,2026-08-27 05:30:54.479575,,NOT_FOUND,NA,,BANK_B
TXN004764,2026-08-10 07:56:39.924252,2026-08-10 07:58:09.028227,SETTLED,00,250.0,BANK_C
TXN004765,2026-08-09 17:56:53.295234,2026-08-09 18:28:55.108175,PROCESSING,PENDING,250.0,BANK_A
TXN004766,2026-08-01 01:49:36.801022,2026-08-01 01:58:56.273528,SETTLED,00,2000.0,BANK_C
TXN004767,2026-08-22 15:03:59.353997,2026-08-22 15:12:51.350467,SETTLED,00,1500.0,BANK_A
TXN004768,2026-08-04 16:18:03.189741,2026-08-04 16:22:42.398592,SETTLED,00,250.0,BANK_A
TXN004769,2026-08-08 20:16:44.871232,2026-08-08 20:23:05.361800,SETTLED,00,2000.0,BANK_B
TXN004770,2026-08-29 05:15:27.506928,2026-08-29 05:18:53.866086,SETTLED,00,500.0,BANK_D
TXN004771,2026-08-06 03:28:13.069767,2026-08-06 03:33:16.116797,SETTLED,00,1000.0,BANK_D
TXN004772,2026-08-16 01:55:51.538013,2026-08-16 02:01:51.494401,SETTLED,00,250.0,BANK_D
TXN004773,2026-08-24 09:49:33.008085,2026-08-24 10:00:52.922967,SETTLED,00,250.0,BANK_B
TXN004774,2026-08-13 03:32:18.226919,2026-08-13 03:37:30.958784,SETTLED,00,1000.0,BANK_C
TXN004775,2026-08-19 21:18:37.179777,2026-08-19 21:20:46.109139,SETTLED,00,1000.0,BANK_D
TXN004776,2026-09-01 22:28:52.264591,2026-09-01 22:58:15.250406,PROCESSING,PENDING,750.0,BANK_B
TXN004777,2026-08-04 12:08:38.950111,2026-08-04 12:15:24.680994,SETTLED,00,250.0,BANK_D
TXN004778,2026-08-07 14:51:24.344808,2026-08-07 15:00:11.619889,SETTLED,00,1500.0,BANK_A
TXN004779,2026-08-26 20:29:10.273216,2026-08-26 20:58:03.559487,PROCESSING,PENDING,100.0,BANK_C
TXN004780,2026-08-07 08:09:25.738681,2026-08-07 08:12:36.178747,SETTLED,00,500.0,BANK_D
TXN004781,2026-08-02 01:29:48.187224,2026-08-02 01:39:04.893242,SETTLED,00,500.0,BANK_A
TXN004782,2026-09-03 22:08:24.517451,2026-09-03 22:17:54.199493,SETTLED,00,2000.0,BANK_A
TXN004783,2026-08-14 23:00:35.076798,2026-08-14 23:08:20.253483,SETTLED,00,1000.0,BANK_C
TXN004784,2026-08-22 06:10:29.423441,2026-08-22 06:15:24.619313,SETTLED,00,500.0,BANK_B
TXN004785,2026-08-12 08:41:53.355282,2026-08-12 08:45:42.272976,SETTLED,00,100.0,BANK_A
TXN004787,2026-08-17 05:39:01.992680,2026-08-17 05:42:54.597093,SETTLED,00,500.0,BANK_B
TXN004788,2026-08-13 10:14:21.333457,2026-08-13 10:19:16.983963,SETTLED,00,750.0,BANK_D
TXN004789,2026-08-06 02:34:50.936294,2026-08-06 02:38:47.489277,SETTLED,00,500.0,BANK_A
TXN004790,2026-08-31 18:30:23.614850,2026-08-31 18:33:23.136325,SETTLED,00,10000.0,BANK_B
TXN004791,2026-08-26 23:49:56.627311,2026-08-26 23:58:24.803268,SETTLED,00,750.0,BANK_D
TXN004792,2026-08-04 01:58:47.886904,2026-08-04 02:07:31.756145,SETTLED,00,2000.0,BANK_C
TXN004793,2026-08-23 03:29:58.515646,2026-08-23 03:35:13.718190,SETTLED,00,500.0,BANK_C
TXN004794,2026-08-27 12:07:27.740085,2026-08-27 12:14:48.352448,SETTLED,00,1500.0,BANK_D
TXN004795,2026-08-17 06:02:18.909999,2026-08-17 06:13:13.813799,SETTLED,00,2000.0,BANK_A
TXN004796,2026-08-13 21:30:08.581637,2026-08-13 21:37:18.832153,SETTLED,00,1000.0,BANK_C
TXN004797,2026-08-24 02:59:49.233863,2026-08-24 03:05:46.755819,SETTLED,00,25000.0,BANK_B
TXN004798,2026-08-12 11:15:59.318696,2026-08-12 11:20:50.846820,SETTLED,00,100.0,BANK_D
TXN004799,2026-08-03 19:24:17.475519,2026-08-03 19:33:29.474818,SETTLED,00,750.0,BANK_C
TXN004800,2026-08-01 13:34:01.121634,2026-08-01 13:53:40.920956,PROCESSING,PENDING,750.0,BANK_C
TXN004801,2026-08-02 06:40:37.819740,2026-08-02 07:29:49.726442,PROCESSING,PENDING,500.0,BANK_B
TXN004802,2026-08-01 22:08:08.552398,2026-08-01 22:08:38.552398,SETTLED,00,250.0,BANK_B
TXN004803,2026-08-24 23:08:13.784896,,NOT_FOUND,NA,,BANK_A
TXN004804,2026-08-26 10:13:19.318912,2026-08-26 10:23:19.073430,SETTLED,00,1500.0,BANK_A
TXN004805,2026-08-29 22:35:47.658318,2026-08-29 22:39:00.441194,SETTLED,00,1000.0,BANK_A
TXN004806,2026-08-08 04:46:30.182022,2026-08-08 04:56:09.724881,SETTLED,00,2000.0,BANK_B
TXN004807,2026-08-31 22:50:10.167425,2026-08-31 23:00:17.907978,SETTLED,00,750.0,BANK_D
TXN004808,2026-08-15 16:11:12.401987,2026-08-15 16:20:54.412865,SETTLED,00,250.0,BANK_D
TXN004809,2026-09-02 04:07:45.792648,2026-09-02 04:12:51.481111,SETTLED,00,1500.0,BANK_C
TXN004810,2026-08-03 23:17:49.552592,,NOT_FOUND,NA,,BANK_D
TXN004811,2026-08-15 08:31:57.778659,2026-08-15 08:38:46.032487,SETTLED,00,1500.0,BANK_C
TXN004812,2026-08-06 09:13:53.137033,2026-08-06 09:19:52.156629,SETTLED,00,1000.0,BANK_D
TXN004813,2026-08-21 15:15:36.379233,2026-08-21 15:23:19.425240,SETTLED,00,500.0,BANK_B
TXN004814,2026-08-14 07:31:18.242093,2026-08-14 07:38:11.291741,SETTLED,00,2000.0,BANK_A
TXN004815,2026-08-29 09:30:44.018595,2026-08-29 09:33:29.208650,SETTLED,00,2500.0,BANK_A
TXN004816,2026-08-26 19:39:01.426254,2026-08-26 19:42:55.179394,SETTLED,00,1000.0,BANK_D
TXN004817,2026-08-27 04:13:57.466760,2026-08-27 04:20:41.296970,SETTLED,00,1000.0,BANK_A
TXN004818,2026-08-02 13:15:44.785254,2026-08-02 13:24:07.897196,SETTLED,00,1000.0,BANK_D
TXN004819,2026-08-10 02:27:13.321266,2026-08-10 02:35:56.008384,SETTLED,00,500.0,BANK_B
TXN004820,2026-08-01 06:43:05.021676,2026-08-01 06:46:13.483936,SETTLED,00,250.0,BANK_B
TXN004821,2026-08-09 07:56:39.155582,,NOT_FOUND,NA,,BANK_B
TXN004822,2026-08-03 04:32:22.208375,2026-08-03 04:38:29.542227,SETTLED,00,250.0,BANK_D
TXN004823,2026-08-14 02:01:43.080279,2026-08-14 02:08:44.800232,SETTLED,00,25000.0,BANK_C
TXN004824,2026-08-14 08:36:08.206830,2026-08-14 08:40:55.765372,SETTLED,00,250.0,BANK_C
TXN004825,2026-08-25 04:20:11.487337,2026-08-25 04:21:27.232952,SETTLED,00,5000.0,BANK_B
TXN004826,2026-08-08 20:08:49.559645,2026-08-08 20:09:31.613643,SETTLED,00,500.0,BANK_C
TXN004827,2026-08-07 19:16:45.748388,2026-08-07 19:18:56.224037,SETTLED,00,2000.0,BANK_C
TXN004828,2026-08-11 03:44:00.799370,2026-08-11 03:49:18.761388,SETTLED,00,250.0,BANK_C
TXN004829,2026-08-11 20:42:36.678849,2026-08-11 20:50:00.073841,SETTLED,00,750.0,BANK_C
TXN004830,2026-08-05 09:18:50.104652,2026-08-05 09:55:28.060836,PROCESSING,PENDING,750.0,BANK_C
TXN004831,2026-08-31 17:16:01.270852,2026-08-31 17:21:47.566914,SETTLED,00,1500.0,BANK_A
TXN004832,2026-08-10 08:35:31.653027,2026-08-10 08:43:59.199731,SETTLED,00,1000.0,BANK_D
TXN004833,2026-08-12 03:00:01.984607,2026-08-12 03:07:13.302469,SETTLED,00,2500.0,BANK_A
TXN004834,2026-08-21 17:04:12.000000,2026-08-21 17:07:46.488502,SETTLED,00,750.0,BANK_D
TXN004835,2026-08-07 00:18:45.416997,2026-08-07 00:22:17.799967,SETTLED,00,100.0,BANK_A
TXN004836,2026-08-12 04:35:23.395335,2026-08-12 04:43:37.146376,SETTLED,00,250.0,BANK_D
TXN004837,2026-08-14 01:08:15.294080,2026-08-14 01:14:32.304191,SETTLED,00,10000.0,BANK_D
TXN004838,2026-09-01 09:44:24.840260,2026-09-01 09:50:53.279445,SETTLED,00,2000.0,BANK_B
TXN004839,2026-08-08 17:59:09.875841,2026-08-08 18:03:19.695198,SETTLED,00,250.0,BANK_B
TXN004840,2026-08-07 21:59:15.943323,2026-08-07 22:07:29.336644,SETTLED,00,2000.0,BANK_C
TXN004841,2026-09-02 16:24:56.435339,2026-09-02 16:26:53.365554,SETTLED,00,1000.0,BANK_D
TXN004842,2026-08-19 19:31:12.000000,2026-08-19 19:37:55.907716,SETTLED,00,1500.0,BANK_B
TXN004843,2026-08-02 05:19:23.277660,2026-08-02 05:23:23.266073,SETTLED,00,1000.0,BANK_A
TXN004844,2026-08-11 19:24:20.296269,2026-08-11 19:34:03.822641,SETTLED,00,2000.0,BANK_A
TXN004845,2026-08-11 15:29:46.630073,2026-08-11 16:05:10.138572,PROCESSING,PENDING,750.0,BANK_B
TXN004846,2026-08-20 20:27:32.438163,2026-08-20 20:32:10.431353,SETTLED,00,100.0,BANK_D
TXN004847,2026-08-06 06:13:49.103431,2026-08-06 06:55:35.600733,PROCESSING,PENDING,5000.0,BANK_B
TXN004848,2026-08-07 16:43:08.124786,2026-08-07 16:46:22.627288,SETTLED,00,500.0,BANK_C
TXN004849,2026-08-12 02:05:21.700056,2026-08-12 02:08:51.446685,SETTLED,00,10000.0,BANK_B
TXN004850,2026-08-12 10:15:58.363005,2026-08-12 10:19:57.791603,SETTLED,00,1500.0,BANK_D
TXN004851,2026-08-27 00:32:11.141648,2026-08-27 00:36:28.018891,SETTLED,00,1500.0,BANK_B
TXN004852,2026-08-07 20:28:43.350463,,NOT_FOUND,NA,,BANK_C
TXN004853,2026-08-27 22:48:28.345548,2026-08-27 22:58:19.548986,SETTLED,00,500.0,BANK_C
TXN004854,2026-08-02 15:35:05.166669,2026-08-02 16:16:43.927760,PROCESSING,PENDING,2500.0,BANK_D
TXN004855,2026-08-23 19:28:38.674732,2026-08-23 19:35:07.692853,SETTLED,00,2000.0,BANK_B
TXN004856,2026-08-08 23:42:52.411388,2026-08-09 00:27:13.621523,PROCESSING,PENDING,1000.0,BANK_D
TXN004857,2026-09-04 15:57:40.588264,2026-09-04 16:04:24.789169,SETTLED,00,2500.0,BANK_A
TXN004858,2026-08-14 13:52:31.192128,2026-08-14 14:11:30.152670,PROCESSING,PENDING,5000.0,BANK_C
TXN004859,2026-09-02 13:33:12.090684,2026-09-02 13:42:40.133466,SETTLED,00,500.0,BANK_B
TXN004860,2026-08-23 22:22:34.257128,2026-08-23 22:27:41.381570,SETTLED,00,250.0,BANK_A
TXN004861,2026-08-26 23:37:19.869088,2026-08-26 23:46:40.538364,SETTLED,00,1500.0,BANK_C
TXN004862,2026-09-04 21:35:00.562353,2026-09-04 21:41:25.873231,SETTLED,00,1500.0,BANK_C
TXN004863,2026-08-31 14:03:34.017165,2026-08-31 14:56:37.120880,PROCESSING,PENDING,500.0,BANK_D
TXN004864,2026-08-14 10:11:54.361901,2026-08-14 10:20:30.320277,SETTLED,00,1500.0,BANK_C
TXN004865,2026-08-19 23:16:07.397754,2026-08-19 23:23:48.475373,SETTLED,00,250.0,BANK_D
TXN004866,2026-08-09 23:29:11.640626,2026-08-10 00:04:56.352205,PROCESSING,PENDING,500.0,BANK_C
TXN004867,2026-08-06 20:36:23.856105,2026-08-06 20:44:23.788179,SETTLED,00,2000.0,BANK_B
TXN004869,2026-08-18 00:34:23.433437,2026-08-18 00:39:43.030586,SETTLED,00,500.0,BANK_B
TXN004870,2026-08-22 02:49:51.299585,2026-08-22 02:56:26.826351,SETTLED,00,100.0,BANK_B
TXN004871,2026-08-14 02:33:04.743135,2026-08-14 02:38:06.539444,SETTLED,00,1500.0,BANK_C
TXN004872,2026-08-30 14:20:06.320881,2026-08-30 14:27:40.202565,SETTLED,00,250.0,BANK_A
TXN004873,2026-08-08 22:38:43.758203,2026-08-08 22:44:17.667581,SETTLED,00,2000.0,BANK_B
TXN004874,2026-08-30 11:22:05.313557,2026-08-30 11:40:31.067700,PROCESSING,PENDING,1000.0,BANK_B
TXN004875,2026-08-18 01:38:47.854570,2026-08-18 01:44:20.695507,SETTLED,00,1000.0,BANK_C
TXN004876,2026-08-28 20:10:02.717806,2026-08-28 20:18:02.717806,PROCESSING,PENDING,500.0,BANK_B
TXN004877,2026-08-10 18:56:08.962254,2026-08-10 19:27:42.140069,PROCESSING,PENDING,2500.0,BANK_A
TXN004878,2026-08-04 06:46:23.936308,2026-08-04 07:01:37.711885,PROCESSING,PENDING,2500.0,BANK_B
TXN004879,2026-09-01 00:08:13.141186,2026-09-01 00:15:46.761150,SETTLED,00,500.0,BANK_D
TXN004880,2026-08-20 19:58:16.284899,2026-08-20 20:03:59.161788,SETTLED,00,100.0,BANK_C
TXN004881,2026-08-06 05:38:11.986562,2026-08-06 06:10:09.773511,PROCESSING,PENDING,250.0,BANK_A
TXN004882,2026-08-04 11:19:00.207368,2026-08-04 11:25:09.983389,SETTLED,00,250.0,BANK_B
TXN004883,2026-08-27 04:52:52.567091,2026-08-27 04:57:46.486526,SETTLED,00,1500.0,BANK_C
TXN004884,2026-08-26 10:17:54.242305,,NOT_FOUND,NA,,BANK_C
TXN004885,2026-08-15 00:54:12.746442,2026-08-15 00:59:54.164539,SETTLED,00,500.0,BANK_B
TXN004886,2026-08-09 08:45:56.718103,2026-08-09 08:49:36.680227,SETTLED,00,1000.0,BANK_B
TXN004887,2026-09-02 17:50:34.831872,2026-09-02 17:56:17.439167,SETTLED,00,500.0,BANK_B
TXN004888,2026-08-09 18:52:42.525448,2026-08-09 18:57:10.802112,SETTLED,00,1000.0,BANK_C
TXN004889,2026-08-24 04:07:00.565703,2026-08-24 04:14:01.207677,SETTLED,00,2000.0,BANK_B
TXN004890,2026-09-04 06:19:54.602931,2026-09-04 06:26:51.970656,SETTLED,00,750.0,BANK_C
TXN004891,2026-08-15 01:23:46.316980,2026-08-15 01:28:28.645344,SETTLED,00,2000.0,BANK_A
TXN004892,2026-08-14 06:50:02.389416,2026-08-14 06:54:33.013338,SETTLED,00,25000.0,BANK_D
TXN004893,2026-08-28 18:17:27.870096,2026-08-28 18:19:09.056052,SETTLED,00,1000.0,BANK_C
TXN004894,2026-08-05 03:22:04.796266,2026-08-05 03:29:58.593681,SETTLED,00,1500.0,BANK_B
TXN004895,2026-08-09 20:01:24.239670,2026-08-09 20:06:15.428638,SETTLED,00,1000.0,BANK_A
TXN004896,2026-08-13 06:44:12.000000,2026-08-13 06:51:42.366081,SETTLED,00,5000.0,BANK_A
TXN004897,2026-08-18 07:51:55.613547,2026-08-18 07:57:14.284133,SETTLED,00,750.0,BANK_C
TXN004898,2026-08-14 16:31:51.714040,2026-08-14 16:42:28.896148,SETTLED,00,500.0,BANK_B
TXN004899,2026-08-23 11:44:35.937212,2026-08-23 11:50:18.657214,SETTLED,00,750.0,BANK_C
TXN004900,2026-08-09 17:30:20.916193,2026-08-09 17:37:24.091906,SETTLED,00,1500.0,BANK_C
TXN004901,2026-08-09 04:24:57.483408,2026-08-09 04:30:05.158169,SETTLED,00,100.0,BANK_D
TXN004902,2026-09-03 13:53:33.595651,2026-09-03 14:01:34.566034,SETTLED,00,250.0,BANK_A
TXN004903,2026-08-30 10:24:15.301296,2026-08-30 10:30:14.246888,SETTLED,00,750.0,BANK_C
TXN004904,2026-09-03 09:26:56.986885,2026-09-03 09:33:19.629369,SETTLED,00,250.0,BANK_A
TXN004905,2026-08-12 20:17:00.430631,2026-08-12 20:41:21.993719,PROCESSING,PENDING,1500.0,BANK_A
TXN004906,2026-08-12 06:01:28.854987,2026-08-12 06:12:58.392811,SETTLED,00,500.0,BANK_C
TXN004907,2026-08-29 02:53:53.260124,2026-08-29 02:55:45.186319,SETTLED,00,100.0,BANK_C
TXN004908,2026-08-16 09:06:49.522996,2026-08-16 09:10:52.396699,SETTLED,00,500.0,BANK_A
TXN004909,2026-08-08 10:29:32.113748,2026-08-08 10:32:31.140783,SETTLED,00,1000.0,BANK_B
TXN004910,2026-08-16 02:15:51.416489,2026-08-16 02:25:36.680732,SETTLED,00,250.0,BANK_B
TXN004911,2026-08-24 01:26:46.432198,2026-08-24 01:27:16.432198,SETTLED,00,10000.0,BANK_D
TXN004912,2026-08-09 16:25:23.302727,2026-08-09 17:02:30.737999,PROCESSING,PENDING,100.0,BANK_C
TXN004913,2026-08-28 02:49:55.523248,2026-08-28 03:14:18.203139,PROCESSING,PENDING,10000.0,BANK_D
TXN004914,2026-08-29 22:32:08.552680,2026-08-29 22:41:45.717682,SETTLED,00,2500.0,BANK_B
TXN004915,2026-08-28 23:44:21.464750,2026-08-28 23:49:54.635897,SETTLED,00,250.0,BANK_D
TXN004916,2026-09-02 02:54:41.064861,2026-09-02 03:02:26.596379,SETTLED,00,1000.0,BANK_D
TXN004917,2026-08-07 16:23:41.255936,2026-08-07 16:27:21.514112,SETTLED,00,500.0,BANK_C
TXN004918,2026-08-29 09:02:53.597950,2026-08-29 09:07:57.565588,SETTLED,00,100.0,BANK_C
TXN004919,2026-08-28 02:25:31.124769,2026-08-28 02:32:31.434757,SETTLED,00,250.0,BANK_D
TXN004920,2026-09-01 17:50:02.960892,2026-09-01 17:54:27.810602,SETTLED,00,2000.0,BANK_B
TXN004921,2026-08-20 02:18:28.423860,2026-08-20 02:24:14.596378,SETTLED,00,10000.0,BANK_B
TXN004922,2026-08-28 17:43:54.500299,2026-08-28 17:49:34.041689,SETTLED,00,500.0,BANK_C
TXN004923,2026-08-30 21:59:57.175098,2026-08-30 22:02:23.128922,SETTLED,00,100.0,BANK_D
TXN004924,2026-08-04 13:57:52.311040,2026-08-04 14:03:40.556796,SETTLED,00,2000.0,BANK_B
TXN004925,2026-08-31 15:42:46.039498,2026-08-31 15:49:21.887393,SETTLED,00,10000.0,BANK_D
TXN004926,2026-08-12 22:14:43.530876,2026-08-12 22:54:10.163821,PROCESSING,PENDING,100.0,BANK_A
TXN004927,2026-08-21 02:12:06.400190,2026-08-21 02:19:12.823114,SETTLED,00,2500.0,BANK_A
TXN004928,2026-08-04 21:36:48.088750,2026-08-04 21:46:00.663861,SETTLED,00,2500.0,BANK_A
TXN004929,2026-09-04 20:48:24.361627,2026-09-04 20:53:05.585657,SETTLED,00,500.0,BANK_D
TXN004930,2026-08-02 10:44:27.779081,2026-08-02 10:48:31.643914,SETTLED,00,5000.0,BANK_C
TXN004931,2026-08-03 05:26:44.685686,2026-08-03 05:34:01.090481,SETTLED,00,500.0,BANK_D
TXN004932,2026-09-02 18:22:37.444638,2026-09-02 18:29:13.861391,SETTLED,00,250.0,BANK_B
TXN004933,2026-08-27 21:56:20.120958,2026-08-27 22:01:36.148926,SETTLED,00,1500.0,BANK_C
TXN004934,2026-08-26 20:55:51.880520,,NOT_FOUND,NA,,BANK_B
TXN004935,2026-08-19 05:39:28.794309,2026-08-19 06:18:56.571507,PROCESSING,PENDING,2000.0,BANK_C
TXN004936,2026-08-05 02:49:59.105931,2026-08-05 03:03:49.363026,SETTLED,00,100.0,BANK_D
TXN004937,2026-08-19 20:45:44.975250,2026-08-19 21:08:11.282156,PROCESSING,PENDING,1500.0,BANK_C
TXN004938,2026-08-24 00:08:53.201752,2026-08-24 00:17:02.180972,SETTLED,00,1500.0,BANK_A
TXN004939,2026-08-03 19:40:15.611236,2026-08-03 20:06:59.586175,PROCESSING,PENDING,250.0,BANK_A
TXN004940,2026-08-31 07:33:17.027130,2026-08-31 07:39:34.245424,SETTLED,00,250.0,BANK_D
TXN004941,2026-09-04 18:33:25.653787,2026-09-04 18:43:06.005230,SETTLED,00,10000.0,BANK_B
TXN004942,2026-08-26 18:00:55.024952,2026-08-26 18:07:29.703067,SETTLED,00,250.0,BANK_C
TXN004943,2026-09-03 08:49:13.220318,2026-09-03 08:57:05.091982,SETTLED,00,2000.0,BANK_C
TXN004944,2026-08-04 21:25:14.691462,2026-08-04 21:29:31.627298,SETTLED,00,500.0,BANK_C
TXN004945,2026-08-19 12:08:48.258139,2026-08-19 12:11:00.898494,SETTLED,00,2500.0,BANK_C
TXN004946,2026-08-28 14:04:26.472976,2026-08-28 14:08:12.718227,SETTLED,00,250.0,BANK_C
TXN004947,2026-08-03 23:35:26.889592,2026-08-03 23:39:45.232214,SETTLED,00,1000.0,BANK_B
TXN004948,2026-08-27 21:42:50.387052,2026-08-27 21:53:02.410469,SETTLED,00,5000.0,BANK_B
TXN004949,2026-08-27 11:19:55.647295,2026-08-27 11:29:41.744455,SETTLED,00,750.0,BANK_D
TXN004950,2026-08-14 18:43:05.780904,2026-08-14 18:48:45.067751,SETTLED,00,100.0,BANK_B
TXN004951,2026-08-02 04:52:46.519594,2026-08-02 05:00:46.931820,SETTLED,00,1000.0,BANK_A
TXN004953,2026-08-08 23:52:27.147222,2026-08-08 23:55:22.408681,SETTLED,00,1000.0,BANK_D
TXN004954,2026-09-01 02:46:14.614412,2026-09-01 02:49:58.854364,SETTLED,00,2500.0,BANK_A
TXN004955,2026-08-29 21:22:44.995184,2026-08-29 21:26:45.178770,SETTLED,00,750.0,BANK_A
TXN004956,2026-09-01 19:01:45.847817,2026-09-01 19:06:34.512768,SETTLED,00,1000.0,BANK_C
TXN004957,2026-08-18 10:54:10.045976,2026-08-18 11:05:03.416534,SETTLED,00,250.0,BANK_B
TXN004958,2026-08-03 12:32:56.694920,2026-08-03 12:56:58.583976,PROCESSING,PENDING,750.0,BANK_B
TXN004959,2026-08-05 03:19:42.690621,,NOT_FOUND,NA,,BANK_C
TXN004960,2026-08-05 01:56:21.236035,2026-08-05 02:03:34.966738,SETTLED,00,500.0,BANK_B
TXN004961,2026-08-25 23:06:47.687453,,NOT_FOUND,NA,,BANK_D
TXN004962,2026-08-31 21:23:36.648530,2026-08-31 21:33:31.932250,SETTLED,00,500.0,BANK_B
TXN004963,2026-08-03 12:21:56.669316,2026-08-03 12:27:45.014783,SETTLED,00,100.0,BANK_D
TXN004964,2026-08-09 10:56:48.811747,2026-08-09 11:04:57.000278,SETTLED,00,2000.0,BANK_C
TXN004965,2026-08-10 08:03:42.777523,2026-08-10 08:09:10.384376,SETTLED,00,5000.0,BANK_A
TXN004966,2026-08-28 08:15:47.292382,2026-08-28 08:21:17.071367,SETTLED,00,250.0,BANK_D
TXN004967,2026-09-04 08:47:05.463940,2026-09-04 08:58:26.980449,SETTLED,00,100.0,BANK_C
TXN004968,2026-08-20 07:31:00.172649,2026-08-20 07:38:03.311396,SETTLED,00,250.0,BANK_A
TXN004969,2026-08-15 06:26:41.212703,2026-08-15 06:32:30.056246,SETTLED,00,250.0,BANK_A
TXN004970,2026-08-23 08:09:06.000000,,NOT_FOUND,NA,,BANK_A
TXN004971,2026-08-11 21:59:21.408008,2026-08-11 22:03:34.199611,SETTLED,00,2500.0,BANK_A
TXN004972,2026-08-17 14:19:00.814322,2026-08-17 14:25:29.478832,SETTLED,00,100.0,BANK_B
TXN004973,2026-08-19 20:30:41.785412,2026-08-19 20:35:59.564104,SETTLED,00,1500.0,BANK_A
TXN004974,2026-08-14 11:30:19.347581,2026-08-14 11:39:00.866731,SETTLED,00,100.0,BANK_D
TXN004975,2026-08-02 22:19:04.624934,2026-08-02 22:23:24.794137,SETTLED,00,250.0,BANK_D
TXN004976,2026-08-12 13:26:38.531851,2026-08-12 14:22:29.799553,PROCESSING,PENDING,5000.0,BANK_C
TXN004977,2026-08-09 17:37:43.846641,2026-08-09 17:43:51.004804,SETTLED,00,1500.0,BANK_A
TXN004979,2026-08-28 18:24:54.238679,,NOT_FOUND,NA,,BANK_D
TXN004980,2026-08-24 23:47:01.963792,2026-08-24 23:51:34.292443,SETTLED,00,1000.0,BANK_C
TXN004981,2026-08-23 09:27:02.479662,2026-08-23 09:32:40.493516,SETTLED,00,250.0,BANK_D
TXN004982,2026-08-12 09:10:20.880089,2026-08-12 09:19:38.121778,SETTLED,00,2000.0,BANK_A
TXN004983,2026-08-22 19:37:36.932927,2026-08-22 19:45:51.258871,SETTLED,00,1000.0,BANK_C
TXN004984,2026-08-22 04:43:48.818038,2026-08-22 04:52:25.111268,SETTLED,00,250.0,BANK_D
TXN004985,2026-08-06 19:49:34.630961,2026-08-06 19:57:12.338828,SETTLED,00,1000.0,BANK_B
TXN004986,2026-08-27 13:02:07.943529,2026-08-27 13:11:47.200803,SETTLED,00,250.0,BANK_D
TXN004987,2026-08-05 03:21:16.364590,2026-08-05 03:28:08.423157,SETTLED,00,100.0,BANK_A
TXN004988,2026-08-03 02:41:48.449490,2026-08-03 03:19:37.448131,PROCESSING,PENDING,1000.0,BANK_B
TXN004989,2026-08-31 06:12:02.086701,2026-08-31 06:59:09.826830,PROCESSING,PENDING,250.0,BANK_C
TXN004990,2026-08-14 21:58:00.334490,2026-08-14 22:31:06.118205,PROCESSING,PENDING,100.0,BANK_B
TXN004991,2026-08-28 00:02:06.354058,2026-08-28 00:13:52.044812,SETTLED,00,250.0,BANK_C
TXN004992,2026-09-04 16:14:27.480958,2026-09-04 16:24:13.579845,SETTLED,00,500.0,BANK_B
TXN004993,2026-08-14 10:47:14.651492,2026-08-14 11:34:15.380610,PROCESSING,PENDING,750.0,BANK_D
TXN004994,2026-08-17 15:29:18.563526,2026-08-17 15:31:01.913776,SETTLED,00,1000.0,BANK_C
TXN004995,2026-08-21 09:35:53.226152,2026-08-21 09:39:50.095050,SETTLED,00,750.0,BANK_C
TXN004996,2026-08-23 14:49:40.659045,2026-08-23 14:58:07.856613,SETTLED,00,250.0,BANK_C
TXN004997,2026-09-03 12:10:03.484639,2026-09-03 12:17:58.461464,SETTLED,00,500.0,BANK_B
TXN004998,2026-08-26 02:02:59.212862,2026-08-26 02:09:48.873072,SETTLED,00,100.0,BANK_C
TXN004999,2026-08-17 17:55:58.574870,2026-08-17 18:30:58.604568,PROCESSING,PENDING,1000.0,BANK_A
TXN005000,2026-08-19 09:08:13.003702,2026-08-19 09:13:24.868422,SETTLED,00,10000.0,BANK_B
TXN005001,2026-08-12 15:04:43.712513,2026-08-12 15:51:17.552759,SETTLED,00,250.0,BANK_A
TXN005002,2026-08-03 15:07:55.939310,2026-08-03 15:20:19.307591,SETTLED,00,250.0,BANK_B
TXN005003,2026-08-26 01:13:22.884590,2026-08-26 02:12:18.176682,SETTLED,00,500.0,BANK_D
TXN005004,2026-08-09 05:45:21.619232,2026-08-09 06:35:42.497257,SETTLED,00,100.0,BANK_A
TXN005005,2026-08-05 21:31:20.403642,2026-08-05 22:13:36.526822,SETTLED,00,500.0,BANK_A
TXN005006,2026-08-09 10:52:33.446314,2026-08-09 11:28:44.880309,SETTLED,00,250.0,BANK_C
TXN005007,2026-08-10 08:24:34.416545,2026-08-10 08:51:59.594937,SETTLED,00,2500.0,BANK_B
TXN005008,2026-08-09 10:48:53.183799,2026-08-09 11:32:42.815211,SETTLED,00,1500.0,BANK_B
TXN005009,2026-08-03 12:26:07.003468,2026-08-03 12:40:58.972412,SETTLED,00,1500.0,BANK_B
TXN005010,2026-08-23 13:37:46.513454,2026-08-23 14:19:17.451033,SETTLED,00,470.0,BANK_A
TXN005011,2026-08-12 23:41:42.878908,2026-08-13 00:11:40.810242,SETTLED,00,5000.0,BANK_B
TXN005012,2026-08-02 12:20:59.867254,2026-08-02 12:53:07.400589,SETTLED,00,2500.0,BANK_A
TXN005013,2026-08-11 13:09:01.916554,2026-08-11 13:58:00.486807,SETTLED,00,100.0,BANK_C
TXN005014,2026-08-23 07:28:47.364839,2026-08-23 08:34:04.950231,SETTLED,00,1000.0,BANK_C
TXN005015,2026-08-01 14:50:49.687053,2026-08-01 15:00:52.018751,SETTLED,00,1020.0,BANK_D
TXN005016,2026-08-07 04:21:54.063810,2026-08-07 04:47:05.148812,SETTLED,00,1500.0,BANK_C
TXN005017,2026-08-10 06:18:43.583073,2026-08-10 07:02:25.574629,SETTLED,00,500.0,BANK_C
TXN005018,2026-08-30 10:01:26.054321,2026-08-30 10:25:21.386367,SETTLED,00,250.0,BANK_D
TXN005019,2026-08-20 01:20:39.007446,2026-08-20 02:18:58.466116,SETTLED,00,1500.0,BANK_D
TXN005020,2026-08-27 00:56:21.344146,2026-08-27 01:42:11.007046,SETTLED,00,1000.0,BANK_C
TXN005021,2026-08-28 06:48:45.269390,2026-08-28 07:47:20.694954,SETTLED,00,250.0,BANK_A
TXN005022,2026-08-06 16:30:54.875970,2026-08-06 16:56:50.635146,SETTLED,00,100.0,BANK_D
TXN005023,2026-08-15 18:36:14.875458,2026-08-20 20:22:59.654161,SETTLED,00,5000.0,BANK_B
TXN005024,2026-08-29 11:33:08.381672,2026-08-29 12:18:55.474048,SETTLED,00,500.0,BANK_C
TXN005025,2026-08-24 01:11:50.334657,2026-08-24 01:34:26.379841,SETTLED,00,10000.0,BANK_C
TXN005026,2026-08-09 23:23:44.610565,2026-08-09 23:41:08.867263,SETTLED,00,2500.0,BANK_B
TXN005027,2026-08-23 02:13:26.886540,2026-08-23 02:38:43.958410,PROCESSING,PENDING,5000.0,BANK_A
TXN005028,2026-08-05 20:45:47.709107,2026-08-05 21:16:00.242091,SETTLED,00,2500.0,BANK_A
TXN005029,2026-08-29 04:09:02.508816,2026-08-29 04:51:07.189193,SETTLED,00,10000.0,BANK_B
TXN005030,2026-08-02 00:42:31.406853,2026-08-02 01:11:28.248216,SETTLED,00,1000.0,BANK_D
TXN005031,2026-08-19 09:50:51.354975,2026-08-19 10:23:00.045102,SETTLED,00,5000.0,BANK_D
TXN005032,2026-08-06 16:52:47.938513,2026-08-06 17:41:25.687858,SETTLED,00,2500.0,BANK_B
TXN005033,2026-08-16 14:18:53.239666,2026-08-16 14:55:31.370748,SETTLED,00,500.0,BANK_B
TXN005034,2026-08-23 19:56:38.988311,2026-08-23 20:27:15.411048,SETTLED,00,100.0,BANK_D
TXN005036,2026-08-17 11:35:54.972803,2026-08-17 12:49:02.364276,SETTLED,00,100.0,BANK_A
TXN005037,2026-08-02 19:34:06.657675,2026-08-02 20:07:07.900928,SETTLED,00,1000.0,BANK_B
TXN005040,2026-08-06 13:15:54.717240,2026-08-06 13:41:30.477571,SETTLED,00,10000.0,BANK_D
TXN005041,2026-08-26 02:17:23.233504,2026-08-26 03:09:50.162258,SETTLED,00,500.0,BANK_B
TXN005043,2026-08-23 23:53:22.015418,2026-08-24 00:21:11.466292,SETTLED,00,5000.0,BANK_A
TXN005045,2026-08-24 02:27:44.804213,2026-08-24 03:34:30.823615,SETTLED,00,5000.0,BANK_C
TXN005046,2026-08-11 11:26:46.649484,2026-08-11 11:44:12.480428,SETTLED,00,2500.0,BANK_B
TXN005047,2026-08-25 10:03:25.858098,2026-08-25 11:37:40.609864,SETTLED,00,250.0,BANK_B
TXN005049,2026-08-21 10:18:37.534831,2026-08-21 11:05:55.784037,PROCESSING,PENDING,2500.0,BANK_B
TXN005050,2026-08-23 10:54:49.253865,2026-08-23 11:08:11.456514,SETTLED,00,500.0,BANK_C
TXN005053,2026-08-19 00:39:44.288204,2026-08-19 00:58:47.239375,SETTLED,00,10000.0,BANK_D
TXN005054,2026-08-29 15:04:10.402371,2026-08-29 16:19:04.635327,SETTLED,00,250.0,BANK_B
TXN005055,2026-08-23 04:26:58.210842,2026-08-25 04:56:45.803601,SETTLED,00,1000.0,BANK_B
TXN005056,2026-08-28 21:36:56.418446,2026-08-28 22:44:00.122174,SETTLED,00,250.0,BANK_D
TXN005057,2026-08-07 09:08:41.684315,2026-08-07 10:07:09.691243,SETTLED,00,500.0,BANK_B
TXN005058,2026-08-22 09:36:34.772600,2026-08-22 09:45:10.003177,SETTLED,00,1500.0,BANK_B
TXN005059,2026-08-31 06:21:14.996864,2026-08-31 07:09:52.750400,SETTLED,00,250.0,BANK_D
TXN005062,2026-08-24 07:53:53.740941,2026-08-24 08:37:56.202618,SETTLED,00,2500.0,BANK_D
TXN005063,2026-08-24 17:16:20.710698,2026-08-24 17:50:01.773230,SETTLED,00,250.0,BANK_A
TXN005065,2026-08-19 13:51:22.321552,2026-08-19 14:42:34.909209,SETTLED,00,1500.0,BANK_A
TXN005066,2026-08-02 03:34:49.332703,2026-08-02 04:35:41.314052,SETTLED,00,2500.0,BANK_D
TXN005067,2026-08-02 21:53:50.546317,2026-08-02 22:30:54.321090,SETTLED,00,5000.0,BANK_B
TXN005068,2026-08-11 21:19:29.548995,2026-08-11 22:21:57.825180,SETTLED,00,10000.0,BANK_B
TXN005069,2026-08-06 16:02:20.140299,2026-08-06 16:47:46.020389,SETTLED,00,1000.0,BANK_C
TXN005070,2026-08-24 19:07:17.510299,2026-08-24 19:27:22.989967,SETTLED,00,500.0,BANK_A
TXN005071,2026-08-10 02:51:16.764341,2026-08-10 03:33:54.581688,SETTLED,00,1000.0,BANK_A
TXN005072,2026-08-22 14:21:43.213645,2026-08-22 14:59:45.473871,SETTLED,00,5000.0,BANK_D
TXN005073,2026-08-26 11:32:07.344609,2026-08-26 12:36:54.434335,SETTLED,00,1500.0,BANK_B
TXN005074,2026-08-16 13:20:06.821596,2026-08-16 14:51:52.840019,SETTLED,00,2510.0,BANK_C
TXN005075,2026-08-02 19:01:43.133249,2026-08-02 19:43:59.060246,PROCESSING,PENDING,1000.0,BANK_C
TXN005076,2026-08-07 02:24:32.531804,2026-08-07 03:14:07.403561,SETTLED,00,10000.0,BANK_A
TXN005077,2026-08-24 23:05:38.701165,2026-08-25 00:06:08.230774,SETTLED,00,1500.0,BANK_B
TXN005078,2026-08-19 10:05:09.006931,2026-08-25 06:25:27.949611,SETTLED,00,500.0,BANK_D
TXN005079,2026-08-22 08:54:25.479648,2026-08-22 09:31:59.721000,SETTLED,00,100.0,BANK_B
TXN005080,2026-08-09 05:10:58.370342,2026-08-09 05:23:18.804535,SETTLED,00,1500.0,BANK_A
TXN005081,2026-08-18 17:27:02.445448,2026-08-18 17:50:08.961097,SETTLED,00,1500.0,BANK_B
TXN005082,2026-08-16 01:01:02.078428,2026-08-16 01:21:34.376696,SETTLED,00,1500.0,BANK_B
TXN005083,2026-08-14 07:02:49.285881,2026-08-14 07:35:02.710265,SETTLED,00,2500.0,BANK_D
TXN005084,2026-08-30 08:23:55.363131,2026-08-30 08:57:46.717573,SETTLED,00,1500.0,BANK_D
TXN005085,2026-08-27 15:14:23.229040,2026-08-27 15:58:24.482658,SETTLED,00,500.0,BANK_D
TXN005086,2026-08-19 17:52:22.945614,2026-08-19 18:29:20.357648,SETTLED,00,5000.0,BANK_C
TXN005087,2026-08-30 11:32:23.995025,2026-08-30 11:48:49.058154,SETTLED,00,2510.0,BANK_C
TXN005088,2026-08-10 02:58:34.811417,2026-08-10 03:14:38.314780,SETTLED,00,500.0,BANK_D
TXN005089,2026-08-02 02:47:07.974431,2026-08-02 03:03:08.751818,SETTLED,00,1500.0,BANK_B
TXN005090,2026-08-23 08:44:24.506955,2026-08-23 08:54:34.153406,SETTLED,00,500.0,BANK_A
TXN005091,2026-08-12 14:11:10.004616,2026-08-12 14:29:29.580256,SETTLED,00,500.0,BANK_D
TXN005092,2026-08-23 10:53:48.022062,2026-08-23 11:28:34.324732,SETTLED,00,10000.0,BANK_C
TXN005093,2026-08-05 10:24:49.839734,2026-08-05 11:02:18.920366,PROCESSING,PENDING,1500.0,BANK_D
TXN005094,2026-08-24 17:36:36.479098,2026-08-24 18:18:53.584874,SETTLED,00,5000.0,BANK_C
TXN005095,2026-08-06 03:35:45.969728,2026-08-06 04:19:58.318846,SETTLED,00,100.0,BANK_C
TXN005097,2026-08-20 02:49:15.516294,2026-08-20 03:23:54.952580,SETTLED,00,100.0,BANK_C
TXN005098,2026-08-31 00:14:35.319021,2026-08-31 00:42:33.567438,SETTLED,00,2500.0,BANK_C
TXN005099,2026-08-20 00:52:31.995842,2026-08-20 01:07:53.671629,SETTLED,00,250.0,BANK_A
TXN005100,2026-08-26 09:32:34.454239,2026-08-26 10:04:13.988369,SETTLED,00,250.0,BANK_C
TXN005101,2026-08-03 03:31:50.010677,2026-08-03 04:31:12.356331,SETTLED,00,1000.0,BANK_A
TXN005102,2026-08-26 07:50:36.415049,2026-08-26 08:27:49.007068,SETTLED,00,500.0,BANK_B
TXN005103,2026-08-03 21:06:59.193437,2026-08-03 21:31:53.917049,SETTLED,00,2500.0,BANK_C
TXN005104,2026-08-02 10:15:18.313354,2026-08-02 10:28:55.884158,SETTLED,00,500.0,BANK_A
TXN005105,2026-08-16 21:28:06.715295,2026-08-16 22:27:17.899539,SETTLED,00,5000.0,BANK_A
TXN005106,2026-08-03 20:25:30.916453,2026-08-03 20:41:08.325678,SETTLED,00,5000.0,BANK_B
TXN005108,2026-08-09 08:10:53.908723,2026-08-09 09:08:21.162175,SETTLED,00,10000.0,BANK_B
TXN005109,2026-08-21 15:23:30.032004,2026-08-21 15:36:47.924817,SETTLED,00,2500.0,BANK_A
TXN005110,2026-08-19 05:23:17.878958,2026-08-19 05:58:26.404960,SETTLED,00,250.0,BANK_D
TXN005112,2026-08-27 09:37:14.426454,2026-08-27 10:07:25.153505,SETTLED,00,100.0,BANK_A
TXN005113,2026-08-25 16:12:10.967745,2026-08-25 17:18:21.162091,SETTLED,00,500.0,BANK_D
TXN005114,2026-08-16 12:48:09.530420,2026-08-16 13:27:20.170987,SETTLED,00,100.0,BANK_A
TXN005117,2026-08-21 22:32:58.316046,2026-08-21 23:06:24.242136,SETTLED,00,2500.0,BANK_C
TXN005118,2026-08-10 11:02:50.180506,2026-08-10 12:09:31.561374,SETTLED,00,5000.0,BANK_D
TXN005119,2026-08-23 15:44:19.114707,2026-08-23 16:18:47.852654,SETTLED,00,1500.0,BANK_A
TXN005121,2026-08-01 21:19:34.610403,2026-08-01 22:07:37.512597,SETTLED,00,1500.0,BANK_B
TXN005122,2026-08-18 08:46:17.325825,2026-08-18 09:07:38.776399,SETTLED,00,250.0,BANK_D
TXN005123,2026-08-06 23:14:01.078974,2026-08-06 23:35:27.918088,SETTLED,00,1000.0,BANK_D
TXN005124,2026-08-30 02:42:00.710942,2026-08-30 03:09:13.978770,SETTLED,00,100.0,BANK_C
TXN005126,2026-08-06 04:13:52.515320,2026-08-06 04:26:14.127422,SETTLED,00,10000.0,BANK_A
TXN005127,2026-08-03 14:27:06.902001,2026-08-03 14:38:36.665301,PROCESSING,PENDING,2500.0,BANK_A
TXN005128,2026-08-28 06:25:22.167849,2026-08-28 07:00:16.650896,SETTLED,00,100.0,BANK_B
TXN005129,2026-08-31 20:30:22.182262,2026-08-31 20:51:54.775751,SETTLED,00,100.0,BANK_A
TXN005130,2026-08-10 23:19:02.817983,2026-08-11 00:04:06.322576,SETTLED,00,100.0,BANK_C
TXN005131,2026-08-17 23:52:53.277544,2026-08-18 00:28:34.474765,SETTLED,00,250.0,BANK_B
TXN005132,2026-08-12 20:08:56.694219,2026-08-12 20:30:01.240751,SETTLED,00,2500.0,BANK_D
TXN005133,2026-08-27 08:44:46.959555,2026-08-27 09:11:45.312281,SETTLED,00,100.0,BANK_B
TXN005134,2026-08-28 07:10:12.209328,2026-08-28 07:42:35.143644,SETTLED,00,500.0,BANK_A
TXN005135,2026-08-21 00:00:51.004966,2026-08-21 01:28:13.169688,SETTLED,00,1000.0,BANK_C
TXN005136,2026-08-17 18:50:52.962232,2026-08-17 19:10:52.529814,SETTLED,00,500.0,BANK_B
TXN005137,2026-08-17 22:49:56.452035,2026-08-17 23:16:23.356327,SETTLED,00,1000.0,BANK_D
TXN005138,2026-08-03 08:55:43.978179,2026-08-03 09:23:31.447239,SETTLED,00,5000.0,BANK_C
TXN005139,2026-08-04 01:38:00.060815,2026-08-04 02:27:04.064424,SETTLED,00,1000.0,BANK_C
TXN005140,2026-08-24 06:42:19.632637,2026-08-24 07:12:26.196815,SETTLED,00,500.0,BANK_D
TXN005141,2026-08-02 01:38:47.684301,2026-08-02 01:56:56.699085,SETTLED,00,1500.0,BANK_C
TXN005142,2026-08-26 11:32:41.813245,2026-08-26 12:37:27.165521,SETTLED,00,10000.0,BANK_A
TXN005143,2026-08-01 17:42:11.809312,2026-08-01 18:55:54.992929,SETTLED,00,5000.0,BANK_D
TXN005144,2026-08-25 11:37:01.126728,2026-08-25 12:00:28.311536,SETTLED,00,2500.0,BANK_D
TXN005145,2026-08-09 09:29:27.589749,2026-08-09 09:49:51.096673,SETTLED,00,1500.0,BANK_D
TXN005146,2026-08-27 04:07:41.512083,2026-08-27 04:24:58.721265,SETTLED,00,250.0,BANK_B
TXN005148,2026-08-05 11:51:50.172017,2026-08-05 12:56:49.570783,SETTLED,00,2500.0,BANK_A
TXN005149,2026-08-15 12:43:23.496503,2026-08-15 13:41:21.444890,SETTLED,00,10000.0,BANK_A
TXN005150,2026-08-23 10:38:24.102234,2026-08-23 10:49:17.147902,SETTLED,00,1500.0,BANK_A
TXN005152,2026-08-21 01:59:04.487160,2026-08-21 03:19:26.371441,SETTLED,00,210.0,BANK_C
TXN005153,2026-08-01 16:15:50.747007,2026-08-01 16:27:39.424336,SETTLED,00,5000.0,BANK_D
TXN005154,2026-08-05 02:45:48.050544,2026-08-05 03:21:34.384621,SETTLED,00,1500.0,BANK_C
TXN005156,2026-08-22 15:41:55.523950,2026-08-22 16:28:34.391158,SETTLED,00,5000.0,BANK_B
TXN005157,2026-08-12 13:02:41.553250,2026-08-12 13:31:54.458428,SETTLED,00,1500.0,BANK_A
TXN005158,2026-08-18 07:47:30.159980,2026-08-18 08:07:11.528119,SETTLED,00,500.0,BANK_B
TXN005159,2026-08-03 17:23:33.928298,2026-08-03 17:53:33.628457,SETTLED,00,1000.0,BANK_C
TXN005160,2026-08-16 02:18:49.973713,2026-08-16 02:48:56.501946,SETTLED,00,10000.0,BANK_B
TXN005161,2026-08-30 07:05:40.195423,2026-08-30 07:27:12.257838,SETTLED,00,10000.0,BANK_D
TXN005162,2026-08-05 05:52:28.610605,2026-08-05 06:39:10.878085,PROCESSING,PENDING,250.0,BANK_C
TXN005163,2026-08-22 03:48:37.643432,2026-08-22 04:43:31.355398,SETTLED,00,1000.0,BANK_C
TXN005164,2026-08-21 15:16:23.029842,2026-08-21 15:52:47.892010,PROCESSING,PENDING,10000.0,BANK_A
TXN005165,2026-08-09 05:44:24.640729,2026-08-09 06:36:17.029501,SETTLED,00,1500.0,BANK_A
TXN005166,2026-08-04 04:09:47.848495,2026-08-04 04:37:10.312159,SETTLED,00,5000.0,BANK_C
TXN005167,2026-08-26 08:46:25.095967,2026-08-26 09:39:15.181744,PROCESSING,PENDING,2500.0,BANK_B
TXN005168,2026-08-19 14:17:53.601230,2026-08-22 00:01:09.370903,SETTLED,00,100.0,BANK_D
TXN005169,2026-08-13 17:16:10.253554,2026-08-13 18:19:57.462401,SETTLED,00,1500.0,BANK_A
TXN005170,2026-08-03 16:32:13.930463,2026-08-03 17:08:37.257465,SETTLED,00,500.0,BANK_B
TXN005171,2026-08-17 12:29:31.324356,2026-08-17 13:09:02.052169,SETTLED,00,10000.0,BANK_C
TXN005173,2026-08-31 19:17:50.739129,2026-08-31 20:05:39.731112,SETTLED,00,5000.0,BANK_A
TXN005174,2026-08-22 08:29:12.685569,2026-08-22 09:14:59.799400,SETTLED,00,1500.0,BANK_D
TXN005175,2026-08-31 10:12:51.366822,2026-09-05 05:20:00.448316,SETTLED,00,100.0,BANK_C
TXN005176,2026-08-10 22:37:38.417396,2026-08-10 23:25:54.954251,SETTLED,00,2500.0,BANK_D
TXN005177,2026-08-29 02:02:48.232917,2026-08-29 03:20:42.873225,SETTLED,00,10000.0,BANK_D
TXN005178,2026-08-01 21:08:06.486394,2026-08-01 21:25:20.466002,SETTLED,00,1000.0,BANK_A
TXN005179,2026-08-17 19:08:51.653934,2026-08-17 19:44:52.829628,SETTLED,00,2500.0,BANK_B
TXN005180,2026-08-03 07:36:59.760540,2026-08-03 08:26:36.322997,SETTLED,00,1000.0,BANK_B
TXN005181,2026-08-24 11:43:51.121422,2026-08-24 12:31:31.536424,SETTLED,00,1000.0,BANK_B
TXN005182,2026-08-01 03:41:35.221148,2026-08-01 04:06:18.258463,SETTLED,00,5000.0,BANK_B
TXN005183,2026-08-30 00:38:19.147610,2026-08-30 01:23:05.808730,SETTLED,00,270.0,BANK_B
TXN005184,2026-08-06 05:25:38.790016,2026-08-06 05:36:02.608009,SETTLED,00,100.0,BANK_B
TXN005185,2026-08-10 12:03:15.709808,2026-08-10 12:44:39.584315,SETTLED,00,1000.0,BANK_B
TXN005186,2026-08-10 19:22:49.694265,2026-08-10 19:55:50.459429,SETTLED,00,10000.0,BANK_A
TXN005187,2026-08-28 18:10:33.200020,2026-08-28 18:53:44.767013,SETTLED,00,100.0,BANK_A
TXN005188,2026-08-31 00:39:56.966154,2026-08-31 00:55:27.673379,SETTLED,00,2500.0,BANK_D
TXN005189,2026-08-22 06:07:05.798635,2026-08-22 06:29:41.242600,SETTLED,00,1000.0,BANK_D
TXN005190,2026-08-09 06:07:34.242320,2026-08-09 06:56:39.325958,SETTLED,00,1500.0,BANK_C
TXN005192,2026-08-20 09:22:36.867195,2026-08-20 09:34:41.764566,SETTLED,00,1000.0,BANK_A
TXN005193,2026-08-08 02:03:48.507079,2026-08-08 02:42:07.625164,SETTLED,00,5000.0,BANK_B
TXN005194,2026-08-20 05:58:54.161839,2026-08-20 07:29:09.009820,SETTLED,00,1500.0,BANK_A
TXN005195,2026-08-16 16:51:25.149322,2026-08-16 17:08:02.224479,PROCESSING,PENDING,1000.0,BANK_B
TXN005196,2026-08-07 22:58:58.030153,2026-08-07 23:34:55.368088,SETTLED,00,100.0,BANK_C
TXN005197,2026-08-23 22:34:10.967352,2026-08-23 22:59:06.229704,SETTLED,00,250.0,BANK_B
TXN005198,2026-08-09 01:40:19.161250,2026-08-09 02:16:38.935601,PROCESSING,PENDING,100.0,BANK_A
TXN005199,2026-08-26 14:12:06.280721,2026-08-26 14:35:18.554330,SETTLED,00,1000.0,BANK_A
TXN005200,2026-08-25 07:47:47.147039,2026-08-25 08:28:19.715771,PROCESSING,PENDING,250.0,BANK_B
TXN005201,2026-08-01 10:56:20.613718,2026-08-01 11:31:56.290286,SETTLED,00,2500.0,BANK_C
TXN005202,2026-08-27 16:47:29.514454,2026-08-27 17:13:36.120860,SETTLED,00,1000.0,BANK_B
TXN005204,2026-08-18 01:28:19.170801,2026-08-18 02:25:28.613102,SETTLED,00,2500.0,BANK_D
TXN005205,2026-08-09 20:13:02.481854,2026-08-09 20:53:22.391151,PROCESSING,PENDING,1500.0,BANK_B
TXN005206,2026-08-20 14:05:09.109423,2026-08-26 05:45:46.468382,SETTLED,00,2500.0,BANK_D
TXN005207,2026-08-04 15:10:16.565408,2026-08-04 15:22:19.014265,SETTLED,00,300.0,BANK_C
TXN005208,2026-08-29 14:59:51.053506,2026-08-29 15:43:22.637593,SETTLED,00,1500.0,BANK_C
TXN005209,2026-08-28 07:09:13.286144,2026-08-28 07:40:07.822993,SETTLED,00,1000.0,BANK_B
TXN005210,2026-08-23 22:03:01.990694,2026-08-23 22:49:05.307913,SETTLED,00,1000.0,BANK_A
TXN005211,2026-08-20 19:04:05.079556,2026-08-20 19:51:01.981732,SETTLED,00,2500.0,BANK_C
TXN005212,2026-08-06 05:01:09.832971,2026-08-06 06:12:39.721146,SETTLED,00,1500.0,BANK_D
TXN005213,2026-08-20 21:49:39.014259,2026-08-20 22:35:51.232686,SETTLED,00,1500.0,BANK_A
TXN005214,2026-08-15 09:47:00.056012,2026-08-15 10:10:39.902155,SETTLED,00,100.0,BANK_B
TXN005215,2026-08-22 21:50:56.340041,2026-08-22 22:34:30.521102,SETTLED,00,500.0,BANK_D
TXN005217,2026-08-18 06:52:27.896509,2026-08-18 07:20:25.371753,SETTLED,00,1000.0,BANK_A
TXN005218,2026-08-30 23:35:29.370195,2026-08-31 00:18:06.619668,PROCESSING,PENDING,10000.0,BANK_A
TXN005220,2026-08-18 01:06:06.523605,2026-08-18 01:56:47.752167,SETTLED,00,5000.0,BANK_D
TXN005221,2026-08-16 06:52:03.666963,2026-08-19 03:29:28.305973,SETTLED,00,5000.0,BANK_A
TXN005222,2026-08-08 13:08:57.113163,2026-08-09 15:34:42.982274,SETTLED,00,2500.0,BANK_C
TXN005223,2026-08-08 01:18:47.199956,2026-08-08 01:33:25.426972,SETTLED,00,1500.0,BANK_B
TXN005224,2026-08-25 11:24:34.236627,2026-08-25 11:39:12.688035,SETTLED,00,2500.0,BANK_A
TXN005225,2026-08-19 20:10:37.174159,2026-08-19 21:08:09.113976,SETTLED,00,5000.0,BANK_B
TXN005228,2026-08-01 05:59:54.847073,2026-08-01 06:27:11.157589,SETTLED,00,500.0,BANK_A
TXN005229,2026-08-03 05:19:38.343513,2026-08-03 06:04:29.444420,SETTLED,00,500.0,BANK_B
TXN005230,2026-08-29 11:51:40.098696,2026-08-29 12:34:41.444614,SETTLED,00,500.0,BANK_C
TXN005231,2026-08-06 17:01:50.778835,2026-08-06 17:42:34.011226,SETTLED,00,500.0,BANK_D
TXN005232,2026-08-16 11:04:57.215556,2026-08-16 11:30:55.306809,SETTLED,00,10000.0,BANK_D
TXN005233,2026-08-31 15:30:24.237163,2026-09-04 03:31:25.843142,SETTLED,00,500.0,BANK_A
TXN005234,2026-08-02 18:25:19.833124,2026-08-02 18:49:14.796114,SETTLED,00,100.0,BANK_C
TXN005235,2026-08-18 14:18:33.605601,2026-08-18 15:00:05.756575,SETTLED,00,10000.0,BANK_B
TXN005236,2026-08-18 17:18:49.404328,2026-08-18 18:06:46.072882,SETTLED,00,2500.0,BANK_D
TXN005237,2026-08-03 12:30:10.436797,2026-08-03 13:17:31.171429,SETTLED,00,1000.0,BANK_B
TXN005238,2026-08-30 02:35:17.801249,2026-08-30 03:36:06.462128,SETTLED,00,2500.0,BANK_B
TXN005239,2026-08-07 04:11:22.999911,2026-08-07 04:42:44.602213,PROCESSING,PENDING,2500.0,BANK_A
TXN005240,2026-08-10 19:54:55.225226,2026-08-10 20:47:24.870434,SETTLED,00,5000.0,BANK_B
TXN005241,2026-08-02 22:40:01.320815,2026-08-02 23:12:20.059207,PROCESSING,PENDING,250.0,BANK_C
TXN005242,2026-08-31 01:31:30.682934,2026-08-31 01:47:28.542380,SETTLED,00,1000.0,BANK_A
TXN005243,2026-08-27 05:52:24.118188,2026-08-27 06:23:25.165486,SETTLED,00,1500.0,BANK_A
TXN005244,2026-08-13 20:52:44.716747,2026-08-13 21:13:46.242300,SETTLED,00,100.0,BANK_B
TXN005246,2026-08-19 07:26:10.646590,2026-08-19 08:01:12.131770,SETTLED,00,500.0,BANK_D
TXN005247,2026-08-11 11:24:04.512126,2026-08-17 19:43:19.051553,SETTLED,00,1500.0,BANK_A
TXN005248,2026-08-25 14:01:52.435686,2026-08-25 14:57:51.248926,SETTLED,00,500.0,BANK_C
TXN005249,2026-08-08 03:16:08.397273,2026-08-08 04:16:42.150003,SETTLED,00,500.0,BANK_D
TXN005250,2026-08-16 16:40:25.660016,2026-08-16 17:22:26.000807,PROCESSING,PENDING,2500.0,BANK_B
TXN005251,2026-08-07 12:32:17.809809,2026-08-07 13:03:56.782372,SETTLED,00,250.0,BANK_C
TXN005252,2026-08-27 13:23:19.137371,2026-08-27 14:05:48.568885,SETTLED,00,500.0,BANK_A
TXN005253,2026-08-18 01:15:22.818797,2026-08-18 02:06:09.932263,SETTLED,00,10000.0,BANK_A
TXN005255,2026-08-14 03:21:56.074587,2026-08-14 03:52:51.343472,SETTLED,00,10000.0,BANK_A
TXN005256,2026-08-20 13:33:22.638887,2026-08-20 14:03:02.674198,SETTLED,00,5000.0,BANK_B
TXN005258,2026-08-05 04:40:46.948191,2026-08-05 05:20:49.726030,SETTLED,00,1000.0,BANK_D
TXN005259,2026-08-03 22:30:33.228628,2026-08-03 23:20:31.149821,SETTLED,00,500.0,BANK_D
TXN005261,2026-08-16 21:20:01.264144,2026-08-16 22:28:36.159615,SETTLED,00,500.0,BANK_B
TXN005262,2026-08-18 21:58:44.963946,2026-08-18 22:37:32.839568,SETTLED,00,1000.0,BANK_A
TXN005263,2026-08-26 01:53:45.176501,2026-08-26 02:03:09.022164,SETTLED,00,250.0,BANK_C
TXN005265,2026-08-12 09:15:31.813925,2026-08-12 09:40:15.178750,SETTLED,00,1500.0,BANK_D
TXN005266,2026-08-25 17:07:06.364799,2026-08-29 23:28:40.469290,SETTLED,00,250.0,BANK_A
TXN005267,2026-08-13 17:52:39.598501,2026-08-13 18:40:53.324266,SETTLED,00,250.0,BANK_D
TXN005268,2026-08-02 17:44:52.635226,2026-08-02 18:24:17.030556,SETTLED,00,1500.0,BANK_D
TXN005269,2026-08-30 17:34:12.755625,2026-08-30 18:15:44.758593,SETTLED,00,1000.0,BANK_A
TXN005270,2026-08-26 06:46:57.142664,2026-08-26 07:28:50.388638,SETTLED,00,100.0,BANK_B
TXN005271,2026-08-07 11:45:24.784219,2026-08-07 12:19:32.356447,SETTLED,00,1500.0,BANK_A
TXN005272,2026-08-31 09:21:50.971153,2026-08-31 09:33:27.824667,SETTLED,00,10000.0,BANK_A
TXN005273,2026-08-29 06:18:42.197539,2026-08-29 06:34:34.717853,SETTLED,00,250.0,BANK_A
TXN005274,2026-08-28 21:28:51.857822,2026-09-01 18:59:11.377163,SETTLED,00,1000.0,BANK_B
TXN005275,2026-08-20 11:38:21.323801,2026-08-20 12:02:31.969678,SETTLED,00,500.0,BANK_C
TXN005276,2026-08-31 22:48:12.022350,2026-08-31 23:35:16.394067,SETTLED,00,5000.0,BANK_D
TXN005278,2026-08-09 22:10:53.570850,2026-08-09 23:01:11.541597,SETTLED,00,500.0,BANK_A
TXN005279,2026-08-09 23:17:29.574802,2026-08-10 00:11:50.558632,SETTLED,00,1500.0,BANK_A
TXN005280,2026-08-03 16:15:50.776517,2026-08-03 16:27:41.495688,SETTLED,00,250.0,BANK_A
TXN005281,2026-08-29 03:52:36.642852,2026-08-29 04:08:38.439543,SETTLED,00,100.0,BANK_B
TXN005282,2026-08-23 09:17:54.604598,2026-08-23 09:58:08.162974,SETTLED,00,10000.0,BANK_A
TXN005283,2026-08-03 18:55:41.187301,2026-08-03 19:31:59.860956,SETTLED,00,1000.0,BANK_A
TXN005284,2026-08-30 21:01:21.359572,2026-08-30 21:36:44.083926,SETTLED,00,10000.0,BANK_B
TXN005285,2026-08-09 16:02:28.953612,2026-08-09 16:49:35.483284,PROCESSING,PENDING,100.0,BANK_C
TXN005287,2026-08-19 15:56:58.442258,2026-08-19 16:08:18.461898,SETTLED,00,2500.0,BANK_D
TXN005288,2026-08-09 18:39:01.198062,2026-08-09 19:12:12.599347,SETTLED,00,10000.0,BANK_D
TXN005289,2026-08-11 14:36:45.568480,2026-08-11 15:15:00.711674,SETTLED,00,10000.0,BANK_C
TXN005291,2026-08-04 00:34:51.554564,2026-08-08 04:45:02.869678,SETTLED,00,500.0,BANK_B
TXN005292,2026-08-24 03:32:35.950657,2026-08-24 04:04:05.906418,SETTLED,00,1000.0,BANK_C
TXN005293,2026-08-23 01:12:43.598200,2026-08-23 01:37:39.832577,SETTLED,00,10000.0,BANK_A
TXN005294,2026-08-18 01:11:56.362128,2026-08-18 02:19:01.172979,SETTLED,00,5000.0,BANK_B
TXN005297,2026-08-20 00:44:43.598275,2026-08-20 00:59:18.161310,SETTLED,00,5000.0,BANK_C
TXN005299,2026-08-14 22:59:07.396121,2026-08-15 00:08:35.649756,SETTLED,00,10000.0,BANK_C
TXN005301,2026-08-25 14:40:57.303018,2026-08-25 15:56:03.907474,SETTLED,00,10000.0,BANK_C
TXN005302,2026-08-05 11:49:12.891126,2026-08-05 12:19:16.799150,SETTLED,00,250.0,BANK_C
TXN005303,2026-08-25 05:14:23.183286,2026-08-25 05:55:09.373607,SETTLED,00,500.0,BANK_A
TXN005304,2026-08-18 06:11:42.232495,2026-08-18 06:33:47.873159,SETTLED,00,5000.0,BANK_B
TXN005305,2026-08-23 01:22:44.096253,2026-08-23 01:50:18.712588,SETTLED,00,1000.0,BANK_C
TXN005306,2026-08-12 20:55:57.393521,2026-08-12 22:05:06.711351,SETTLED,00,10000.0,BANK_B
TXN005307,2026-08-14 21:49:10.094361,2026-08-14 22:25:43.943310,SETTLED,00,5000.0,BANK_A
TXN005308,2026-08-24 09:33:53.620846,2026-08-24 09:57:44.551084,SETTLED,00,250.0,BANK_D
TXN005309,2026-08-30 11:54:18.005581,2026-08-30 12:16:53.765978,SETTLED,00,1000.0,BANK_A
TXN005311,2026-09-01 04:17:18.007464,2026-09-01 05:06:23.705538,SETTLED,00,5000.0,BANK_D
TXN005312,2026-08-20 20:49:25.420783,2026-08-20 21:17:27.629503,PROCESSING,PENDING,1000.0,BANK_D
TXN005314,2026-08-15 17:46:45.002232,2026-08-15 18:02:04.706490,SETTLED,00,10000.0,BANK_D
TXN005315,2026-08-17 15:59:17.747471,2026-08-17 16:51:22.915882,SETTLED,00,10000.0,BANK_C
TXN005316,2026-08-01 08:37:10.408363,2026-08-01 09:04:28.238200,SETTLED,00,250.0,BANK_D
TXN005317,2026-08-23 04:00:51.587463,2026-08-23 05:04:19.045773,SETTLED,00,100.0,BANK_C
TXN005318,2026-08-31 02:46:50.331078,2026-08-31 03:19:20.667193,SETTLED,00,10000.0,BANK_B
TXN005320,2026-08-05 16:49:37.040448,2026-08-05 18:00:55.657035,SETTLED,00,250.0,BANK_C
TXN005321,2026-08-14 21:54:17.637453,2026-08-14 22:50:55.672882,PROCESSING,PENDING,10000.0,BANK_B
TXN005322,2026-08-24 05:26:58.314637,2026-08-24 06:31:06.974842,SETTLED,00,1000.0,BANK_C
TXN005324,2026-08-22 14:36:06.321129,2026-08-22 15:30:14.533845,SETTLED,00,100.0,BANK_A
TXN005325,2026-08-11 04:21:13.313509,2026-08-11 05:49:57.548204,SETTLED,00,250.0,BANK_A
TXN005326,2026-08-28 10:29:06.584329,2026-08-28 11:15:18.034422,PROCESSING,PENDING,1000.0,BANK_A
TXN005327,2026-08-20 10:46:23.014680,2026-08-20 11:44:50.515378,SETTLED,00,2500.0,BANK_A
TXN005328,2026-08-24 20:17:35.294049,2026-08-24 20:53:56.534480,SETTLED,00,250.0,BANK_D
TXN005329,2026-08-13 13:47:26.833945,2026-08-13 14:08:29.567330,SETTLED,00,2500.0,BANK_A
TXN005331,2026-08-10 15:01:48.601090,2026-08-10 15:54:18.084471,SETTLED,00,250.0,BANK_D
TXN005332,2026-08-15 07:38:42.558089,2026-08-15 08:48:13.283684,SETTLED,00,100.0,BANK_D
TXN005333,2026-08-15 17:44:47.201373,2026-08-15 18:15:17.920654,SETTLED,00,10000.0,BANK_B
TXN005335,2026-08-24 03:55:58.658354,2026-08-24 04:32:07.054429,SETTLED,00,1000.0,BANK_B
TXN005336,2026-08-15 11:05:02.838756,2026-08-15 11:56:44.592000,SETTLED,00,500.0,BANK_D
TXN005337,2026-08-06 14:06:53.354115,2026-08-08 21:39:56.236227,SETTLED,00,100.0,BANK_C
TXN005338,2026-08-16 07:31:33.265158,2026-08-16 08:02:08.858770,SETTLED,00,10000.0,BANK_A
TXN005339,2026-08-21 02:39:19.043917,2026-08-21 03:30:50.171271,SETTLED,00,10000.0,BANK_A
TXN005340,2026-08-11 03:25:38.997306,2026-08-11 04:11:15.837709,SETTLED,00,1000.0,BANK_D
TXN005341,2026-08-18 04:35:23.687745,2026-08-18 05:21:37.560737,SETTLED,00,490.0,BANK_B
TXN005342,2026-08-20 03:28:18.074260,2026-08-20 04:05:15.022545,SETTLED,00,5000.0,BANK_A
TXN005343,2026-08-13 00:23:56.327778,2026-08-13 00:50:43.793255,SETTLED,00,1000.0,BANK_D
TXN005344,2026-08-04 14:52:50.617332,2026-08-04 15:06:05.975792,SETTLED,00,500.0,BANK_A
TXN005345,2026-08-13 12:57:40.364852,2026-08-13 13:24:57.704081,SETTLED,00,1500.0,BANK_C
TXN005346,2026-08-05 14:32:10.925032,2026-08-05 15:00:15.996811,SETTLED,00,500.0,BANK_A
TXN005347,2026-08-13 20:08:10.681598,2026-08-13 21:02:35.083751,SETTLED,00,2500.0,BANK_A
TXN005348,2026-08-04 11:36:43.628235,2026-08-04 12:08:40.385448,SETTLED,00,250.0,BANK_D
TXN005351,2026-08-31 14:29:33.284220,2026-08-31 14:44:18.601458,SETTLED,00,10000.0,BANK_D
TXN005352,2026-08-01 00:05:53.540081,2026-08-01 00:30:25.272382,SETTLED,00,250.0,BANK_B
TXN005353,2026-08-08 18:11:04.410243,2026-08-08 19:44:00.018988,SETTLED,00,1500.0,BANK_A
TXN005354,2026-08-26 22:10:38.368245,2026-08-26 22:17:54.860558,SETTLED,00,100.0,BANK_C
TXN005355,2026-08-11 10:18:20.006570,2026-08-11 11:04:00.361518,SETTLED,00,250.0,BANK_A
TXN005357,2026-08-04 14:41:17.246257,2026-08-04 15:40:27.909044,SETTLED,00,5000.0,BANK_A
TXN005358,2026-08-14 14:31:45.101537,2026-08-14 15:00:23.752803,SETTLED,00,250.0,BANK_C
TXN005359,2026-08-16 05:40:12.840615,2026-08-16 06:18:29.104167,SETTLED,00,100.0,BANK_B
TXN005360,2026-08-01 12:03:38.206487,2026-08-01 13:32:41.802340,SETTLED,00,500.0,BANK_B
TXN005361,2026-08-11 14:29:33.197652,2026-08-11 14:47:59.510223,SETTLED,00,250.0,BANK_C
TXN005362,2026-08-14 07:59:20.731388,2026-08-14 08:38:28.798634,SETTLED,00,10000.0,BANK_C
TXN005363,2026-08-30 22:05:04.754844,2026-08-30 22:44:06.767578,SETTLED,00,5000.0,BANK_B
TXN005364,2026-08-19 13:52:33.247771,2026-08-19 14:00:14.149180,SETTLED,00,250.0,BANK_C
TXN005365,2026-08-23 03:43:14.997966,2026-08-23 05:01:01.109758,SETTLED,00,1500.0,BANK_D
TXN005366,2026-08-25 16:56:58.665388,2026-08-25 17:31:13.222191,PROCESSING,PENDING,2500.0,BANK_A
TXN005368,2026-08-14 05:10:47.803551,2026-08-14 05:34:53.209216,SETTLED,00,1500.0,BANK_C
TXN005370,2026-08-28 03:18:45.086388,2026-08-28 03:39:31.635822,SETTLED,00,10000.0,BANK_D
TXN005371,2026-08-03 22:32:38.289389,2026-08-04 00:00:45.935107,SETTLED,00,100.0,BANK_D
TXN005372,2026-08-21 21:03:41.892720,2026-08-21 21:32:00.000105,SETTLED,00,250.0,BANK_B
TXN005373,2026-08-14 01:15:28.099883,2026-08-14 02:00:23.631341,SETTLED,00,1500.0,BANK_C
TXN005374,2026-08-23 18:10:59.540712,2026-08-23 18:42:37.756468,SETTLED,00,10000.0,BANK_B
TXN005376,2026-08-22 06:22:24.256848,2026-08-22 07:04:11.518020,SETTLED,00,10000.0,BANK_C
TXN005377,2026-08-22 12:53:18.167388,2026-08-29 07:20:26.197236,SETTLED,00,2500.0,BANK_D
TXN005378,2026-08-26 23:00:41.463854,2026-08-26 23:35:47.610855,SETTLED,00,1500.0,BANK_A
TXN005379,2026-08-06 06:33:39.169106,2026-08-06 07:31:36.512580,SETTLED,00,10000.0,BANK_C
TXN005380,2026-08-08 19:33:39.742268,2026-08-08 19:52:37.582450,SETTLED,00,100.0,BANK_B
TXN005381,2026-08-09 06:13:15.930518,2026-08-09 07:01:50.280904,SETTLED,00,2500.0,BANK_D
TXN005382,2026-08-05 03:29:54.761176,2026-08-05 04:03:56.246423,SETTLED,00,5000.0,BANK_D
TXN005383,2026-08-21 20:58:58.805804,2026-08-21 21:54:01.599573,SETTLED,00,250.0,BANK_B
TXN005384,2026-08-24 16:11:40.351098,2026-08-24 16:57:42.031641,SETTLED,00,1000.0,BANK_B
TXN005385,2026-08-26 18:03:37.173093,2026-08-26 18:28:34.929607,SETTLED,00,10000.0,BANK_B
TXN005386,2026-08-09 14:51:50.701131,2026-08-09 15:30:09.945181,SETTLED,00,2500.0,BANK_B
TXN005387,2026-08-05 07:09:15.205996,2026-08-05 07:23:07.734793,SETTLED,00,1000.0,BANK_A
TXN005388,2026-08-09 22:02:02.258781,2026-08-09 22:41:03.320570,SETTLED,00,5000.0,BANK_B
TXN005389,2026-08-05 19:59:06.966845,2026-08-05 20:29:13.080708,SETTLED,00,2500.0,BANK_B
TXN005390,2026-08-22 06:03:47.147415,2026-08-22 06:44:46.223367,SETTLED,00,10030.0,BANK_B
TXN005392,2026-09-01 00:12:05.485217,2026-09-01 00:46:27.048224,SETTLED,00,1500.0,BANK_D
TXN005393,2026-08-21 01:35:54.480514,2026-08-21 02:20:10.481928,SETTLED,00,5000.0,BANK_D
TXN005394,2026-08-07 20:04:12.036101,2026-08-07 20:35:48.175524,SETTLED,00,5000.0,BANK_B
TXN005395,2026-08-18 07:58:28.620220,2026-08-18 08:45:37.036647,SETTLED,00,100.0,BANK_C
TXN005397,2026-08-09 02:56:49.029044,2026-08-14 06:43:54.662431,SETTLED,00,2500.0,BANK_A
TXN005398,2026-08-30 02:24:04.061269,2026-08-30 02:33:12.136113,SETTLED,00,10000.0,BANK_A
TXN005400,2026-08-26 14:54:34.296191,2026-08-26 15:17:07.561519,SETTLED,00,5000.0,BANK_A
TXN005401,2026-08-10 04:41:55.985852,2026-08-10 05:49:51.915237,SETTLED,00,2500.0,BANK_B
TXN005402,2026-08-30 10:22:59.570884,2026-08-30 10:34:18.942326,SETTLED,00,5000.0,BANK_C
TXN005403,2026-08-09 03:14:29.133759,2026-08-09 04:13:43.862448,SETTLED,00,1000.0,BANK_A
TXN005404,2026-08-19 02:39:30.859863,2026-08-19 03:18:11.446179,SETTLED,00,2500.0,BANK_D
TXN005405,2026-08-15 13:35:23.371503,2026-08-15 14:06:57.247958,SETTLED,00,1000.0,BANK_C
TXN005406,2026-08-08 07:52:21.366241,2026-08-08 08:40:02.658408,SETTLED,00,1500.0,BANK_B
TXN005407,2026-08-05 20:56:07.013327,2026-08-05 21:36:19.218971,SETTLED,00,1000.0,BANK_C
TXN005408,2026-08-04 13:56:04.501574,2026-08-04 14:11:50.892748,SETTLED,00,5000.0,BANK_D
TXN005409,2026-08-18 11:29:28.219916,2026-08-18 12:17:23.030934,SETTLED,00,250.0,BANK_C
TXN005410,2026-08-14 06:31:14.053013,2026-08-14 06:46:32.080290,SETTLED,00,1500.0,BANK_B
TXN005411,2026-08-30 20:58:30.291195,2026-08-30 21:36:53.807234,SETTLED,00,100.0,BANK_C
TXN005412,2026-08-08 15:03:12.311061,2026-08-08 15:36:43.174309,SETTLED,00,1500.0,BANK_B
TXN005415,2026-08-12 11:58:31.864400,2026-08-12 13:07:13.179445,SETTLED,00,10000.0,BANK_D
TXN005416,2026-08-15 21:48:27.541215,2026-08-15 22:34:51.083640,PROCESSING,PENDING,2500.0,BANK_D
TXN005417,2026-08-03 18:21:26.966517,2026-08-03 18:48:05.338545,SETTLED,00,250.0,BANK_B
TXN005418,2026-08-01 10:56:04.469870,2026-08-01 11:21:51.189048,SETTLED,00,1500.0,BANK_C
TXN005419,2026-08-12 17:01:36.898626,2026-08-12 18:10:50.117672,SETTLED,00,5000.0,BANK_D
TXN005420,2026-08-02 21:59:27.251596,2026-08-02 22:18:35.108147,SETTLED,00,250.0,BANK_B
TXN005421,2026-08-08 23:59:44.906232,2026-08-09 00:41:11.045494,SETTLED,00,1500.0,BANK_A
TXN005422,2026-08-23 02:41:33.056975,2026-08-23 03:20:05.710358,SETTLED,00,2500.0,BANK_A
TXN005423,2026-08-29 11:07:40.247518,2026-08-29 11:49:26.968136,SETTLED,00,100.0,BANK_D
TXN005424,2026-08-11 20:28:11.594072,2026-08-11 20:45:40.078600,SETTLED,00,100.0,BANK_D
TXN005425,2026-08-25 09:52:52.591376,2026-08-30 20:48:29.968719,SETTLED,00,5000.0,BANK_D
TXN005426,2026-08-31 17:30:16.758294,2026-08-31 18:10:45.965176,SETTLED,00,1500.0,BANK_B
TXN005427,2026-08-31 06:24:07.528557,2026-08-31 07:20:46.680563,SETTLED,00,1000.0,BANK_A
TXN005428,2026-08-19 05:58:56.045162,2026-08-19 06:04:21.474806,SETTLED,00,4960.0,BANK_C
TXN005429,2026-08-18 00:29:12.543757,2026-08-18 01:39:26.555517,SETTLED,00,10000.0,BANK_B
TXN005430,2026-08-27 13:44:43.644503,2026-08-27 14:34:41.991491,SETTLED,00,10000.0,BANK_A
TXN005432,2026-08-04 03:45:19.090668,2026-08-04 04:05:43.985337,SETTLED,00,10000.0,BANK_D
TXN005433,2026-08-13 23:41:28.083174,2026-08-19 11:43:59.593073,SETTLED,00,100.0,BANK_B
TXN005435,2026-08-15 08:19:09.178901,2026-08-15 08:49:38.734430,SETTLED,00,250.0,BANK_C
TXN005436,2026-08-31 05:33:14.015539,2026-08-31 06:43:40.674679,SETTLED,00,250.0,BANK_C
TXN005437,2026-08-27 10:40:11.445820,2026-08-27 11:19:28.939556,SETTLED,00,5000.0,BANK_C
TXN005438,2026-08-28 15:15:35.613921,2026-08-28 15:50:09.691818,SETTLED,00,2500.0,BANK_B
TXN005439,2026-08-22 16:13:55.033756,2026-08-22 17:10:08.336871,SETTLED,00,10000.0,BANK_C
TXN005441,2026-08-27 22:21:23.035469,2026-08-27 22:55:41.282369,SETTLED,00,1000.0,BANK_C
TXN005442,2026-08-25 08:41:47.167897,2026-08-25 09:36:56.559895,SETTLED,00,1500.0,BANK_C
TXN005443,2026-08-20 06:24:45.012307,2026-08-20 06:51:10.190774,SETTLED,00,1000.0,BANK_A
TXN005444,2026-08-04 16:59:50.454604,2026-08-04 17:26:58.703742,SETTLED,00,250.0,BANK_D
TXN005445,2026-08-14 17:02:59.725505,2026-08-14 17:39:36.886706,SETTLED,00,10000.0,BANK_C
TXN005446,2026-08-31 19:52:42.182298,2026-08-31 21:11:31.788603,SETTLED,00,250.0,BANK_A
TXN005447,2026-08-17 20:14:51.781238,2026-08-17 20:45:17.680798,SETTLED,00,2500.0,BANK_D
TXN005448,2026-08-11 11:59:17.272053,2026-08-11 13:19:37.300075,SETTLED,00,2500.0,BANK_C
TXN005449,2026-08-21 13:19:37.476539,2026-08-21 13:48:43.235594,SETTLED,00,1000.0,BANK_C
TXN005450,2026-08-15 19:44:21.100634,2026-08-15 20:24:17.434513,SETTLED,00,250.0,BANK_B
TXN005451,2026-08-07 00:00:26.261104,2026-08-07 00:55:22.076103,SETTLED,00,2500.0,BANK_B
TXN005453,2026-08-28 11:38:17.056620,2026-08-28 12:07:36.519413,SETTLED,00,5000.0,BANK_C
TXN005455,2026-08-22 09:34:34.899246,2026-08-22 10:24:33.004776,SETTLED,00,1000.0,BANK_B
TXN005457,2026-08-13 16:56:34.297929,2026-08-13 18:04:46.470718,SETTLED,00,250.0,BANK_A
TXN005459,2026-08-22 05:40:48.036220,2026-08-22 06:00:33.252318,SETTLED,00,100.0,BANK_A
TXN005460,2026-08-22 20:18:46.668353,2026-08-22 21:18:30.752333,SETTLED,00,1500.0,BANK_C
TXN005461,2026-08-16 16:19:32.929983,2026-08-16 17:19:58.689157,SETTLED,00,500.0,BANK_B
TXN005462,2026-08-17 08:56:25.156049,2026-08-17 09:44:15.878484,SETTLED,00,1500.0,BANK_C
TXN005463,2026-08-12 07:19:00.389647,2026-08-12 08:00:47.944019,SETTLED,00,100.0,BANK_C
TXN005464,2026-08-14 07:05:43.179573,2026-08-14 07:29:08.131782,SETTLED,00,500.0,BANK_B
TXN005466,2026-08-09 16:15:10.821392,2026-08-09 16:43:13.935056,SETTLED,00,5000.0,BANK_A
TXN005467,2026-08-31 04:32:02.312378,2026-08-31 05:16:24.013686,SETTLED,00,1000.0,BANK_A
TXN005468,2026-08-30 01:01:26.545289,2026-08-30 01:30:23.412468,SETTLED,00,2500.0,BANK_B
TXN005469,2026-08-05 23:30:00.811279,2026-08-06 00:00:09.967932,SETTLED,00,5000.0,BANK_A
TXN005470,2026-08-06 07:29:40.609558,2026-08-06 07:57:26.589956,SETTLED,00,250.0,BANK_C
TXN005471,2026-08-14 04:57:15.140511,2026-08-14 05:16:37.162459,SETTLED,00,1500.0,BANK_B
TXN005472,2026-08-29 08:59:10.488694,2026-08-29 09:35:02.005267,SETTLED,00,1500.0,BANK_A
TXN005473,2026-08-03 20:03:56.727572,2026-08-03 20:39:21.787623,SETTLED,00,500.0,BANK_C
TXN005474,2026-08-01 10:53:51.370694,2026-08-01 11:41:09.074241,SETTLED,00,5000.0,BANK_B
TXN005476,2026-08-11 00:41:11.506963,2026-08-11 01:15:23.510443,SETTLED,00,100.0,BANK_C
TXN005477,2026-08-29 13:59:58.247624,2026-08-29 14:40:42.553107,SETTLED,00,10000.0,BANK_B
TXN005478,2026-08-31 00:17:28.426163,2026-08-31 01:24:36.340765,SETTLED,00,100.0,BANK_B
TXN005479,2026-08-16 11:57:22.546689,2026-08-16 12:35:39.960477,SETTLED,00,10000.0,BANK_B
TXN005480,2026-08-11 04:56:08.228038,2026-08-11 05:08:41.136285,SETTLED,00,10000.0,BANK_A
TXN005481,2026-08-31 05:21:06.288961,2026-08-31 06:29:08.118942,SETTLED,00,1500.0,BANK_A
TXN005482,2026-08-15 11:43:07.970739,2026-08-15 12:09:12.255347,SETTLED,00,5000.0,BANK_B
TXN005483,2026-08-26 04:00:40.884236,2026-08-26 04:49:36.279438,SETTLED,00,1500.0,BANK_C
TXN005484,2026-08-21 01:30:19.653259,2026-08-21 01:57:35.002962,SETTLED,00,5000.0,BANK_B
TXN005485,2026-08-27 12:55:07.723121,2026-08-27 13:55:04.308911,SETTLED,00,2500.0,BANK_A
TXN005486,2026-08-16 19:42:17.840963,2026-08-16 20:16:04.503891,SETTLED,00,1000.0,BANK_D
TXN005487,2026-08-14 06:24:12.664034,2026-08-14 06:43:01.231499,SETTLED,00,10000.0,BANK_A
TXN005488,2026-08-22 03:57:16.111563,2026-08-22 04:38:04.424184,SETTLED,00,5000.0,BANK_C
TXN005489,2026-08-19 17:59:15.650999,2026-08-19 18:18:32.610937,SETTLED,00,230.0,BANK_D
TXN005490,2026-08-30 01:52:43.056905,2026-08-30 02:27:22.861501,SETTLED,00,10000.0,BANK_A
TXN005491,2026-08-08 21:07:30.986821,2026-08-08 21:25:19.795008,SETTLED,00,100.0,BANK_B
TXN005493,2026-08-25 00:04:58.225169,2026-08-25 00:40:06.763986,SETTLED,00,250.0,BANK_C
TXN005494,2026-08-12 07:21:29.186583,2026-08-12 08:10:35.646862,PROCESSING,PENDING,500.0,BANK_A
TXN005495,2026-08-05 12:29:06.285673,2026-08-05 13:38:18.904957,SETTLED,00,10000.0,BANK_D
TXN005496,2026-08-10 05:43:25.897564,2026-08-10 06:07:23.805064,SETTLED,00,10000.0,BANK_A
TXN005497,2026-08-30 08:49:56.267436,2026-08-30 09:15:01.059221,SETTLED,00,5000.0,BANK_C
TXN005498,2026-08-13 07:10:27.670786,2026-08-13 07:45:21.756459,SETTLED,00,1000.0,BANK_C
TXN005499,2026-08-03 20:42:13.693660,2026-08-08 14:38:58.722571,SETTLED,00,1000.0,BANK_D
TXN005500,2026-08-15 04:35:33.958916,2026-08-15 05:11:01.220349,SETTLED,00,5000.0,BANK_D
