transaction_id,gateway_timestamp,gateway_status,gateway_response_code,amount,payment_method,retry_count
TXN000001,2026-08-31 01:13:00,SUCCESS,00,1500,UPI,0
TXN000002,2026-08-23 12:50:00,SUCCESS,00,2500,WALLET,0
TXN000003,2026-08-13 09:48:00,SUCCESS,00,10000,NETBANKING,1
TXN000004,2026-09-03 20:42:00,SUCCESS,00,500,CARD,0
TXN000005,2026-08-16 07:12:00,SUCCESS,00,2500,CARD,0
TXN000006,2026-08-05 21:23:00,SUCCESS,00,250,CARD,0
TXN000007,2026-08-05 21:25:00,SUCCESS,00,100,CARD,0
TXN000008,2026-08-11 15:19:00,SUCCESS,00,100,CARD,0
TXN000009,2026-08-11 06:37:00,SUCCESS,00,1500,UPI,0
TXN000010,2026-08-04 03:38:00,SUCCESS,00,1500,UPI,0
TXN000011,2026-08-11 13:16:00,SUCCESS,00,1000,UPI,0
TXN000012,2026-09-03 22:06:00,SUCCESS,00,2000,UPI,0
TXN000013,2026-08-11 17:00:00,SUCCESS,00,1000,UPI,0
TXN000014,2026-08-23 17:52:00,SUCCESS,00,100,CARD,0
TXN000015,2026-08-06 23:17:00,SUCCESS,00,5000,CARD,0
TXN000016,2026-08-03 21:29:00,SUCCESS,00,750,NETBANKING,0
TXN000017,2026-08-16 08:41:00,SUCCESS,00,100,CARD,0
TXN000018,2026-08-24 01:54:00,SUCCESS,00,1500,UPI,0
TXN000019,2026-08-30 01:01:00,SUCCESS,00,2000,UPI,0
TXN000020,2026-08-02 13:43:00,SUCCESS,00,750,UPI,2
TXN000021,2026-08-14 01:52:00,SUCCESS,00,100,CARD,0
TXN000022,2026-08-21 23:28:00,SUCCESS,00,2500,UPI,0
TXN000023,2026-08-09 00:54:00,SUCCESS,00,250,UPI,0
TXN000024,2026-08-26 00:56:00,SUCCESS,00,1500,NETBANKING,0
TXN000025,2026-09-02 08:50:00,SUCCESS,00,100,UPI,0
TXN000026,2026-08-29 03:39:00,SUCCESS,00,750,WALLET,0
TXN000027,2026-08-22 05:03:00,SUCCESS,00,2500,CARD,0
TXN000028,2026-08-09 06:47:00,SUCCESS,00,2000,UPI,0
TXN000029,2026-08-06 00:51:00,SUCCESS,00,5000,UPI,0
TXN000030,2026-08-21 16:33:00,SUCCESS,00,1500,UPI,0
TXN000031,2026-08-09 06:51:00,SUCCESS,00,250,UPI,0
TXN000032,2026-08-04 11:15:00,SUCCESS,00,2500,WALLET,2
TXN000033,2026-08-31 00:21:00,SUCCESS,00,750,CARD,0
TXN000034,2026-08-13 20:42:00,SUCCESS,00,500,UPI,0
TXN000035,2026-08-12 11:49:00,SUCCESS,00,1000,CARD,0
TXN000036,2026-08-31 03:00:00,SUCCESS,00,250,CARD,0
TXN000037,2026-08-29 00:44:00,SUCCESS,00,1000,WALLET,0
TXN000038,2026-08-06 23:53:00,SUCCESS,00,1000,CARD,0
TXN000039,2026-09-02 14:14:00,SUCCESS,00,100,CARD,0
TXN000040,2026-09-01 10:37:00,SUCCESS,00,2000,UPI,0
TXN000041,2026-08-14 09:59:00,SUCCESS,00,1500,UPI,0
TXN000042,2026-09-03 07:00:00,SUCCESS,00,100,CARD,0
TXN000043,2026-08-11 08:06:00,SUCCESS,00,750,NETBANKING,0
TXN000044,2026-08-10 22:28:00,SUCCESS,00,2500,NETBANKING,0
TXN000045,2026-08-07 22:29:00,SUCCESS,00,5000,NETBANKING,0
TXN000046,2026-08-30 17:30:00,SUCCESS,00,100,UPI,0
TXN000047,2026-08-27 01:57:00,SUCCESS,00,1000,CARD,0
TXN000048,2026-08-22 09:41:00,FAILED,51,100,WALLET,0
TXN000049,2026-08-07 10:10:00,SUCCESS,00,25000,UPI,0
TXN000050,2026-08-21 05:32:00,SUCCESS,00,1500,UPI,0
TXN000051,2026-08-10 17:35:00,SUCCESS,00,500,UPI,0
TXN000052,2026-08-12 02:18:00,SUCCESS,00,100,CARD,0
TXN000053,2026-08-23 20:02:00,FAILED,51,500,CARD,0
TXN000054,2026-08-26 18:49:00,SUCCESS,00,2500,CARD,1
TXN000055,2026-08-03 12:31:00,SUCCESS,00,2500,UPI,0
TXN000056,2026-08-29 22:49:00,FAILED,51,2500,UPI,0
TXN000057,2026-09-04 20:11:00,SUCCESS,00,2000,WALLET,0
TXN000058,2026-08-19 09:04:00,SUCCESS,00,250,UPI,0
TXN000059,2026-08-16 16:31:00,SUCCESS,00,500,UPI,0
TXN000060,2026-08-09 03:35:00,SUCCESS,00,500,UPI,0
TXN000061,2026-08-27 16:50:00,SUCCESS,00,100,CARD,0
TXN000062,2026-08-18 16:01:00,SUCCESS,00,5000,NETBANKING,0
TXN000063,2026-08-12 20:38:00,SUCCESS,00,250,UPI,0
TXN000064,2026-08-25 14:32:00,SUCCESS,00,1000,UPI,1
TXN000065,2026-08-31 08:06:00,SUCCESS,00,100,NETBANKING,2
TXN000066,2026-08-11 10:07:00,FAILED,51,500,CARD,0
TXN000067,2026-08-23 17:51:00,SUCCESS,00,500,WALLET,0
TXN000068,2026-09-02 14:30:00,SUCCESS,00,100,UPI,0
TXN000069,2026-08-09 04:16:00,SUCCESS,00,250,UPI,0
TXN000070,2026-08-19 08:19:00,SUCCESS,00,250,CARD,0
TXN000071,2026-08-16 17:52:00,SUCCESS,00,100,UPI,0
TXN000072,2026-08-03 02:38:00,SUCCESS,00,1500,WALLET,0
TXN000073,2026-09-03 17:02:00,SUCCESS,00,100,UPI,0
TXN000074,2026-08-20 14:47:00,SUCCESS,00,2500,UPI,0
TXN000075,2026-08-07 05:00:00,SUCCESS,00,250,UPI,0
TXN000076,2026-08-09 22:45:00,SUCCESS,00,25000,CARD,0
TXN000077,2026-09-02 17:06:00,SUCCESS,00,10000,CARD,0
TXN000078,2026-08-28 15:43:00,SUCCESS,00,750,UPI,0
TXN000079,2026-08-09 01:39:00,SUCCESS,00,500,UPI,0
TXN000080,2026-08-20 06:58:00,SUCCESS,00,500,CARD,0
TXN000081,2026-08-09 15:22:00,SUCCESS,00,250,CARD,0
TXN000082,2026-09-02 15:37:00,SUCCESS,00,5000,UPI,0
TXN000083,2026-08-10 19:45:00,SUCCESS,00,2500,CARD,0
TXN000084,2026-09-01 19:55:00,SUCCESS,00,750,WALLET,0
TXN000085,2026-08-29 19:33:00,SUCCESS,00,500,UPI,0
TXN000086,2026-08-05 08:18:00,FAILED,51,1500,CARD,0
TXN000087,2026-09-02 08:17:00,SUCCESS,00,750,UPI,1
TXN000088,2026-08-26 06:09:00,SUCCESS,00,1000,CARD,0
TXN000089,2026-08-22 16:32:00,SUCCESS,00,2500,UPI,0
TXN000090,2026-09-02 08:21:00,SUCCESS,00,25000,NETBANKING,0
TXN000091,2026-08-17 09:47:00,SUCCESS,00,500,NETBANKING,0
TXN000092,2026-08-15 10:55:00,SUCCESS,00,2500,CARD,0
TXN000093,2026-08-18 14:25:00,SUCCESS,00,2500,WALLET,0
TXN000094,2026-08-22 22:23:00,SUCCESS,00,2500,CARD,0
TXN000095,2026-08-13 16:39:00,SUCCESS,00,250,CARD,0
TXN000096,2026-08-17 17:33:00,SUCCESS,00,2000,UPI,1
TXN000097,2026-08-24 13:43:00,SUCCESS,00,10000,CARD,0
TXN000098,2026-08-15 08:30:00,SUCCESS,00,25000,WALLET,2
TXN000099,2026-08-04 17:36:00,SUCCESS,00,250,UPI,0
TXN000100,2026-08-22 02:49:00,SUCCESS,00,2000,NETBANKING,0
TXN000101,2026-08-07 11:35:00,SUCCESS,00,500,UPI,0
TXN000102,2026-08-12 11:51:00,SUCCESS,00,5000,UPI,1
TXN000103,2026-08-30 04:48:00,SUCCESS,00,10000,UPI,0
TXN000104,2026-09-02 00:57:00,SUCCESS,00,5000,UPI,0
TXN000105,2026-08-30 08:56:00,SUCCESS,00,2000,NETBANKING,0
TXN000106,2026-08-08 08:56:00,SUCCESS,00,2000,NETBANKING,0
TXN000107,2026-08-16 04:36:00,SUCCESS,00,750,UPI,0
TXN000108,2026-08-03 13:11:00,FAILED,51,1500,CARD,0
TXN000109,2026-08-11 03:19:00,SUCCESS,00,100,NETBANKING,0
TXN000110,2026-08-06 05:35:00,SUCCESS,00,500,CARD,0
TXN000111,2026-08-29 22:52:00,SUCCESS,00,750,UPI,0
TXN000112,2026-08-27 07:02:00,SUCCESS,00,2000,UPI,0
TXN000113,2026-09-03 14:53:00,SUCCESS,00,5000,CARD,0
TXN000114,2026-08-16 09:54:00,SUCCESS,00,10000,UPI,0
TXN000115,2026-08-30 23:33:00,SUCCESS,00,2500,WALLET,0
TXN000116,2026-09-04 21:15:00,SUCCESS,00,2500,WALLET,1
TXN000117,2026-08-24 00:14:00,SUCCESS,00,500,CARD,0
TXN000118,2026-08-22 04:07:00,SUCCESS,00,250,NETBANKING,0
TXN000119,2026-09-02 20:17:00,SUCCESS,00,25000,WALLET,0
TXN000120,2026-08-18 17:23:00,SUCCESS,00,250,NETBANKING,0
TXN000121,2026-08-05 03:19:00,SUCCESS,00,100,CARD,0
TXN000122,2026-09-02 18:38:00,SUCCESS,00,2500,NETBANKING,0
TXN000123,2026-08-12 09:45:00,SUCCESS,00,2500,UPI,0
TXN000124,2026-08-12 23:27:00,SUCCESS,00,1500,UPI,0
TXN000125,2026-08-12 10:55:00,SUCCESS,00,1500,UPI,0
TXN000126,2026-08-27 14:10:00,SUCCESS,00,2000,UPI,0
TXN000127,2026-09-02 03:01:00,SUCCESS,00,1500,UPI,0
TXN000128,2026-08-27 02:34:00,SUCCESS,00,1500,UPI,0
TXN000129,2026-08-10 01:12:00,SUCCESS,00,250,CARD,0
TXN000130,2026-08-30 13:12:00,SUCCESS,00,1000,UPI,0
TXN000131,2026-08-30 09:59:00,SUCCESS,00,750,NETBANKING,0
TXN000132,2026-08-04 15:54:00,SUCCESS,00,100,UPI,0
TXN000133,2026-09-02 12:38:00,SUCCESS,00,500,UPI,0
TXN000134,2026-08-07 23:18:00,SUCCESS,00,1000,UPI,0
TXN000135,2026-09-02 01:14:00,SUCCESS,00,500,UPI,1
TXN000136,2026-08-08 14:09:00,SUCCESS,00,250,CARD,0
TXN000137,2026-08-28 01:16:00,SUCCESS,00,1000,UPI,2
TXN000138,2026-08-19 15:00:00,SUCCESS,00,500,UPI,0
TXN000139,2026-09-03 23:21:00,SUCCESS,00,250,NETBANKING,0
TXN000140,2026-08-22 13:57:00,SUCCESS,00,1000,WALLET,0
TXN000141,2026-08-20 20:57:00,SUCCESS,00,750,CARD,0
TXN000142,2026-08-09 10:11:00,SUCCESS,00,750,NETBANKING,0
TXN000143,2026-08-18 16:29:00,SUCCESS,00,100,UPI,0
TXN000144,2026-08-03 09:52:00,SUCCESS,00,2000,UPI,0
TXN000145,2026-08-04 23:25:00,SUCCESS,00,250,CARD,0
TXN000146,2026-08-07 12:00:00,SUCCESS,00,250,UPI,0
TXN000147,2026-08-13 14:14:00,SUCCESS,00,2500,CARD,0
TXN000148,2026-08-19 06:33:00,SUCCESS,00,1500,UPI,0
TXN000149,2026-08-25 18:37:00,SUCCESS,00,1000,UPI,1
TXN000150,2026-08-19 22:15:00,SUCCESS,00,100,WALLET,1
TXN000151,2026-08-27 17:56:00,SUCCESS,00,1000,CARD,2
TXN000152,2026-08-04 00:52:00,SUCCESS,00,750,NETBANKING,1
TXN000153,2026-08-20 16:55:00,SUCCESS,00,10000,WALLET,0
TXN000154,2026-08-18 18:15:00,SUCCESS,00,1000,CARD,0
TXN000155,2026-08-05 07:52:00,SUCCESS,00,500,WALLET,0
TXN000156,2026-08-26 00:41:00,SUCCESS,00,1500,UPI,0
TXN000157,2026-08-18 22:34:00,SUCCESS,00,25000,UPI,0
TXN000158,2026-08-18 07:16:00,SUCCESS,00,25000,UPI,0
TXN000159,2026-08-27 23:13:00,SUCCESS,00,1000,UPI,0
TXN000160,2026-08-18 03:28:00,SUCCESS,00,750,NETBANKING,0
TXN000161,2026-08-20 17:06:00,SUCCESS,00,2500,CARD,0
TXN000162,2026-08-30 06:26:00,SUCCESS,00,2000,NETBANKING,0
TXN000163,2026-08-06 05:11:00,SUCCESS,00,1000,UPI,0
TXN000164,2026-08-07 08:36:00,SUCCESS,00,250,NETBANKING,0
TXN000165,2026-08-25 12:49:00,SUCCESS,00,250,UPI,0
TXN000166,2026-08-16 10:29:00,SUCCESS,00,2500,CARD,1
TXN000167,2026-08-16 19:08:00,SUCCESS,00,750,CARD,0
TXN000168,2026-08-06 14:40:00,SUCCESS,00,25000,NETBANKING,1
TXN000169,2026-08-27 03:14:00,SUCCESS,00,250,UPI,0
TXN000170,2026-09-02 05:55:00,SUCCESS,00,2000,UPI,0
TXN000171,2026-09-04 12:14:00,SUCCESS,00,250,WALLET,0
TXN000172,2026-08-13 17:20:00,SUCCESS,00,100,UPI,0
TXN000173,2026-08-07 01:09:00,SUCCESS,00,500,CARD,0
TXN000174,2026-08-09 12:13:00,SUCCESS,00,500,WALLET,0
TXN000175,2026-08-09 07:54:00,SUCCESS,00,250,UPI,0
TXN000176,2026-09-02 13:09:00,SUCCESS,00,250,UPI,1
TXN000177,2026-08-09 16:27:00,SUCCESS,00,250,NETBANKING,1
TXN000178,2026-08-06 13:34:00,SUCCESS,00,250,NETBANKING,0
TXN000179,2026-08-15 19:49:00,FAILED,51,2000,NETBANKING,0
TXN000180,2026-08-28 02:24:00,SUCCESS,00,2000,UPI,1
TXN000181,2026-08-13 10:39:00,SUCCESS,00,5000,CARD,2
TXN000182,2026-08-14 09:32:00,SUCCESS,00,10000,NETBANKING,1
TXN000183,2026-08-08 16:55:00,SUCCESS,00,1500,UPI,0
TXN000184,2026-08-02 18:44:00,SUCCESS,00,2000,WALLET,0
TXN000185,2026-08-09 01:49:00,SUCCESS,00,100,UPI,1
TXN000186,2026-09-01 01:58:00,SUCCESS,00,2000,UPI,0
TXN000187,2026-08-06 22:04:00,SUCCESS,00,250,UPI,0
TXN000188,2026-08-23 01:57:00,SUCCESS,00,2500,NETBANKING,0
TXN000189,2026-08-28 21:07:00,SUCCESS,00,250,UPI,0
TXN000190,2026-08-27 18:37:00,SUCCESS,00,500,UPI,0
TXN000191,2026-08-22 08:40:00,SUCCESS,00,1000,CARD,0
TXN000192,2026-08-04 00:50:00,SUCCESS,00,250,UPI,0
TXN000193,2026-09-02 11:29:00,SUCCESS,00,750,CARD,0
TXN000194,2026-08-18 06:32:00,SUCCESS,00,750,WALLET,1
TXN000195,2026-08-26 16:06:00,SUCCESS,00,100,NETBANKING,0
TXN000196,2026-08-15 10:17:00,SUCCESS,00,2000,CARD,0
TXN000197,2026-08-11 00:59:00,SUCCESS,00,250,UPI,0
TXN000198,2026-08-08 03:14:00,SUCCESS,00,1000,WALLET,0
TXN000199,2026-08-12 05:30:00,SUCCESS,00,1000,UPI,0
TXN000200,2026-08-07 14:31:00,SUCCESS,00,2500,UPI,0
TXN000201,2026-08-23 22:55:00,SUCCESS,00,500,UPI,0
TXN000202,2026-08-16 13:32:00,SUCCESS,00,750,CARD,0
TXN000203,2026-08-06 06:01:00,SUCCESS,00,250,CARD,0
TXN000204,2026-08-02 14:36:00,SUCCESS,00,500,UPI,0
TXN000205,2026-08-25 21:49:00,SUCCESS,00,100,NETBANKING,0
TXN000206,2026-08-29 20:30:00,SUCCESS,00,5000,UPI,0
TXN000207,2026-09-03 22:58:00,SUCCESS,00,5000,NETBANKING,1
TXN000208,2026-08-06 09:00:00,SUCCESS,00,1500,CARD,0
TXN000209,2026-08-26 15:49:00,SUCCESS,00,500,WALLET,0
TXN000210,2026-08-14 05:41:00,SUCCESS,00,2500,NETBANKING,0
TXN000211,2026-08-04 02:15:00,SUCCESS,00,1500,UPI,0
TXN000212,2026-08-30 11:53:00,SUCCESS,00,750,CARD,1
TXN000213,2026-08-11 00:44:00,SUCCESS,00,250,UPI,0
TXN000214,2026-08-23 19:07:00,SUCCESS,00,100,UPI,0
TXN000215,2026-08-21 18:33:00,SUCCESS,00,100,CARD,0
TXN000216,2026-08-22 01:09:00,SUCCESS,00,2000,UPI,0
TXN000217,2026-08-20 03:28:00,SUCCESS,00,250,UPI,0
TXN000218,2026-09-04 05:33:00,SUCCESS,00,750,CARD,0
TXN000219,2026-09-03 23:45:00,SUCCESS,00,250,CARD,0
TXN000220,2026-09-04 04:16:00,SUCCESS,00,250,CARD,0
TXN000221,2026-08-10 05:19:00,SUCCESS,00,500,CARD,0
TXN000222,2026-09-01 12:04:00,SUCCESS,00,500,UPI,0
TXN000223,2026-08-22 05:29:00,SUCCESS,00,1500,WALLET,0
TXN000224,2026-08-01 11:51:00,SUCCESS,00,5000,CARD,0
TXN000225,2026-08-07 18:04:00,SUCCESS,00,500,UPI,0
TXN000226,2026-09-04 16:16:00,SUCCESS,00,5000,NETBANKING,0
TXN000227,2026-08-16 04:51:00,SUCCESS,00,2000,NETBANKING,0
TXN000228,2026-08-02 04:42:00,SUCCESS,00,2000,CARD,0
TXN000229,2026-08-16 16:30:00,SUCCESS,00,250,UPI,0
TXN000230,2026-08-18 14:06:00,SUCCESS,00,500,UPI,0
TXN000231,2026-08-09 23:38:00,SUCCESS,00,10000,NETBANKING,0
TXN000232,2026-08-21 10:41:00,SUCCESS,00,250,NETBANKING,1
TXN000233,2026-08-18 22:17:00,SUCCESS,00,250,UPI,0
TXN000234,2026-08-16 11:49:00,SUCCESS,00,250,CARD,0
TXN000235,2026-09-03 03:53:00,SUCCESS,00,500,WALLET,0
TXN000236,2026-08-03 08:24:00,SUCCESS,00,100,CARD,0
TXN000237,2026-08-05 18:38:00,FAILED,51,500,NETBANKING,0
TXN000238,2026-08-14 12:10:00,SUCCESS,00,250,UPI,0
TXN000239,2026-08-21 13:30:00,SUCCESS,00,10000,UPI,0
TXN000240,2026-08-04 05:56:00,SUCCESS,00,1000,CARD,0
TXN000241,2026-08-30 11:39:00,SUCCESS,00,2500,NETBANKING,0
TXN000242,2026-08-12 20:46:00,SUCCESS,00,1500,UPI,0
TXN000243,2026-08-25 18:52:00,SUCCESS,00,1000,WALLET,0
TXN000244,2026-09-03 05:03:00,SUCCESS,00,2000,CARD,0
TXN000245,2026-09-01 10:25:00,SUCCESS,00,25000,CARD,0
TXN000246,2026-08-18 08:52:00,SUCCESS,00,5000,NETBANKING,0
TXN000247,2026-08-07 22:25:00,SUCCESS,00,1000,UPI,0
TXN000248,2026-08-13 22:26:00,SUCCESS,00,1000,NETBANKING,0
TXN000249,2026-08-31 04:32:00,FAILED,51,2500,UPI,0
TXN000250,2026-08-15 22:02:00,SUCCESS,00,2000,CARD,0
TXN000251,2026-09-01 00:31:00,SUCCESS,00,1500,CARD,0
TXN000252,2026-08-11 16:36:00,SUCCESS,00,250,UPI,0
TXN000253,2026-08-09 07:31:00,SUCCESS,00,250,NETBANKING,0
TXN000254,2026-08-21 17:23:00,FAILED,51,2000,UPI,0
TXN000255,2026-08-05 08:05:00,SUCCESS,00,1000,UPI,0
TXN000256,2026-08-11 09:49:00,SUCCESS,00,500,CARD,1
TXN000257,2026-08-19 11:12:00,SUCCESS,00,100,UPI,1
TXN000258,2026-08-25 05:09:00,FAILED,51,1000,UPI,0
TXN000259,2026-09-03 11:51:00,SUCCESS,00,1000,CARD,0
TXN000260,2026-08-17 20:21:00,SUCCESS,00,1000,CARD,0
TXN000261,2026-08-28 15:48:00,FAILED,51,1000,CARD,0
TXN000262,2026-08-24 18:24:00,SUCCESS,00,100,NETBANKING,0
TXN000263,2026-08-16 14:51:00,SUCCESS,00,2500,UPI,0
TXN000264,2026-09-03 01:04:00,SUCCESS,00,750,UPI,0
TXN000265,2026-08-04 21:05:00,SUCCESS,00,1000,NETBANKING,1
TXN000266,2026-08-18 10:49:00,SUCCESS,00,100,NETBANKING,0
TXN000267,2026-08-19 15:13:00,SUCCESS,00,1500,WALLET,0
TXN000268,2026-08-20 04:50:00,SUCCESS,00,250,UPI,0
TXN000269,2026-09-01 14:05:00,SUCCESS,00,2500,WALLET,0
TXN000270,2026-08-28 08:25:00,SUCCESS,00,500,CARD,0
TXN000271,2026-08-14 03:14:00,SUCCESS,00,10000,CARD,0
TXN000272,2026-08-10 23:35:00,SUCCESS,00,1500,WALLET,0
TXN000273,2026-08-19 01:55:00,SUCCESS,00,1000,CARD,0
TXN000274,2026-08-27 06:50:00,SUCCESS,00,2500,CARD,0
TXN000275,2026-08-07 19:29:00,SUCCESS,00,100,UPI,0
TXN000276,2026-08-05 08:30:00,SUCCESS,00,500,CARD,1
TXN000277,2026-08-02 02:31:00,SUCCESS,00,250,NETBANKING,0
TXN000278,2026-08-28 01:13:00,SUCCESS,00,500,CARD,0
TXN000279,2026-09-02 14:43:00,SUCCESS,00,1000,UPI,0
TXN000280,2026-09-01 01:43:00,SUCCESS,00,1000,CARD,0
TXN000281,2026-08-27 14:23:00,SUCCESS,00,1000,CARD,1
TXN000282,2026-08-15 16:56:00,SUCCESS,00,2000,WALLET,0
TXN000283,2026-08-14 21:06:00,SUCCESS,00,500,NETBANKING,0
TXN000284,2026-08-22 11:59:00,SUCCESS,00,750,CARD,0
TXN000285,2026-08-12 22:45:00,SUCCESS,00,2000,CARD,0
TXN000286,2026-08-18 21:21:00,SUCCESS,00,5000,UPI,0
TXN000287,2026-08-25 02:33:00,SUCCESS,00,1000,NETBANKING,0
TXN000288,2026-08-23 11:57:00,SUCCESS,00,10000,UPI,0
TXN000289,2026-08-20 11:26:00,SUCCESS,00,750,UPI,0
TXN000290,2026-09-01 06:02:00,SUCCESS,00,100,UPI,0
TXN000291,2026-08-25 17:37:00,SUCCESS,00,1000,CARD,0
TXN000292,2026-08-07 12:47:00,SUCCESS,00,750,UPI,0
TXN000293,2026-08-25 10:40:00,SUCCESS,00,1500,NETBANKING,0
TXN000294,2026-08-24 15:17:00,SUCCESS,00,2500,UPI,1
TXN000295,2026-08-18 23:48:00,SUCCESS,00,250,CARD,0
TXN000296,2026-08-25 00:57:00,SUCCESS,00,1000,CARD,1
TXN000297,2026-08-22 22:29:00,SUCCESS,00,500,CARD,0
TXN000298,2026-08-12 12:10:00,SUCCESS,00,1500,UPI,0
TXN000299,2026-08-10 21:19:00,SUCCESS,00,1000,CARD,0
TXN000300,2026-08-26 20:49:00,SUCCESS,00,750,WALLET,0
TXN000301,2026-08-24 22:25:00,SUCCESS,00,1500,NETBANKING,0
TXN000302,2026-08-09 14:05:00,SUCCESS,00,250,UPI,0
TXN000303,2026-08-29 12:38:00,SUCCESS,00,500,UPI,0
TXN000304,2026-08-12 02:53:00,SUCCESS,00,100,CARD,0
TXN000305,2026-08-17 00:29:00,SUCCESS,00,100,CARD,0
TXN000306,2026-08-06 15:58:00,SUCCESS,00,100,UPI,0
TXN000307,2026-08-05 10:33:00,SUCCESS,00,250,UPI,1
TXN000308,2026-08-15 16:52:00,SUCCESS,00,500,CARD,1
TXN000309,2026-08-20 20:57:00,SUCCESS,00,1500,WALLET,0
TXN000310,2026-08-02 04:57:00,SUCCESS,00,1500,NETBANKING,1
TXN000311,2026-08-13 18:45:00,SUCCESS,00,1500,CARD,0
TXN000312,2026-08-04 00:08:00,SUCCESS,00,250,UPI,0
TXN000313,2026-08-12 08:30:00,SUCCESS,00,2000,UPI,1
TXN000314,2026-08-06 11:54:00,SUCCESS,00,100,UPI,0
TXN000315,2026-08-20 00:04:00,SUCCESS,00,500,UPI,0
TXN000316,2026-08-18 16:48:00,SUCCESS,00,2000,WALLET,0
TXN000317,2026-08-22 05:15:00,SUCCESS,00,100,UPI,0
TXN000318,2026-08-11 20:00:00,SUCCESS,00,1000,NETBANKING,0
TXN000319,2026-08-09 13:40:00,SUCCESS,00,2000,CARD,0
TXN000320,2026-08-27 16:08:00,SUCCESS,00,1500,NETBANKING,0
TXN000321,2026-08-26 23:33:00,SUCCESS,00,750,UPI,0
TXN000322,2026-08-28 15:31:00,SUCCESS,00,100,UPI,0
TXN000323,2026-08-23 05:51:00,SUCCESS,00,500,UPI,1
TXN000324,2026-08-04 09:56:00,SUCCESS,00,1500,NETBANKING,0
TXN000325,2026-08-16 11:11:00,SUCCESS,00,250,CARD,1
TXN000326,2026-09-03 17:46:00,SUCCESS,00,2000,UPI,0
TXN000327,2026-08-08 18:26:00,SUCCESS,00,100,UPI,0
TXN000328,2026-09-02 04:01:00,SUCCESS,00,2500,CARD,1
TXN000329,2026-08-06 22:45:00,SUCCESS,00,10000,UPI,0
TXN000330,2026-08-07 12:49:00,SUCCESS,00,5000,CARD,0
TXN000331,2026-08-24 13:35:00,SUCCESS,00,500,UPI,0
TXN000332,2026-08-19 23:03:00,SUCCESS,00,250,UPI,0
TXN000333,2026-08-27 15:15:00,SUCCESS,00,2500,CARD,0
TXN000334,2026-08-29 22:41:00,SUCCESS,00,1000,UPI,0
TXN000335,2026-08-07 12:21:00,SUCCESS,00,500,UPI,0
TXN000336,2026-08-26 00:32:00,SUCCESS,00,1000,UPI,3
TXN000337,2026-08-05 11:27:00,FAILED,51,1500,WALLET,0
TXN000338,2026-08-01 22:01:00,SUCCESS,00,750,UPI,0
TXN000339,2026-08-18 00:41:00,SUCCESS,00,100,UPI,0
TXN000340,2026-08-26 22:56:00,SUCCESS,00,2000,WALLET,1
TXN000341,2026-09-03 23:15:00,SUCCESS,00,500,UPI,0
TXN000342,2026-08-02 04:19:00,SUCCESS,00,500,UPI,0
TXN000343,2026-08-09 07:53:00,SUCCESS,00,750,CARD,0
TXN000344,2026-08-24 00:21:00,SUCCESS,00,500,UPI,0
TXN000345,2026-08-05 06:15:00,SUCCESS,00,2000,UPI,1
TXN000346,2026-08-07 19:44:00,SUCCESS,00,500,UPI,0
TXN000347,2026-09-02 20:09:00,SUCCESS,00,2000,UPI,1
TXN000348,2026-09-03 09:28:00,SUCCESS,00,1000,CARD,0
TXN000349,2026-08-05 15:22:00,SUCCESS,00,750,CARD,0
TXN000350,2026-08-31 03:56:00,SUCCESS,00,2000,WALLET,0
TXN000351,2026-08-08 04:57:00,SUCCESS,00,100,CARD,0
TXN000352,2026-08-31 09:09:00,SUCCESS,00,100,UPI,0
TXN000353,2026-09-02 14:36:00,FAILED,51,1000,NETBANKING,0
TXN000354,2026-08-16 18:32:00,SUCCESS,00,100,UPI,0
TXN000355,2026-08-07 17:11:00,SUCCESS,00,2500,UPI,0
TXN000356,2026-09-01 07:27:00,SUCCESS,00,100,UPI,0
TXN000357,2026-08-10 15:01:00,SUCCESS,00,500,CARD,0
TXN000358,2026-08-31 09:06:00,SUCCESS,00,750,UPI,1
TXN000359,2026-08-05 20:30:00,SUCCESS,00,10000,CARD,0
TXN000360,2026-08-09 10:07:00,SUCCESS,00,250,UPI,0
TXN000361,2026-08-19 11:07:00,SUCCESS,00,1500,CARD,0
TXN000362,2026-08-28 14:41:00,SUCCESS,00,750,UPI,0
TXN000363,2026-08-03 06:22:00,SUCCESS,00,2000,CARD,0
TXN000364,2026-08-15 23:28:00,SUCCESS,00,100,CARD,1
TXN000365,2026-08-21 19:34:00,SUCCESS,00,500,UPI,0
TXN000366,2026-08-10 04:57:00,SUCCESS,00,1500,UPI,0
TXN000367,2026-08-03 18:16:00,SUCCESS,00,5000,NETBANKING,1
TXN000368,2026-08-28 18:50:00,SUCCESS,00,500,CARD,0
TXN000369,2026-08-10 22:12:00,SUCCESS,00,5000,NETBANKING,1
TXN000370,2026-08-22 14:38:00,FAILED,51,2000,CARD,0
TXN000371,2026-08-27 04:21:00,SUCCESS,00,2000,UPI,0
TXN000372,2026-08-26 23:56:00,SUCCESS,00,1500,CARD,0
TXN000373,2026-09-02 01:46:00,FAILED,51,10000,WALLET,1
TXN000374,2026-08-28 23:30:00,SUCCESS,00,100,NETBANKING,0
TXN000375,2026-08-01 03:03:00,SUCCESS,00,100,UPI,0
TXN000376,2026-08-19 21:58:00,SUCCESS,00,2500,UPI,0
TXN000377,2026-08-10 20:28:00,SUCCESS,00,2500,UPI,1
TXN000378,2026-08-03 15:42:00,SUCCESS,00,1500,CARD,0
TXN000379,2026-09-04 23:03:00,SUCCESS,00,500,NETBANKING,0
TXN000380,2026-08-02 14:08:00,SUCCESS,00,2000,UPI,0
TXN000381,2026-08-16 14:11:00,SUCCESS,00,2000,CARD,0
TXN000382,2026-08-24 20:16:00,SUCCESS,00,2500,NETBANKING,1
TXN000383,2026-08-13 11:47:00,SUCCESS,00,250,UPI,0
TXN000384,2026-08-10 22:53:00,SUCCESS,00,250,UPI,0
TXN000385,2026-09-02 00:17:00,SUCCESS,00,2500,CARD,0
TXN000386,2026-08-03 13:30:00,SUCCESS,00,100,CARD,0
TXN000387,2026-08-10 17:51:00,SUCCESS,00,100,UPI,0
TXN000388,2026-08-18 13:40:00,SUCCESS,00,500,UPI,0
TXN000389,2026-08-12 21:18:00,SUCCESS,00,250,CARD,0
TXN000390,2026-09-02 09:09:00,SUCCESS,00,2000,UPI,1
TXN000391,2026-08-21 19:28:00,SUCCESS,00,250,CARD,0
TXN000392,2026-09-04 16:20:00,SUCCESS,00,1000,UPI,0
TXN000393,2026-08-24 03:03:00,SUCCESS,00,100,CARD,0
TXN000394,2026-09-01 10:08:00,SUCCESS,00,2000,WALLET,0
TXN000395,2026-08-28 05:50:00,SUCCESS,00,750,NETBANKING,0
TXN000396,2026-09-01 15:13:00,SUCCESS,00,1000,WALLET,0
TXN000397,2026-08-01 12:10:00,SUCCESS,00,2500,UPI,0
TXN000398,2026-08-06 12:49:00,SUCCESS,00,750,UPI,0
TXN000399,2026-08-15 03:16:00,SUCCESS,00,25000,UPI,0
TXN000400,2026-08-24 03:45:00,SUCCESS,00,10000,WALLET,0
TXN000401,2026-08-10 19:03:00,SUCCESS,00,100,WALLET,0
TXN000402,2026-08-01 07:50:00,SUCCESS,00,250,CARD,0
TXN000403,2026-08-10 13:27:00,SUCCESS,00,500,UPI,0
TXN000404,2026-08-30 10:03:00,SUCCESS,00,2000,WALLET,0
TXN000405,2026-08-23 03:37:00,SUCCESS,00,1500,UPI,0
TXN000406,2026-08-22 11:36:00,SUCCESS,00,500,UPI,1
TXN000407,2026-08-16 06:36:00,SUCCESS,00,100,CARD,0
TXN000408,2026-08-19 12:21:00,FAILED,51,250,CARD,0
TXN000409,2026-08-24 12:34:00,SUCCESS,00,2000,UPI,0
TXN000410,2026-08-01 04:16:00,SUCCESS,00,500,WALLET,0
TXN000411,2026-08-08 05:44:00,SUCCESS,00,25000,UPI,0
TXN000412,2026-08-21 05:38:00,SUCCESS,00,750,CARD,1
TXN000413,2026-08-02 08:01:00,SUCCESS,00,1000,WALLET,0
TXN000414,2026-08-04 09:18:00,FAILED,51,500,CARD,0
TXN000415,2026-08-20 07:18:00,SUCCESS,00,2500,CARD,0
TXN000416,2026-08-10 12:26:00,SUCCESS,00,2500,UPI,0
TXN000417,2026-08-09 05:46:00,SUCCESS,00,1000,WALLET,0
TXN000418,2026-09-02 10:57:00,SUCCESS,00,100,CARD,0
TXN000419,2026-08-04 23:56:00,SUCCESS,00,2500,UPI,0
TXN000420,2026-08-03 01:06:00,SUCCESS,00,5000,WALLET,0
TXN000421,2026-08-07 14:30:00,SUCCESS,00,750,UPI,0
TXN000422,2026-08-23 20:12:00,SUCCESS,00,250,UPI,0
TXN000423,2026-08-16 04:48:00,SUCCESS,00,500,UPI,0
TXN000424,2026-08-09 11:32:00,SUCCESS,00,500,UPI,0
TXN000425,2026-08-11 13:08:00,FAILED,51,2500,UPI,0
TXN000426,2026-08-07 15:00:00,SUCCESS,00,250,CARD,0
TXN000427,2026-09-04 07:24:00,SUCCESS,00,1500,UPI,0
TXN000428,2026-08-07 07:15:00,SUCCESS,00,750,CARD,1
TXN000429,2026-08-19 01:50:00,SUCCESS,00,2500,UPI,0
TXN000430,2026-08-07 06:31:00,SUCCESS,00,1500,UPI,1
TXN000431,2026-08-27 08:27:00,SUCCESS,00,2000,UPI,1
TXN000432,2026-08-22 01:50:00,SUCCESS,00,500,UPI,0
TXN000433,2026-08-04 17:41:00,SUCCESS,00,500,UPI,0
TXN000434,2026-08-21 02:50:00,SUCCESS,00,100,UPI,0
TXN000435,2026-08-21 14:51:00,SUCCESS,00,5000,CARD,0
TXN000436,2026-08-12 00:21:00,FAILED,51,5000,CARD,0
TXN000437,2026-08-19 05:59:00,SUCCESS,00,1000,UPI,1
TXN000438,2026-08-19 01:43:00,SUCCESS,00,750,CARD,0
TXN000439,2026-08-27 13:18:00,SUCCESS,00,750,UPI,0
TXN000440,2026-08-04 11:00:00,SUCCESS,00,250,CARD,0
TXN000441,2026-08-24 18:34:00,SUCCESS,00,5000,UPI,0
TXN000442,2026-09-04 14:50:00,SUCCESS,00,250,CARD,0
TXN000443,2026-08-13 02:21:00,SUCCESS,00,2000,UPI,0
TXN000444,2026-08-23 19:51:00,SUCCESS,00,5000,CARD,0
TXN000445,2026-09-04 17:11:00,FAILED,51,2500,CARD,0
TXN000446,2026-08-04 06:13:00,SUCCESS,00,2000,UPI,0
TXN000447,2026-08-03 07:27:00,SUCCESS,00,1500,UPI,0
TXN000448,2026-08-11 18:12:00,SUCCESS,00,1500,WALLET,0
TXN000449,2026-08-27 01:44:00,SUCCESS,00,1000,UPI,0
TXN000450,2026-08-22 21:54:00,SUCCESS,00,2500,UPI,0
TXN000451,2026-09-04 04:04:00,FAILED,51,2500,UPI,0
TXN000452,2026-08-30 11:52:00,SUCCESS,00,2500,CARD,0
TXN000453,2026-08-25 17:28:00,SUCCESS,00,2000,UPI,0
TXN000454,2026-09-02 21:07:00,SUCCESS,00,100,UPI,0
TXN000455,2026-08-21 06:10:00,SUCCESS,00,250,NETBANKING,1
TXN000456,2026-08-07 02:35:00,SUCCESS,00,500,NETBANKING,0
TXN000457,2026-08-14 16:29:00,SUCCESS,00,100,UPI,0
TXN000458,2026-08-16 12:45:00,SUCCESS,00,100,NETBANKING,0
TXN000459,2026-09-01 03:59:00,SUCCESS,00,100,CARD,0
TXN000460,2026-08-01 22:44:00,SUCCESS,00,100,WALLET,0
TXN000461,2026-08-03 22:27:00,SUCCESS,00,250,UPI,0
TXN000462,2026-08-21 12:22:00,SUCCESS,00,100,UPI,0
TXN000463,2026-09-01 05:07:00,FAILED,51,1000,UPI,0
TXN000464,2026-08-15 05:09:00,SUCCESS,00,500,UPI,0
TXN000465,2026-08-28 04:13:00,SUCCESS,00,100,NETBANKING,0
TXN000466,2026-08-19 19:54:00,SUCCESS,00,1500,UPI,0
TXN000467,2026-08-30 16:06:00,SUCCESS,00,2000,UPI,0
TXN000468,2026-08-14 00:04:00,SUCCESS,00,5000,CARD,0
TXN000469,2026-09-02 20:19:00,SUCCESS,00,2000,UPI,0
TXN000470,2026-08-20 00:29:00,SUCCESS,00,1000,UPI,0
TXN000471,2026-08-01 04:45:00,SUCCESS,00,500,NETBANKING,0
TXN000472,2026-08-24 22:55:00,SUCCESS,00,100,WALLET,0
TXN000473,2026-08-24 19:26:00,SUCCESS,00,1000,CARD,0
TXN000474,2026-08-31 06:37:00,SUCCESS,00,10000,UPI,0
TXN000475,2026-09-02 19:12:00,SUCCESS,00,1500,UPI,0
TXN000476,2026-08-12 10:58:00,SUCCESS,00,250,NETBANKING,1
TXN000477,2026-08-01 13:38:00,SUCCESS,00,100,WALLET,0
TXN000478,2026-08-17 01:28:00,SUCCESS,00,750,CARD,0
TXN000479,2026-08-21 16:35:00,SUCCESS,00,2500,CARD,0
TXN000480,2026-09-02 10:53:00,SUCCESS,00,500,UPI,0
TXN000481,2026-08-22 09:36:00,SUCCESS,00,2000,CARD,0
TXN000482,2026-08-07 13:25:00,SUCCESS,00,500,UPI,0
TXN000483,2026-08-17 15:58:00,SUCCESS,00,500,CARD,0
TXN000484,2026-08-23 15:45:00,SUCCESS,00,100,CARD,0
TXN000485,2026-08-18 13:02:00,SUCCESS,00,1000,UPI,0
TXN000486,2026-08-24 19:30:00,SUCCESS,00,750,UPI,0
TXN000487,2026-08-31 12:13:00,SUCCESS,00,1500,WALLET,1
TXN000488,2026-08-16 21:38:00,SUCCESS,00,500,UPI,0
TXN000489,2026-08-04 16:37:00,SUCCESS,00,250,NETBANKING,0
TXN000490,2026-08-20 11:29:00,SUCCESS,00,250,UPI,0
TXN000491,2026-08-31 10:45:00,SUCCESS,00,1000,UPI,0
TXN000492,2026-08-03 07:28:00,SUCCESS,00,100,CARD,0
TXN000493,2026-08-27 06:40:00,SUCCESS,00,500,UPI,2
TXN000494,2026-09-04 18:34:00,SUCCESS,00,2500,UPI,1
TXN000495,2026-09-02 20:19:00,SUCCESS,00,500,CARD,0
TXN000496,2026-08-25 14:33:00,SUCCESS,00,100,UPI,0
TXN000497,2026-08-26 12:51:00,SUCCESS,00,1500,NETBANKING,0
TXN000498,2026-08-17 17:33:00,SUCCESS,00,1000,CARD,0
TXN000499,2026-08-17 10:59:00,SUCCESS,00,250,UPI,0
TXN000500,2026-08-13 02:47:00,SUCCESS,00,1000,UPI,0
TXN000501,2026-08-03 01:59:00,SUCCESS,00,2000,UPI,0
TXN000502,2026-08-07 12:38:00,SUCCESS,00,2000,WALLET,0
TXN000503,2026-08-19 09:31:00,SUCCESS,00,100,UPI,0
TXN000504,2026-08-17 14:30:00,SUCCESS,00,5000,CARD,0
TXN000505,2026-08-24 16:13:00,SUCCESS,00,750,WALLET,0
TXN000506,2026-09-03 05:48:00,SUCCESS,00,100,UPI,0
TXN000507,2026-08-14 22:09:00,SUCCESS,00,25000,UPI,1
TXN000508,2026-08-09 03:52:00,SUCCESS,00,500,UPI,1
TXN000509,2026-08-17 13:00:00,SUCCESS,00,100,UPI,0
TXN000510,2026-08-14 13:34:00,SUCCESS,00,1500,CARD,0
TXN000511,2026-08-17 13:30:00,SUCCESS,00,1500,CARD,0
TXN000512,2026-08-04 11:09:00,SUCCESS,00,5000,NETBANKING,0
TXN000513,2026-08-01 12:54:00,SUCCESS,00,250,UPI,0
TXN000514,2026-08-27 04:10:00,SUCCESS,00,1500,UPI,0
TXN000515,2026-08-22 11:23:00,SUCCESS,00,750,WALLET,0
TXN000516,2026-08-14 22:40:00,SUCCESS,00,100,CARD,0
TXN000517,2026-08-21 02:43:00,SUCCESS,00,1000,CARD,0
TXN000518,2026-08-30 01:12:00,SUCCESS,00,2500,UPI,0
TXN000519,2026-08-03 00:10:00,SUCCESS,00,1500,UPI,0
TXN000520,2026-09-04 15:19:00,SUCCESS,00,2500,UPI,0
TXN000521,2026-08-03 06:29:00,SUCCESS,00,500,CARD,1
TXN000522,2026-08-30 17:23:00,SUCCESS,00,750,NETBANKING,0
TXN000523,2026-08-23 14:38:00,SUCCESS,00,250,NETBANKING,0
TXN000524,2026-08-20 09:47:00,SUCCESS,00,1000,UPI,1
TXN000525,2026-09-02 20:09:00,FAILED,51,25000,UPI,0
TXN000526,2026-08-20 23:33:00,FAILED,51,250,UPI,0
TXN000527,2026-08-29 07:45:00,SUCCESS,00,1000,UPI,0
TXN000528,2026-08-27 21:11:00,SUCCESS,00,2000,UPI,1
TXN000529,2026-08-16 21:20:00,SUCCESS,00,5000,UPI,0
TXN000530,2026-08-20 19:01:00,SUCCESS,00,750,UPI,0
TXN000531,2026-08-30 10:20:00,SUCCESS,00,2000,UPI,0
TXN000532,2026-08-28 11:05:00,FAILED,51,500,UPI,0
TXN000533,2026-08-12 10:02:00,SUCCESS,00,1000,NETBANKING,0
TXN000534,2026-08-09 06:37:00,SUCCESS,00,1000,UPI,0
TXN000535,2026-08-06 06:52:00,SUCCESS,00,500,UPI,0
TXN000536,2026-08-19 20:58:00,SUCCESS,00,1000,UPI,0
TXN000537,2026-08-16 04:32:00,SUCCESS,00,250,UPI,0
TXN000538,2026-08-09 00:08:00,SUCCESS,00,500,CARD,0
TXN000539,2026-08-15 11:59:00,SUCCESS,00,1500,UPI,0
TXN000540,2026-08-29 14:41:00,SUCCESS,00,5000,UPI,0
TXN000541,2026-08-29 15:48:00,SUCCESS,00,2500,CARD,1
TXN000542,2026-08-13 05:08:00,SUCCESS,00,750,UPI,0
TXN000543,2026-08-15 05:56:00,SUCCESS,00,2000,CARD,0
TXN000544,2026-09-02 13:15:00,SUCCESS,00,5000,UPI,1
TXN000545,2026-08-02 08:18:00,SUCCESS,00,2500,UPI,0
TXN000546,2026-08-02 18:20:00,SUCCESS,00,2500,CARD,0
TXN000547,2026-09-04 05:40:00,SUCCESS,00,750,CARD,0
TXN000548,2026-08-31 20:39:00,FAILED,51,2000,UPI,0
TXN000549,2026-08-22 02:52:00,SUCCESS,00,100,UPI,0
TXN000550,2026-08-26 12:11:00,SUCCESS,00,100,CARD,1
TXN000551,2026-08-10 09:27:00,SUCCESS,00,2500,CARD,1
TXN000552,2026-09-04 10:09:00,SUCCESS,00,250,CARD,0
TXN000553,2026-08-21 04:52:00,SUCCESS,00,5000,WALLET,0
TXN000554,2026-08-16 00:00:00,SUCCESS,00,100,CARD,0
TXN000555,2026-08-12 11:12:00,SUCCESS,00,5000,NETBANKING,0
TXN000556,2026-08-04 20:02:00,SUCCESS,00,250,CARD,0
TXN000557,2026-08-23 22:18:00,SUCCESS,00,2500,UPI,0
TXN000558,2026-09-04 15:39:00,SUCCESS,00,750,UPI,0
TXN000559,2026-08-17 14:06:00,SUCCESS,00,2500,UPI,1
TXN000560,2026-08-20 20:11:00,SUCCESS,00,1500,CARD,0
TXN000561,2026-08-18 14:46:00,SUCCESS,00,1000,NETBANKING,0
TXN000562,2026-08-12 02:26:00,SUCCESS,00,25000,CARD,0
TXN000563,2026-09-03 16:10:00,SUCCESS,00,25000,CARD,0
TXN000564,2026-08-27 17:40:00,SUCCESS,00,100,UPI,1
TXN000565,2026-08-06 03:03:00,SUCCESS,00,1000,UPI,1
TXN000566,2026-08-10 10:14:00,SUCCESS,00,1500,NETBANKING,0
TXN000567,2026-08-27 07:09:00,SUCCESS,00,100,UPI,0
TXN000568,2026-08-12 11:17:00,SUCCESS,00,5000,CARD,1
TXN000569,2026-08-14 14:41:00,SUCCESS,00,2500,WALLET,1
TXN000570,2026-08-26 18:12:00,SUCCESS,00,1500,CARD,0
TXN000571,2026-08-24 03:52:00,SUCCESS,00,250,UPI,0
TXN000572,2026-08-11 19:38:00,SUCCESS,00,750,CARD,1
TXN000573,2026-08-20 08:18:00,SUCCESS,00,1500,UPI,0
TXN000574,2026-08-07 14:32:00,SUCCESS,00,1500,UPI,0
TXN000575,2026-08-01 05:06:00,SUCCESS,00,5000,NETBANKING,0
TXN000576,2026-08-24 00:44:00,SUCCESS,00,750,UPI,0
TXN000577,2026-08-29 09:58:00,SUCCESS,00,2000,UPI,0
TXN000578,2026-08-01 04:54:00,SUCCESS,00,1000,UPI,0
TXN000579,2026-08-03 05:22:00,SUCCESS,00,1500,UPI,0
TXN000580,2026-08-19 03:26:00,SUCCESS,00,100,UPI,0
TXN000581,2026-08-21 01:24:00,SUCCESS,00,25000,CARD,0
TXN000582,2026-08-06 00:16:00,SUCCESS,00,500,NETBANKING,0
TXN000583,2026-08-01 19:45:00,SUCCESS,00,250,UPI,2
TXN000584,2026-08-24 07:22:00,SUCCESS,00,1000,NETBANKING,0
TXN000585,2026-08-23 04:05:00,SUCCESS,00,250,UPI,0
TXN000586,2026-08-26 13:02:00,SUCCESS,00,10000,UPI,0
TXN000587,2026-08-27 00:15:00,SUCCESS,00,1000,UPI,0
TXN000588,2026-08-05 16:53:00,SUCCESS,00,1000,WALLET,0
TXN000589,2026-08-13 01:41:00,SUCCESS,00,500,NETBANKING,0
TXN000590,2026-08-31 10:16:00,SUCCESS,00,250,WALLET,0
TXN000591,2026-08-04 18:11:00,SUCCESS,00,500,NETBANKING,0
TXN000592,2026-08-16 16:36:00,SUCCESS,00,1500,UPI,0
TXN000593,2026-09-01 22:43:00,SUCCESS,00,1000,NETBANKING,0
TXN000594,2026-08-19 15:24:00,SUCCESS,00,100,CARD,1
TXN000595,2026-09-02 08:58:00,FAILED,51,1500,UPI,0
TXN000596,2026-08-10 16:59:00,SUCCESS,00,100,CARD,0
TXN000597,2026-08-26 09:10:00,SUCCESS,00,500,UPI,0
TXN000598,2026-08-05 08:35:00,FAILED,51,1000,UPI,0
TXN000599,2026-08-26 16:10:00,SUCCESS,00,250,UPI,1
TXN000600,2026-08-19 07:41:00,SUCCESS,00,2000,UPI,0
TXN000601,2026-08-21 09:19:00,SUCCESS,00,2500,CARD,0
TXN000602,2026-08-31 05:09:00,SUCCESS,00,500,NETBANKING,1
TXN000603,2026-08-03 23:37:00,SUCCESS,00,2500,NETBANKING,0
TXN000604,2026-08-02 13:08:00,SUCCESS,00,100,NETBANKING,0
TXN000605,2026-08-12 05:07:00,SUCCESS,00,2000,CARD,0
TXN000606,2026-08-12 13:17:00,SUCCESS,00,100,UPI,0
TXN000607,2026-08-21 18:39:00,SUCCESS,00,500,WALLET,0
TXN000608,2026-08-09 08:00:00,SUCCESS,00,5000,CARD,0
TXN000609,2026-08-27 12:36:00,SUCCESS,00,10000,UPI,2
TXN000610,2026-08-24 20:27:00,SUCCESS,00,250,CARD,0
TXN000611,2026-08-06 12:23:00,SUCCESS,00,2000,UPI,0
TXN000612,2026-08-14 09:37:00,FAILED,51,1500,CARD,0
TXN000613,2026-08-28 12:30:00,SUCCESS,00,2500,CARD,0
TXN000614,2026-08-22 05:07:00,SUCCESS,00,1000,NETBANKING,0
TXN000615,2026-08-31 18:15:00,SUCCESS,00,750,CARD,0
TXN000616,2026-08-09 16:54:00,SUCCESS,00,1000,CARD,0
TXN000617,2026-08-18 08:44:00,SUCCESS,00,250,CARD,0
TXN000618,2026-08-09 02:13:00,SUCCESS,00,1500,UPI,0
TXN000619,2026-08-06 06:21:00,SUCCESS,00,500,UPI,0
TXN000620,2026-09-03 15:19:00,SUCCESS,00,2500,WALLET,0
TXN000621,2026-08-25 07:02:00,SUCCESS,00,100,CARD,0
TXN000622,2026-08-21 04:24:00,SUCCESS,00,1000,UPI,0
TXN000623,2026-08-08 12:05:00,SUCCESS,00,500,CARD,0
TXN000624,2026-08-05 02:48:00,SUCCESS,00,2500,UPI,0
TXN000625,2026-09-03 14:55:00,SUCCESS,00,2500,UPI,0
TXN000626,2026-08-27 20:09:00,SUCCESS,00,1000,CARD,0
TXN000627,2026-08-19 15:45:00,SUCCESS,00,2000,NETBANKING,1
TXN000628,2026-08-04 23:47:00,SUCCESS,00,2000,NETBANKING,1
TXN000629,2026-08-08 23:42:00,SUCCESS,00,1500,UPI,0
TXN000630,2026-08-27 23:53:00,SUCCESS,00,1500,UPI,0
TXN000631,2026-08-15 18:10:00,SUCCESS,00,1000,CARD,0
TXN000632,2026-08-05 19:25:00,SUCCESS,00,250,CARD,0
TXN000633,2026-08-24 17:57:00,SUCCESS,00,10000,WALLET,0
TXN000634,2026-08-24 18:08:00,SUCCESS,00,500,NETBANKING,0
TXN000635,2026-08-04 04:50:00,SUCCESS,00,10000,CARD,1
TXN000636,2026-08-18 20:20:00,SUCCESS,00,1000,UPI,0
TXN000637,2026-08-06 23:15:00,SUCCESS,00,1500,NETBANKING,0
TXN000638,2026-08-23 12:39:00,SUCCESS,00,2500,WALLET,0
TXN000639,2026-08-10 02:01:00,SUCCESS,00,500,UPI,0
TXN000640,2026-08-29 17:45:00,SUCCESS,00,100,CARD,0
TXN000641,2026-08-02 21:56:00,SUCCESS,00,750,CARD,0
TXN000642,2026-08-31 18:54:00,SUCCESS,00,2500,NETBANKING,0
TXN000643,2026-08-12 16:02:00,SUCCESS,00,500,UPI,0
TXN000644,2026-08-04 18:08:00,SUCCESS,00,500,CARD,0
TXN000645,2026-08-30 18:29:00,SUCCESS,00,750,NETBANKING,0
TXN000646,2026-08-02 22:06:00,SUCCESS,00,500,WALLET,0
TXN000647,2026-08-02 12:16:00,SUCCESS,00,750,NETBANKING,2
TXN000648,2026-08-19 15:53:00,SUCCESS,00,500,NETBANKING,0
TXN000649,2026-09-03 22:49:00,SUCCESS,00,500,UPI,0
TXN000650,2026-08-10 13:32:00,FAILED,51,500,UPI,0
TXN000651,2026-08-10 07:05:00,SUCCESS,00,100,UPI,0
TXN000652,2026-09-02 17:00:00,FAILED,51,1500,NETBANKING,0
TXN000653,2026-08-01 04:51:00,SUCCESS,00,5000,UPI,0
TXN000654,2026-08-24 04:16:00,SUCCESS,00,500,CARD,0
TXN000655,2026-09-04 18:11:00,SUCCESS,00,500,CARD,0
TXN000656,2026-08-28 08:29:00,FAILED,51,250,CARD,0
TXN000657,2026-08-22 04:48:00,SUCCESS,00,500,UPI,0
TXN000658,2026-09-02 08:30:00,SUCCESS,00,500,CARD,0
TXN000659,2026-08-19 21:28:00,SUCCESS,00,1500,CARD,0
TXN000660,2026-08-08 23:03:00,SUCCESS,00,750,UPI,0
TXN000661,2026-08-29 21:36:00,SUCCESS,00,100,UPI,0
TXN000662,2026-08-09 22:46:00,SUCCESS,00,250,NETBANKING,0
TXN000663,2026-09-04 12:55:00,SUCCESS,00,500,UPI,1
TXN000664,2026-08-13 22:46:00,SUCCESS,00,1500,UPI,0
TXN000665,2026-08-03 10:17:00,SUCCESS,00,1000,UPI,0
TXN000666,2026-09-04 21:32:00,SUCCESS,00,500,UPI,0
TXN000667,2026-08-04 23:11:00,FAILED,51,5000,WALLET,1
TXN000668,2026-08-22 03:16:00,SUCCESS,00,750,UPI,1
TXN000669,2026-08-30 14:35:00,FAILED,51,10000,UPI,0
TXN000670,2026-08-22 00:16:00,FAILED,51,250,CARD,0
TXN000671,2026-08-21 06:23:00,SUCCESS,00,500,NETBANKING,0
TXN000672,2026-08-15 23:02:00,FAILED,51,500,UPI,0
TXN000673,2026-08-10 22:36:00,SUCCESS,00,1000,CARD,1
TXN000674,2026-09-02 23:55:00,SUCCESS,00,750,UPI,0
TXN000675,2026-08-16 03:21:00,SUCCESS,00,250,UPI,0
TXN000676,2026-08-11 04:46:00,SUCCESS,00,750,NETBANKING,0
TXN000677,2026-08-05 11:50:00,SUCCESS,00,10000,UPI,0
TXN000678,2026-08-06 10:37:00,SUCCESS,00,1000,NETBANKING,0
TXN000679,2026-08-08 07:21:00,FAILED,51,1500,WALLET,0
TXN000680,2026-08-06 12:17:00,SUCCESS,00,750,CARD,0
TXN000681,2026-08-03 19:19:00,SUCCESS,00,100,NETBANKING,0
TXN000682,2026-09-02 01:59:00,SUCCESS,00,1000,UPI,0
TXN000683,2026-08-30 07:54:00,SUCCESS,00,2000,WALLET,0
TXN000684,2026-08-10 23:06:00,SUCCESS,00,750,UPI,0
TXN000685,2026-08-26 20:37:00,FAILED,51,1500,UPI,0
TXN000686,2026-08-22 06:03:00,SUCCESS,00,25000,UPI,0
TXN000687,2026-08-31 09:32:00,SUCCESS,00,1500,CARD,2
TXN000688,2026-08-30 16:13:00,SUCCESS,00,100,UPI,0
TXN000689,2026-08-28 01:18:00,SUCCESS,00,100,NETBANKING,1
TXN000690,2026-08-06 05:35:00,SUCCESS,00,750,NETBANKING,0
TXN000691,2026-08-08 16:27:00,SUCCESS,00,500,UPI,1
TXN000692,2026-08-02 18:33:00,SUCCESS,00,750,CARD,0
TXN000693,2026-08-19 03:06:00,SUCCESS,00,250,WALLET,0
TXN000694,2026-08-30 09:29:00,SUCCESS,00,100,UPI,0
TXN000695,2026-08-05 03:13:00,SUCCESS,00,5000,UPI,0
TXN000696,2026-08-19 15:16:00,SUCCESS,00,1500,CARD,0
TXN000697,2026-08-27 05:26:00,SUCCESS,00,250,CARD,0
TXN000698,2026-08-16 05:13:00,SUCCESS,00,2000,CARD,1
TXN000699,2026-08-10 12:13:00,SUCCESS,00,250,UPI,0
TXN000700,2026-08-09 23:33:00,SUCCESS,00,750,CARD,0
TXN000701,2026-08-29 07:08:00,SUCCESS,00,500,UPI,0
TXN000702,2026-08-25 11:57:00,SUCCESS,00,1500,UPI,0
TXN000703,2026-08-28 18:51:00,SUCCESS,00,500,CARD,0
TXN000704,2026-08-01 21:35:00,SUCCESS,00,5000,UPI,0
TXN000705,2026-08-21 23:48:00,SUCCESS,00,10000,UPI,0
TXN000706,2026-08-26 01:07:00,SUCCESS,00,2000,UPI,0
TXN000707,2026-08-05 19:14:00,SUCCESS,00,750,CARD,1
TXN000708,2026-08-13 08:21:00,SUCCESS,00,5000,UPI,1
TXN000709,2026-08-13 00:03:00,SUCCESS,00,250,UPI,0
TXN000710,2026-08-18 07:05:00,SUCCESS,00,250,CARD,0
TXN000711,2026-08-22 22:29:00,SUCCESS,00,2500,CARD,0
TXN000712,2026-08-05 12:37:00,SUCCESS,00,750,UPI,0
TXN000713,2026-08-30 21:25:00,SUCCESS,00,2000,CARD,0
TXN000714,2026-08-03 02:54:00,SUCCESS,00,100,UPI,0
TXN000715,2026-08-10 11:37:00,SUCCESS,00,2000,UPI,1
TXN000716,2026-08-21 16:30:00,SUCCESS,00,5000,UPI,0
TXN000717,2026-08-13 04:44:00,SUCCESS,00,1000,UPI,0
TXN000718,2026-08-14 07:45:00,SUCCESS,00,500,CARD,0
TXN000719,2026-08-30 14:51:00,FAILED,51,500,NETBANKING,0
TXN000720,2026-08-07 15:38:00,SUCCESS,00,1000,NETBANKING,0
TXN000721,2026-08-19 10:05:00,SUCCESS,00,10000,NETBANKING,0
TXN000722,2026-08-23 04:42:00,SUCCESS,00,250,UPI,0
TXN000723,2026-08-20 12:59:00,SUCCESS,00,100,CARD,1
TXN000724,2026-08-06 16:21:00,SUCCESS,00,100,UPI,2
TXN000725,2026-08-21 08:15:00,SUCCESS,00,250,UPI,0
TXN000726,2026-08-07 06:59:00,SUCCESS,00,500,UPI,0
TXN000727,2026-08-10 22:17:00,SUCCESS,00,1000,UPI,0
TXN000728,2026-08-15 16:20:00,SUCCESS,00,500,UPI,0
TXN000729,2026-08-26 11:28:00,SUCCESS,00,500,CARD,0
TXN000730,2026-08-27 12:28:00,SUCCESS,00,500,CARD,0
TXN000731,2026-08-26 02:10:00,SUCCESS,00,500,WALLET,0
TXN000732,2026-08-09 06:41:00,SUCCESS,00,500,WALLET,0
TXN000733,2026-08-17 05:28:00,SUCCESS,00,2000,NETBANKING,0
TXN000734,2026-09-03 12:29:00,SUCCESS,00,250,WALLET,0
TXN000735,2026-09-02 20:39:00,SUCCESS,00,500,UPI,0
TXN000736,2026-08-25 20:35:00,FAILED,51,1500,CARD,1
TXN000737,2026-08-09 11:49:00,SUCCESS,00,1000,UPI,0
TXN000738,2026-08-19 08:01:00,SUCCESS,00,1000,CARD,0
TXN000739,2026-08-31 11:49:00,SUCCESS,00,100,CARD,0
TXN000740,2026-08-07 17:17:00,SUCCESS,00,500,NETBANKING,0
TXN000741,2026-08-06 08:27:00,SUCCESS,00,750,WALLET,0
TXN000742,2026-08-01 02:39:00,FAILED,51,1000,WALLET,0
TXN000743,2026-08-14 20:37:00,SUCCESS,00,100,CARD,1
TXN000744,2026-09-02 09:58:00,SUCCESS,00,25000,CARD,1
TXN000745,2026-08-19 14:42:00,SUCCESS,00,250,UPI,0
TXN000746,2026-08-16 23:51:00,SUCCESS,00,250,CARD,0
TXN000747,2026-08-02 09:24:00,SUCCESS,00,500,UPI,1
TXN000748,2026-08-10 13:36:00,SUCCESS,00,100,UPI,0
TXN000749,2026-08-08 14:19:00,FAILED,51,500,CARD,0
TXN000750,2026-09-03 10:56:00,SUCCESS,00,2000,UPI,0
TXN000751,2026-08-12 11:37:00,SUCCESS,00,750,UPI,0
TXN000752,2026-08-09 05:20:00,SUCCESS,00,100,UPI,0
TXN000753,2026-08-20 21:16:00,SUCCESS,00,500,CARD,0
TXN000754,2026-08-14 09:28:00,SUCCESS,00,1500,NETBANKING,0
TXN000755,2026-08-12 02:23:00,SUCCESS,00,750,WALLET,0
TXN000756,2026-08-24 16:29:00,SUCCESS,00,250,UPI,0
TXN000757,2026-08-30 19:40:00,SUCCESS,00,1500,UPI,0
TXN000758,2026-08-29 07:19:00,SUCCESS,00,2000,CARD,0
TXN000759,2026-09-02 14:38:00,SUCCESS,00,500,NETBANKING,0
TXN000760,2026-08-23 17:34:00,SUCCESS,00,500,CARD,0
TXN000761,2026-08-25 03:32:00,SUCCESS,00,500,UPI,0
TXN000762,2026-08-10 11:31:00,SUCCESS,00,1000,CARD,0
TXN000763,2026-08-14 02:24:00,FAILED,51,500,CARD,0
TXN000764,2026-08-07 01:52:00,SUCCESS,00,1000,UPI,0
TXN000765,2026-08-26 01:05:00,SUCCESS,00,500,CARD,0
TXN000766,2026-08-01 22:35:00,SUCCESS,00,500,UPI,0
TXN000767,2026-08-28 08:50:00,SUCCESS,00,500,CARD,0
TXN000768,2026-08-17 06:58:00,FAILED,51,25000,NETBANKING,1
TXN000769,2026-08-22 09:07:00,SUCCESS,00,1000,NETBANKING,0
TXN000770,2026-08-20 03:12:00,SUCCESS,00,100,NETBANKING,0
TXN000771,2026-08-01 17:40:00,SUCCESS,00,250,WALLET,0
TXN000772,2026-08-06 12:55:00,FAILED,51,250,UPI,1
TXN000773,2026-08-10 08:21:00,SUCCESS,00,2500,UPI,0
TXN000774,2026-08-16 23:18:00,SUCCESS,00,1500,CARD,1
TXN000775,2026-08-15 02:06:00,SUCCESS,00,1000,UPI,0
TXN000776,2026-08-02 06:57:00,SUCCESS,00,500,UPI,1
TXN000777,2026-08-31 23:56:00,SUCCESS,00,500,UPI,0
TXN000778,2026-08-20 03:19:00,SUCCESS,00,500,WALLET,1
TXN000779,2026-08-02 06:57:00,SUCCESS,00,250,UPI,1
TXN000780,2026-08-17 18:24:00,SUCCESS,00,2000,CARD,1
TXN000781,2026-08-11 10:30:00,SUCCESS,00,2500,WALLET,0
TXN000782,2026-08-14 06:18:00,SUCCESS,00,5000,UPI,0
TXN000783,2026-08-10 03:04:00,SUCCESS,00,100,UPI,0
TXN000784,2026-08-27 22:14:00,SUCCESS,00,1000,WALLET,0
TXN000785,2026-08-21 14:53:00,SUCCESS,00,250,CARD,0
TXN000786,2026-08-17 03:38:00,SUCCESS,00,100,NETBANKING,0
TXN000787,2026-08-06 15:40:00,SUCCESS,00,1000,WALLET,1
TXN000788,2026-08-13 12:30:00,SUCCESS,00,250,UPI,1
TXN000789,2026-08-13 22:18:00,SUCCESS,00,750,CARD,0
TXN000790,2026-08-26 14:10:00,SUCCESS,00,2000,CARD,0
TXN000791,2026-08-01 02:55:00,SUCCESS,00,250,WALLET,0
TXN000792,2026-08-17 19:19:00,SUCCESS,00,500,CARD,0
TXN000793,2026-08-10 06:01:00,SUCCESS,00,100,NETBANKING,0
TXN000794,2026-08-18 13:54:00,FAILED,51,1500,UPI,0
TXN000795,2026-08-26 17:52:00,SUCCESS,00,10000,CARD,0
TXN000796,2026-08-26 01:43:00,SUCCESS,00,750,CARD,1
TXN000797,2026-08-07 15:02:00,SUCCESS,00,250,UPI,0
TXN000798,2026-08-02 14:15:00,SUCCESS,00,500,UPI,1
TXN000799,2026-09-04 03:56:00,SUCCESS,00,1000,CARD,0
TXN000800,2026-08-11 10:35:00,SUCCESS,00,250,CARD,0
TXN000801,2026-08-05 05:03:00,SUCCESS,00,750,UPI,0
TXN000802,2026-08-13 13:47:00,SUCCESS,00,100,UPI,2
TXN000803,2026-08-14 05:00:00,SUCCESS,00,250,CARD,1
TXN000804,2026-08-11 11:23:00,SUCCESS,00,1500,NETBANKING,0
TXN000805,2026-09-04 11:56:00,SUCCESS,00,2000,NETBANKING,0
TXN000806,2026-08-15 02:43:00,SUCCESS,00,2000,UPI,0
TXN000807,2026-08-05 19:58:00,FAILED,51,500,UPI,0
TXN000808,2026-08-25 13:38:00,SUCCESS,00,2500,CARD,0
TXN000809,2026-09-02 00:34:00,SUCCESS,00,500,UPI,0
TXN000810,2026-08-29 16:37:00,SUCCESS,00,250,CARD,0
TXN000811,2026-08-20 06:52:00,SUCCESS,00,750,UPI,1
TXN000812,2026-09-04 17:13:00,SUCCESS,00,250,CARD,1
TXN000813,2026-09-04 21:24:00,SUCCESS,00,1500,WALLET,0
TXN000814,2026-08-15 19:58:00,SUCCESS,00,500,UPI,0
TXN000815,2026-08-06 14:26:00,SUCCESS,00,1000,CARD,0
TXN000816,2026-08-24 07:33:00,SUCCESS,00,750,UPI,0
TXN000817,2026-08-27 22:03:00,SUCCESS,00,750,NETBANKING,0
TXN000818,2026-08-10 07:23:00,SUCCESS,00,1000,UPI,0
TXN000819,2026-08-26 20:19:00,SUCCESS,00,750,UPI,0
TXN000820,2026-08-19 22:49:00,SUCCESS,00,1500,CARD,0
TXN000821,2026-08-05 05:10:00,SUCCESS,00,100,WALLET,0
TXN000822,2026-08-01 03:14:00,SUCCESS,00,1500,CARD,0
TXN000823,2026-08-24 22:36:00,SUCCESS,00,750,WALLET,0
TXN000824,2026-08-08 19:18:00,SUCCESS,00,500,CARD,1
TXN000825,2026-08-15 10:26:00,SUCCESS,00,1000,UPI,0
TXN000826,2026-08-13 09:29:00,SUCCESS,00,750,NETBANKING,0
TXN000827,2026-08-21 14:34:00,SUCCESS,00,1500,UPI,0
TXN000828,2026-08-23 16:30:00,SUCCESS,00,1000,CARD,3
TXN000829,2026-08-15 10:01:00,SUCCESS,00,1500,WALLET,0
TXN000830,2026-08-26 01:07:00,FAILED,51,2500,UPI,0
TXN000831,2026-08-09 23:22:00,SUCCESS,00,250,UPI,0
TXN000832,2026-08-02 15:08:00,SUCCESS,00,250,UPI,0
TXN000833,2026-09-04 16:35:00,SUCCESS,00,1500,CARD,0
TXN000834,2026-08-16 22:06:00,SUCCESS,00,10000,NETBANKING,1
TXN000835,2026-08-03 18:04:00,SUCCESS,00,1500,UPI,0
TXN000836,2026-08-13 12:44:00,SUCCESS,00,100,CARD,1
TXN000837,2026-08-06 13:39:00,SUCCESS,00,2500,CARD,0
TXN000838,2026-08-29 13:49:00,SUCCESS,00,2500,WALLET,0
TXN000839,2026-08-08 13:46:00,SUCCESS,00,750,UPI,0
TXN000840,2026-08-02 12:32:00,SUCCESS,00,250,UPI,0
TXN000841,2026-08-16 15:59:00,SUCCESS,00,500,WALLET,0
TXN000842,2026-08-15 16:04:00,SUCCESS,00,500,CARD,0
TXN000843,2026-08-29 11:36:00,SUCCESS,00,750,NETBANKING,0
TXN000844,2026-08-18 20:56:00,SUCCESS,00,2500,NETBANKING,0
TXN000845,2026-08-29 13:00:00,SUCCESS,00,2000,WALLET,0
TXN000846,2026-08-24 06:06:00,SUCCESS,00,750,UPI,0
TXN000847,2026-08-15 03:42:00,SUCCESS,00,1000,CARD,0
TXN000848,2026-08-11 09:30:00,SUCCESS,00,2000,UPI,0
TXN000849,2026-09-01 09:17:00,SUCCESS,00,750,UPI,0
TXN000850,2026-08-02 13:53:00,SUCCESS,00,100,UPI,1
TXN000851,2026-08-24 20:16:00,SUCCESS,00,5000,CARD,0
TXN000852,2026-08-02 04:35:00,SUCCESS,00,5000,CARD,0
TXN000853,2026-08-16 13:53:00,SUCCESS,00,250,WALLET,0
TXN000854,2026-08-29 05:07:00,SUCCESS,00,750,WALLET,0
TXN000855,2026-09-01 04:38:00,SUCCESS,00,250,CARD,0
TXN000856,2026-08-01 10:01:00,SUCCESS,00,25000,UPI,0
TXN000857,2026-08-08 21:47:00,SUCCESS,00,2000,UPI,0
TXN000858,2026-09-02 12:40:00,SUCCESS,00,250,UPI,1
TXN000859,2026-08-31 23:34:00,FAILED,51,1000,UPI,0
TXN000860,2026-09-02 08:58:00,SUCCESS,00,750,CARD,0
TXN000861,2026-08-06 17:46:00,SUCCESS,00,2000,UPI,0
TXN000862,2026-09-01 08:36:00,SUCCESS,00,250,UPI,0
TXN000863,2026-08-27 13:18:00,SUCCESS,00,2500,WALLET,0
TXN000864,2026-08-20 06:59:00,SUCCESS,00,1500,UPI,0
TXN000865,2026-08-09 09:35:00,SUCCESS,00,100,CARD,1
TXN000866,2026-08-24 09:09:00,SUCCESS,00,500,UPI,1
TXN000867,2026-08-26 09:44:00,SUCCESS,00,5000,WALLET,0
TXN000868,2026-09-04 19:15:00,SUCCESS,00,1000,UPI,0
TXN000869,2026-08-03 18:25:00,SUCCESS,00,1000,CARD,1
TXN000870,2026-09-02 05:32:00,SUCCESS,00,250,UPI,0
TXN000871,2026-08-22 06:36:00,SUCCESS,00,2500,WALLET,0
TXN000872,2026-09-04 19:27:00,SUCCESS,00,500,WALLET,1
TXN000873,2026-08-26 13:38:00,SUCCESS,00,2500,UPI,0
TXN000874,2026-09-02 21:18:00,SUCCESS,00,1500,NETBANKING,2
TXN000875,2026-08-10 08:12:00,SUCCESS,00,500,CARD,2
TXN000876,2026-08-14 14:49:00,SUCCESS,00,250,UPI,0
TXN000877,2026-09-02 19:51:00,SUCCESS,00,1500,UPI,0
TXN000878,2026-08-15 15:57:00,SUCCESS,00,100,NETBANKING,0
TXN000879,2026-08-13 14:14:00,SUCCESS,00,250,UPI,0
TXN000880,2026-08-30 21:30:00,SUCCESS,00,5000,UPI,1
TXN000881,2026-08-10 22:56:00,SUCCESS,00,1000,UPI,0
TXN000882,2026-08-20 07:34:00,SUCCESS,00,1500,CARD,0
TXN000883,2026-08-26 21:30:00,SUCCESS,00,2500,WALLET,0
TXN000884,2026-08-16 00:08:00,SUCCESS,00,250,UPI,1
TXN000885,2026-09-01 01:30:00,SUCCESS,00,1000,UPI,0
TXN000886,2026-08-10 08:17:00,SUCCESS,00,750,UPI,0
TXN000887,2026-08-04 23:56:00,SUCCESS,00,1000,UPI,0
TXN000888,2026-08-16 02:01:00,SUCCESS,00,25000,NETBANKING,0
TXN000889,2026-09-03 07:37:00,SUCCESS,00,1500,UPI,1
TXN000890,2026-08-09 02:05:00,SUCCESS,00,500,NETBANKING,0
TXN000891,2026-08-07 03:50:00,SUCCESS,00,250,NETBANKING,1
TXN000892,2026-08-26 01:34:00,SUCCESS,00,2000,UPI,1
TXN000893,2026-09-04 12:43:00,SUCCESS,00,100,CARD,0
TXN000894,2026-08-25 14:30:00,SUCCESS,00,2500,WALLET,0
TXN000895,2026-08-25 01:43:00,SUCCESS,00,500,CARD,0
TXN000896,2026-08-16 23:14:00,SUCCESS,00,250,UPI,0
TXN000897,2026-08-18 23:37:00,SUCCESS,00,2000,CARD,0
TXN000898,2026-08-01 10:29:00,SUCCESS,00,1000,NETBANKING,0
TXN000899,2026-08-12 22:48:00,SUCCESS,00,1000,UPI,0
TXN000900,2026-08-01 08:08:00,SUCCESS,00,10000,CARD,0
TXN000901,2026-08-13 15:21:00,SUCCESS,00,10000,UPI,0
TXN000902,2026-08-23 04:37:00,SUCCESS,00,250,UPI,1
TXN000903,2026-08-19 10:56:00,SUCCESS,00,500,UPI,1
TXN000904,2026-08-08 18:18:00,SUCCESS,00,2000,CARD,0
TXN000905,2026-08-20 07:43:00,SUCCESS,00,250,UPI,1
TXN000906,2026-08-16 10:37:00,SUCCESS,00,2000,WALLET,0
TXN000907,2026-08-11 12:30:00,SUCCESS,00,500,CARD,0
TXN000908,2026-08-14 11:24:00,SUCCESS,00,1000,CARD,0
TXN000909,2026-08-27 16:03:00,SUCCESS,00,500,UPI,0
TXN000910,2026-08-09 18:48:00,SUCCESS,00,250,CARD,0
TXN000911,2026-08-31 12:21:00,SUCCESS,00,1500,CARD,0
TXN000912,2026-08-29 23:47:00,SUCCESS,00,500,UPI,1
TXN000913,2026-08-01 09:17:00,SUCCESS,00,250,CARD,0
TXN000914,2026-08-05 13:19:00,SUCCESS,00,500,UPI,0
TXN000915,2026-08-06 06:44:00,SUCCESS,00,500,UPI,1
TXN000916,2026-08-03 15:45:00,SUCCESS,00,1500,WALLET,0
TXN000917,2026-08-05 10:57:00,SUCCESS,00,1500,UPI,0
TXN000918,2026-08-09 14:50:00,SUCCESS,00,250,NETBANKING,0
TXN000919,2026-08-28 17:48:00,SUCCESS,00,750,UPI,0
TXN000920,2026-08-13 00:41:00,SUCCESS,00,750,UPI,0
TXN000921,2026-08-28 13:03:00,FAILED,51,1500,UPI,0
TXN000922,2026-08-29 02:13:00,SUCCESS,00,750,UPI,0
TXN000923,2026-08-13 17:07:00,SUCCESS,00,250,UPI,0
TXN000924,2026-08-28 11:22:00,SUCCESS,00,1000,UPI,0
TXN000925,2026-08-30 23:32:00,SUCCESS,00,2000,CARD,0
TXN000926,2026-08-10 10:47:00,SUCCESS,00,250,UPI,0
TXN000927,2026-08-15 18:01:00,SUCCESS,00,2000,UPI,1
TXN000928,2026-08-07 06:52:00,SUCCESS,00,750,CARD,0
TXN000929,2026-08-09 02:08:00,SUCCESS,00,1000,CARD,0
TXN000930,2026-08-20 13:58:00,SUCCESS,00,1000,CARD,0
TXN000931,2026-08-08 10:29:00,SUCCESS,00,2000,UPI,0
TXN000932,2026-08-21 12:34:00,SUCCESS,00,10000,WALLET,1
TXN000933,2026-08-26 19:45:00,SUCCESS,00,2500,CARD,1
TXN000934,2026-08-20 21:07:00,SUCCESS,00,500,UPI,0
TXN000935,2026-08-06 03:47:00,SUCCESS,00,1000,UPI,0
TXN000936,2026-08-06 05:57:00,SUCCESS,00,250,UPI,1
TXN000937,2026-08-01 20:29:00,SUCCESS,00,2500,UPI,0
TXN000938,2026-08-02 08:47:00,SUCCESS,00,2500,CARD,0
TXN000939,2026-08-05 04:36:00,SUCCESS,00,1500,CARD,1
TXN000940,2026-08-08 14:28:00,SUCCESS,00,1500,NETBANKING,0
TXN000941,2026-08-25 09:24:00,SUCCESS,00,250,UPI,1
TXN000942,2026-08-10 08:28:00,SUCCESS,00,500,UPI,0
TXN000943,2026-08-24 07:55:00,SUCCESS,00,2000,NETBANKING,0
TXN000944,2026-08-31 13:10:00,FAILED,51,500,WALLET,0
TXN000945,2026-08-21 17:46:00,SUCCESS,00,250,WALLET,0
TXN000946,2026-08-16 08:22:00,SUCCESS,00,1500,UPI,0
TXN000947,2026-08-20 19:46:00,SUCCESS,00,1500,UPI,0
TXN000948,2026-08-15 14:17:00,SUCCESS,00,250,UPI,0
TXN000949,2026-08-03 21:36:00,SUCCESS,00,500,UPI,0
TXN000950,2026-08-18 14:06:00,SUCCESS,00,1000,NETBANKING,0
TXN000951,2026-08-29 19:07:00,SUCCESS,00,500,UPI,0
TXN000952,2026-08-24 03:42:00,SUCCESS,00,750,UPI,0
TXN000953,2026-08-08 14:07:00,SUCCESS,00,2500,CARD,0
TXN000954,2026-08-29 21:38:00,SUCCESS,00,25000,UPI,1
TXN000955,2026-08-04 05:32:00,SUCCESS,00,500,WALLET,1
TXN000956,2026-08-01 12:40:00,SUCCESS,00,500,UPI,0
TXN000957,2026-08-10 15:30:00,SUCCESS,00,1000,UPI,1
TXN000958,2026-08-07 07:49:00,SUCCESS,00,5000,NETBANKING,0
TXN000959,2026-08-05 13:01:00,SUCCESS,00,500,UPI,0
TXN000960,2026-08-30 20:42:00,SUCCESS,00,750,UPI,0
TXN000961,2026-08-02 05:00:00,SUCCESS,00,750,CARD,0
TXN000962,2026-09-04 10:58:00,SUCCESS,00,10000,CARD,0
TXN000963,2026-08-24 19:56:00,SUCCESS,00,2000,UPI,0
TXN000964,2026-08-29 13:40:00,SUCCESS,00,1000,UPI,0
TXN000965,2026-08-08 08:15:00,SUCCESS,00,1000,UPI,0
TXN000966,2026-08-27 06:15:00,SUCCESS,00,750,CARD,0
TXN000967,2026-08-10 11:40:00,SUCCESS,00,1500,UPI,0
TXN000968,2026-08-06 15:52:00,SUCCESS,00,750,WALLET,1
TXN000969,2026-09-02 19:01:00,SUCCESS,00,750,CARD,0
TXN000970,2026-08-02 14:17:00,SUCCESS,00,5000,UPI,1
TXN000971,2026-08-28 05:06:00,SUCCESS,00,2000,WALLET,1
TXN000972,2026-08-14 19:48:00,SUCCESS,00,750,UPI,0
TXN000973,2026-08-28 04:08:00,SUCCESS,00,500,UPI,3
TXN000974,2026-08-04 19:43:00,SUCCESS,00,100,UPI,0
TXN000975,2026-08-12 16:14:00,SUCCESS,00,1500,UPI,3
TXN000976,2026-08-09 13:24:00,SUCCESS,00,5000,CARD,0
TXN000977,2026-08-07 14:26:00,SUCCESS,00,250,UPI,0
TXN000978,2026-08-12 05:39:00,SUCCESS,00,1500,UPI,0
TXN000979,2026-08-08 15:54:00,SUCCESS,00,100,WALLET,0
TXN000980,2026-09-02 10:06:00,SUCCESS,00,100,NETBANKING,0
TXN000981,2026-08-02 18:28:00,SUCCESS,00,25000,WALLET,0
TXN000982,2026-08-08 15:50:00,SUCCESS,00,1500,NETBANKING,0
TXN000983,2026-08-30 12:28:00,SUCCESS,00,500,NETBANKING,0
TXN000984,2026-08-04 16:21:00,SUCCESS,00,250,CARD,0
TXN000985,2026-08-06 00:16:00,SUCCESS,00,100,NETBANKING,0
TXN000986,2026-08-02 15:41:00,SUCCESS,00,100,UPI,0
TXN000987,2026-08-23 14:34:00,SUCCESS,00,1000,UPI,0
TXN000988,2026-08-26 16:55:00,SUCCESS,00,2500,UPI,0
TXN000989,2026-08-20 22:35:00,SUCCESS,00,25000,UPI,0
TXN000990,2026-08-15 06:29:00,SUCCESS,00,250,NETBANKING,0
TXN000991,2026-08-20 10:51:00,SUCCESS,00,1000,WALLET,0
TXN000992,2026-08-27 04:30:00,SUCCESS,00,5000,CARD,0
TXN000993,2026-08-07 01:47:00,SUCCESS,00,1000,NETBANKING,0
TXN000994,2026-08-23 19:33:00,SUCCESS,00,1500,CARD,0
TXN000995,2026-08-02 19:43:00,FAILED,51,500,CARD,0
TXN000996,2026-08-12 22:21:00,SUCCESS,00,100,WALLET,0
TXN000997,2026-08-26 00:08:00,SUCCESS,00,2500,CARD,0
TXN000998,2026-08-07 05:11:00,SUCCESS,00,750,NETBANKING,0
TXN000999,2026-08-14 04:43:00,SUCCESS,00,1000,CARD,0
TXN001000,2026-08-28 01:10:00,SUCCESS,00,250,UPI,0
TXN001001,2026-08-30 01:22:00,SUCCESS,00,250,WALLET,0
TXN001002,2026-09-01 02:43:00,SUCCESS,00,500,UPI,1
TXN001003,2026-09-04 03:37:00,SUCCESS,00,2000,CARD,0
TXN001004,2026-08-28 06:05:00,SUCCESS,00,100,CARD,0
TXN001005,2026-08-16 22:25:00,SUCCESS,00,1000,UPI,0
TXN001006,2026-08-19 10:01:00,SUCCESS,00,2000,UPI,0
TXN001007,2026-09-03 13:04:00,SUCCESS,00,100,CARD,0
TXN001008,2026-08-17 02:48:00,SUCCESS,00,750,WALLET,1
TXN001009,2026-08-02 08:34:00,SUCCESS,00,1000,UPI,0
TXN001010,2026-08-23 16:34:00,SUCCESS,00,1000,UPI,0
TXN001011,2026-09-04 19:31:00,SUCCESS,00,1000,UPI,0
TXN001012,2026-08-27 01:30:00,SUCCESS,00,500,CARD,0
TXN001013,2026-08-19 00:29:00,SUCCESS,00,100,CARD,0
TXN001014,2026-08-04 15:46:00,SUCCESS,00,1500,UPI,0
TXN001015,2026-09-04 08:42:00,SUCCESS,00,250,CARD,0
TXN001016,2026-08-31 18:38:00,SUCCESS,00,5000,UPI,0
TXN001017,2026-08-27 04:30:00,FAILED,51,1500,UPI,1
TXN001018,2026-08-26 10:29:00,SUCCESS,00,2000,CARD,1
TXN001019,2026-08-18 19:08:00,SUCCESS,00,100,NETBANKING,1
TXN001020,2026-08-16 08:23:00,SUCCESS,00,1500,UPI,0
TXN001021,2026-08-30 23:53:00,SUCCESS,00,2500,UPI,0
TXN001022,2026-08-06 16:06:00,SUCCESS,00,500,CARD,0
TXN001023,2026-08-26 09:28:00,SUCCESS,00,100,UPI,0
TXN001024,2026-08-30 16:40:00,FAILED,51,1000,UPI,0
TXN001025,2026-08-18 12:09:00,SUCCESS,00,10000,UPI,0
TXN001026,2026-08-16 05:50:00,SUCCESS,00,500,NETBANKING,0
TXN001027,2026-08-02 16:27:00,SUCCESS,00,1500,UPI,1
TXN001028,2026-08-01 04:09:00,SUCCESS,00,500,UPI,1
TXN001029,2026-08-27 02:28:00,SUCCESS,00,1000,UPI,0
TXN001030,2026-08-29 05:02:00,SUCCESS,00,2500,WALLET,0
TXN001031,2026-09-02 13:58:00,SUCCESS,00,100,NETBANKING,0
TXN001032,2026-08-03 21:38:00,SUCCESS,00,500,UPI,0
TXN001033,2026-08-27 11:14:00,SUCCESS,00,2000,CARD,0
TXN001034,2026-08-30 04:02:00,SUCCESS,00,250,UPI,1
TXN001035,2026-08-12 09:30:00,SUCCESS,00,100,UPI,0
TXN001036,2026-08-12 10:12:00,SUCCESS,00,100,CARD,0
TXN001037,2026-08-04 07:32:00,SUCCESS,00,100,UPI,0
TXN001038,2026-08-30 10:24:00,SUCCESS,00,5000,UPI,0
TXN001039,2026-08-15 13:25:00,FAILED,51,100,NETBANKING,0
TXN001040,2026-08-20 22:02:00,SUCCESS,00,1000,UPI,0
TXN001041,2026-08-17 13:01:00,SUCCESS,00,500,CARD,0
TXN001042,2026-08-15 19:45:00,SUCCESS,00,750,UPI,0
TXN001043,2026-08-13 14:20:00,SUCCESS,00,100,WALLET,0
TXN001044,2026-09-03 11:01:00,SUCCESS,00,250,UPI,0
TXN001045,2026-08-27 08:35:00,SUCCESS,00,5000,UPI,0
TXN001046,2026-08-13 02:38:00,SUCCESS,00,5000,CARD,0
TXN001047,2026-08-21 09:04:00,SUCCESS,00,2500,UPI,0
TXN001048,2026-08-23 12:10:00,SUCCESS,00,2500,UPI,0
TXN001049,2026-08-27 06:12:00,SUCCESS,00,2000,UPI,0
TXN001050,2026-08-14 06:41:00,SUCCESS,00,500,UPI,0
TXN001051,2026-08-01 15:48:00,SUCCESS,00,2000,UPI,0
TXN001052,2026-08-08 09:33:00,SUCCESS,00,750,CARD,0
TXN001053,2026-08-03 16:49:00,SUCCESS,00,100,WALLET,0
TXN001054,2026-09-02 12:26:00,SUCCESS,00,500,WALLET,0
TXN001055,2026-09-04 13:58:00,SUCCESS,00,25000,UPI,0
TXN001056,2026-08-18 04:26:00,SUCCESS,00,500,UPI,0
TXN001057,2026-08-20 18:14:00,SUCCESS,00,1500,CARD,0
TXN001058,2026-08-03 17:42:00,SUCCESS,00,500,UPI,2
TXN001059,2026-08-26 09:03:00,SUCCESS,00,250,UPI,0
TXN001060,2026-08-23 18:23:00,SUCCESS,00,1000,NETBANKING,0
TXN001061,2026-08-19 18:28:00,SUCCESS,00,100,CARD,0
TXN001062,2026-08-01 01:04:00,SUCCESS,00,100,CARD,2
TXN001063,2026-08-16 21:27:00,SUCCESS,00,750,NETBANKING,1
TXN001064,2026-09-01 18:05:00,SUCCESS,00,500,CARD,0
TXN001065,2026-08-19 00:57:00,FAILED,51,250,CARD,0
TXN001066,2026-08-06 16:29:00,SUCCESS,00,750,NETBANKING,0
TXN001067,2026-09-03 23:09:00,SUCCESS,00,250,UPI,0
TXN001068,2026-08-12 10:34:00,SUCCESS,00,5000,UPI,0
TXN001069,2026-08-16 06:17:00,SUCCESS,00,5000,UPI,0
TXN001070,2026-08-11 13:42:00,SUCCESS,00,100,UPI,1
TXN001071,2026-08-08 08:41:00,SUCCESS,00,1500,CARD,0
TXN001072,2026-09-02 05:29:00,SUCCESS,00,100,CARD,0
TXN001073,2026-08-13 07:07:00,SUCCESS,00,500,UPI,0
TXN001074,2026-08-19 20:56:00,SUCCESS,00,100,UPI,2
TXN001075,2026-08-08 16:45:00,SUCCESS,00,1500,UPI,0
TXN001076,2026-08-02 13:28:00,SUCCESS,00,100,UPI,0
TXN001077,2026-08-17 12:02:00,SUCCESS,00,100,UPI,1
TXN001078,2026-08-18 02:30:00,SUCCESS,00,1500,UPI,0
TXN001079,2026-08-20 18:36:00,SUCCESS,00,1500,UPI,0
TXN001080,2026-08-24 04:55:00,SUCCESS,00,1500,CARD,0
TXN001081,2026-08-12 17:09:00,SUCCESS,00,500,NETBANKING,0
TXN001082,2026-08-12 19:37:00,SUCCESS,00,500,UPI,0
TXN001083,2026-09-01 20:32:00,SUCCESS,00,500,WALLET,0
TXN001084,2026-08-03 07:50:00,SUCCESS,00,250,WALLET,0
TXN001085,2026-08-22 03:06:00,SUCCESS,00,500,NETBANKING,0
TXN001086,2026-08-30 13:06:00,SUCCESS,00,750,CARD,1
TXN001087,2026-08-30 14:37:00,SUCCESS,00,500,NETBANKING,0
TXN001088,2026-08-22 09:12:00,SUCCESS,00,1000,CARD,1
TXN001089,2026-08-21 00:51:00,SUCCESS,00,25000,CARD,0
TXN001090,2026-08-19 09:49:00,SUCCESS,00,250,NETBANKING,0
TXN001091,2026-08-14 13:47:00,SUCCESS,00,2500,NETBANKING,0
TXN001092,2026-08-26 01:54:00,SUCCESS,00,2000,UPI,1
TXN001093,2026-08-18 05:28:00,SUCCESS,00,1000,UPI,0
TXN001094,2026-08-19 22:12:00,FAILED,51,250,NETBANKING,0
TXN001095,2026-09-04 13:24:00,SUCCESS,00,250,CARD,0
TXN001096,2026-08-19 06:15:00,SUCCESS,00,100,UPI,0
TXN001097,2026-08-22 01:15:00,SUCCESS,00,250,CARD,0
TXN001098,2026-08-02 21:30:00,SUCCESS,00,500,UPI,1
TXN001099,2026-08-28 08:54:00,SUCCESS,00,1500,UPI,0
TXN001100,2026-09-03 19:09:00,SUCCESS,00,750,UPI,0
TXN001101,2026-08-22 13:55:00,SUCCESS,00,750,UPI,0
TXN001102,2026-08-18 07:16:00,SUCCESS,00,500,UPI,1
TXN001103,2026-08-22 15:47:00,SUCCESS,00,1000,WALLET,0
TXN001104,2026-08-28 15:39:00,SUCCESS,00,250,NETBANKING,0
TXN001105,2026-08-24 03:55:00,SUCCESS,00,100,WALLET,0
TXN001106,2026-08-09 06:05:00,SUCCESS,00,1000,UPI,0
TXN001107,2026-09-01 08:45:00,SUCCESS,00,10000,UPI,0
TXN001108,2026-09-04 18:31:00,SUCCESS,00,1000,UPI,0
TXN001109,2026-08-25 08:38:00,SUCCESS,00,1500,UPI,0
TXN001110,2026-08-03 23:11:00,SUCCESS,00,100,CARD,0
TXN001111,2026-08-23 20:54:00,SUCCESS,00,1000,UPI,2
TXN001112,2026-08-04 19:56:00,SUCCESS,00,750,CARD,1
TXN001113,2026-08-29 11:36:00,SUCCESS,00,10000,CARD,1
TXN001114,2026-08-08 12:57:00,SUCCESS,00,5000,CARD,0
TXN001115,2026-09-03 02:46:00,SUCCESS,00,2500,NETBANKING,0
TXN001116,2026-08-18 22:56:00,SUCCESS,00,500,NETBANKING,1
TXN001117,2026-08-08 20:08:00,SUCCESS,00,250,UPI,0
TXN001118,2026-08-22 05:34:00,SUCCESS,00,250,WALLET,0
TXN001119,2026-08-09 19:12:00,SUCCESS,00,750,UPI,0
TXN001120,2026-08-21 18:48:00,SUCCESS,00,5000,WALLET,0
TXN001121,2026-09-01 20:10:00,SUCCESS,00,1500,UPI,1
TXN001122,2026-08-22 14:42:00,SUCCESS,00,100,UPI,0
TXN001123,2026-09-01 13:09:00,SUCCESS,00,10000,UPI,1
TXN001124,2026-08-12 09:54:00,SUCCESS,00,750,UPI,0
TXN001125,2026-08-05 17:42:00,SUCCESS,00,250,UPI,0
TXN001126,2026-08-19 17:45:00,SUCCESS,00,250,NETBANKING,0
TXN001127,2026-08-05 04:04:00,SUCCESS,00,5000,NETBANKING,0
TXN001128,2026-08-20 15:52:00,SUCCESS,00,2500,NETBANKING,0
TXN001129,2026-08-01 03:07:00,SUCCESS,00,100,NETBANKING,0
TXN001130,2026-08-21 07:51:00,SUCCESS,00,250,CARD,0
TXN001131,2026-08-25 06:28:00,SUCCESS,00,250,CARD,0
TXN001132,2026-08-16 10:08:00,SUCCESS,00,100,UPI,0
TXN001133,2026-09-03 15:05:00,SUCCESS,00,100,CARD,0
TXN001134,2026-08-18 22:15:00,SUCCESS,00,2000,WALLET,0
TXN001135,2026-09-04 22:43:00,SUCCESS,00,500,UPI,0
TXN001136,2026-09-03 20:14:00,SUCCESS,00,5000,WALLET,0
TXN001137,2026-08-08 18:47:00,SUCCESS,00,2000,UPI,0
TXN001138,2026-08-08 04:37:00,SUCCESS,00,750,NETBANKING,0
TXN001139,2026-08-01 05:19:00,FAILED,51,100,UPI,0
TXN001140,2026-08-10 11:58:00,SUCCESS,00,250,CARD,0
TXN001141,2026-08-23 02:52:00,SUCCESS,00,500,UPI,0
TXN001142,2026-08-05 05:10:00,SUCCESS,00,2000,UPI,0
TXN001143,2026-08-11 22:08:00,SUCCESS,00,1500,UPI,0
TXN001144,2026-09-03 02:20:00,SUCCESS,00,500,CARD,0
TXN001145,2026-08-22 06:19:00,SUCCESS,00,2000,UPI,0
TXN001146,2026-08-19 02:54:00,SUCCESS,00,1000,UPI,0
TXN001147,2026-08-12 13:03:00,SUCCESS,00,2000,UPI,0
TXN001148,2026-08-23 01:24:00,SUCCESS,00,750,WALLET,0
TXN001149,2026-08-09 07:52:00,SUCCESS,00,2000,UPI,0
TXN001150,2026-08-26 07:15:00,SUCCESS,00,500,NETBANKING,0
TXN001151,2026-09-03 03:59:00,SUCCESS,00,2000,UPI,1
TXN001152,2026-08-01 19:52:00,SUCCESS,00,2000,CARD,1
TXN001153,2026-08-22 14:20:00,SUCCESS,00,2000,UPI,2
TXN001154,2026-08-05 21:40:00,SUCCESS,00,2500,WALLET,0
TXN001155,2026-08-06 18:32:00,SUCCESS,00,1000,NETBANKING,0
TXN001156,2026-08-18 03:34:00,SUCCESS,00,10000,WALLET,0
TXN001157,2026-08-07 06:48:00,SUCCESS,00,10000,WALLET,1
TXN001158,2026-08-15 02:48:00,SUCCESS,00,750,UPI,1
TXN001159,2026-08-16 12:47:00,SUCCESS,00,750,UPI,0
TXN001160,2026-08-16 07:49:00,SUCCESS,00,250,CARD,0
TXN001161,2026-08-20 19:23:00,SUCCESS,00,2500,UPI,0
TXN001162,2026-08-12 18:16:00,SUCCESS,00,10000,NETBANKING,0
TXN001163,2026-08-25 21:50:00,SUCCESS,00,1500,NETBANKING,0
TXN001164,2026-08-20 09:03:00,SUCCESS,00,5000,UPI,1
TXN001165,2026-08-05 14:00:00,SUCCESS,00,250,UPI,1
TXN001166,2026-08-03 13:42:00,SUCCESS,00,500,WALLET,0
TXN001167,2026-08-15 02:56:00,SUCCESS,00,500,UPI,1
TXN001168,2026-08-20 10:54:00,SUCCESS,00,1000,UPI,0
TXN001169,2026-08-05 05:28:00,SUCCESS,00,10000,UPI,0
TXN001170,2026-09-04 14:59:00,SUCCESS,00,2000,UPI,0
TXN001171,2026-08-24 10:11:00,FAILED,51,2500,CARD,0
TXN001172,2026-09-02 03:26:00,SUCCESS,00,1500,UPI,0
TXN001173,2026-08-03 03:57:00,SUCCESS,00,750,NETBANKING,0
TXN001174,2026-08-02 10:14:00,SUCCESS,00,250,CARD,0
TXN001175,2026-08-01 04:11:00,SUCCESS,00,500,WALLET,0
TXN001176,2026-08-19 01:44:00,SUCCESS,00,2000,WALLET,1
TXN001177,2026-08-18 23:53:00,FAILED,51,250,UPI,0
TXN001178,2026-08-29 15:26:00,SUCCESS,00,250,UPI,0
TXN001179,2026-08-29 06:33:00,SUCCESS,00,1500,UPI,0
TXN001180,2026-09-02 06:06:00,FAILED,51,100,NETBANKING,0
TXN001181,2026-08-07 19:03:00,SUCCESS,00,5000,CARD,0
TXN001182,2026-08-20 21:02:00,SUCCESS,00,750,WALLET,0
TXN001183,2026-08-18 04:12:00,SUCCESS,00,100,CARD,0
TXN001184,2026-09-04 06:24:00,SUCCESS,00,250,UPI,0
TXN001185,2026-08-13 17:15:00,SUCCESS,00,250,UPI,0
TXN001186,2026-08-12 19:06:00,SUCCESS,00,750,UPI,0
TXN001187,2026-08-20 00:42:00,SUCCESS,00,100,WALLET,0
TXN001188,2026-08-13 06:02:00,SUCCESS,00,100,NETBANKING,0
TXN001189,2026-08-12 12:01:00,SUCCESS,00,750,CARD,0
TXN001190,2026-08-25 19:21:00,SUCCESS,00,250,CARD,0
TXN001191,2026-08-12 06:28:00,SUCCESS,00,100,CARD,0
TXN001192,2026-08-31 04:40:00,SUCCESS,00,250,UPI,0
TXN001193,2026-08-05 12:43:00,SUCCESS,00,10000,UPI,1
TXN001194,2026-08-11 05:35:00,SUCCESS,00,2500,CARD,0
TXN001195,2026-08-07 09:56:00,SUCCESS,00,2500,UPI,0
TXN001196,2026-08-07 12:38:00,SUCCESS,00,500,UPI,0
TXN001197,2026-08-18 08:04:00,SUCCESS,00,500,UPI,0
TXN001198,2026-08-19 13:03:00,SUCCESS,00,100,UPI,0
TXN001199,2026-08-03 07:53:00,SUCCESS,00,1500,UPI,0
TXN001200,2026-08-26 17:16:00,SUCCESS,00,250,UPI,0
TXN001201,2026-08-17 12:21:00,SUCCESS,00,2500,CARD,0
TXN001202,2026-08-29 14:09:00,SUCCESS,00,250,UPI,1
TXN001203,2026-08-12 09:57:00,SUCCESS,00,750,UPI,0
TXN001204,2026-08-29 16:47:00,SUCCESS,00,750,UPI,0
TXN001205,2026-08-27 12:21:00,SUCCESS,00,2000,WALLET,0
TXN001206,2026-08-07 22:52:00,SUCCESS,00,250,CARD,0
TXN001207,2026-09-02 12:18:00,SUCCESS,00,5000,NETBANKING,0
TXN001208,2026-08-07 01:56:00,SUCCESS,00,100,UPI,1
TXN001209,2026-08-03 00:58:00,SUCCESS,00,2500,NETBANKING,0
TXN001210,2026-08-12 22:52:00,SUCCESS,00,1500,UPI,0
TXN001211,2026-08-24 19:30:00,SUCCESS,00,100,NETBANKING,0
TXN001212,2026-08-29 06:33:00,SUCCESS,00,500,NETBANKING,0
TXN001213,2026-08-14 08:20:00,SUCCESS,00,1000,NETBANKING,0
TXN001214,2026-08-28 04:20:00,SUCCESS,00,100,CARD,0
TXN001215,2026-08-25 23:37:00,SUCCESS,00,500,CARD,0
TXN001216,2026-08-11 16:52:00,SUCCESS,00,500,NETBANKING,0
TXN001217,2026-08-04 07:48:00,SUCCESS,00,250,UPI,0
TXN001218,2026-08-19 08:44:00,SUCCESS,00,2000,CARD,0
TXN001219,2026-08-23 09:50:00,SUCCESS,00,250,CARD,0
TXN001220,2026-08-14 23:51:00,SUCCESS,00,1000,CARD,0
TXN001221,2026-08-11 13:48:00,SUCCESS,00,750,CARD,0
TXN001222,2026-08-26 13:39:00,SUCCESS,00,250,UPI,0
TXN001223,2026-08-30 02:36:00,SUCCESS,00,5000,UPI,0
TXN001224,2026-08-22 06:11:00,SUCCESS,00,500,UPI,1
TXN001225,2026-09-03 00:03:00,SUCCESS,00,500,CARD,0
TXN001226,2026-08-03 08:46:00,SUCCESS,00,100,UPI,0
TXN001227,2026-08-12 09:35:00,SUCCESS,00,250,NETBANKING,0
TXN001228,2026-09-02 23:32:00,SUCCESS,00,500,NETBANKING,0
TXN001229,2026-08-06 15:31:00,SUCCESS,00,750,UPI,0
TXN001230,2026-08-08 04:04:00,SUCCESS,00,1000,UPI,0
TXN001231,2026-08-28 01:49:00,SUCCESS,00,1000,CARD,0
TXN001232,2026-08-31 06:31:00,SUCCESS,00,500,NETBANKING,0
TXN001233,2026-08-15 07:32:00,SUCCESS,00,1000,UPI,0
TXN001234,2026-08-01 12:07:00,SUCCESS,00,500,UPI,0
TXN001235,2026-08-02 12:53:00,SUCCESS,00,1500,CARD,0
TXN001236,2026-09-04 22:29:00,FAILED,51,2000,CARD,0
TXN001237,2026-08-13 06:05:00,SUCCESS,00,1000,UPI,0
TXN001238,2026-08-17 06:51:00,SUCCESS,00,2500,NETBANKING,0
TXN001239,2026-08-24 08:11:00,SUCCESS,00,100,UPI,0
TXN001240,2026-09-01 10:31:00,SUCCESS,00,100,WALLET,0
TXN001241,2026-08-30 04:55:00,SUCCESS,00,25000,UPI,0
TXN001242,2026-09-04 05:54:00,SUCCESS,00,100,NETBANKING,0
TXN001243,2026-09-01 14:57:00,SUCCESS,00,750,UPI,0
TXN001244,2026-08-16 12:09:00,SUCCESS,00,500,UPI,0
TXN001245,2026-08-02 03:36:00,SUCCESS,00,5000,UPI,0
TXN001246,2026-08-16 19:58:00,SUCCESS,00,2000,UPI,0
TXN001247,2026-08-17 20:33:00,FAILED,51,500,CARD,0
TXN001248,2026-08-04 14:31:00,FAILED,51,1500,CARD,0
TXN001249,2026-09-02 19:53:00,SUCCESS,00,25000,WALLET,0
TXN001250,2026-08-03 12:37:00,SUCCESS,00,2000,UPI,0
TXN001251,2026-08-22 03:27:00,SUCCESS,00,750,CARD,0
TXN001252,2026-08-15 07:34:00,SUCCESS,00,1000,NETBANKING,0
TXN001253,2026-08-17 10:30:00,SUCCESS,00,2500,UPI,0
TXN001254,2026-08-27 05:37:00,SUCCESS,00,2500,WALLET,0
TXN001255,2026-08-15 02:59:00,SUCCESS,00,1000,UPI,0
TXN001256,2026-08-16 04:59:00,SUCCESS,00,1000,CARD,0
TXN001257,2026-08-05 11:52:00,SUCCESS,00,100,NETBANKING,0
TXN001258,2026-08-11 11:49:00,SUCCESS,00,750,UPI,0
TXN001259,2026-08-12 23:31:00,SUCCESS,00,2500,CARD,0
TXN001260,2026-09-04 12:31:00,SUCCESS,00,750,WALLET,0
TXN001261,2026-08-15 07:06:00,SUCCESS,00,1500,CARD,0
TXN001262,2026-08-27 12:35:00,SUCCESS,00,25000,NETBANKING,0
TXN001263,2026-08-21 10:24:00,SUCCESS,00,250,CARD,0
TXN001264,2026-08-04 10:39:00,SUCCESS,00,1500,NETBANKING,0
TXN001265,2026-09-01 12:53:00,SUCCESS,00,100,UPI,0
TXN001266,2026-08-07 06:40:00,SUCCESS,00,100,UPI,0
TXN001267,2026-08-11 04:52:00,SUCCESS,00,250,UPI,0
TXN001268,2026-08-14 04:42:00,SUCCESS,00,500,NETBANKING,0
TXN001269,2026-08-15 11:32:00,SUCCESS,00,100,UPI,1
TXN001270,2026-08-18 12:33:00,SUCCESS,00,2500,UPI,0
TXN001271,2026-08-28 18:12:00,SUCCESS,00,750,UPI,0
TXN001272,2026-08-15 23:48:00,SUCCESS,00,250,CARD,0
TXN001273,2026-08-25 01:50:00,SUCCESS,00,1000,CARD,0
TXN001274,2026-08-14 07:31:00,SUCCESS,00,1000,UPI,0
TXN001275,2026-08-18 00:46:00,SUCCESS,00,5000,UPI,0
TXN001276,2026-09-03 07:51:00,SUCCESS,00,250,UPI,1
TXN001277,2026-08-18 19:00:00,SUCCESS,00,750,WALLET,1
TXN001278,2026-08-04 20:49:00,SUCCESS,00,1000,NETBANKING,0
TXN001279,2026-08-05 19:38:00,SUCCESS,00,500,UPI,0
TXN001280,2026-08-02 04:03:00,SUCCESS,00,1500,CARD,0
TXN001281,2026-08-04 21:27:00,FAILED,51,1000,UPI,0
TXN001282,2026-09-04 14:05:00,SUCCESS,00,250,CARD,2
TXN001283,2026-08-26 10:42:00,SUCCESS,00,2000,UPI,1
TXN001284,2026-08-21 07:26:00,SUCCESS,00,250,NETBANKING,0
TXN001285,2026-08-23 10:57:00,SUCCESS,00,2500,NETBANKING,0
TXN001286,2026-08-28 20:25:00,SUCCESS,00,1000,UPI,0
TXN001287,2026-08-09 22:02:00,SUCCESS,00,2500,CARD,0
TXN001288,2026-08-23 22:01:00,SUCCESS,00,500,UPI,0
TXN001289,2026-08-11 03:01:00,SUCCESS,00,100,UPI,0
TXN001290,2026-08-20 14:54:00,SUCCESS,00,1000,UPI,0
TXN001291,2026-08-14 12:10:00,SUCCESS,00,500,UPI,0
TXN001292,2026-08-11 23:03:00,SUCCESS,00,750,UPI,0
TXN001293,2026-08-26 06:19:00,FAILED,51,250,UPI,0
TXN001294,2026-08-13 08:02:00,SUCCESS,00,100,UPI,1
TXN001295,2026-08-19 12:41:00,SUCCESS,00,1000,NETBANKING,0
TXN001296,2026-08-30 16:39:00,SUCCESS,00,5000,UPI,0
TXN001297,2026-08-07 09:32:00,SUCCESS,00,1500,UPI,0
TXN001298,2026-08-14 21:34:00,SUCCESS,00,250,UPI,0
TXN001299,2026-08-22 05:17:00,SUCCESS,00,10000,WALLET,0
TXN001300,2026-09-01 09:43:00,SUCCESS,00,1500,CARD,0
TXN001301,2026-08-26 01:20:00,SUCCESS,00,750,UPI,1
TXN001302,2026-08-01 09:09:00,SUCCESS,00,750,WALLET,0
TXN001303,2026-08-01 13:45:00,SUCCESS,00,750,NETBANKING,0
TXN001304,2026-08-11 02:38:00,SUCCESS,00,1000,UPI,0
TXN001305,2026-08-31 04:05:00,SUCCESS,00,1000,CARD,0
TXN001306,2026-08-26 11:11:00,SUCCESS,00,5000,UPI,0
TXN001307,2026-08-11 17:58:00,SUCCESS,00,250,WALLET,2
TXN001308,2026-08-10 02:42:00,SUCCESS,00,1000,UPI,0
TXN001309,2026-08-01 19:14:00,SUCCESS,00,250,NETBANKING,0
TXN001310,2026-08-13 08:49:00,SUCCESS,00,2000,NETBANKING,0
TXN001311,2026-08-23 13:09:00,SUCCESS,00,100,UPI,0
TXN001312,2026-08-22 13:32:00,FAILED,51,250,CARD,0
TXN001313,2026-08-31 23:23:00,SUCCESS,00,10000,CARD,1
TXN001314,2026-08-03 01:09:00,SUCCESS,00,1500,UPI,2
TXN001315,2026-09-01 01:49:00,SUCCESS,00,100,UPI,0
TXN001316,2026-08-19 11:32:00,SUCCESS,00,1500,UPI,0
TXN001317,2026-09-03 10:01:00,FAILED,51,2500,CARD,0
TXN001318,2026-08-22 16:12:00,SUCCESS,00,100,UPI,0
TXN001319,2026-08-21 15:42:00,FAILED,51,250,UPI,0
TXN001320,2026-08-29 18:36:00,SUCCESS,00,2500,CARD,1
TXN001321,2026-08-01 00:06:00,SUCCESS,00,250,UPI,0
TXN001322,2026-08-26 18:19:00,SUCCESS,00,100,UPI,0
TXN001323,2026-08-24 21:14:00,SUCCESS,00,100,NETBANKING,0
TXN001324,2026-08-04 15:04:00,SUCCESS,00,250,UPI,0
TXN001325,2026-08-01 09:31:00,SUCCESS,00,1500,CARD,0
TXN001326,2026-08-11 04:09:00,SUCCESS,00,1000,WALLET,0
TXN001327,2026-08-27 12:39:00,SUCCESS,00,2500,UPI,0
TXN001328,2026-09-02 18:45:00,SUCCESS,00,500,CARD,0
TXN001329,2026-09-02 21:42:00,SUCCESS,00,500,CARD,0
TXN001330,2026-08-23 00:24:00,SUCCESS,00,250,WALLET,0
TXN001331,2026-08-07 05:58:00,SUCCESS,00,1000,UPI,0
TXN001332,2026-08-23 09:50:00,SUCCESS,00,2500,NETBANKING,0
TXN001333,2026-08-14 17:50:00,SUCCESS,00,1500,CARD,1
TXN001334,2026-08-30 16:20:00,SUCCESS,00,1500,UPI,0
TXN001335,2026-08-26 06:37:00,SUCCESS,00,2000,WALLET,0
TXN001336,2026-08-26 18:58:00,SUCCESS,00,500,UPI,0
TXN001337,2026-08-19 09:32:00,SUCCESS,00,750,NETBANKING,0
TXN001338,2026-08-12 08:48:00,SUCCESS,00,250,UPI,0
TXN001339,2026-08-26 13:23:00,SUCCESS,00,5000,UPI,0
TXN001340,2026-08-03 08:58:00,SUCCESS,00,1500,UPI,0
TXN001341,2026-08-07 08:41:00,SUCCESS,00,100,UPI,0
TXN001342,2026-08-05 04:13:00,SUCCESS,00,750,UPI,0
TXN001343,2026-08-11 04:43:00,SUCCESS,00,750,WALLET,0
TXN001344,2026-08-25 10:01:00,SUCCESS,00,1500,CARD,0
TXN001345,2026-08-09 02:03:00,SUCCESS,00,1500,CARD,0
TXN001346,2026-08-11 07:51:00,SUCCESS,00,100,UPI,0
TXN001347,2026-08-04 11:28:00,SUCCESS,00,250,WALLET,0
TXN001348,2026-08-31 21:30:00,SUCCESS,00,250,CARD,0
TXN001349,2026-08-12 21:28:00,SUCCESS,00,5000,UPI,0
TXN001350,2026-08-14 08:28:00,SUCCESS,00,500,UPI,0
TXN001351,2026-08-12 09:48:00,SUCCESS,00,1000,UPI,0
TXN001352,2026-08-12 13:37:00,SUCCESS,00,100,UPI,0
TXN001353,2026-08-12 18:09:00,SUCCESS,00,1500,CARD,0
TXN001354,2026-08-07 18:36:00,SUCCESS,00,1000,UPI,1
TXN001355,2026-08-23 06:02:00,SUCCESS,00,250,UPI,1
TXN001356,2026-08-08 05:41:00,SUCCESS,00,500,UPI,1
TXN001357,2026-08-30 08:20:00,SUCCESS,00,2500,CARD,0
TXN001358,2026-08-10 11:44:00,SUCCESS,00,250,UPI,1
TXN001359,2026-08-07 06:46:00,SUCCESS,00,1000,UPI,0
TXN001360,2026-08-23 01:43:00,SUCCESS,00,100,WALLET,0
TXN001361,2026-08-22 11:35:00,SUCCESS,00,2500,UPI,0
TXN001362,2026-08-28 02:56:00,SUCCESS,00,500,UPI,0
TXN001363,2026-08-12 03:40:00,SUCCESS,00,2500,CARD,1
TXN001364,2026-08-10 17:15:00,FAILED,51,100,NETBANKING,0
TXN001365,2026-08-09 11:32:00,SUCCESS,00,1500,UPI,0
TXN001366,2026-08-18 18:20:00,SUCCESS,00,500,UPI,0
TXN001367,2026-08-20 11:32:00,SUCCESS,00,5000,CARD,0
TXN001368,2026-08-21 21:36:00,SUCCESS,00,1000,UPI,0
TXN001369,2026-08-27 17:08:00,SUCCESS,00,500,UPI,0
TXN001370,2026-08-19 01:21:00,SUCCESS,00,250,UPI,0
TXN001371,2026-08-10 06:05:00,SUCCESS,00,500,UPI,1
TXN001372,2026-08-13 22:22:00,SUCCESS,00,100,UPI,0
TXN001373,2026-08-06 05:27:00,SUCCESS,00,2000,CARD,0
TXN001374,2026-08-22 23:15:00,SUCCESS,00,250,UPI,0
TXN001375,2026-08-20 01:21:00,SUCCESS,00,500,NETBANKING,0
TXN001376,2026-08-27 12:26:00,SUCCESS,00,500,UPI,0
TXN001377,2026-08-16 17:14:00,SUCCESS,00,500,CARD,0
TXN001378,2026-08-13 20:34:00,SUCCESS,00,750,UPI,0
TXN001379,2026-08-25 08:57:00,SUCCESS,00,5000,UPI,0
TXN001380,2026-09-03 15:37:00,SUCCESS,00,2000,CARD,0
TXN001381,2026-08-14 09:58:00,SUCCESS,00,500,UPI,0
TXN001382,2026-09-03 15:24:00,SUCCESS,00,500,CARD,0
TXN001383,2026-08-20 08:07:00,SUCCESS,00,250,UPI,0
TXN001384,2026-08-15 23:08:00,SUCCESS,00,500,UPI,0
TXN001385,2026-08-25 03:53:00,SUCCESS,00,750,UPI,0
TXN001386,2026-08-06 20:48:00,SUCCESS,00,500,UPI,0
TXN001387,2026-08-15 12:50:00,SUCCESS,00,100,UPI,0
TXN001388,2026-08-07 10:57:00,SUCCESS,00,1000,CARD,0
TXN001389,2026-08-05 08:26:00,SUCCESS,00,1500,CARD,0
TXN001390,2026-08-11 10:43:00,SUCCESS,00,2500,UPI,0
TXN001391,2026-08-06 07:02:00,SUCCESS,00,750,WALLET,0
TXN001392,2026-08-15 12:30:00,SUCCESS,00,750,NETBANKING,1
TXN001393,2026-08-17 08:12:00,SUCCESS,00,250,UPI,1
TXN001394,2026-08-09 05:03:00,SUCCESS,00,10000,UPI,0
TXN001395,2026-08-04 07:32:00,SUCCESS,00,100,UPI,0
TXN001396,2026-08-31 11:20:00,SUCCESS,00,2500,CARD,0
TXN001397,2026-08-15 17:03:00,SUCCESS,00,500,UPI,1
TXN001398,2026-08-07 13:34:00,SUCCESS,00,5000,NETBANKING,0
TXN001399,2026-08-21 09:14:00,SUCCESS,00,500,UPI,0
TXN001400,2026-08-23 20:24:00,SUCCESS,00,2000,CARD,0
TXN001401,2026-09-04 17:06:00,SUCCESS,00,250,UPI,0
TXN001402,2026-08-01 10:55:00,SUCCESS,00,500,NETBANKING,0
TXN001403,2026-08-13 15:24:00,SUCCESS,00,250,NETBANKING,0
TXN001404,2026-08-28 08:37:00,SUCCESS,00,500,UPI,0
TXN001405,2026-08-11 20:26:00,SUCCESS,00,1000,WALLET,0
TXN001406,2026-09-03 20:27:00,SUCCESS,00,1000,WALLET,1
TXN001407,2026-08-08 23:33:00,SUCCESS,00,750,UPI,0
TXN001408,2026-09-03 00:29:00,SUCCESS,00,250,UPI,0
TXN001409,2026-08-11 09:02:00,SUCCESS,00,500,UPI,0
TXN001410,2026-08-21 15:43:00,SUCCESS,00,5000,CARD,0
TXN001411,2026-08-14 07:19:00,SUCCESS,00,100,CARD,1
TXN001412,2026-08-30 16:12:00,SUCCESS,00,2500,UPI,0
TXN001413,2026-08-29 03:25:00,FAILED,51,1000,CARD,0
TXN001414,2026-08-11 12:10:00,SUCCESS,00,10000,UPI,0
TXN001415,2026-08-18 21:30:00,SUCCESS,00,100,UPI,0
TXN001416,2026-08-10 02:03:00,SUCCESS,00,750,NETBANKING,0
TXN001417,2026-08-28 18:25:00,SUCCESS,00,2500,WALLET,0
TXN001418,2026-08-17 07:38:00,SUCCESS,00,500,UPI,0
TXN001419,2026-08-29 03:16:00,SUCCESS,00,250,UPI,0
TXN001420,2026-08-19 18:46:00,SUCCESS,00,500,UPI,0
TXN001421,2026-08-07 05:31:00,SUCCESS,00,10000,CARD,1
TXN001422,2026-08-10 05:28:00,SUCCESS,00,2000,UPI,0
TXN001423,2026-08-06 08:41:00,SUCCESS,00,500,UPI,0
TXN001424,2026-08-15 22:34:00,SUCCESS,00,100,CARD,0
TXN001425,2026-08-30 00:54:00,FAILED,51,250,UPI,0
TXN001426,2026-08-06 18:08:00,SUCCESS,00,1500,CARD,0
TXN001427,2026-08-04 14:25:00,SUCCESS,00,500,NETBANKING,0
TXN001428,2026-08-19 06:06:00,SUCCESS,00,750,CARD,0
TXN001429,2026-08-06 03:11:00,SUCCESS,00,250,UPI,0
TXN001430,2026-08-05 11:48:00,SUCCESS,00,750,NETBANKING,0
TXN001431,2026-09-04 03:02:00,SUCCESS,00,1000,NETBANKING,0
TXN001432,2026-09-04 12:34:00,SUCCESS,00,100,NETBANKING,0
TXN001433,2026-08-06 08:13:00,SUCCESS,00,100,WALLET,1
TXN001434,2026-08-03 00:19:00,SUCCESS,00,250,UPI,0
TXN001435,2026-08-23 10:07:00,SUCCESS,00,1500,NETBANKING,0
TXN001436,2026-08-02 23:18:00,SUCCESS,00,2500,UPI,0
TXN001437,2026-08-07 02:39:00,SUCCESS,00,2500,WALLET,0
TXN001438,2026-08-08 00:53:00,SUCCESS,00,2000,CARD,2
TXN001439,2026-08-22 18:21:00,SUCCESS,00,1000,UPI,0
TXN001440,2026-08-11 10:59:00,SUCCESS,00,5000,UPI,3
TXN001441,2026-08-10 01:34:00,FAILED,51,1000,CARD,0
TXN001442,2026-08-09 21:20:00,SUCCESS,00,750,NETBANKING,0
TXN001443,2026-08-03 21:55:00,SUCCESS,00,2500,UPI,0
TXN001444,2026-09-04 21:31:00,SUCCESS,00,2000,CARD,0
TXN001445,2026-08-14 23:18:00,SUCCESS,00,750,WALLET,0
TXN001446,2026-08-02 12:35:00,SUCCESS,00,1000,UPI,1
TXN001447,2026-08-29 23:08:00,SUCCESS,00,500,CARD,0
TXN001448,2026-08-05 11:27:00,SUCCESS,00,500,CARD,0
TXN001449,2026-08-19 10:43:00,SUCCESS,00,250,UPI,0
TXN001450,2026-08-20 11:20:00,SUCCESS,00,2000,UPI,0
TXN001451,2026-08-05 03:23:00,SUCCESS,00,1500,UPI,2
TXN001452,2026-08-30 16:26:00,SUCCESS,00,25000,CARD,0
TXN001453,2026-08-27 12:42:00,SUCCESS,00,2500,UPI,0
TXN001454,2026-08-23 01:05:00,SUCCESS,00,1500,CARD,0
TXN001455,2026-08-19 07:38:00,SUCCESS,00,2500,CARD,0
TXN001456,2026-08-16 23:10:00,SUCCESS,00,750,UPI,0
TXN001457,2026-08-13 07:17:00,SUCCESS,00,10000,UPI,0
TXN001458,2026-08-06 15:12:00,SUCCESS,00,1000,NETBANKING,0
TXN001459,2026-08-09 06:20:00,FAILED,51,250,CARD,0
TXN001460,2026-08-23 06:30:00,SUCCESS,00,100,UPI,0
TXN001461,2026-08-21 18:41:00,SUCCESS,00,100,CARD,0
TXN001462,2026-08-24 10:21:00,FAILED,51,750,CARD,1
TXN001463,2026-08-11 15:25:00,SUCCESS,00,2500,WALLET,0
TXN001464,2026-08-15 22:54:00,SUCCESS,00,2500,UPI,0
TXN001465,2026-08-26 04:57:00,SUCCESS,00,1000,CARD,0
TXN001466,2026-08-18 01:18:00,SUCCESS,00,250,CARD,0
TXN001467,2026-08-16 20:05:00,SUCCESS,00,2500,NETBANKING,0
TXN001468,2026-08-15 21:12:00,SUCCESS,00,2500,UPI,1
TXN001469,2026-08-13 07:46:00,SUCCESS,00,750,CARD,0
TXN001470,2026-09-01 00:49:00,SUCCESS,00,750,NETBANKING,0
TXN001471,2026-08-18 19:26:00,SUCCESS,00,100,CARD,1
TXN001472,2026-08-04 14:02:00,SUCCESS,00,25000,NETBANKING,0
TXN001473,2026-08-16 01:00:00,SUCCESS,00,25000,CARD,0
TXN001474,2026-08-21 09:09:00,SUCCESS,00,750,CARD,0
TXN001475,2026-08-25 17:19:00,SUCCESS,00,250,UPI,0
TXN001476,2026-09-01 12:32:00,SUCCESS,00,2500,NETBANKING,1
TXN001477,2026-08-30 10:07:00,SUCCESS,00,10000,CARD,0
TXN001478,2026-08-06 22:48:00,SUCCESS,00,2000,UPI,0
TXN001479,2026-08-25 13:20:00,SUCCESS,00,10000,NETBANKING,0
TXN001480,2026-08-13 16:47:00,SUCCESS,00,500,CARD,0
TXN001481,2026-08-24 16:48:00,SUCCESS,00,250,CARD,0
TXN001482,2026-08-16 16:19:00,SUCCESS,00,2000,NETBANKING,1
TXN001483,2026-08-09 17:53:00,SUCCESS,00,1500,CARD,0
TXN001484,2026-08-25 04:00:00,SUCCESS,00,250,UPI,0
TXN001485,2026-08-29 23:36:00,SUCCESS,00,1500,CARD,1
TXN001486,2026-08-30 06:22:00,SUCCESS,00,10000,UPI,0
TXN001487,2026-08-06 08:33:00,SUCCESS,00,250,UPI,0
TXN001488,2026-08-27 00:49:00,SUCCESS,00,1500,CARD,0
TXN001489,2026-08-21 06:40:00,SUCCESS,00,750,UPI,0
TXN001490,2026-08-18 09:28:00,SUCCESS,00,250,UPI,0
TXN001491,2026-08-10 02:52:00,SUCCESS,00,5000,NETBANKING,0
TXN001492,2026-08-27 21:48:00,SUCCESS,00,250,UPI,0
TXN001493,2026-08-31 01:12:00,SUCCESS,00,100,UPI,0
TXN001494,2026-09-02 21:50:00,SUCCESS,00,500,CARD,0
TXN001495,2026-08-26 06:34:00,SUCCESS,00,750,CARD,0
TXN001496,2026-08-20 21:45:00,SUCCESS,00,2500,NETBANKING,0
TXN001497,2026-08-02 18:45:00,SUCCESS,00,500,WALLET,0
TXN001498,2026-08-30 16:04:00,SUCCESS,00,1500,CARD,0
TXN001499,2026-08-10 06:42:00,SUCCESS,00,1000,NETBANKING,0
TXN001500,2026-08-30 07:52:00,SUCCESS,00,1000,CARD,0
TXN001501,2026-08-03 01:11:00,FAILED,51,2000,NETBANKING,0
TXN001502,2026-09-02 18:30:00,SUCCESS,00,1000,UPI,0
TXN001503,2026-08-08 19:21:00,SUCCESS,00,2000,UPI,1
TXN001504,2026-08-09 20:40:00,FAILED,51,750,UPI,0
TXN001505,2026-08-29 17:43:00,SUCCESS,00,2000,UPI,0
TXN001506,2026-09-03 10:31:00,SUCCESS,00,1000,WALLET,0
TXN001507,2026-08-10 23:58:00,SUCCESS,00,1000,CARD,0
TXN001508,2026-08-26 05:38:00,SUCCESS,00,750,UPI,0
TXN001509,2026-08-12 18:22:00,SUCCESS,00,2500,CARD,0
TXN001510,2026-08-22 00:54:00,SUCCESS,00,1500,UPI,0
TXN001511,2026-08-13 12:43:00,SUCCESS,00,250,CARD,0
TXN001512,2026-08-06 23:59:00,SUCCESS,00,750,NETBANKING,1
TXN001513,2026-08-28 21:11:00,SUCCESS,00,5000,UPI,0
TXN001514,2026-08-11 01:00:00,SUCCESS,00,750,NETBANKING,1
TXN001515,2026-08-26 16:14:00,SUCCESS,00,500,NETBANKING,0
TXN001516,2026-08-30 12:10:00,SUCCESS,00,100,CARD,0
TXN001517,2026-08-06 01:49:00,SUCCESS,00,500,CARD,0
TXN001518,2026-08-21 17:11:00,SUCCESS,00,100,NETBANKING,2
TXN001519,2026-08-06 13:32:00,SUCCESS,00,250,CARD,1
TXN001520,2026-08-23 08:42:00,SUCCESS,00,500,WALLET,1
TXN001521,2026-08-20 09:15:00,SUCCESS,00,750,CARD,0
TXN001522,2026-08-15 18:01:00,SUCCESS,00,750,CARD,1
TXN001523,2026-08-10 19:21:00,FAILED,51,2500,UPI,0
TXN001524,2026-08-25 09:34:00,SUCCESS,00,500,UPI,0
TXN001525,2026-08-15 11:17:00,SUCCESS,00,250,CARD,1
TXN001526,2026-08-25 11:42:00,SUCCESS,00,500,UPI,0
TXN001527,2026-08-14 00:11:00,SUCCESS,00,1500,CARD,0
TXN001528,2026-08-24 23:32:00,SUCCESS,00,1000,CARD,0
TXN001529,2026-08-10 05:26:00,FAILED,51,250,UPI,0
TXN001530,2026-08-27 20:35:00,SUCCESS,00,1500,UPI,0
TXN001531,2026-08-02 03:01:00,SUCCESS,00,500,UPI,0
TXN001532,2026-08-30 20:22:00,SUCCESS,00,500,CARD,0
TXN001533,2026-08-31 22:17:00,SUCCESS,00,2500,CARD,0
TXN001534,2026-08-18 02:03:00,SUCCESS,00,2500,WALLET,0
TXN001535,2026-09-03 21:23:00,SUCCESS,00,1500,WALLET,0
TXN001536,2026-08-29 00:53:00,SUCCESS,00,10000,UPI,0
TXN001537,2026-08-21 09:37:00,SUCCESS,00,500,UPI,1
TXN001538,2026-08-22 00:22:00,SUCCESS,00,2500,WALLET,0
TXN001539,2026-08-15 19:27:00,SUCCESS,00,2000,UPI,0
TXN001540,2026-09-02 13:11:00,SUCCESS,00,25000,CARD,0
TXN001541,2026-09-04 06:52:00,SUCCESS,00,500,WALLET,0
TXN001542,2026-08-10 16:37:00,SUCCESS,00,2000,UPI,0
TXN001543,2026-08-23 13:21:00,FAILED,51,750,UPI,2
TXN001544,2026-08-19 07:10:00,SUCCESS,00,2000,UPI,0
TXN001545,2026-08-19 14:24:00,SUCCESS,00,1500,UPI,1
TXN001546,2026-08-15 05:39:00,SUCCESS,00,250,CARD,0
TXN001547,2026-08-20 07:22:00,SUCCESS,00,1500,NETBANKING,0
TXN001548,2026-08-26 19:41:00,SUCCESS,00,1000,CARD,0
TXN001549,2026-09-02 06:58:00,FAILED,51,500,UPI,0
TXN001550,2026-08-22 09:46:00,SUCCESS,00,100,UPI,0
TXN001551,2026-08-28 15:57:00,SUCCESS,00,750,CARD,0
TXN001552,2026-08-07 19:57:00,SUCCESS,00,1000,CARD,0
TXN001553,2026-08-31 05:57:00,SUCCESS,00,2000,CARD,1
TXN001554,2026-09-02 01:53:00,SUCCESS,00,100,NETBANKING,0
TXN001555,2026-09-03 23:58:00,SUCCESS,00,1500,CARD,0
TXN001556,2026-08-25 03:24:00,SUCCESS,00,250,CARD,0
TXN001557,2026-08-02 04:35:00,SUCCESS,00,500,CARD,1
TXN001558,2026-09-03 05:28:00,SUCCESS,00,750,UPI,0
TXN001559,2026-08-18 16:11:00,SUCCESS,00,500,CARD,0
TXN001560,2026-08-13 12:52:00,SUCCESS,00,750,NETBANKING,1
TXN001561,2026-09-01 01:08:00,SUCCESS,00,100,UPI,0
TXN001562,2026-08-07 16:58:00,SUCCESS,00,500,CARD,0
TXN001563,2026-08-09 16:34:00,SUCCESS,00,5000,NETBANKING,0
TXN001564,2026-08-31 05:32:00,SUCCESS,00,2500,UPI,0
TXN001565,2026-08-17 21:55:00,SUCCESS,00,100,CARD,0
TXN001566,2026-08-26 15:03:00,SUCCESS,00,750,CARD,0
TXN001567,2026-08-04 09:39:00,SUCCESS,00,750,UPI,0
TXN001568,2026-08-17 19:14:00,SUCCESS,00,2000,WALLET,0
TXN001569,2026-08-09 03:22:00,SUCCESS,00,2500,NETBANKING,0
TXN001570,2026-08-12 17:21:00,SUCCESS,00,1000,UPI,0
TXN001571,2026-08-27 00:51:00,SUCCESS,00,1500,CARD,0
TXN001572,2026-08-09 07:46:00,SUCCESS,00,1500,CARD,0
TXN001573,2026-08-11 10:34:00,SUCCESS,00,1000,CARD,1
TXN001574,2026-08-27 19:30:00,SUCCESS,00,100,UPI,0
TXN001575,2026-08-30 19:08:00,SUCCESS,00,750,NETBANKING,1
TXN001576,2026-08-22 01:41:00,SUCCESS,00,2500,UPI,0
TXN001577,2026-08-15 16:56:00,SUCCESS,00,1500,UPI,0
TXN001578,2026-08-09 16:44:00,SUCCESS,00,2000,NETBANKING,0
TXN001579,2026-08-17 10:45:00,SUCCESS,00,2000,CARD,0
TXN001580,2026-08-01 22:36:00,SUCCESS,00,1000,WALLET,0
TXN001581,2026-08-28 21:12:00,SUCCESS,00,750,UPI,0
TXN001582,2026-08-12 07:33:00,FAILED,51,1500,CARD,0
TXN001583,2026-08-05 16:04:00,SUCCESS,00,100,UPI,1
TXN001584,2026-08-25 21:51:00,SUCCESS,00,750,CARD,1
TXN001585,2026-08-25 23:10:00,FAILED,51,1500,WALLET,1
TXN001586,2026-08-08 08:32:00,SUCCESS,00,250,UPI,0
TXN001587,2026-08-10 15:48:00,SUCCESS,00,250,CARD,0
TXN001588,2026-08-11 12:31:00,SUCCESS,00,2500,UPI,0
TXN001589,2026-08-24 13:11:00,SUCCESS,00,1500,NETBANKING,0
TXN001590,2026-08-26 19:06:00,SUCCESS,00,2500,UPI,0
TXN001591,2026-08-06 20:34:00,SUCCESS,00,750,UPI,0
TXN001592,2026-08-26 19:35:00,SUCCESS,00,1000,CARD,0
TXN001593,2026-08-08 02:44:00,SUCCESS,00,250,CARD,2
TXN001594,2026-08-22 20:53:00,SUCCESS,00,1000,UPI,0
TXN001595,2026-08-27 14:40:00,SUCCESS,00,500,UPI,0
TXN001596,2026-08-08 10:42:00,SUCCESS,00,2000,CARD,0
TXN001597,2026-08-14 15:56:00,SUCCESS,00,2000,CARD,0
TXN001598,2026-08-08 05:44:00,SUCCESS,00,500,NETBANKING,2
TXN001599,2026-08-20 21:48:00,SUCCESS,00,250,UPI,0
TXN001600,2026-08-28 12:20:00,SUCCESS,00,100,UPI,0
TXN001601,2026-08-15 10:18:00,SUCCESS,00,1000,NETBANKING,1
TXN001602,2026-09-03 03:14:00,SUCCESS,00,100,UPI,1
TXN001603,2026-08-07 04:17:00,SUCCESS,00,250,UPI,0
TXN001604,2026-08-25 12:35:00,SUCCESS,00,500,CARD,0
TXN001605,2026-08-06 08:28:00,SUCCESS,00,250,CARD,0
TXN001606,2026-08-09 10:56:00,SUCCESS,00,250,NETBANKING,0
TXN001607,2026-08-18 06:35:00,SUCCESS,00,100,WALLET,0
TXN001608,2026-08-09 04:41:00,SUCCESS,00,2000,UPI,0
TXN001609,2026-08-17 17:49:00,SUCCESS,00,750,UPI,0
TXN001610,2026-08-26 17:37:00,FAILED,51,2000,UPI,0
TXN001611,2026-08-04 04:03:00,SUCCESS,00,1000,CARD,0
TXN001612,2026-08-09 07:00:00,SUCCESS,00,1000,UPI,0
TXN001613,2026-08-20 19:33:00,SUCCESS,00,500,UPI,1
TXN001614,2026-08-02 18:23:00,SUCCESS,00,500,UPI,0
TXN001615,2026-08-29 02:38:00,SUCCESS,00,10000,NETBANKING,0
TXN001616,2026-09-01 18:54:00,SUCCESS,00,500,NETBANKING,0
TXN001617,2026-08-25 11:54:00,SUCCESS,00,100,UPI,1
TXN001618,2026-08-11 15:11:00,SUCCESS,00,1000,NETBANKING,0
TXN001619,2026-08-12 09:23:00,SUCCESS,00,100,CARD,0
TXN001620,2026-08-11 20:47:00,SUCCESS,00,500,UPI,0
TXN001621,2026-08-03 00:29:00,SUCCESS,00,250,CARD,1
TXN001622,2026-08-25 13:40:00,SUCCESS,00,750,UPI,0
TXN001623,2026-09-04 11:44:00,SUCCESS,00,100,UPI,0
TXN001624,2026-08-25 11:51:00,SUCCESS,00,2500,CARD,0
TXN001625,2026-08-09 00:52:00,SUCCESS,00,500,CARD,1
TXN001626,2026-08-13 04:20:00,SUCCESS,00,1000,UPI,0
TXN001627,2026-08-11 15:46:00,SUCCESS,00,5000,UPI,0
TXN001628,2026-08-25 22:37:00,SUCCESS,00,1000,CARD,1
TXN001629,2026-08-30 00:56:00,SUCCESS,00,250,CARD,0
TXN001630,2026-08-04 09:32:00,SUCCESS,00,750,UPI,0
TXN001631,2026-08-04 14:23:00,SUCCESS,00,2000,WALLET,0
TXN001632,2026-08-15 10:04:00,SUCCESS,00,1500,WALLET,0
TXN001633,2026-08-24 09:23:00,SUCCESS,00,1500,UPI,1
TXN001634,2026-08-08 20:57:00,SUCCESS,00,1000,CARD,0
TXN001635,2026-08-23 21:39:00,SUCCESS,00,250,UPI,0
TXN001636,2026-08-11 02:50:00,SUCCESS,00,500,UPI,0
TXN001637,2026-08-26 23:32:00,SUCCESS,00,2500,UPI,0
TXN001638,2026-08-31 16:43:00,FAILED,51,500,UPI,0
TXN001639,2026-08-07 09:53:00,SUCCESS,00,5000,NETBANKING,0
TXN001640,2026-08-05 10:36:00,SUCCESS,00,250,UPI,0
TXN001641,2026-08-11 22:15:00,SUCCESS,00,1000,UPI,0
TXN001642,2026-08-18 05:48:00,SUCCESS,00,5000,UPI,0
TXN001643,2026-08-27 09:12:00,SUCCESS,00,1000,UPI,0
TXN001644,2026-09-04 13:46:00,SUCCESS,00,1000,UPI,0
TXN001645,2026-08-16 10:08:00,SUCCESS,00,5000,UPI,3
TXN001646,2026-09-03 07:29:00,SUCCESS,00,500,UPI,0
TXN001647,2026-08-03 16:16:00,SUCCESS,00,250,CARD,0
TXN001648,2026-08-28 21:59:00,SUCCESS,00,1000,UPI,0
TXN001649,2026-08-25 02:22:00,SUCCESS,00,1500,UPI,0
TXN001650,2026-08-19 05:03:00,SUCCESS,00,250,UPI,0
TXN001651,2026-09-03 11:06:00,SUCCESS,00,250,NETBANKING,0
TXN001652,2026-08-20 05:00:00,FAILED,51,750,UPI,0
TXN001653,2026-08-31 20:39:00,SUCCESS,00,2000,UPI,1
TXN001654,2026-08-01 03:17:00,SUCCESS,00,2500,UPI,0
TXN001655,2026-08-30 22:00:00,SUCCESS,00,500,NETBANKING,0
TXN001656,2026-08-21 11:01:00,SUCCESS,00,5000,WALLET,0
TXN001657,2026-08-03 04:49:00,SUCCESS,00,1000,NETBANKING,0
TXN001658,2026-08-23 17:43:00,FAILED,51,500,CARD,0
TXN001659,2026-08-09 22:19:00,SUCCESS,00,10000,UPI,0
TXN001660,2026-08-01 14:09:00,SUCCESS,00,1000,WALLET,0
TXN001661,2026-09-04 03:53:00,SUCCESS,00,500,CARD,0
TXN001662,2026-08-04 11:58:00,SUCCESS,00,2500,UPI,0
TXN001663,2026-08-09 04:12:00,SUCCESS,00,500,WALLET,0
TXN001664,2026-08-28 22:51:00,SUCCESS,00,500,NETBANKING,1
TXN001665,2026-08-07 07:04:00,SUCCESS,00,1000,UPI,0
TXN001666,2026-08-03 05:20:00,SUCCESS,00,1500,UPI,0
TXN001667,2026-08-01 04:54:00,SUCCESS,00,2500,UPI,0
TXN001668,2026-08-30 15:17:00,SUCCESS,00,100,CARD,1
TXN001669,2026-08-01 10:44:00,SUCCESS,00,25000,CARD,0
TXN001670,2026-08-14 15:56:00,SUCCESS,00,1500,UPI,0
TXN001671,2026-08-26 18:40:00,SUCCESS,00,2000,WALLET,0
TXN001672,2026-09-04 01:19:00,SUCCESS,00,100,UPI,0
TXN001673,2026-08-19 02:14:00,SUCCESS,00,1000,UPI,0
TXN001674,2026-09-02 17:52:00,SUCCESS,00,1000,UPI,0
TXN001675,2026-08-16 00:14:00,SUCCESS,00,100,CARD,1
TXN001676,2026-08-29 04:30:00,SUCCESS,00,750,UPI,2
TXN001677,2026-09-03 23:54:00,SUCCESS,00,1500,UPI,0
TXN001678,2026-08-24 06:26:00,SUCCESS,00,10000,UPI,0
TXN001679,2026-08-11 02:08:00,SUCCESS,00,2500,UPI,0
TXN001680,2026-08-23 01:25:00,SUCCESS,00,500,UPI,0
TXN001681,2026-08-05 19:31:00,SUCCESS,00,500,CARD,0
TXN001682,2026-08-15 23:27:00,SUCCESS,00,5000,UPI,0
TXN001683,2026-08-06 08:36:00,SUCCESS,00,2500,UPI,0
TXN001684,2026-08-14 07:39:00,SUCCESS,00,250,CARD,0
TXN001685,2026-08-26 15:46:00,SUCCESS,00,250,CARD,0
TXN001686,2026-08-27 18:03:00,SUCCESS,00,1000,UPI,0
TXN001687,2026-08-10 20:26:00,FAILED,51,250,CARD,0
TXN001688,2026-08-20 13:31:00,SUCCESS,00,250,NETBANKING,0
TXN001689,2026-08-22 22:17:00,SUCCESS,00,750,CARD,1
TXN001690,2026-08-06 09:20:00,SUCCESS,00,1500,UPI,0
TXN001691,2026-08-17 20:45:00,SUCCESS,00,1000,CARD,1
TXN001692,2026-08-09 13:45:00,SUCCESS,00,1000,NETBANKING,0
TXN001693,2026-08-01 02:35:00,SUCCESS,00,1500,UPI,0
TXN001694,2026-09-04 19:19:00,SUCCESS,00,2000,WALLET,1
TXN001695,2026-08-09 03:55:00,SUCCESS,00,500,NETBANKING,0
TXN001696,2026-08-23 04:33:00,SUCCESS,00,750,NETBANKING,0
TXN001697,2026-08-15 19:50:00,SUCCESS,00,10000,CARD,1
TXN001698,2026-09-03 04:30:00,SUCCESS,00,250,UPI,0
TXN001699,2026-08-24 09:46:00,SUCCESS,00,750,UPI,0
TXN001700,2026-08-31 03:34:00,FAILED,51,2000,CARD,0
TXN001701,2026-09-04 02:51:00,SUCCESS,00,250,UPI,0
TXN001702,2026-08-17 14:00:00,SUCCESS,00,500,CARD,1
TXN001703,2026-08-28 21:07:00,SUCCESS,00,2000,CARD,1
TXN001704,2026-08-28 23:05:00,SUCCESS,00,250,UPI,0
TXN001705,2026-08-23 04:10:00,SUCCESS,00,500,NETBANKING,0
TXN001706,2026-08-27 12:18:00,SUCCESS,00,500,CARD,0
TXN001707,2026-08-22 03:57:00,SUCCESS,00,100,UPI,0
TXN001708,2026-08-16 08:58:00,SUCCESS,00,250,WALLET,0
TXN001709,2026-08-10 01:31:00,SUCCESS,00,100,NETBANKING,0
TXN001710,2026-08-17 19:04:00,SUCCESS,00,5000,WALLET,0
TXN001711,2026-08-22 02:27:00,SUCCESS,00,250,WALLET,0
TXN001712,2026-08-20 21:46:00,SUCCESS,00,500,UPI,0
TXN001713,2026-08-25 16:07:00,SUCCESS,00,1000,UPI,0
TXN001714,2026-08-28 08:45:00,SUCCESS,00,1000,UPI,0
TXN001715,2026-08-14 04:18:00,SUCCESS,00,2500,WALLET,0
TXN001716,2026-08-05 23:40:00,SUCCESS,00,2500,UPI,0
TXN001717,2026-08-20 08:09:00,SUCCESS,00,1000,UPI,0
TXN001718,2026-08-13 01:26:00,SUCCESS,00,250,UPI,0
TXN001719,2026-08-14 03:09:00,SUCCESS,00,10000,UPI,0
TXN001720,2026-08-14 15:29:00,SUCCESS,00,1500,UPI,0
TXN001721,2026-08-26 10:45:00,SUCCESS,00,750,UPI,0
TXN001722,2026-08-29 02:43:00,SUCCESS,00,750,CARD,0
TXN001723,2026-08-06 18:51:00,FAILED,51,500,UPI,1
TXN001724,2026-08-18 05:15:00,FAILED,51,2500,NETBANKING,1
TXN001725,2026-08-07 21:54:00,SUCCESS,00,250,CARD,0
TXN001726,2026-09-01 10:47:00,SUCCESS,00,5000,CARD,0
TXN001727,2026-08-04 15:29:00,SUCCESS,00,1500,CARD,0
TXN001728,2026-08-24 02:14:00,SUCCESS,00,100,UPI,0
TXN001729,2026-08-13 11:18:00,SUCCESS,00,250,WALLET,0
TXN001730,2026-08-10 13:46:00,SUCCESS,00,500,UPI,0
TXN001731,2026-08-11 13:24:00,SUCCESS,00,100,UPI,0
TXN001732,2026-08-22 11:13:00,SUCCESS,00,500,UPI,0
TXN001733,2026-08-30 21:20:00,SUCCESS,00,500,UPI,0
TXN001734,2026-08-01 08:27:00,SUCCESS,00,500,CARD,0
TXN001735,2026-08-18 05:25:00,SUCCESS,00,1000,WALLET,0
TXN001736,2026-08-19 07:46:00,FAILED,51,750,CARD,0
TXN001737,2026-08-06 00:18:00,SUCCESS,00,2500,UPI,1
TXN001738,2026-08-13 21:08:00,SUCCESS,00,2500,UPI,0
TXN001739,2026-08-09 17:59:00,SUCCESS,00,100,CARD,0
TXN001740,2026-08-27 15:06:00,SUCCESS,00,100,UPI,0
TXN001741,2026-08-31 17:01:00,SUCCESS,00,5000,UPI,0
TXN001742,2026-08-18 20:35:00,SUCCESS,00,250,CARD,2
TXN001743,2026-08-17 17:37:00,SUCCESS,00,250,UPI,0
TXN001744,2026-09-03 16:13:00,SUCCESS,00,750,CARD,0
TXN001745,2026-08-10 19:07:00,SUCCESS,00,2000,UPI,0
TXN001746,2026-08-24 16:11:00,SUCCESS,00,2000,UPI,0
TXN001747,2026-08-02 16:40:00,SUCCESS,00,2000,UPI,1
TXN001748,2026-08-06 15:34:00,SUCCESS,00,500,CARD,1
TXN001749,2026-08-18 03:45:00,SUCCESS,00,10000,NETBANKING,0
TXN001750,2026-08-12 20:24:00,SUCCESS,00,100,UPI,0
TXN001751,2026-08-03 19:09:00,SUCCESS,00,1500,CARD,0
TXN001752,2026-08-04 19:28:00,SUCCESS,00,2500,NETBANKING,0
TXN001753,2026-08-14 14:26:00,SUCCESS,00,2500,CARD,0
TXN001754,2026-08-27 05:49:00,SUCCESS,00,500,CARD,0
TXN001755,2026-08-14 09:37:00,SUCCESS,00,500,NETBANKING,0
TXN001756,2026-08-08 07:33:00,SUCCESS,00,2000,CARD,0
TXN001757,2026-08-02 16:40:00,SUCCESS,00,100,UPI,0
TXN001758,2026-08-27 23:14:00,SUCCESS,00,250,NETBANKING,0
TXN001759,2026-08-25 07:26:00,FAILED,51,2500,UPI,1
TXN001760,2026-08-10 15:03:00,SUCCESS,00,250,UPI,0
TXN001761,2026-08-25 22:52:00,SUCCESS,00,1500,CARD,0
TXN001762,2026-08-02 12:13:00,SUCCESS,00,2000,WALLET,0
TXN001763,2026-08-17 01:53:00,SUCCESS,00,2000,UPI,1
TXN001764,2026-08-21 17:06:00,SUCCESS,00,750,NETBANKING,0
TXN001765,2026-08-13 06:04:00,SUCCESS,00,500,CARD,0
TXN001766,2026-08-19 02:42:00,SUCCESS,00,1000,CARD,0
TXN001767,2026-08-24 16:42:00,SUCCESS,00,500,CARD,0
TXN001768,2026-08-04 15:14:00,SUCCESS,00,1000,UPI,0
TXN001769,2026-08-26 23:08:00,SUCCESS,00,1500,CARD,1
TXN001770,2026-08-17 10:44:00,SUCCESS,00,500,CARD,0
TXN001771,2026-08-27 18:48:00,SUCCESS,00,500,NETBANKING,0
TXN001772,2026-08-13 16:34:00,SUCCESS,00,25000,WALLET,0
TXN001773,2026-08-24 05:40:00,SUCCESS,00,100,NETBANKING,0
TXN001774,2026-08-27 08:14:00,SUCCESS,00,1000,CARD,0
TXN001775,2026-09-01 16:58:00,SUCCESS,00,750,CARD,0
TXN001776,2026-08-02 16:00:00,SUCCESS,00,5000,UPI,1
TXN001777,2026-08-13 14:37:00,SUCCESS,00,500,CARD,1
TXN001778,2026-08-21 23:11:00,SUCCESS,00,250,CARD,0
TXN001779,2026-08-17 11:19:00,SUCCESS,00,500,UPI,0
TXN001780,2026-08-02 22:43:00,SUCCESS,00,1000,NETBANKING,0
TXN001781,2026-08-23 15:27:00,SUCCESS,00,2000,NETBANKING,1
TXN001782,2026-08-08 09:46:00,SUCCESS,00,5000,CARD,0
TXN001783,2026-09-01 06:28:00,SUCCESS,00,1000,UPI,0
TXN001784,2026-08-29 07:44:00,SUCCESS,00,100,NETBANKING,0
TXN001785,2026-08-05 17:38:00,SUCCESS,00,25000,NETBANKING,1
TXN001786,2026-08-09 12:13:00,SUCCESS,00,750,NETBANKING,0
TXN001787,2026-08-12 07:58:00,SUCCESS,00,250,UPI,0
TXN001788,2026-09-02 17:38:00,FAILED,51,10000,WALLET,0
TXN001789,2026-09-01 22:46:00,SUCCESS,00,1000,CARD,0
TXN001790,2026-08-22 16:39:00,SUCCESS,00,10000,UPI,1
TXN001791,2026-08-29 09:10:00,SUCCESS,00,2500,WALLET,0
TXN001792,2026-08-03 21:39:00,SUCCESS,00,2500,UPI,0
TXN001793,2026-08-01 02:04:00,SUCCESS,00,2500,WALLET,0
TXN001794,2026-08-08 19:23:00,SUCCESS,00,1000,UPI,0
TXN001795,2026-09-02 00:04:00,SUCCESS,00,1500,CARD,0
TXN001796,2026-08-13 21:39:00,SUCCESS,00,250,UPI,1
TXN001797,2026-08-03 08:03:00,SUCCESS,00,10000,UPI,0
TXN001798,2026-08-14 21:11:00,SUCCESS,00,100,CARD,0
TXN001799,2026-08-08 14:40:00,SUCCESS,00,100,CARD,0
TXN001800,2026-08-21 15:19:00,FAILED,51,2000,CARD,0
TXN001801,2026-09-03 08:36:00,SUCCESS,00,100,UPI,0
TXN001802,2026-08-03 12:09:00,SUCCESS,00,750,UPI,1
TXN001803,2026-08-15 10:50:00,SUCCESS,00,250,WALLET,0
TXN001804,2026-08-22 08:57:00,SUCCESS,00,2000,UPI,0
TXN001805,2026-09-04 06:31:00,SUCCESS,00,100,CARD,1
TXN001806,2026-08-02 04:08:00,SUCCESS,00,500,WALLET,0
TXN001807,2026-08-23 03:44:00,SUCCESS,00,1000,CARD,0
TXN001808,2026-08-19 07:10:00,SUCCESS,00,2000,WALLET,0
TXN001809,2026-08-07 00:31:00,SUCCESS,00,500,CARD,0
TXN001810,2026-09-04 22:51:00,SUCCESS,00,250,CARD,0
TXN001811,2026-08-21 21:09:00,SUCCESS,00,250,UPI,1
TXN001812,2026-08-01 07:34:00,SUCCESS,00,1000,WALLET,0
TXN001813,2026-08-18 15:47:00,FAILED,51,1500,UPI,0
TXN001814,2026-08-27 13:49:00,SUCCESS,00,2500,CARD,0
TXN001815,2026-08-11 09:47:00,SUCCESS,00,10000,UPI,0
TXN001816,2026-09-02 12:30:00,SUCCESS,00,1000,NETBANKING,0
TXN001817,2026-08-12 06:50:00,SUCCESS,00,2500,UPI,1
TXN001818,2026-08-02 14:08:00,SUCCESS,00,750,UPI,0
TXN001819,2026-08-15 00:41:00,SUCCESS,00,1500,UPI,0
TXN001820,2026-08-22 01:33:00,SUCCESS,00,2000,NETBANKING,0
TXN001821,2026-08-27 12:30:00,SUCCESS,00,1500,UPI,0
TXN001822,2026-08-07 21:17:00,SUCCESS,00,25000,NETBANKING,0
TXN001823,2026-08-07 11:57:00,SUCCESS,00,500,CARD,0
TXN001824,2026-08-17 18:56:00,SUCCESS,00,100,CARD,0
TXN001825,2026-08-01 12:57:00,SUCCESS,00,10000,WALLET,0
TXN001826,2026-08-26 04:41:00,SUCCESS,00,250,CARD,1
TXN001827,2026-08-22 22:57:00,SUCCESS,00,500,UPI,0
TXN001828,2026-08-26 17:44:00,SUCCESS,00,1500,WALLET,0
TXN001829,2026-09-02 10:30:00,SUCCESS,00,100,WALLET,0
TXN001830,2026-08-16 02:20:00,SUCCESS,00,250,UPI,0
TXN001831,2026-08-13 07:51:00,SUCCESS,00,1000,CARD,0
TXN001832,2026-08-23 11:03:00,SUCCESS,00,100,UPI,0
TXN001833,2026-08-15 02:44:00,SUCCESS,00,5000,NETBANKING,0
TXN001834,2026-08-08 11:47:00,SUCCESS,00,500,CARD,0
TXN001835,2026-09-03 15:06:00,SUCCESS,00,1500,NETBANKING,0
TXN001836,2026-08-17 21:48:00,SUCCESS,00,10000,CARD,0
TXN001837,2026-08-08 11:11:00,SUCCESS,00,2000,NETBANKING,0
TXN001838,2026-09-03 21:43:00,SUCCESS,00,500,UPI,1
TXN001839,2026-08-27 03:32:00,SUCCESS,00,2000,UPI,0
TXN001840,2026-08-13 05:24:00,SUCCESS,00,750,WALLET,0
TXN001841,2026-08-17 07:25:00,SUCCESS,00,750,NETBANKING,0
TXN001842,2026-08-13 13:16:00,FAILED,51,500,NETBANKING,0
TXN001843,2026-08-12 05:28:00,SUCCESS,00,100,WALLET,0
TXN001844,2026-08-28 22:10:00,SUCCESS,00,10000,UPI,0
TXN001845,2026-08-27 20:54:00,SUCCESS,00,1000,UPI,2
TXN001846,2026-08-06 14:08:00,SUCCESS,00,1000,UPI,1
TXN001847,2026-08-18 20:02:00,SUCCESS,00,250,UPI,1
TXN001848,2026-08-23 14:55:00,SUCCESS,00,1500,UPI,0
TXN001849,2026-08-22 08:12:00,SUCCESS,00,250,UPI,0
TXN001850,2026-09-02 23:44:00,SUCCESS,00,2500,UPI,0
TXN001851,2026-08-26 00:05:00,SUCCESS,00,250,NETBANKING,0
TXN001852,2026-08-05 18:35:00,SUCCESS,00,250,CARD,0
TXN001853,2026-08-04 22:10:00,SUCCESS,00,100,UPI,1
TXN001854,2026-08-22 11:03:00,SUCCESS,00,500,CARD,0
TXN001855,2026-08-21 14:35:00,SUCCESS,00,1000,NETBANKING,0
TXN001856,2026-08-12 17:37:00,SUCCESS,00,250,UPI,2
TXN001857,2026-08-29 23:45:00,SUCCESS,00,500,WALLET,0
TXN001858,2026-08-02 22:57:00,SUCCESS,00,100,UPI,0
TXN001859,2026-08-10 21:32:00,SUCCESS,00,1000,UPI,0
TXN001860,2026-08-04 10:04:00,SUCCESS,00,2000,UPI,0
TXN001861,2026-08-16 05:02:00,SUCCESS,00,2500,CARD,0
TXN001862,2026-08-16 13:18:00,SUCCESS,00,250,NETBANKING,0
TXN001863,2026-08-16 19:50:00,FAILED,51,2500,UPI,0
TXN001864,2026-08-24 17:17:00,SUCCESS,00,250,UPI,0
TXN001865,2026-08-16 15:36:00,SUCCESS,00,1000,CARD,0
TXN001866,2026-08-31 00:17:00,SUCCESS,00,750,CARD,1
TXN001867,2026-08-13 02:15:00,SUCCESS,00,500,NETBANKING,0
TXN001868,2026-08-23 21:21:00,FAILED,51,2000,CARD,1
TXN001869,2026-08-08 21:29:00,SUCCESS,00,1500,NETBANKING,1
TXN001870,2026-08-07 08:56:00,SUCCESS,00,500,UPI,0
TXN001871,2026-08-17 00:12:00,SUCCESS,00,25000,WALLET,0
TXN001872,2026-08-08 00:08:00,SUCCESS,00,1500,UPI,0
TXN001873,2026-08-12 02:38:00,SUCCESS,00,1500,WALLET,0
TXN001874,2026-08-02 09:45:00,SUCCESS,00,500,NETBANKING,1
TXN001875,2026-09-03 17:43:00,SUCCESS,00,500,UPI,0
TXN001876,2026-08-08 07:15:00,SUCCESS,00,250,NETBANKING,0
TXN001877,2026-08-15 23:37:00,SUCCESS,00,750,WALLET,0
TXN001878,2026-08-23 13:59:00,SUCCESS,00,250,UPI,0
TXN001879,2026-08-14 06:27:00,SUCCESS,00,750,NETBANKING,0
TXN001880,2026-09-03 12:53:00,SUCCESS,00,750,CARD,0
TXN001881,2026-08-14 13:46:00,SUCCESS,00,2500,UPI,0
TXN001882,2026-08-03 09:00:00,SUCCESS,00,750,UPI,0
TXN001883,2026-08-16 04:06:00,FAILED,51,500,UPI,0
TXN001884,2026-08-26 01:49:00,SUCCESS,00,1000,CARD,0
TXN001885,2026-08-07 05:37:00,SUCCESS,00,2500,CARD,0
TXN001886,2026-08-23 16:41:00,SUCCESS,00,2000,CARD,1
TXN001887,2026-08-19 14:58:00,SUCCESS,00,750,UPI,0
TXN001888,2026-08-29 04:44:00,SUCCESS,00,250,UPI,0
TXN001889,2026-08-14 06:59:00,SUCCESS,00,750,UPI,0
TXN001890,2026-08-26 14:35:00,SUCCESS,00,2000,WALLET,0
TXN001891,2026-08-07 02:11:00,SUCCESS,00,250,UPI,2
TXN001892,2026-08-28 22:03:00,SUCCESS,00,100,UPI,1
TXN001893,2026-08-08 21:54:00,SUCCESS,00,100,UPI,0
TXN001894,2026-08-09 03:02:00,SUCCESS,00,2000,WALLET,0
TXN001895,2026-08-15 02:20:00,SUCCESS,00,5000,CARD,0
TXN001896,2026-08-27 19:08:00,SUCCESS,00,2000,UPI,0
TXN001897,2026-09-02 10:55:00,SUCCESS,00,100,NETBANKING,3
TXN001898,2026-08-01 01:58:00,SUCCESS,00,250,NETBANKING,0
TXN001899,2026-08-12 00:27:00,SUCCESS,00,250,NETBANKING,0
TXN001900,2026-08-04 13:05:00,SUCCESS,00,100,UPI,0
TXN001901,2026-08-19 23:17:00,SUCCESS,00,2500,CARD,0
TXN001902,2026-08-20 12:54:00,SUCCESS,00,1500,UPI,0
TXN001903,2026-08-22 23:45:00,SUCCESS,00,2500,CARD,0
TXN001904,2026-08-04 09:53:00,SUCCESS,00,1000,UPI,0
TXN001905,2026-08-03 18:50:00,SUCCESS,00,750,UPI,1
TXN001906,2026-08-07 05:07:00,FAILED,51,750,CARD,1
TXN001907,2026-08-29 07:35:00,SUCCESS,00,750,CARD,0
TXN001908,2026-09-03 13:38:00,SUCCESS,00,250,CARD,3
TXN001909,2026-08-04 05:38:00,SUCCESS,00,250,UPI,0
TXN001910,2026-08-11 21:55:00,SUCCESS,00,250,UPI,0
TXN001911,2026-08-09 12:47:00,SUCCESS,00,500,CARD,0
TXN001912,2026-08-25 04:09:00,SUCCESS,00,250,CARD,0
TXN001913,2026-08-24 22:28:00,SUCCESS,00,250,UPI,0
TXN001914,2026-08-20 01:05:00,SUCCESS,00,750,CARD,1
TXN001915,2026-08-23 19:53:00,SUCCESS,00,250,CARD,0
TXN001916,2026-08-13 00:52:00,SUCCESS,00,2000,NETBANKING,1
TXN001917,2026-08-06 07:02:00,SUCCESS,00,2000,CARD,1
TXN001918,2026-08-02 13:14:00,SUCCESS,00,750,UPI,0
TXN001919,2026-08-04 09:14:00,SUCCESS,00,100,WALLET,0
TXN001920,2026-09-04 02:00:00,SUCCESS,00,500,NETBANKING,0
TXN001921,2026-08-21 11:16:00,SUCCESS,00,250,UPI,0
TXN001922,2026-08-21 13:59:00,SUCCESS,00,2000,CARD,0
TXN001923,2026-08-02 05:15:00,SUCCESS,00,100,CARD,0
TXN001924,2026-08-31 09:11:00,SUCCESS,00,100,UPI,0
TXN001925,2026-08-25 03:54:00,FAILED,51,5000,CARD,0
TXN001926,2026-09-03 16:44:00,SUCCESS,00,750,UPI,0
TXN001927,2026-08-13 13:01:00,SUCCESS,00,500,CARD,0
TXN001928,2026-08-09 23:58:00,SUCCESS,00,500,UPI,0
TXN001929,2026-08-15 10:09:00,SUCCESS,00,2000,UPI,0
TXN001930,2026-08-20 23:56:00,SUCCESS,00,10000,UPI,1
TXN001931,2026-09-04 05:47:00,FAILED,51,1000,CARD,0
TXN001932,2026-08-16 14:11:00,SUCCESS,00,100,UPI,0
TXN001933,2026-08-21 03:15:00,SUCCESS,00,750,NETBANKING,0
TXN001934,2026-08-23 05:11:00,SUCCESS,00,500,NETBANKING,1
TXN001935,2026-08-15 14:59:00,SUCCESS,00,250,CARD,0
TXN001936,2026-08-15 06:39:00,SUCCESS,00,750,CARD,0
TXN001937,2026-08-08 05:35:00,SUCCESS,00,1000,UPI,0
TXN001938,2026-08-29 17:21:00,SUCCESS,00,10000,UPI,0
TXN001939,2026-08-03 10:03:00,SUCCESS,00,100,UPI,0
TXN001940,2026-09-03 12:45:00,SUCCESS,00,250,UPI,1
TXN001941,2026-08-30 06:52:00,FAILED,51,100,UPI,0
TXN001942,2026-08-21 02:57:00,SUCCESS,00,1000,NETBANKING,1
TXN001943,2026-08-13 16:04:00,SUCCESS,00,100,WALLET,0
TXN001944,2026-08-14 04:52:00,SUCCESS,00,1000,CARD,0
TXN001945,2026-09-04 14:43:00,SUCCESS,00,250,UPI,1
TXN001946,2026-08-24 10:55:00,SUCCESS,00,5000,UPI,0
TXN001947,2026-08-16 23:10:00,SUCCESS,00,500,CARD,0
TXN001948,2026-08-10 22:35:00,SUCCESS,00,750,UPI,0
TXN001949,2026-08-19 14:56:00,FAILED,51,1000,UPI,0
TXN001950,2026-08-29 07:50:00,SUCCESS,00,1000,UPI,0
TXN001951,2026-08-11 17:04:00,SUCCESS,00,5000,CARD,0
TXN001952,2026-08-26 18:50:00,SUCCESS,00,500,NETBANKING,0
TXN001953,2026-08-23 13:53:00,SUCCESS,00,1500,NETBANKING,1
TXN001954,2026-08-03 08:22:00,SUCCESS,00,250,UPI,0
TXN001955,2026-08-29 05:34:00,SUCCESS,00,100,UPI,0
TXN001956,2026-08-28 21:45:00,SUCCESS,00,1500,NETBANKING,0
TXN001957,2026-08-22 01:25:00,SUCCESS,00,2500,CARD,0
TXN001958,2026-08-29 07:44:00,FAILED,51,100,UPI,0
TXN001959,2026-08-29 04:13:00,SUCCESS,00,1000,NETBANKING,0
TXN001960,2026-08-07 08:41:00,SUCCESS,00,250,UPI,0
TXN001961,2026-08-29 07:45:00,SUCCESS,00,500,UPI,0
TXN001962,2026-08-09 07:57:00,SUCCESS,00,5000,UPI,0
TXN001963,2026-08-11 02:12:00,FAILED,51,5000,WALLET,0
TXN001964,2026-08-11 04:16:00,SUCCESS,00,1000,UPI,0
TXN001965,2026-08-11 21:56:00,SUCCESS,00,750,UPI,0
TXN001966,2026-08-18 09:06:00,SUCCESS,00,2000,NETBANKING,0
TXN001967,2026-08-07 13:41:00,FAILED,51,1000,UPI,0
TXN001968,2026-09-02 01:25:00,SUCCESS,00,2500,NETBANKING,0
TXN001969,2026-08-03 07:38:00,SUCCESS,00,100,CARD,0
TXN001970,2026-08-03 07:26:00,SUCCESS,00,5000,CARD,0
TXN001971,2026-09-04 11:44:00,SUCCESS,00,1500,NETBANKING,1
TXN001972,2026-08-23 09:01:00,FAILED,51,100,CARD,0
TXN001973,2026-08-30 08:27:00,SUCCESS,00,1500,UPI,0
TXN001974,2026-08-16 17:39:00,SUCCESS,00,250,CARD,1
TXN001975,2026-08-09 21:25:00,SUCCESS,00,250,CARD,0
TXN001976,2026-08-06 05:22:00,FAILED,51,250,CARD,0
TXN001977,2026-08-09 13:36:00,SUCCESS,00,100,WALLET,0
TXN001978,2026-08-12 01:07:00,SUCCESS,00,500,WALLET,0
TXN001979,2026-08-15 07:03:00,SUCCESS,00,1500,UPI,0
TXN001980,2026-08-15 09:04:00,FAILED,51,750,UPI,0
TXN001981,2026-08-21 06:16:00,SUCCESS,00,250,UPI,0
TXN001982,2026-08-25 14:57:00,SUCCESS,00,10000,CARD,0
TXN001983,2026-08-11 06:30:00,SUCCESS,00,750,NETBANKING,1
TXN001984,2026-09-03 07:45:00,SUCCESS,00,100,UPI,0
TXN001985,2026-08-10 22:52:00,SUCCESS,00,2000,CARD,0
TXN001986,2026-08-02 15:06:00,SUCCESS,00,500,NETBANKING,0
TXN001987,2026-08-20 16:55:00,SUCCESS,00,750,CARD,1
TXN001988,2026-09-01 21:36:00,SUCCESS,00,1000,UPI,0
TXN001989,2026-08-05 06:03:00,SUCCESS,00,10000,NETBANKING,0
TXN001990,2026-08-10 09:20:00,SUCCESS,00,250,WALLET,0
TXN001991,2026-08-17 18:25:00,SUCCESS,00,1500,UPI,0
TXN001992,2026-08-01 11:56:00,SUCCESS,00,100,CARD,0
TXN001993,2026-08-16 10:16:00,FAILED,51,250,CARD,0
TXN001994,2026-08-22 04:37:00,SUCCESS,00,500,WALLET,0
TXN001995,2026-08-26 08:31:00,SUCCESS,00,500,NETBANKING,0
TXN001996,2026-08-11 17:02:00,SUCCESS,00,2000,WALLET,0
TXN001997,2026-08-25 12:20:00,SUCCESS,00,5000,UPI,0
TXN001998,2026-08-11 09:22:00,SUCCESS,00,2000,CARD,0
TXN001999,2026-08-08 18:09:00,SUCCESS,00,500,UPI,0
TXN002000,2026-08-30 20:32:00,SUCCESS,00,500,NETBANKING,1
TXN002001,2026-08-20 22:41:00,SUCCESS,00,2000,UPI,0
TXN002002,2026-08-08 17:25:00,SUCCESS,00,250,UPI,0
TXN002003,2026-08-16 17:18:00,SUCCESS,00,500,CARD,0
TXN002004,2026-08-16 07:30:00,SUCCESS,00,250,CARD,0
TXN002005,2026-08-01 01:08:00,SUCCESS,00,1500,CARD,0
TXN002006,2026-08-28 07:55:00,SUCCESS,00,1000,WALLET,0
TXN002007,2026-09-03 19:14:00,SUCCESS,00,500,CARD,0
TXN002008,2026-08-12 14:37:00,SUCCESS,00,100,CARD,0
TXN002009,2026-08-12 20:34:00,SUCCESS,00,250,CARD,0
TXN002010,2026-08-08 19:49:00,SUCCESS,00,1000,NETBANKING,0
TXN002011,2026-08-04 04:05:00,SUCCESS,00,1000,UPI,0
TXN002012,2026-08-09 18:00:00,SUCCESS,00,500,WALLET,0
TXN002013,2026-08-11 13:39:00,SUCCESS,00,25000,WALLET,0
TXN002014,2026-08-01 04:50:00,SUCCESS,00,1500,UPI,0
TXN002015,2026-08-18 11:11:00,SUCCESS,00,1000,NETBANKING,0
TXN002016,2026-08-18 10:17:00,SUCCESS,00,100,UPI,0
TXN002017,2026-08-01 18:40:00,SUCCESS,00,250,NETBANKING,0
TXN002018,2026-08-30 08:00:00,SUCCESS,00,1500,UPI,0
TXN002019,2026-08-21 08:08:00,SUCCESS,00,500,UPI,0
TXN002020,2026-08-29 19:36:00,SUCCESS,00,2500,NETBANKING,0
TXN002021,2026-08-04 08:04:00,SUCCESS,00,2500,CARD,0
TXN002022,2026-08-05 18:35:00,SUCCESS,00,2000,CARD,0
TXN002023,2026-08-08 08:27:00,SUCCESS,00,750,NETBANKING,0
TXN002024,2026-08-23 20:28:00,SUCCESS,00,2000,UPI,0
TXN002025,2026-08-21 13:15:00,SUCCESS,00,2000,WALLET,0
TXN002026,2026-08-07 00:20:00,SUCCESS,00,250,CARD,0
TXN002027,2026-08-12 06:47:00,SUCCESS,00,2000,UPI,0
TXN002028,2026-08-27 18:37:00,SUCCESS,00,1000,CARD,3
TXN002029,2026-08-21 06:52:00,SUCCESS,00,100,UPI,0
TXN002030,2026-09-03 09:50:00,SUCCESS,00,100,NETBANKING,0
TXN002031,2026-08-28 05:00:00,SUCCESS,00,1000,CARD,0
TXN002032,2026-08-14 16:01:00,SUCCESS,00,250,CARD,0
TXN002033,2026-08-23 17:21:00,SUCCESS,00,500,CARD,0
TXN002034,2026-08-03 16:24:00,SUCCESS,00,1500,UPI,0
TXN002035,2026-08-17 00:38:00,SUCCESS,00,750,CARD,0
TXN002036,2026-08-05 18:43:00,SUCCESS,00,100,UPI,0
TXN002037,2026-08-14 23:31:00,SUCCESS,00,2500,CARD,0
TXN002038,2026-08-06 18:43:00,SUCCESS,00,1000,UPI,0
TXN002039,2026-08-18 16:41:00,SUCCESS,00,250,UPI,0
TXN002040,2026-08-01 04:57:00,SUCCESS,00,5000,WALLET,0
TXN002041,2026-08-28 10:44:00,FAILED,51,250,UPI,0
TXN002042,2026-08-14 19:59:00,SUCCESS,00,2500,CARD,0
TXN002043,2026-08-02 07:38:00,SUCCESS,00,1500,UPI,0
TXN002044,2026-09-03 16:35:00,SUCCESS,00,1000,NETBANKING,0
TXN002045,2026-08-22 03:21:00,SUCCESS,00,10000,CARD,0
TXN002046,2026-08-02 07:14:00,SUCCESS,00,2500,NETBANKING,0
TXN002047,2026-08-11 21:15:00,SUCCESS,00,500,UPI,0
TXN002048,2026-08-30 19:43:00,SUCCESS,00,750,UPI,0
TXN002049,2026-08-07 06:04:00,SUCCESS,00,1000,NETBANKING,1
TXN002050,2026-08-31 07:36:00,SUCCESS,00,2000,NETBANKING,2
TXN002051,2026-09-01 18:24:00,SUCCESS,00,1000,UPI,1
TXN002052,2026-08-18 03:18:00,SUCCESS,00,500,UPI,0
TXN002053,2026-08-30 08:27:00,SUCCESS,00,100,NETBANKING,0
TXN002054,2026-08-10 18:32:00,SUCCESS,00,2000,UPI,0
TXN002055,2026-08-24 13:24:00,SUCCESS,00,500,UPI,0
TXN002056,2026-09-02 19:00:00,SUCCESS,00,750,UPI,0
TXN002057,2026-08-11 19:28:00,SUCCESS,00,250,CARD,1
TXN002058,2026-08-05 02:43:00,SUCCESS,00,250,NETBANKING,1
TXN002059,2026-08-04 00:51:00,SUCCESS,00,250,CARD,0
TXN002060,2026-08-29 19:34:00,SUCCESS,00,250,UPI,1
TXN002061,2026-08-05 11:17:00,SUCCESS,00,1500,UPI,0
TXN002062,2026-08-13 20:18:00,SUCCESS,00,500,NETBANKING,0
TXN002063,2026-08-05 09:12:00,SUCCESS,00,750,CARD,0
TXN002064,2026-08-19 17:41:00,SUCCESS,00,2500,UPI,0
TXN002065,2026-08-01 16:50:00,SUCCESS,00,25000,CARD,0
TXN002066,2026-08-14 18:46:00,SUCCESS,00,100,NETBANKING,0
TXN002067,2026-08-21 15:25:00,SUCCESS,00,500,UPI,0
TXN002068,2026-09-02 04:52:00,SUCCESS,00,500,UPI,0
TXN002069,2026-08-25 13:14:00,SUCCESS,00,1000,WALLET,0
TXN002070,2026-08-14 02:29:00,SUCCESS,00,500,CARD,0
TXN002071,2026-08-02 15:45:00,FAILED,51,100,NETBANKING,0
TXN002072,2026-08-09 15:23:00,SUCCESS,00,10000,CARD,0
TXN002073,2026-08-06 09:49:00,SUCCESS,00,750,UPI,0
TXN002074,2026-08-27 03:47:00,SUCCESS,00,500,UPI,0
TXN002075,2026-09-01 10:25:00,SUCCESS,00,750,UPI,1
TXN002076,2026-08-17 14:25:00,FAILED,51,250,UPI,0
TXN002077,2026-08-18 07:44:00,SUCCESS,00,1000,CARD,0
TXN002078,2026-08-30 23:11:00,SUCCESS,00,750,CARD,0
TXN002079,2026-08-20 21:34:00,SUCCESS,00,1500,UPI,0
TXN002080,2026-08-30 15:10:00,SUCCESS,00,1500,CARD,0
TXN002081,2026-08-17 18:06:00,SUCCESS,00,250,UPI,0
TXN002082,2026-08-28 21:08:00,SUCCESS,00,250,UPI,0
TXN002083,2026-08-07 21:01:00,SUCCESS,00,10000,UPI,0
TXN002084,2026-08-20 08:12:00,SUCCESS,00,250,NETBANKING,0
TXN002085,2026-08-06 22:51:00,SUCCESS,00,1500,UPI,0
TXN002086,2026-08-01 21:59:00,SUCCESS,00,1000,NETBANKING,0
TXN002087,2026-08-21 15:04:00,SUCCESS,00,250,UPI,0
TXN002088,2026-08-03 09:26:00,SUCCESS,00,2500,UPI,0
TXN002089,2026-08-14 07:22:00,SUCCESS,00,750,CARD,0
TXN002090,2026-08-09 15:02:00,SUCCESS,00,1000,UPI,0
TXN002091,2026-08-25 01:34:00,SUCCESS,00,750,UPI,0
TXN002092,2026-08-23 15:46:00,SUCCESS,00,2000,UPI,2
TXN002093,2026-08-10 10:55:00,SUCCESS,00,2500,UPI,0
TXN002094,2026-08-09 03:42:00,SUCCESS,00,750,CARD,0
TXN002095,2026-08-20 20:43:00,SUCCESS,00,1000,NETBANKING,0
TXN002096,2026-08-25 13:33:00,SUCCESS,00,1500,UPI,0
TXN002097,2026-08-05 06:00:00,SUCCESS,00,750,NETBANKING,3
TXN002098,2026-09-03 08:04:00,SUCCESS,00,1000,CARD,0
TXN002099,2026-08-04 09:55:00,SUCCESS,00,500,UPI,0
TXN002100,2026-08-25 21:18:00,SUCCESS,00,2500,CARD,0
TXN002101,2026-08-19 22:54:00,SUCCESS,00,25000,UPI,0
TXN002102,2026-08-29 15:50:00,SUCCESS,00,250,UPI,0
TXN002103,2026-08-30 02:19:00,SUCCESS,00,1000,NETBANKING,0
TXN002104,2026-08-19 05:12:00,SUCCESS,00,100,WALLET,2
TXN002105,2026-08-05 03:45:00,SUCCESS,00,100,CARD,0
TXN002106,2026-08-04 15:24:00,SUCCESS,00,750,CARD,1
TXN002107,2026-08-18 21:38:00,SUCCESS,00,10000,WALLET,0
TXN002108,2026-08-18 07:18:00,SUCCESS,00,5000,NETBANKING,0
TXN002109,2026-08-26 19:35:00,SUCCESS,00,750,CARD,0
TXN002110,2026-08-20 23:56:00,SUCCESS,00,1500,UPI,0
TXN002111,2026-08-01 21:33:00,SUCCESS,00,25000,CARD,0
TXN002112,2026-08-25 11:52:00,SUCCESS,00,750,UPI,0
TXN002113,2026-08-09 07:36:00,FAILED,51,2500,CARD,0
TXN002114,2026-08-30 23:00:00,SUCCESS,00,1500,UPI,0
TXN002115,2026-08-06 16:41:00,SUCCESS,00,500,UPI,0
TXN002116,2026-08-26 08:01:00,SUCCESS,00,2500,CARD,0
TXN002117,2026-08-23 17:46:00,SUCCESS,00,100,NETBANKING,2
TXN002118,2026-08-25 20:37:00,SUCCESS,00,750,CARD,0
TXN002119,2026-08-25 21:15:00,SUCCESS,00,1500,UPI,0
TXN002120,2026-08-28 20:50:00,SUCCESS,00,250,WALLET,0
TXN002121,2026-09-03 03:02:00,SUCCESS,00,2500,UPI,0
TXN002122,2026-08-23 10:53:00,SUCCESS,00,1000,CARD,0
TXN002123,2026-08-16 16:56:00,SUCCESS,00,500,CARD,0
TXN002124,2026-08-06 01:18:00,SUCCESS,00,2000,CARD,2
TXN002125,2026-08-08 20:24:00,SUCCESS,00,100,CARD,0
TXN002126,2026-08-03 09:34:00,SUCCESS,00,1500,NETBANKING,0
TXN002127,2026-08-30 14:17:00,SUCCESS,00,1500,NETBANKING,0
TXN002128,2026-08-15 12:04:00,SUCCESS,00,2000,UPI,0
TXN002129,2026-09-03 16:32:00,SUCCESS,00,1500,CARD,0
TXN002130,2026-08-05 21:07:00,SUCCESS,00,2000,CARD,1
TXN002131,2026-08-12 21:31:00,SUCCESS,00,1500,CARD,0
TXN002132,2026-08-26 07:42:00,SUCCESS,00,500,CARD,0
TXN002133,2026-08-09 13:06:00,SUCCESS,00,1000,CARD,1
TXN002134,2026-08-28 13:52:00,SUCCESS,00,100,WALLET,0
TXN002135,2026-08-24 11:44:00,SUCCESS,00,100,UPI,0
TXN002136,2026-08-26 00:36:00,SUCCESS,00,1000,NETBANKING,0
TXN002137,2026-08-24 09:42:00,SUCCESS,00,750,UPI,0
TXN002138,2026-08-06 18:22:00,SUCCESS,00,250,UPI,1
TXN002139,2026-08-20 01:40:00,SUCCESS,00,500,UPI,0
TXN002140,2026-08-03 10:20:00,SUCCESS,00,2500,UPI,0
TXN002141,2026-08-13 16:05:00,SUCCESS,00,2000,NETBANKING,0
TXN002142,2026-08-13 03:47:00,SUCCESS,00,25000,WALLET,0
TXN002143,2026-08-31 02:07:00,SUCCESS,00,250,UPI,1
TXN002144,2026-08-08 10:37:00,SUCCESS,00,1000,NETBANKING,0
TXN002145,2026-08-21 10:10:00,SUCCESS,00,100,NETBANKING,0
TXN002146,2026-08-27 00:43:00,SUCCESS,00,250,CARD,0
TXN002147,2026-08-06 02:41:00,SUCCESS,00,1000,NETBANKING,1
TXN002148,2026-08-26 11:09:00,SUCCESS,00,10000,UPI,0
TXN002149,2026-08-13 19:47:00,SUCCESS,00,250,NETBANKING,0
TXN002150,2026-08-04 02:03:00,SUCCESS,00,500,CARD,1
TXN002151,2026-08-31 03:43:00,SUCCESS,00,5000,CARD,1
TXN002152,2026-08-03 14:23:00,SUCCESS,00,100,WALLET,1
TXN002153,2026-09-03 02:51:00,SUCCESS,00,1000,WALLET,0
TXN002154,2026-08-03 01:34:00,SUCCESS,00,1500,UPI,0
TXN002155,2026-09-02 05:33:00,SUCCESS,00,2000,UPI,0
TXN002156,2026-08-03 20:43:00,SUCCESS,00,750,UPI,1
TXN002157,2026-08-06 11:13:00,SUCCESS,00,250,UPI,0
TXN002158,2026-08-04 21:25:00,SUCCESS,00,1500,UPI,1
TXN002159,2026-08-10 09:56:00,SUCCESS,00,1500,UPI,0
TXN002160,2026-09-02 17:40:00,SUCCESS,00,2500,WALLET,0
TXN002161,2026-08-21 09:11:00,SUCCESS,00,5000,NETBANKING,1
TXN002162,2026-08-26 12:49:00,SUCCESS,00,2500,UPI,1
TXN002163,2026-08-06 06:21:00,SUCCESS,00,2000,NETBANKING,2
TXN002164,2026-08-10 22:09:00,SUCCESS,00,250,NETBANKING,2
TXN002165,2026-08-30 13:44:00,SUCCESS,00,100,NETBANKING,0
TXN002166,2026-08-16 13:22:00,SUCCESS,00,750,UPI,0
TXN002167,2026-08-04 20:31:00,SUCCESS,00,750,NETBANKING,0
TXN002168,2026-08-06 20:15:00,SUCCESS,00,1000,CARD,0
TXN002169,2026-09-04 16:01:00,SUCCESS,00,2500,CARD,0
TXN002170,2026-08-28 13:44:00,SUCCESS,00,500,CARD,0
TXN002171,2026-08-05 22:52:00,SUCCESS,00,100,CARD,0
TXN002172,2026-08-13 18:40:00,SUCCESS,00,1000,UPI,1
TXN002173,2026-09-02 15:18:00,SUCCESS,00,100,CARD,1
TXN002174,2026-08-31 13:42:00,SUCCESS,00,500,CARD,0
TXN002175,2026-08-22 09:49:00,SUCCESS,00,1000,UPI,0
TXN002176,2026-08-12 21:12:00,FAILED,51,1000,WALLET,0
TXN002177,2026-08-06 10:43:00,SUCCESS,00,1000,UPI,0
TXN002178,2026-08-27 13:02:00,SUCCESS,00,1000,NETBANKING,0
TXN002179,2026-08-28 07:10:00,SUCCESS,00,500,CARD,0
TXN002180,2026-08-30 15:27:00,SUCCESS,00,25000,WALLET,1
TXN002181,2026-08-24 09:42:00,SUCCESS,00,5000,CARD,0
TXN002182,2026-09-03 14:14:00,SUCCESS,00,500,UPI,0
TXN002183,2026-08-20 00:09:00,SUCCESS,00,500,CARD,0
TXN002184,2026-08-30 08:54:00,SUCCESS,00,1500,CARD,0
TXN002185,2026-08-28 04:10:00,SUCCESS,00,100,CARD,0
TXN002186,2026-08-01 22:36:00,SUCCESS,00,1000,UPI,0
TXN002187,2026-08-30 01:21:00,SUCCESS,00,2500,UPI,0
TXN002188,2026-08-07 06:05:00,SUCCESS,00,250,WALLET,0
TXN002189,2026-08-02 08:41:00,SUCCESS,00,1000,WALLET,0
TXN002190,2026-09-01 09:45:00,SUCCESS,00,250,UPI,1
TXN002191,2026-08-10 04:13:00,SUCCESS,00,2000,UPI,1
TXN002192,2026-09-04 17:31:00,SUCCESS,00,750,CARD,0
TXN002193,2026-08-20 20:21:00,SUCCESS,00,2500,CARD,0
TXN002194,2026-08-03 06:23:00,SUCCESS,00,25000,UPI,1
TXN002195,2026-08-24 16:53:00,SUCCESS,00,5000,UPI,0
TXN002196,2026-08-05 08:17:00,SUCCESS,00,1500,CARD,0
TXN002197,2026-08-04 18:21:00,SUCCESS,00,250,UPI,0
TXN002198,2026-08-09 02:15:00,SUCCESS,00,1500,UPI,0
TXN002199,2026-08-29 20:30:00,SUCCESS,00,1500,UPI,0
TXN002200,2026-08-12 04:21:00,SUCCESS,00,2000,UPI,0
TXN002201,2026-08-12 18:38:00,SUCCESS,00,250,WALLET,0
TXN002202,2026-08-08 13:10:00,SUCCESS,00,750,CARD,0
TXN002203,2026-08-21 20:12:00,SUCCESS,00,250,CARD,0
TXN002204,2026-08-01 12:38:00,SUCCESS,00,1000,CARD,0
TXN002205,2026-08-09 10:11:00,SUCCESS,00,1500,NETBANKING,0
TXN002206,2026-08-07 13:13:00,SUCCESS,00,500,UPI,0
TXN002207,2026-08-17 04:44:00,SUCCESS,00,100,CARD,0
TXN002208,2026-09-04 04:31:00,SUCCESS,00,1000,UPI,0
TXN002209,2026-08-19 02:32:00,SUCCESS,00,2000,CARD,0
TXN002210,2026-08-04 03:09:00,SUCCESS,00,750,WALLET,0
TXN002211,2026-08-22 15:24:00,SUCCESS,00,1000,CARD,0
TXN002212,2026-09-04 13:49:00,SUCCESS,00,2000,UPI,0
TXN002213,2026-08-18 14:12:00,FAILED,51,500,NETBANKING,0
TXN002214,2026-08-31 20:45:00,SUCCESS,00,250,UPI,0
TXN002215,2026-08-13 15:48:00,SUCCESS,00,1500,UPI,0
TXN002216,2026-08-21 23:19:00,SUCCESS,00,5000,NETBANKING,1
TXN002217,2026-08-24 09:40:00,SUCCESS,00,25000,UPI,0
TXN002218,2026-08-29 09:07:00,FAILED,51,100,WALLET,0
TXN002219,2026-08-16 05:19:00,SUCCESS,00,1000,UPI,0
TXN002220,2026-08-07 19:55:00,SUCCESS,00,1000,UPI,0
TXN002221,2026-08-26 04:33:00,SUCCESS,00,100,UPI,1
TXN002222,2026-08-23 05:41:00,SUCCESS,00,2500,UPI,0
TXN002223,2026-08-27 12:57:00,SUCCESS,00,750,UPI,0
TXN002224,2026-08-10 01:56:00,SUCCESS,00,25000,CARD,0
TXN002225,2026-09-03 08:01:00,SUCCESS,00,750,UPI,1
TXN002226,2026-09-03 19:33:00,FAILED,51,750,UPI,0
TXN002227,2026-08-20 10:50:00,SUCCESS,00,250,CARD,0
TXN002228,2026-08-17 15:57:00,SUCCESS,00,5000,CARD,0
TXN002229,2026-08-12 05:36:00,SUCCESS,00,1000,UPI,0
TXN002230,2026-09-02 00:18:00,SUCCESS,00,500,WALLET,0
TXN002231,2026-09-04 03:32:00,SUCCESS,00,2500,CARD,0
TXN002232,2026-08-08 10:08:00,SUCCESS,00,500,UPI,0
TXN002233,2026-08-16 03:24:00,SUCCESS,00,2500,CARD,0
TXN002234,2026-08-21 10:37:00,SUCCESS,00,100,NETBANKING,0
TXN002235,2026-08-27 12:40:00,SUCCESS,00,5000,CARD,0
TXN002236,2026-08-23 03:55:00,SUCCESS,00,100,CARD,0
TXN002237,2026-08-03 07:02:00,SUCCESS,00,1500,CARD,0
TXN002238,2026-08-27 16:06:00,SUCCESS,00,500,NETBANKING,0
TXN002239,2026-08-10 08:11:00,SUCCESS,00,100,CARD,0
TXN002240,2026-08-13 22:48:00,SUCCESS,00,750,CARD,0
TXN002241,2026-08-27 14:14:00,SUCCESS,00,10000,CARD,0
TXN002242,2026-08-20 11:51:00,SUCCESS,00,100,UPI,0
TXN002243,2026-08-16 08:35:00,SUCCESS,00,2000,CARD,0
TXN002244,2026-08-14 20:02:00,SUCCESS,00,2500,UPI,0
TXN002245,2026-08-28 07:15:00,SUCCESS,00,250,UPI,2
TXN002246,2026-08-31 15:07:00,SUCCESS,00,1500,CARD,0
TXN002247,2026-08-17 11:09:00,SUCCESS,00,1000,WALLET,0
TXN002248,2026-08-18 10:46:00,SUCCESS,00,100,NETBANKING,0
TXN002249,2026-08-29 12:54:00,SUCCESS,00,250,CARD,0
TXN002250,2026-08-05 11:45:00,FAILED,51,10000,UPI,1
TXN002251,2026-08-15 16:17:00,SUCCESS,00,250,NETBANKING,1
TXN002252,2026-08-03 19:31:00,SUCCESS,00,1000,UPI,0
TXN002253,2026-08-13 08:49:00,SUCCESS,00,250,UPI,0
TXN002254,2026-08-07 00:10:00,SUCCESS,00,25000,UPI,0
TXN002255,2026-08-24 21:56:00,SUCCESS,00,750,UPI,1
TXN002256,2026-08-16 11:49:00,SUCCESS,00,500,UPI,0
TXN002257,2026-09-04 17:22:00,SUCCESS,00,1000,UPI,0
TXN002258,2026-08-25 10:13:00,SUCCESS,00,25000,CARD,0
TXN002259,2026-08-07 02:43:00,SUCCESS,00,10000,UPI,1
TXN002260,2026-08-20 00:29:00,SUCCESS,00,1500,UPI,1
TXN002261,2026-09-04 02:06:00,SUCCESS,00,100,CARD,0
TXN002262,2026-08-13 18:30:00,SUCCESS,00,750,NETBANKING,0
TXN002263,2026-08-28 02:41:00,FAILED,51,1500,WALLET,0
TXN002264,2026-09-02 03:27:00,SUCCESS,00,2000,UPI,0
TXN002265,2026-08-30 06:09:00,SUCCESS,00,250,CARD,0
TXN002266,2026-08-16 10:58:00,SUCCESS,00,1500,CARD,0
TXN002267,2026-09-03 04:33:00,SUCCESS,00,250,UPI,0
TXN002268,2026-08-10 22:49:00,SUCCESS,00,500,UPI,0
TXN002269,2026-08-15 02:05:00,SUCCESS,00,1000,CARD,0
TXN002270,2026-09-01 05:06:00,SUCCESS,00,2000,WALLET,0
TXN002271,2026-08-16 11:03:00,SUCCESS,00,500,CARD,0
TXN002272,2026-08-02 22:22:00,FAILED,51,100,UPI,0
TXN002273,2026-08-09 10:55:00,SUCCESS,00,100,CARD,0
TXN002274,2026-09-03 20:32:00,SUCCESS,00,1000,CARD,0
TXN002275,2026-08-05 17:37:00,SUCCESS,00,1500,CARD,1
TXN002276,2026-09-02 19:35:00,SUCCESS,00,1000,CARD,0
TXN002277,2026-08-13 19:35:00,SUCCESS,00,100,CARD,1
TXN002278,2026-08-02 15:37:00,SUCCESS,00,500,CARD,0
TXN002279,2026-09-01 23:01:00,SUCCESS,00,1000,NETBANKING,1
TXN002280,2026-08-06 19:51:00,SUCCESS,00,100,UPI,0
TXN002281,2026-09-03 16:01:00,SUCCESS,00,500,WALLET,0
TXN002282,2026-09-01 04:53:00,SUCCESS,00,250,UPI,0
TXN002283,2026-08-23 06:48:00,SUCCESS,00,100,UPI,0
TXN002284,2026-08-02 07:02:00,SUCCESS,00,2500,UPI,0
TXN002285,2026-08-25 05:06:00,SUCCESS,00,250,CARD,0
TXN002286,2026-08-01 19:44:00,SUCCESS,00,250,UPI,0
TXN002287,2026-08-19 17:16:00,SUCCESS,00,750,NETBANKING,0
TXN002288,2026-08-10 06:09:00,SUCCESS,00,750,UPI,0
TXN002289,2026-08-23 03:36:00,SUCCESS,00,250,UPI,0
TXN002290,2026-09-01 16:07:00,SUCCESS,00,2000,UPI,0
TXN002291,2026-08-26 20:06:00,SUCCESS,00,750,CARD,1
TXN002292,2026-08-03 19:50:00,SUCCESS,00,500,CARD,0
TXN002293,2026-08-02 10:20:00,SUCCESS,00,5000,UPI,0
TXN002294,2026-08-29 10:18:00,SUCCESS,00,1000,NETBANKING,0
TXN002295,2026-08-24 15:22:00,SUCCESS,00,750,NETBANKING,0
TXN002296,2026-08-14 17:10:00,SUCCESS,00,25000,UPI,0
TXN002297,2026-08-07 03:16:00,SUCCESS,00,750,UPI,0
TXN002298,2026-09-04 10:36:00,SUCCESS,00,250,NETBANKING,0
TXN002299,2026-08-06 15:48:00,SUCCESS,00,2500,UPI,0
TXN002300,2026-08-13 04:46:00,SUCCESS,00,2000,UPI,0
TXN002301,2026-08-13 01:49:00,SUCCESS,00,750,CARD,1
TXN002302,2026-08-08 02:43:00,SUCCESS,00,250,UPI,0
TXN002303,2026-08-19 06:09:00,SUCCESS,00,750,UPI,0
TXN002304,2026-08-08 22:31:00,SUCCESS,00,1500,CARD,0
TXN002305,2026-08-06 15:10:00,FAILED,51,750,UPI,0
TXN002306,2026-08-31 19:06:00,SUCCESS,00,2500,CARD,0
TXN002307,2026-08-03 12:43:00,SUCCESS,00,5000,NETBANKING,0
TXN002308,2026-08-01 07:02:00,FAILED,51,2000,CARD,0
TXN002309,2026-08-29 11:42:00,SUCCESS,00,750,CARD,1
TXN002310,2026-08-29 18:39:00,SUCCESS,00,2000,WALLET,0
TXN002311,2026-08-18 03:53:00,SUCCESS,00,1500,UPI,0
TXN002312,2026-08-02 06:31:00,SUCCESS,00,10000,UPI,0
TXN002313,2026-08-21 16:33:00,SUCCESS,00,750,UPI,0
TXN002314,2026-08-21 14:37:00,SUCCESS,00,250,UPI,0
TXN002315,2026-08-06 14:07:00,SUCCESS,00,1000,WALLET,0
TXN002316,2026-08-14 13:16:00,SUCCESS,00,1000,CARD,0
TXN002317,2026-08-05 08:17:00,SUCCESS,00,1000,UPI,0
TXN002318,2026-08-28 20:32:00,SUCCESS,00,1500,NETBANKING,0
TXN002319,2026-09-01 17:58:00,SUCCESS,00,100,NETBANKING,1
TXN002320,2026-09-03 22:29:00,SUCCESS,00,500,UPI,0
TXN002321,2026-08-01 22:56:00,SUCCESS,00,1500,UPI,0
TXN002322,2026-08-23 03:40:00,SUCCESS,00,250,CARD,0
TXN002323,2026-08-03 03:01:00,SUCCESS,00,5000,UPI,1
TXN002324,2026-08-13 14:49:00,SUCCESS,00,2500,NETBANKING,0
TXN002325,2026-08-14 18:40:00,SUCCESS,00,500,WALLET,0
TXN002326,2026-09-02 15:22:00,SUCCESS,00,2000,CARD,0
TXN002327,2026-08-25 21:43:00,SUCCESS,00,2000,NETBANKING,0
TXN002328,2026-08-31 17:50:00,SUCCESS,00,250,NETBANKING,0
TXN002329,2026-08-30 12:18:00,FAILED,51,1000,CARD,1
TXN002330,2026-08-12 14:18:00,SUCCESS,00,100,CARD,0
TXN002331,2026-08-21 04:12:00,SUCCESS,00,500,NETBANKING,2
TXN002332,2026-08-19 01:15:00,SUCCESS,00,100,NETBANKING,0
TXN002333,2026-08-09 01:42:00,SUCCESS,00,750,CARD,1
TXN002334,2026-08-07 16:19:00,SUCCESS,00,100,CARD,0
TXN002335,2026-08-07 19:40:00,SUCCESS,00,100,UPI,1
TXN002336,2026-09-01 21:27:00,SUCCESS,00,250,UPI,0
TXN002337,2026-08-30 20:38:00,SUCCESS,00,500,UPI,0
TXN002338,2026-08-25 15:42:00,SUCCESS,00,500,UPI,0
TXN002339,2026-09-01 17:26:00,SUCCESS,00,100,CARD,0
TXN002340,2026-08-20 20:22:00,SUCCESS,00,1500,WALLET,0
TXN002341,2026-08-24 18:11:00,SUCCESS,00,250,CARD,0
TXN002342,2026-08-29 14:46:00,SUCCESS,00,2000,UPI,1
TXN002343,2026-08-28 05:27:00,SUCCESS,00,250,UPI,0
TXN002344,2026-08-09 13:14:00,SUCCESS,00,500,UPI,0
TXN002345,2026-08-01 19:57:00,SUCCESS,00,5000,CARD,0
TXN002346,2026-08-05 21:20:00,SUCCESS,00,1000,CARD,0
TXN002347,2026-08-04 08:16:00,SUCCESS,00,500,UPI,1
TXN002348,2026-08-10 06:29:00,SUCCESS,00,100,CARD,0
TXN002349,2026-08-10 01:01:00,SUCCESS,00,750,CARD,0
TXN002350,2026-08-03 06:05:00,SUCCESS,00,25000,NETBANKING,0
TXN002351,2026-08-02 17:58:00,SUCCESS,00,100,NETBANKING,1
TXN002352,2026-08-31 15:26:00,SUCCESS,00,250,NETBANKING,0
TXN002353,2026-08-03 10:19:00,SUCCESS,00,10000,UPI,1
TXN002354,2026-08-24 22:52:00,SUCCESS,00,500,NETBANKING,0
TXN002355,2026-08-31 07:45:00,SUCCESS,00,2500,WALLET,0
TXN002356,2026-08-15 10:04:00,SUCCESS,00,500,CARD,0
TXN002357,2026-08-09 10:38:00,SUCCESS,00,2500,NETBANKING,0
TXN002358,2026-09-01 00:03:00,SUCCESS,00,2500,UPI,0
TXN002359,2026-08-09 14:40:00,SUCCESS,00,2000,NETBANKING,0
TXN002360,2026-08-05 14:52:00,SUCCESS,00,750,UPI,0
TXN002361,2026-08-09 23:03:00,SUCCESS,00,750,UPI,0
TXN002362,2026-08-10 15:47:00,SUCCESS,00,2500,NETBANKING,0
TXN002363,2026-08-10 11:43:00,SUCCESS,00,750,CARD,0
TXN002364,2026-08-17 10:17:00,SUCCESS,00,750,UPI,0
TXN002365,2026-08-02 09:32:00,SUCCESS,00,100,UPI,0
TXN002366,2026-08-22 03:30:00,SUCCESS,00,2500,NETBANKING,0
TXN002367,2026-08-02 15:36:00,SUCCESS,00,500,UPI,0
TXN002368,2026-08-30 21:58:00,SUCCESS,00,250,UPI,0
TXN002369,2026-08-04 10:05:00,SUCCESS,00,250,NETBANKING,0
TXN002370,2026-08-28 17:59:00,SUCCESS,00,2000,UPI,0
TXN002371,2026-08-23 09:26:00,FAILED,51,750,CARD,0
TXN002372,2026-08-22 17:42:00,SUCCESS,00,250,NETBANKING,0
TXN002373,2026-08-22 03:52:00,SUCCESS,00,25000,NETBANKING,0
TXN002374,2026-08-04 01:46:00,SUCCESS,00,1500,UPI,0
TXN002375,2026-09-03 15:23:00,SUCCESS,00,500,UPI,0
TXN002376,2026-09-04 13:07:00,SUCCESS,00,1500,UPI,0
TXN002377,2026-08-27 21:44:00,SUCCESS,00,2000,UPI,0
TXN002378,2026-09-04 09:07:00,SUCCESS,00,250,NETBANKING,0
TXN002379,2026-08-31 14:07:00,SUCCESS,00,1000,UPI,0
TXN002380,2026-09-03 00:56:00,SUCCESS,00,500,CARD,1
TXN002381,2026-08-09 07:40:00,SUCCESS,00,10000,UPI,0
TXN002382,2026-08-16 07:25:00,SUCCESS,00,2500,CARD,0
TXN002383,2026-08-30 00:11:00,SUCCESS,00,1000,CARD,0
TXN002384,2026-08-01 14:36:00,SUCCESS,00,5000,UPI,0
TXN002385,2026-08-20 15:32:00,SUCCESS,00,250,UPI,1
TXN002386,2026-08-25 14:53:00,SUCCESS,00,750,NETBANKING,0
TXN002387,2026-08-01 03:14:00,SUCCESS,00,500,UPI,0
TXN002388,2026-08-19 23:58:00,SUCCESS,00,250,UPI,0
TXN002389,2026-09-03 11:47:00,SUCCESS,00,750,UPI,1
TXN002390,2026-08-19 21:42:00,SUCCESS,00,2500,CARD,0
TXN002391,2026-08-29 07:02:00,FAILED,51,750,CARD,0
TXN002392,2026-08-12 14:07:00,SUCCESS,00,500,CARD,0
TXN002393,2026-08-24 21:33:00,SUCCESS,00,1500,CARD,0
TXN002394,2026-08-06 10:51:00,SUCCESS,00,1500,WALLET,0
TXN002395,2026-08-02 18:43:00,SUCCESS,00,250,CARD,1
TXN002396,2026-08-10 15:31:00,SUCCESS,00,100,CARD,0
TXN002397,2026-08-10 08:18:00,SUCCESS,00,750,CARD,0
TXN002398,2026-09-02 18:06:00,SUCCESS,00,250,UPI,0
TXN002399,2026-08-10 05:45:00,SUCCESS,00,100,CARD,3
TXN002400,2026-08-11 03:54:00,SUCCESS,00,250,UPI,0
TXN002401,2026-08-10 11:31:00,SUCCESS,00,1000,NETBANKING,0
TXN002402,2026-08-01 09:16:00,SUCCESS,00,10000,NETBANKING,0
TXN002403,2026-08-02 05:18:00,SUCCESS,00,1500,UPI,0
TXN002404,2026-08-20 06:08:00,SUCCESS,00,1000,UPI,0
TXN002405,2026-08-20 09:59:00,SUCCESS,00,250,CARD,0
TXN002406,2026-09-03 15:54:00,SUCCESS,00,5000,UPI,0
TXN002407,2026-08-26 05:16:00,SUCCESS,00,1000,CARD,0
TXN002408,2026-08-11 06:27:00,SUCCESS,00,750,CARD,1
TXN002409,2026-08-18 09:19:00,SUCCESS,00,100,CARD,0
TXN002410,2026-08-01 12:17:00,SUCCESS,00,1500,NETBANKING,0
TXN002411,2026-09-03 05:53:00,SUCCESS,00,750,UPI,0
TXN002412,2026-08-11 08:54:00,SUCCESS,00,5000,UPI,1
TXN002413,2026-08-01 23:03:00,SUCCESS,00,1000,WALLET,1
TXN002414,2026-08-08 09:30:00,SUCCESS,00,500,WALLET,0
TXN002415,2026-08-22 11:35:00,SUCCESS,00,100,CARD,0
TXN002416,2026-08-31 09:09:00,SUCCESS,00,250,CARD,0
TXN002417,2026-08-09 19:13:00,SUCCESS,00,500,UPI,0
TXN002418,2026-08-31 08:01:00,SUCCESS,00,100,UPI,0
TXN002419,2026-09-02 11:41:00,FAILED,51,1000,UPI,0
TXN002420,2026-08-09 17:42:00,SUCCESS,00,100,UPI,0
TXN002421,2026-08-27 18:12:00,SUCCESS,00,500,UPI,0
TXN002422,2026-08-02 06:01:00,SUCCESS,00,1000,CARD,0
TXN002423,2026-08-11 12:59:00,SUCCESS,00,1000,UPI,0
TXN002424,2026-08-19 02:21:00,SUCCESS,00,5000,UPI,0
TXN002425,2026-08-01 08:02:00,SUCCESS,00,1000,NETBANKING,1
TXN002426,2026-08-05 17:33:00,SUCCESS,00,100,NETBANKING,0
TXN002427,2026-08-21 02:50:00,SUCCESS,00,250,UPI,0
TXN002428,2026-08-31 22:08:00,SUCCESS,00,2500,UPI,0
TXN002429,2026-08-29 23:37:00,SUCCESS,00,750,NETBANKING,0
TXN002430,2026-08-25 10:42:00,SUCCESS,00,10000,UPI,0
TXN002431,2026-08-16 04:43:00,SUCCESS,00,750,UPI,0
TXN002432,2026-08-29 00:10:00,SUCCESS,00,2000,UPI,0
TXN002433,2026-08-24 02:30:00,SUCCESS,00,750,CARD,0
TXN002434,2026-08-13 13:33:00,SUCCESS,00,750,CARD,0
TXN002435,2026-08-17 07:48:00,SUCCESS,00,25000,UPI,0
TXN002436,2026-08-01 02:08:00,SUCCESS,00,100,UPI,0
TXN002437,2026-09-01 14:48:00,SUCCESS,00,500,UPI,0
TXN002438,2026-08-11 12:55:00,SUCCESS,00,2000,CARD,0
TXN002439,2026-08-31 11:33:00,SUCCESS,00,500,UPI,0
TXN002440,2026-08-06 23:40:00,SUCCESS,00,500,WALLET,0
TXN002441,2026-08-24 08:41:00,SUCCESS,00,2000,UPI,0
TXN002442,2026-08-21 14:48:00,SUCCESS,00,250,UPI,0
TXN002443,2026-08-18 20:38:00,SUCCESS,00,1500,NETBANKING,0
TXN002444,2026-08-04 10:18:00,SUCCESS,00,750,UPI,0
TXN002445,2026-08-27 11:47:00,SUCCESS,00,1500,UPI,0
TXN002446,2026-08-13 07:54:00,SUCCESS,00,100,WALLET,0
TXN002447,2026-08-24 06:18:00,SUCCESS,00,500,CARD,0
TXN002448,2026-09-03 10:03:00,SUCCESS,00,250,UPI,0
TXN002449,2026-08-06 18:47:00,SUCCESS,00,750,CARD,0
TXN002450,2026-08-21 19:01:00,SUCCESS,00,500,NETBANKING,2
TXN002451,2026-08-03 12:23:00,SUCCESS,00,500,UPI,1
TXN002452,2026-08-07 20:17:00,SUCCESS,00,1500,NETBANKING,1
TXN002453,2026-08-26 02:19:00,SUCCESS,00,2500,NETBANKING,0
TXN002454,2026-08-15 04:48:00,SUCCESS,00,2500,NETBANKING,0
TXN002455,2026-08-19 20:48:00,SUCCESS,00,1000,CARD,0
TXN002456,2026-08-07 06:31:00,SUCCESS,00,2500,UPI,0
TXN002457,2026-08-02 20:17:00,SUCCESS,00,250,UPI,0
TXN002458,2026-08-03 10:06:00,SUCCESS,00,2000,UPI,0
TXN002459,2026-08-02 16:51:00,SUCCESS,00,250,UPI,0
TXN002460,2026-08-19 07:45:00,FAILED,51,1000,UPI,0
TXN002461,2026-08-06 19:41:00,SUCCESS,00,250,CARD,0
TXN002462,2026-08-22 07:00:00,SUCCESS,00,250,NETBANKING,1
TXN002463,2026-08-07 06:59:00,SUCCESS,00,1500,NETBANKING,0
TXN002464,2026-08-02 21:20:00,SUCCESS,00,1500,UPI,0
TXN002465,2026-08-30 07:10:00,SUCCESS,00,500,CARD,0
TXN002466,2026-08-02 01:58:00,SUCCESS,00,5000,CARD,1
TXN002467,2026-08-12 01:38:00,SUCCESS,00,1500,UPI,0
TXN002468,2026-08-15 19:46:00,SUCCESS,00,2500,UPI,0
TXN002469,2026-08-22 16:59:00,SUCCESS,00,500,UPI,0
TXN002470,2026-08-26 09:44:00,SUCCESS,00,500,UPI,0
TXN002471,2026-08-06 22:57:00,SUCCESS,00,100,NETBANKING,0
TXN002472,2026-09-03 07:41:00,SUCCESS,00,250,CARD,0
TXN002473,2026-08-19 22:19:00,SUCCESS,00,1500,WALLET,0
TXN002474,2026-09-04 08:23:00,SUCCESS,00,500,UPI,0
TXN002475,2026-08-06 11:36:00,SUCCESS,00,100,CARD,0
TXN002476,2026-08-12 06:04:00,SUCCESS,00,25000,WALLET,0
TXN002477,2026-08-21 12:15:00,SUCCESS,00,250,NETBANKING,0
TXN002478,2026-08-30 07:36:00,SUCCESS,00,100,UPI,1
TXN002479,2026-08-04 22:13:00,FAILED,51,2500,CARD,0
TXN002480,2026-08-12 04:10:00,SUCCESS,00,750,UPI,0
TXN002481,2026-08-26 22:16:00,SUCCESS,00,500,NETBANKING,0
TXN002482,2026-08-01 00:14:00,SUCCESS,00,500,UPI,0
TXN002483,2026-09-04 07:03:00,SUCCESS,00,750,CARD,1
TXN002484,2026-08-31 21:19:00,SUCCESS,00,2000,NETBANKING,0
TXN002485,2026-08-29 01:16:00,SUCCESS,00,2500,NETBANKING,0
TXN002486,2026-08-05 23:14:00,SUCCESS,00,750,NETBANKING,0
TXN002487,2026-08-29 16:01:00,SUCCESS,00,500,UPI,0
TXN002488,2026-09-04 11:38:00,SUCCESS,00,2500,UPI,0
TXN002489,2026-08-18 13:39:00,SUCCESS,00,100,UPI,0
TXN002490,2026-08-09 08:53:00,SUCCESS,00,500,CARD,0
TXN002491,2026-08-16 15:59:00,SUCCESS,00,2500,CARD,0
TXN002492,2026-08-15 13:38:00,SUCCESS,00,500,UPI,0
TXN002493,2026-08-26 21:59:00,SUCCESS,00,250,NETBANKING,1
TXN002494,2026-08-01 10:56:00,SUCCESS,00,100,NETBANKING,0
TXN002495,2026-08-27 21:44:00,SUCCESS,00,500,UPI,0
TXN002496,2026-08-18 11:35:00,SUCCESS,00,500,UPI,3
TXN002497,2026-08-23 07:25:00,SUCCESS,00,100,CARD,0
TXN002498,2026-08-01 06:58:00,SUCCESS,00,100,UPI,0
TXN002499,2026-09-04 10:41:00,SUCCESS,00,10000,CARD,0
TXN002500,2026-08-16 00:03:00,SUCCESS,00,1000,UPI,0
TXN002501,2026-08-30 12:52:00,SUCCESS,00,1500,UPI,0
TXN002502,2026-08-08 00:26:00,SUCCESS,00,500,UPI,0
TXN002503,2026-08-14 12:46:00,SUCCESS,00,1500,NETBANKING,0
TXN002504,2026-08-10 13:35:00,SUCCESS,00,500,NETBANKING,0
TXN002505,2026-09-01 19:03:00,SUCCESS,00,100,CARD,0
TXN002506,2026-08-12 06:01:00,SUCCESS,00,5000,CARD,0
TXN002507,2026-08-05 01:18:00,SUCCESS,00,1500,CARD,0
TXN002508,2026-08-14 02:36:00,SUCCESS,00,1500,CARD,1
TXN002509,2026-08-01 23:27:00,SUCCESS,00,500,NETBANKING,0
TXN002510,2026-08-25 19:37:00,SUCCESS,00,100,UPI,0
TXN002511,2026-08-20 03:14:00,SUCCESS,00,1000,WALLET,0
TXN002512,2026-08-26 21:20:00,SUCCESS,00,100,CARD,0
TXN002513,2026-08-10 01:16:00,FAILED,51,1000,UPI,0
TXN002514,2026-08-08 13:43:00,SUCCESS,00,250,WALLET,0
TXN002515,2026-08-21 18:11:00,SUCCESS,00,2000,CARD,0
TXN002516,2026-08-03 22:28:00,SUCCESS,00,500,UPI,0
TXN002517,2026-08-28 18:14:00,SUCCESS,00,2000,UPI,0
TXN002518,2026-08-21 07:41:00,SUCCESS,00,500,CARD,0
TXN002519,2026-08-20 05:35:00,SUCCESS,00,500,UPI,0
TXN002520,2026-08-27 06:51:00,SUCCESS,00,25000,CARD,0
TXN002521,2026-08-23 06:55:00,SUCCESS,00,750,UPI,1
TXN002522,2026-08-04 13:56:00,SUCCESS,00,1000,CARD,0
TXN002523,2026-08-18 00:49:00,SUCCESS,00,10000,CARD,1
TXN002524,2026-09-04 21:24:00,SUCCESS,00,2000,UPI,0
TXN002525,2026-08-19 03:19:00,SUCCESS,00,750,UPI,0
TXN002526,2026-08-15 06:16:00,SUCCESS,00,5000,NETBANKING,0
TXN002527,2026-08-31 00:11:00,SUCCESS,00,1500,CARD,0
TXN002528,2026-08-16 09:25:00,SUCCESS,00,100,CARD,0
TXN002529,2026-09-02 17:25:00,SUCCESS,00,1000,WALLET,0
TXN002530,2026-08-27 03:37:00,SUCCESS,00,2000,CARD,0
TXN002531,2026-08-02 04:16:00,SUCCESS,00,1000,UPI,0
TXN002532,2026-08-15 17:50:00,SUCCESS,00,1000,UPI,0
TXN002533,2026-09-03 20:50:00,SUCCESS,00,1500,CARD,0
TXN002534,2026-08-15 22:52:00,SUCCESS,00,1000,NETBANKING,0
TXN002535,2026-09-02 13:40:00,SUCCESS,00,10000,NETBANKING,0
TXN002536,2026-08-22 00:43:00,SUCCESS,00,250,UPI,1
TXN002537,2026-08-16 13:58:00,SUCCESS,00,750,UPI,0
TXN002538,2026-08-16 12:05:00,SUCCESS,00,2500,NETBANKING,0
TXN002539,2026-09-02 17:07:00,SUCCESS,00,100,WALLET,0
TXN002540,2026-08-19 17:16:00,SUCCESS,00,100,UPI,0
TXN002541,2026-08-21 09:32:00,FAILED,51,1000,CARD,0
TXN002542,2026-08-22 15:52:00,SUCCESS,00,100,NETBANKING,0
TXN002543,2026-08-16 06:50:00,SUCCESS,00,100,CARD,0
TXN002544,2026-08-29 03:30:00,SUCCESS,00,500,CARD,1
TXN002545,2026-08-09 20:56:00,SUCCESS,00,2000,UPI,0
TXN002546,2026-08-30 12:39:00,SUCCESS,00,100,NETBANKING,0
TXN002547,2026-08-02 08:50:00,SUCCESS,00,250,UPI,1
TXN002548,2026-08-09 17:13:00,SUCCESS,00,2500,UPI,0
TXN002549,2026-08-21 01:42:00,SUCCESS,00,2500,WALLET,0
TXN002550,2026-08-22 01:17:00,SUCCESS,00,10000,UPI,0
TXN002551,2026-08-11 02:54:00,SUCCESS,00,500,UPI,0
TXN002552,2026-08-14 20:14:00,SUCCESS,00,500,UPI,0
TXN002553,2026-08-29 12:06:00,SUCCESS,00,25000,CARD,0
TXN002554,2026-08-19 00:24:00,SUCCESS,00,2000,UPI,0
TXN002555,2026-08-03 17:38:00,SUCCESS,00,1000,WALLET,0
TXN002556,2026-08-06 11:31:00,SUCCESS,00,1000,UPI,1
TXN002557,2026-08-20 14:45:00,SUCCESS,00,100,CARD,0
TXN002558,2026-08-02 11:05:00,SUCCESS,00,1500,UPI,0
TXN002559,2026-08-20 18:22:00,SUCCESS,00,1500,WALLET,0
TXN002560,2026-08-02 04:33:00,SUCCESS,00,2000,CARD,0
TXN002561,2026-08-15 01:16:00,SUCCESS,00,500,CARD,0
TXN002562,2026-08-26 18:20:00,SUCCESS,00,500,WALLET,0
TXN002563,2026-08-29 21:45:00,SUCCESS,00,750,UPI,0
TXN002564,2026-08-16 03:32:00,SUCCESS,00,250,NETBANKING,0
TXN002565,2026-09-04 23:33:00,SUCCESS,00,250,UPI,0
TXN002566,2026-08-20 20:31:00,FAILED,51,100,CARD,0
TXN002567,2026-09-03 00:48:00,SUCCESS,00,1000,NETBANKING,0
TXN002568,2026-08-08 10:19:00,FAILED,51,250,UPI,0
TXN002569,2026-08-24 13:45:00,SUCCESS,00,750,NETBANKING,0
TXN002570,2026-09-02 13:13:00,SUCCESS,00,1000,UPI,0
TXN002571,2026-08-31 05:34:00,SUCCESS,00,2500,CARD,0
TXN002572,2026-09-03 07:49:00,SUCCESS,00,5000,UPI,3
TXN002573,2026-08-06 08:22:00,SUCCESS,00,1500,UPI,1
TXN002574,2026-08-26 09:34:00,SUCCESS,00,250,UPI,0
TXN002575,2026-08-13 11:34:00,SUCCESS,00,1500,UPI,0
TXN002576,2026-08-19 16:17:00,SUCCESS,00,250,CARD,0
TXN002577,2026-08-03 05:34:00,FAILED,51,500,UPI,0
TXN002578,2026-08-23 02:32:00,SUCCESS,00,2000,NETBANKING,0
TXN002579,2026-08-14 19:48:00,SUCCESS,00,1500,WALLET,0
TXN002580,2026-08-14 22:48:00,SUCCESS,00,250,UPI,0
TXN002581,2026-08-09 01:26:00,SUCCESS,00,250,UPI,0
TXN002582,2026-09-02 12:23:00,SUCCESS,00,2500,WALLET,0
TXN002583,2026-08-24 06:54:00,SUCCESS,00,100,CARD,0
TXN002584,2026-08-06 04:08:00,SUCCESS,00,2500,CARD,0
TXN002585,2026-08-11 17:10:00,FAILED,51,5000,NETBANKING,0
TXN002586,2026-08-20 15:22:00,SUCCESS,00,10000,NETBANKING,0
TXN002587,2026-08-09 07:59:00,SUCCESS,00,250,CARD,0
TXN002588,2026-09-01 22:04:00,SUCCESS,00,2000,UPI,0
TXN002589,2026-08-12 05:33:00,SUCCESS,00,10000,NETBANKING,0
TXN002590,2026-08-17 21:08:00,SUCCESS,00,250,NETBANKING,0
TXN002591,2026-08-18 12:03:00,SUCCESS,00,750,UPI,0
TXN002592,2026-08-24 21:58:00,SUCCESS,00,250,CARD,0
TXN002593,2026-09-04 06:36:00,SUCCESS,00,2500,UPI,0
TXN002594,2026-08-30 09:37:00,SUCCESS,00,1500,CARD,0
TXN002595,2026-09-03 06:27:00,SUCCESS,00,750,UPI,0
TXN002596,2026-08-05 15:45:00,SUCCESS,00,1500,CARD,0
TXN002597,2026-09-01 12:43:00,SUCCESS,00,2000,CARD,0
TXN002598,2026-08-20 16:12:00,SUCCESS,00,750,UPI,0
TXN002599,2026-08-27 11:19:00,SUCCESS,00,100,UPI,0
TXN002600,2026-08-15 00:35:00,SUCCESS,00,250,UPI,0
TXN002601,2026-08-01 22:38:00,SUCCESS,00,1500,CARD,0
TXN002602,2026-08-31 07:03:00,SUCCESS,00,500,UPI,0
TXN002603,2026-08-26 08:06:00,SUCCESS,00,1000,UPI,2
TXN002604,2026-08-11 22:53:00,SUCCESS,00,250,NETBANKING,0
TXN002605,2026-08-18 14:32:00,SUCCESS,00,250,CARD,0
TXN002606,2026-08-26 06:04:00,SUCCESS,00,250,UPI,1
TXN002607,2026-08-09 08:02:00,SUCCESS,00,2500,NETBANKING,0
TXN002608,2026-09-04 23:19:00,SUCCESS,00,10000,UPI,0
TXN002609,2026-08-02 09:56:00,SUCCESS,00,500,NETBANKING,0
TXN002610,2026-08-21 17:03:00,SUCCESS,00,2000,CARD,0
TXN002611,2026-08-09 09:14:00,SUCCESS,00,250,UPI,1
TXN002612,2026-08-19 22:18:00,SUCCESS,00,1500,UPI,0
TXN002613,2026-08-08 09:17:00,SUCCESS,00,2000,CARD,0
TXN002614,2026-08-04 19:44:00,FAILED,51,2500,UPI,0
TXN002615,2026-08-30 17:16:00,SUCCESS,00,500,UPI,0
TXN002616,2026-08-02 21:56:00,SUCCESS,00,100,UPI,0
TXN002617,2026-08-18 07:10:00,SUCCESS,00,500,UPI,0
TXN002618,2026-08-28 11:51:00,SUCCESS,00,10000,NETBANKING,0
TXN002619,2026-08-13 16:43:00,SUCCESS,00,1500,UPI,0
TXN002620,2026-09-01 17:29:00,SUCCESS,00,250,UPI,1
TXN002621,2026-08-26 05:31:00,SUCCESS,00,250,WALLET,0
TXN002622,2026-09-02 13:40:00,SUCCESS,00,500,UPI,0
TXN002623,2026-08-20 16:40:00,SUCCESS,00,250,NETBANKING,0
TXN002624,2026-08-03 10:09:00,SUCCESS,00,5000,NETBANKING,0
TXN002625,2026-08-26 06:44:00,SUCCESS,00,500,NETBANKING,0
TXN002626,2026-08-06 10:44:00,SUCCESS,00,250,UPI,0
TXN002627,2026-08-04 01:07:00,SUCCESS,00,750,NETBANKING,1
TXN002628,2026-08-29 02:21:00,SUCCESS,00,250,CARD,0
TXN002629,2026-08-01 22:30:00,SUCCESS,00,5000,CARD,0
TXN002630,2026-08-29 20:09:00,SUCCESS,00,250,UPI,0
TXN002631,2026-08-20 17:35:00,SUCCESS,00,1500,UPI,0
TXN002632,2026-08-31 09:32:00,SUCCESS,00,2000,UPI,0
TXN002633,2026-08-30 18:15:00,SUCCESS,00,5000,UPI,0
TXN002634,2026-08-10 01:58:00,SUCCESS,00,100,CARD,0
TXN002635,2026-08-15 01:32:00,SUCCESS,00,2000,NETBANKING,0
TXN002636,2026-08-14 12:39:00,SUCCESS,00,1500,UPI,0
TXN002637,2026-08-17 23:00:00,SUCCESS,00,500,UPI,1
TXN002638,2026-08-19 10:41:00,SUCCESS,00,1000,UPI,0
TXN002639,2026-08-26 15:05:00,SUCCESS,00,500,WALLET,0
TXN002640,2026-09-03 09:33:00,SUCCESS,00,25000,CARD,0
TXN002641,2026-08-23 07:51:00,SUCCESS,00,250,CARD,0
TXN002642,2026-08-28 14:33:00,SUCCESS,00,5000,UPI,0
TXN002643,2026-08-10 22:40:00,SUCCESS,00,250,NETBANKING,0
TXN002644,2026-08-08 07:15:00,SUCCESS,00,100,NETBANKING,0
TXN002645,2026-08-13 10:18:00,SUCCESS,00,2500,UPI,0
TXN002646,2026-08-29 10:08:00,SUCCESS,00,100,UPI,0
TXN002647,2026-08-15 05:00:00,FAILED,51,250,CARD,1
TXN002648,2026-08-22 06:35:00,SUCCESS,00,500,UPI,0
TXN002649,2026-08-23 18:03:00,SUCCESS,00,2000,NETBANKING,0
TXN002650,2026-08-07 20:24:00,SUCCESS,00,2000,UPI,0
TXN002651,2026-08-04 23:17:00,SUCCESS,00,250,CARD,0
TXN002652,2026-08-12 05:49:00,SUCCESS,00,1000,NETBANKING,0
TXN002653,2026-08-06 05:35:00,SUCCESS,00,2000,UPI,1
TXN002654,2026-08-11 20:20:00,SUCCESS,00,1000,WALLET,1
TXN002655,2026-08-29 02:56:00,SUCCESS,00,1000,UPI,0
TXN002656,2026-08-05 13:51:00,SUCCESS,00,750,UPI,0
TXN002657,2026-09-01 16:56:00,SUCCESS,00,2000,NETBANKING,1
TXN002658,2026-08-05 03:13:00,SUCCESS,00,500,UPI,0
TXN002659,2026-08-15 19:15:00,SUCCESS,00,750,UPI,0
TXN002660,2026-09-02 07:51:00,SUCCESS,00,250,CARD,0
TXN002661,2026-08-29 05:41:00,SUCCESS,00,250,UPI,0
TXN002662,2026-08-29 11:51:00,SUCCESS,00,5000,UPI,0
TXN002663,2026-08-22 03:05:00,SUCCESS,00,1000,UPI,0
TXN002664,2026-09-04 10:24:00,SUCCESS,00,500,NETBANKING,0
TXN002665,2026-08-09 12:03:00,SUCCESS,00,2000,CARD,0
TXN002666,2026-08-13 03:40:00,SUCCESS,00,250,UPI,0
TXN002667,2026-08-31 20:40:00,SUCCESS,00,750,CARD,1
TXN002668,2026-08-31 15:39:00,SUCCESS,00,5000,CARD,0
TXN002669,2026-09-02 17:30:00,SUCCESS,00,2000,UPI,1
TXN002670,2026-08-08 08:02:00,SUCCESS,00,100,WALLET,0
TXN002671,2026-09-03 08:28:00,SUCCESS,00,500,CARD,0
TXN002672,2026-08-20 23:14:00,SUCCESS,00,1500,CARD,0
TXN002673,2026-09-03 01:08:00,FAILED,51,1500,WALLET,0
TXN002674,2026-09-02 18:41:00,SUCCESS,00,100,UPI,0
TXN002675,2026-08-23 00:54:00,SUCCESS,00,250,UPI,0
TXN002676,2026-08-04 02:16:00,SUCCESS,00,5000,NETBANKING,1
TXN002677,2026-09-03 06:22:00,SUCCESS,00,750,UPI,0
TXN002678,2026-08-12 01:53:00,SUCCESS,00,750,WALLET,0
TXN002679,2026-08-23 10:13:00,SUCCESS,00,5000,CARD,0
TXN002680,2026-08-03 22:08:00,SUCCESS,00,750,UPI,0
TXN002681,2026-08-03 19:56:00,SUCCESS,00,1500,UPI,0
TXN002682,2026-08-05 17:08:00,FAILED,51,750,CARD,0
TXN002683,2026-08-14 19:41:00,SUCCESS,00,5000,CARD,0
TXN002684,2026-09-03 04:48:00,SUCCESS,00,750,NETBANKING,1
TXN002685,2026-08-26 21:18:00,SUCCESS,00,750,UPI,0
TXN002686,2026-08-13 19:44:00,SUCCESS,00,250,UPI,0
TXN002687,2026-08-22 11:10:00,SUCCESS,00,100,UPI,0
TXN002688,2026-08-10 18:16:00,SUCCESS,00,1000,UPI,0
TXN002689,2026-08-20 17:40:00,SUCCESS,00,25000,UPI,0
TXN002690,2026-08-08 09:57:00,SUCCESS,00,2000,CARD,2
TXN002691,2026-08-01 00:49:00,SUCCESS,00,500,CARD,0
TXN002692,2026-08-09 20:04:00,SUCCESS,00,1000,UPI,0
TXN002693,2026-08-25 11:28:00,SUCCESS,00,1000,WALLET,0
TXN002694,2026-08-15 23:02:00,SUCCESS,00,5000,CARD,0
TXN002695,2026-08-08 00:59:00,SUCCESS,00,2500,UPI,1
TXN002696,2026-09-03 18:01:00,SUCCESS,00,5000,UPI,0
TXN002697,2026-08-08 00:09:00,FAILED,51,500,UPI,0
TXN002698,2026-08-22 03:13:00,SUCCESS,00,250,UPI,0
TXN002699,2026-08-14 18:41:00,SUCCESS,00,100,CARD,0
TXN002700,2026-08-02 21:09:00,SUCCESS,00,500,UPI,0
TXN002701,2026-08-09 10:14:00,SUCCESS,00,250,NETBANKING,0
TXN002702,2026-08-05 15:16:00,SUCCESS,00,1500,NETBANKING,0
TXN002703,2026-08-14 17:01:00,SUCCESS,00,250,CARD,0
TXN002704,2026-09-02 03:28:00,SUCCESS,00,2500,NETBANKING,0
TXN002705,2026-08-28 01:53:00,SUCCESS,00,750,WALLET,0
TXN002706,2026-08-15 04:09:00,SUCCESS,00,250,CARD,3
TXN002707,2026-08-22 20:06:00,SUCCESS,00,250,UPI,1
TXN002708,2026-08-19 06:27:00,SUCCESS,00,1000,CARD,0
TXN002709,2026-08-14 19:52:00,SUCCESS,00,2000,CARD,0
TXN002710,2026-08-11 18:29:00,SUCCESS,00,2000,UPI,0
TXN002711,2026-08-25 20:22:00,SUCCESS,00,2500,CARD,0
TXN002712,2026-09-03 06:33:00,SUCCESS,00,1500,CARD,0
TXN002713,2026-08-14 10:44:00,SUCCESS,00,5000,UPI,0
TXN002714,2026-08-10 08:54:00,SUCCESS,00,250,NETBANKING,1
TXN002715,2026-08-05 15:13:00,SUCCESS,00,25000,UPI,0
TXN002716,2026-08-23 14:14:00,SUCCESS,00,250,CARD,0
TXN002717,2026-08-23 14:08:00,SUCCESS,00,2000,CARD,0
TXN002718,2026-08-03 21:14:00,SUCCESS,00,250,UPI,1
TXN002719,2026-08-10 19:46:00,SUCCESS,00,2000,CARD,0
TXN002720,2026-08-15 18:48:00,SUCCESS,00,1500,CARD,0
TXN002721,2026-08-14 18:38:00,SUCCESS,00,250,UPI,0
TXN002722,2026-08-29 00:09:00,SUCCESS,00,250,CARD,0
TXN002723,2026-08-28 06:31:00,SUCCESS,00,100,WALLET,0
TXN002724,2026-08-28 05:26:00,SUCCESS,00,750,NETBANKING,0
TXN002725,2026-08-31 18:31:00,SUCCESS,00,2500,CARD,1
TXN002726,2026-08-16 05:22:00,SUCCESS,00,2000,CARD,0
TXN002727,2026-08-23 09:56:00,FAILED,51,1000,UPI,1
TXN002728,2026-08-16 06:48:00,SUCCESS,00,1500,WALLET,0
TXN002729,2026-08-08 15:23:00,SUCCESS,00,1000,UPI,0
TXN002730,2026-08-12 09:25:00,SUCCESS,00,5000,WALLET,0
TXN002731,2026-09-04 23:43:00,SUCCESS,00,1500,UPI,0
TXN002732,2026-08-30 07:38:00,SUCCESS,00,500,NETBANKING,0
TXN002733,2026-08-13 13:43:00,SUCCESS,00,100,WALLET,0
TXN002734,2026-08-17 01:20:00,SUCCESS,00,500,UPI,0
TXN002735,2026-08-23 00:37:00,FAILED,51,500,WALLET,1
TXN002736,2026-08-31 14:09:00,SUCCESS,00,1000,CARD,0
TXN002737,2026-08-11 12:08:00,SUCCESS,00,250,CARD,0
TXN002738,2026-08-17 15:08:00,FAILED,51,500,WALLET,0
TXN002739,2026-08-31 12:04:00,SUCCESS,00,750,UPI,0
TXN002740,2026-08-25 01:41:00,SUCCESS,00,1000,CARD,0
TXN002741,2026-08-23 22:11:00,SUCCESS,00,750,UPI,1
TXN002742,2026-08-08 03:25:00,SUCCESS,00,500,UPI,0
TXN002743,2026-08-10 13:37:00,SUCCESS,00,10000,UPI,0
TXN002744,2026-08-15 16:59:00,SUCCESS,00,10000,CARD,1
TXN002745,2026-09-04 21:43:00,SUCCESS,00,500,WALLET,0
TXN002746,2026-08-19 13:38:00,SUCCESS,00,100,CARD,0
TXN002747,2026-08-16 00:16:00,SUCCESS,00,5000,UPI,0
TXN002748,2026-08-14 07:25:00,SUCCESS,00,1500,CARD,2
TXN002749,2026-08-20 16:26:00,SUCCESS,00,1000,UPI,0
TXN002750,2026-08-14 01:48:00,FAILED,51,100,CARD,0
TXN002751,2026-08-30 03:12:00,SUCCESS,00,5000,UPI,0
TXN002752,2026-08-16 12:46:00,SUCCESS,00,1500,UPI,0
TXN002753,2026-08-17 00:06:00,SUCCESS,00,500,CARD,0
TXN002754,2026-08-24 07:43:00,SUCCESS,00,100,NETBANKING,0
TXN002755,2026-08-23 15:25:00,SUCCESS,00,750,UPI,0
TXN002756,2026-08-03 07:42:00,SUCCESS,00,2500,CARD,1
TXN002757,2026-08-01 07:56:00,SUCCESS,00,2500,UPI,0
TXN002758,2026-08-08 04:35:00,SUCCESS,00,250,CARD,0
TXN002759,2026-08-26 21:39:00,SUCCESS,00,750,UPI,1
TXN002760,2026-08-16 07:18:00,SUCCESS,00,250,UPI,1
TXN002761,2026-08-29 09:28:00,SUCCESS,00,250,CARD,0
TXN002762,2026-08-25 22:35:00,SUCCESS,00,25000,UPI,0
TXN002763,2026-09-02 19:23:00,SUCCESS,00,100,CARD,0
TXN002764,2026-09-02 22:16:00,SUCCESS,00,750,WALLET,0
TXN002765,2026-08-08 18:22:00,SUCCESS,00,2500,CARD,0
TXN002766,2026-08-05 10:30:00,SUCCESS,00,1000,UPI,0
TXN002767,2026-08-27 13:29:00,SUCCESS,00,500,UPI,1
TXN002768,2026-08-29 04:37:00,SUCCESS,00,250,UPI,0
TXN002769,2026-08-15 19:43:00,SUCCESS,00,1000,NETBANKING,0
TXN002770,2026-08-16 11:48:00,FAILED,51,250,UPI,0
TXN002771,2026-08-08 01:54:00,SUCCESS,00,100,NETBANKING,0
TXN002772,2026-08-21 16:44:00,SUCCESS,00,750,UPI,1
TXN002773,2026-08-05 15:14:00,SUCCESS,00,500,UPI,0
TXN002774,2026-09-04 21:29:00,SUCCESS,00,750,UPI,0
TXN002775,2026-08-30 06:37:00,SUCCESS,00,250,CARD,0
TXN002776,2026-08-27 11:43:00,SUCCESS,00,100,UPI,0
TXN002777,2026-08-11 11:53:00,SUCCESS,00,2500,CARD,0
TXN002778,2026-09-01 23:57:00,SUCCESS,00,500,CARD,0
TXN002779,2026-08-21 01:45:00,SUCCESS,00,1500,CARD,0
TXN002780,2026-08-26 21:51:00,SUCCESS,00,2000,CARD,0
TXN002781,2026-08-28 15:02:00,SUCCESS,00,750,UPI,0
TXN002782,2026-09-02 22:01:00,SUCCESS,00,2000,CARD,0
TXN002783,2026-08-23 11:12:00,SUCCESS,00,1000,UPI,1
TXN002784,2026-08-13 21:30:00,SUCCESS,00,2000,UPI,0
TXN002785,2026-08-13 05:41:00,SUCCESS,00,750,CARD,0
TXN002786,2026-08-27 09:50:00,FAILED,51,500,WALLET,0
TXN002787,2026-08-13 16:14:00,SUCCESS,00,5000,UPI,0
TXN002788,2026-08-30 12:11:00,SUCCESS,00,5000,NETBANKING,0
TXN002789,2026-08-28 20:52:00,SUCCESS,00,2500,UPI,0
TXN002790,2026-08-11 21:16:00,SUCCESS,00,500,CARD,1
TXN002791,2026-08-04 23:41:00,FAILED,51,5000,UPI,0
TXN002792,2026-08-14 13:25:00,SUCCESS,00,1000,UPI,0
TXN002793,2026-08-02 20:50:00,SUCCESS,00,250,WALLET,0
TXN002794,2026-08-17 15:32:00,SUCCESS,00,2500,CARD,3
TXN002795,2026-08-10 13:22:00,SUCCESS,00,2000,UPI,0
TXN002796,2026-08-22 00:01:00,SUCCESS,00,100,CARD,0
TXN002797,2026-08-14 21:57:00,SUCCESS,00,5000,NETBANKING,0
TXN002798,2026-08-15 04:30:00,SUCCESS,00,250,UPI,0
TXN002799,2026-08-26 19:58:00,SUCCESS,00,2000,WALLET,0
TXN002800,2026-08-28 12:47:00,SUCCESS,00,1000,UPI,0
TXN002801,2026-08-16 09:33:00,SUCCESS,00,250,NETBANKING,1
TXN002802,2026-08-12 23:47:00,SUCCESS,00,1500,UPI,0
TXN002803,2026-08-04 17:55:00,FAILED,51,5000,UPI,0
TXN002804,2026-08-13 17:53:00,SUCCESS,00,500,UPI,0
TXN002805,2026-08-11 09:11:00,SUCCESS,00,750,WALLET,0
TXN002806,2026-08-10 22:57:00,SUCCESS,00,250,UPI,3
TXN002807,2026-08-02 06:02:00,SUCCESS,00,500,UPI,0
TXN002808,2026-08-18 10:51:00,SUCCESS,00,100,WALLET,0
TXN002809,2026-08-07 00:23:00,SUCCESS,00,2500,CARD,0
TXN002810,2026-08-01 09:03:00,SUCCESS,00,100,WALLET,0
TXN002811,2026-08-06 23:37:00,SUCCESS,00,250,NETBANKING,0
TXN002812,2026-09-04 13:54:00,SUCCESS,00,2500,UPI,0
TXN002813,2026-08-07 11:34:00,SUCCESS,00,250,NETBANKING,1
TXN002814,2026-08-24 14:38:00,SUCCESS,00,2000,UPI,0
TXN002815,2026-08-10 06:18:00,SUCCESS,00,500,CARD,0
TXN002816,2026-08-30 21:34:00,SUCCESS,00,500,WALLET,0
TXN002817,2026-08-12 19:06:00,SUCCESS,00,1000,UPI,0
TXN002818,2026-08-30 04:41:00,FAILED,51,5000,UPI,0
TXN002819,2026-09-04 13:58:00,SUCCESS,00,500,CARD,0
TXN002820,2026-08-04 18:11:00,FAILED,51,1000,WALLET,0
TXN002821,2026-08-24 20:42:00,SUCCESS,00,25000,UPI,0
TXN002822,2026-08-21 22:47:00,SUCCESS,00,250,NETBANKING,0
TXN002823,2026-08-06 22:04:00,SUCCESS,00,500,UPI,0
TXN002824,2026-08-10 16:17:00,SUCCESS,00,1500,CARD,0
TXN002825,2026-08-29 10:59:00,SUCCESS,00,100,CARD,0
TXN002826,2026-08-29 15:10:00,SUCCESS,00,2000,UPI,0
TXN002827,2026-08-03 19:59:00,SUCCESS,00,1000,NETBANKING,1
TXN002828,2026-08-11 09:34:00,SUCCESS,00,250,CARD,0
TXN002829,2026-08-15 03:07:00,SUCCESS,00,1500,UPI,0
TXN002830,2026-08-28 21:15:00,SUCCESS,00,1000,CARD,0
TXN002831,2026-09-01 17:08:00,SUCCESS,00,500,WALLET,0
TXN002832,2026-08-23 20:49:00,SUCCESS,00,1500,UPI,0
TXN002833,2026-08-09 00:36:00,SUCCESS,00,750,UPI,0
TXN002834,2026-09-02 14:57:00,SUCCESS,00,250,NETBANKING,0
TXN002835,2026-08-13 19:30:00,SUCCESS,00,2500,UPI,0
TXN002836,2026-08-14 21:21:00,SUCCESS,00,250,UPI,1
TXN002837,2026-08-08 14:54:00,SUCCESS,00,250,UPI,1
TXN002838,2026-08-16 17:06:00,FAILED,51,1500,CARD,0
TXN002839,2026-08-27 12:17:00,SUCCESS,00,500,NETBANKING,0
TXN002840,2026-08-31 10:35:00,SUCCESS,00,500,UPI,0
TXN002841,2026-08-22 23:45:00,SUCCESS,00,2000,WALLET,0
TXN002842,2026-08-02 23:26:00,SUCCESS,00,1500,UPI,0
TXN002843,2026-08-08 19:01:00,SUCCESS,00,10000,NETBANKING,2
TXN002844,2026-08-16 06:27:00,SUCCESS,00,100,NETBANKING,0
TXN002845,2026-08-12 12:31:00,FAILED,51,100,NETBANKING,0
TXN002846,2026-08-02 01:01:00,FAILED,51,250,UPI,0
TXN002847,2026-08-04 20:41:00,SUCCESS,00,750,UPI,1
TXN002848,2026-08-18 13:49:00,SUCCESS,00,2500,NETBANKING,0
TXN002849,2026-08-25 14:52:00,SUCCESS,00,100,UPI,0
TXN002850,2026-08-15 04:04:00,SUCCESS,00,1500,NETBANKING,0
TXN002851,2026-08-13 09:00:00,SUCCESS,00,100,UPI,0
TXN002852,2026-09-01 16:46:00,SUCCESS,00,1500,WALLET,0
TXN002853,2026-08-25 13:59:00,SUCCESS,00,100,UPI,0
TXN002854,2026-09-02 12:08:00,SUCCESS,00,2000,CARD,0
TXN002855,2026-08-15 23:19:00,SUCCESS,00,2500,WALLET,1
TXN002856,2026-08-18 21:39:00,SUCCESS,00,25000,CARD,0
TXN002857,2026-09-02 06:21:00,SUCCESS,00,1500,CARD,0
TXN002858,2026-08-02 16:00:00,SUCCESS,00,2000,UPI,0
TXN002859,2026-08-05 08:12:00,SUCCESS,00,5000,UPI,1
TXN002860,2026-08-14 09:33:00,SUCCESS,00,250,WALLET,1
TXN002861,2026-08-24 17:13:00,SUCCESS,00,5000,CARD,0
TXN002862,2026-08-24 13:18:00,SUCCESS,00,5000,CARD,0
TXN002863,2026-08-04 07:35:00,SUCCESS,00,250,NETBANKING,0
TXN002864,2026-08-07 14:56:00,SUCCESS,00,2000,CARD,0
TXN002865,2026-08-06 18:58:00,FAILED,51,500,CARD,0
TXN002866,2026-08-16 12:23:00,SUCCESS,00,250,NETBANKING,0
TXN002867,2026-08-26 20:44:00,SUCCESS,00,2000,CARD,0
TXN002868,2026-08-24 07:28:00,SUCCESS,00,1000,WALLET,0
TXN002869,2026-08-24 06:37:00,FAILED,51,2500,UPI,0
TXN002870,2026-08-10 13:54:00,SUCCESS,00,500,UPI,1
TXN002871,2026-08-26 19:26:00,SUCCESS,00,100,UPI,0
TXN002872,2026-09-04 00:57:00,SUCCESS,00,2500,UPI,0
TXN002873,2026-08-17 10:43:00,SUCCESS,00,750,WALLET,0
TXN002874,2026-08-04 12:57:00,SUCCESS,00,100,NETBANKING,0
TXN002875,2026-08-10 17:53:00,SUCCESS,00,2500,CARD,0
TXN002876,2026-08-03 11:39:00,SUCCESS,00,1000,CARD,0
TXN002877,2026-08-05 22:29:00,SUCCESS,00,750,WALLET,0
TXN002878,2026-08-23 06:33:00,SUCCESS,00,750,UPI,0
TXN002879,2026-08-20 19:39:00,SUCCESS,00,2000,CARD,0
TXN002880,2026-09-02 01:02:00,FAILED,51,2000,WALLET,0
TXN002881,2026-08-05 23:32:00,SUCCESS,00,5000,UPI,0
TXN002882,2026-08-17 13:59:00,SUCCESS,00,250,UPI,0
TXN002883,2026-08-28 23:12:00,SUCCESS,00,500,CARD,0
TXN002884,2026-08-31 21:19:00,SUCCESS,00,1000,CARD,0
TXN002885,2026-08-26 02:54:00,SUCCESS,00,100,CARD,0
TXN002886,2026-09-02 22:34:00,SUCCESS,00,5000,NETBANKING,1
TXN002887,2026-08-29 00:19:00,SUCCESS,00,10000,CARD,1
TXN002888,2026-08-14 06:46:00,SUCCESS,00,5000,CARD,0
TXN002889,2026-09-01 04:39:00,FAILED,51,750,CARD,2
TXN002890,2026-08-27 00:17:00,SUCCESS,00,250,UPI,0
TXN002891,2026-08-04 21:02:00,SUCCESS,00,500,CARD,1
TXN002892,2026-08-14 00:49:00,SUCCESS,00,100,CARD,3
TXN002893,2026-08-31 01:53:00,FAILED,51,1500,UPI,1
TXN002894,2026-08-28 18:23:00,SUCCESS,00,500,UPI,0
TXN002895,2026-08-17 19:47:00,SUCCESS,00,100,WALLET,0
TXN002896,2026-09-01 20:00:00,SUCCESS,00,500,UPI,0
TXN002897,2026-08-05 19:40:00,SUCCESS,00,250,UPI,0
TXN002898,2026-08-28 09:44:00,SUCCESS,00,1500,UPI,0
TXN002899,2026-08-16 04:38:00,FAILED,51,1000,UPI,0
TXN002900,2026-09-01 08:03:00,SUCCESS,00,750,UPI,0
TXN002901,2026-08-31 11:50:00,SUCCESS,00,500,NETBANKING,0
TXN002902,2026-09-03 22:45:00,SUCCESS,00,750,CARD,0
TXN002903,2026-08-06 02:45:00,SUCCESS,00,750,CARD,0
TXN002904,2026-08-01 19:23:00,SUCCESS,00,250,CARD,0
TXN002905,2026-08-15 23:50:00,SUCCESS,00,1000,UPI,0
TXN002906,2026-08-16 23:07:00,SUCCESS,00,2000,UPI,0
TXN002907,2026-08-24 01:43:00,SUCCESS,00,5000,WALLET,0
TXN002908,2026-08-18 23:02:00,SUCCESS,00,750,NETBANKING,0
TXN002909,2026-09-03 12:24:00,SUCCESS,00,1500,UPI,0
TXN002910,2026-08-03 06:11:00,SUCCESS,00,2500,UPI,0
TXN002911,2026-08-16 06:52:00,SUCCESS,00,1000,UPI,0
TXN002912,2026-08-11 06:09:00,SUCCESS,00,1500,UPI,0
TXN002913,2026-08-12 20:48:00,SUCCESS,00,250,UPI,0
TXN002914,2026-08-10 20:10:00,SUCCESS,00,1000,UPI,0
TXN002915,2026-08-17 02:07:00,SUCCESS,00,1000,UPI,0
TXN002916,2026-08-16 11:07:00,SUCCESS,00,2500,UPI,0
TXN002917,2026-08-09 01:55:00,FAILED,51,250,UPI,0
TXN002918,2026-08-29 22:03:00,SUCCESS,00,100,UPI,0
TXN002919,2026-08-11 20:14:00,SUCCESS,00,250,CARD,0
TXN002920,2026-08-21 16:30:00,SUCCESS,00,10000,UPI,0
TXN002921,2026-08-28 23:55:00,SUCCESS,00,750,CARD,1
TXN002922,2026-08-21 00:22:00,SUCCESS,00,1500,NETBANKING,0
TXN002923,2026-08-30 19:43:00,SUCCESS,00,500,NETBANKING,1
TXN002924,2026-08-01 16:05:00,SUCCESS,00,2500,UPI,0
TXN002925,2026-08-04 23:09:00,SUCCESS,00,100,UPI,0
TXN002926,2026-08-27 05:01:00,SUCCESS,00,750,WALLET,0
TXN002927,2026-08-20 02:33:00,SUCCESS,00,2500,UPI,0
TXN002928,2026-08-07 09:23:00,SUCCESS,00,750,CARD,0
TXN002929,2026-08-28 00:55:00,SUCCESS,00,5000,CARD,0
TXN002930,2026-08-05 16:19:00,SUCCESS,00,750,NETBANKING,1
TXN002931,2026-08-03 17:35:00,SUCCESS,00,2000,WALLET,0
TXN002932,2026-08-14 15:51:00,SUCCESS,00,500,UPI,0
TXN002933,2026-08-19 08:53:00,FAILED,51,500,UPI,1
TXN002934,2026-08-10 02:08:00,SUCCESS,00,1000,CARD,0
TXN002935,2026-08-26 17:48:00,SUCCESS,00,2500,UPI,1
TXN002936,2026-08-25 05:20:00,SUCCESS,00,2000,UPI,0
TXN002937,2026-08-24 16:16:00,SUCCESS,00,250,CARD,1
TXN002938,2026-08-25 05:17:00,SUCCESS,00,1000,CARD,0
TXN002939,2026-09-02 19:16:00,SUCCESS,00,750,CARD,0
TXN002940,2026-09-04 11:51:00,SUCCESS,00,2500,WALLET,2
TXN002941,2026-08-16 18:37:00,SUCCESS,00,1500,NETBANKING,0
TXN002942,2026-08-17 16:35:00,SUCCESS,00,1000,NETBANKING,1
TXN002943,2026-08-20 15:25:00,SUCCESS,00,100,CARD,0
TXN002944,2026-08-16 12:22:00,SUCCESS,00,1000,CARD,0
TXN002945,2026-08-19 17:24:00,SUCCESS,00,500,CARD,0
TXN002946,2026-08-18 17:27:00,SUCCESS,00,500,WALLET,0
TXN002947,2026-08-16 13:04:00,SUCCESS,00,750,UPI,0
TXN002948,2026-08-19 09:09:00,SUCCESS,00,250,CARD,0
TXN002949,2026-08-03 07:42:00,SUCCESS,00,500,UPI,0
TXN002950,2026-08-10 08:46:00,SUCCESS,00,1000,UPI,0
TXN002951,2026-09-03 12:10:00,SUCCESS,00,500,UPI,0
TXN002952,2026-08-13 11:14:00,SUCCESS,00,750,UPI,0
TXN002953,2026-08-22 05:48:00,SUCCESS,00,1500,WALLET,0
TXN002954,2026-08-21 12:49:00,SUCCESS,00,100,NETBANKING,0
TXN002955,2026-08-27 14:43:00,SUCCESS,00,100,UPI,0
TXN002956,2026-08-25 01:34:00,SUCCESS,00,1500,UPI,0
TXN002957,2026-08-22 12:26:00,SUCCESS,00,5000,CARD,0
TXN002958,2026-08-08 07:08:00,SUCCESS,00,100,NETBANKING,1
TXN002959,2026-08-15 10:24:00,SUCCESS,00,1500,NETBANKING,0
TXN002960,2026-08-14 18:15:00,SUCCESS,00,1500,CARD,0
TXN002961,2026-08-17 17:53:00,SUCCESS,00,750,NETBANKING,0
TXN002962,2026-08-19 06:24:00,SUCCESS,00,750,NETBANKING,0
TXN002963,2026-09-03 11:53:00,SUCCESS,00,1500,NETBANKING,0
TXN002964,2026-08-24 14:36:00,SUCCESS,00,500,UPI,1
TXN002965,2026-08-24 06:06:00,SUCCESS,00,250,CARD,0
TXN002966,2026-08-10 14:10:00,SUCCESS,00,1000,NETBANKING,2
TXN002967,2026-09-01 06:06:00,SUCCESS,00,10000,NETBANKING,0
TXN002968,2026-08-01 11:58:00,SUCCESS,00,750,CARD,0
TXN002969,2026-08-07 12:27:00,SUCCESS,00,500,CARD,0
TXN002970,2026-08-22 03:18:00,SUCCESS,00,750,UPI,0
TXN002971,2026-08-25 14:11:00,SUCCESS,00,100,UPI,0
TXN002972,2026-08-12 01:46:00,SUCCESS,00,2000,NETBANKING,0
TXN002973,2026-08-22 20:51:00,SUCCESS,00,2500,NETBANKING,0
TXN002974,2026-08-07 05:16:00,SUCCESS,00,100,UPI,0
TXN002975,2026-08-03 20:29:00,SUCCESS,00,100,WALLET,0
TXN002976,2026-08-16 13:05:00,SUCCESS,00,5000,UPI,1
TXN002977,2026-08-14 18:38:00,SUCCESS,00,1500,UPI,0
TXN002978,2026-08-14 11:54:00,SUCCESS,00,250,CARD,0
TXN002979,2026-09-03 01:21:00,SUCCESS,00,1000,NETBANKING,0
TXN002980,2026-08-09 21:03:00,SUCCESS,00,100,CARD,0
TXN002981,2026-08-29 18:10:00,SUCCESS,00,500,NETBANKING,2
TXN002982,2026-08-09 22:26:00,SUCCESS,00,1500,CARD,0
TXN002983,2026-09-04 03:05:00,SUCCESS,00,500,CARD,0
TXN002984,2026-08-06 07:27:00,SUCCESS,00,100,CARD,0
TXN002985,2026-08-03 02:52:00,SUCCESS,00,250,WALLET,0
TXN002986,2026-08-09 22:18:00,SUCCESS,00,250,UPI,0
TXN002987,2026-08-09 01:23:00,SUCCESS,00,5000,UPI,0
TXN002988,2026-08-31 08:23:00,SUCCESS,00,10000,CARD,1
TXN002989,2026-08-19 09:34:00,SUCCESS,00,1500,CARD,1
TXN002990,2026-08-21 01:50:00,SUCCESS,00,5000,UPI,0
TXN002991,2026-08-23 08:15:00,SUCCESS,00,100,WALLET,0
TXN002992,2026-08-20 01:15:00,SUCCESS,00,1000,UPI,0
TXN002993,2026-09-01 10:40:00,SUCCESS,00,10000,WALLET,0
TXN002994,2026-08-14 10:54:00,FAILED,51,1500,CARD,0
TXN002995,2026-08-04 08:30:00,SUCCESS,00,250,CARD,0
TXN002996,2026-08-27 08:10:00,SUCCESS,00,250,CARD,0
TXN002997,2026-08-08 08:17:00,SUCCESS,00,250,UPI,1
TXN002998,2026-08-15 11:43:00,FAILED,51,1000,CARD,0
TXN002999,2026-08-22 12:16:00,SUCCESS,00,2500,UPI,0
TXN003000,2026-08-07 06:58:00,SUCCESS,00,5000,CARD,0
TXN003001,2026-08-24 02:27:00,SUCCESS,00,750,WALLET,0
TXN003002,2026-09-01 17:37:00,SUCCESS,00,25000,NETBANKING,0
TXN003003,2026-08-25 04:07:00,SUCCESS,00,250,UPI,0
TXN003004,2026-08-06 15:29:00,SUCCESS,00,1000,CARD,1
TXN003005,2026-08-20 02:55:00,SUCCESS,00,25000,UPI,1
TXN003006,2026-08-24 21:03:00,SUCCESS,00,100,CARD,0
TXN003007,2026-08-19 21:34:00,SUCCESS,00,250,UPI,0
TXN003008,2026-08-24 17:52:00,SUCCESS,00,500,CARD,0
TXN003009,2026-08-26 00:36:00,SUCCESS,00,250,WALLET,0
TXN003010,2026-08-21 17:18:00,SUCCESS,00,1000,NETBANKING,0
TXN003011,2026-08-11 20:30:00,SUCCESS,00,500,CARD,0
TXN003012,2026-08-22 14:51:00,SUCCESS,00,2000,UPI,0
TXN003013,2026-08-11 09:13:00,SUCCESS,00,1000,UPI,0
TXN003014,2026-08-16 15:57:00,SUCCESS,00,25000,UPI,0
TXN003015,2026-09-04 14:11:00,SUCCESS,00,2500,UPI,0
TXN003016,2026-08-08 06:47:00,SUCCESS,00,250,UPI,0
TXN003017,2026-09-04 03:59:00,SUCCESS,00,10000,CARD,0
TXN003018,2026-08-02 18:52:00,SUCCESS,00,2500,CARD,0
TXN003019,2026-08-14 13:02:00,SUCCESS,00,2500,NETBANKING,0
TXN003020,2026-08-04 10:41:00,SUCCESS,00,1000,CARD,0
TXN003021,2026-08-08 03:43:00,SUCCESS,00,750,CARD,0
TXN003022,2026-08-31 06:02:00,SUCCESS,00,500,CARD,0
TXN003023,2026-08-29 18:28:00,FAILED,51,250,CARD,0
TXN003024,2026-08-12 07:40:00,SUCCESS,00,1000,UPI,0
TXN003025,2026-08-21 10:55:00,SUCCESS,00,500,WALLET,0
TXN003026,2026-08-31 02:15:00,SUCCESS,00,250,CARD,0
TXN003027,2026-08-04 21:19:00,SUCCESS,00,100,UPI,0
TXN003028,2026-08-28 19:42:00,SUCCESS,00,750,UPI,0
TXN003029,2026-08-19 08:34:00,SUCCESS,00,1000,NETBANKING,1
TXN003030,2026-08-01 03:29:00,SUCCESS,00,1000,CARD,0
TXN003031,2026-08-01 16:31:00,SUCCESS,00,10000,WALLET,0
TXN003032,2026-08-02 11:49:00,SUCCESS,00,100,CARD,0
TXN003033,2026-08-24 00:09:00,SUCCESS,00,10000,UPI,0
TXN003034,2026-08-17 19:35:00,SUCCESS,00,1500,UPI,0
TXN003035,2026-08-24 17:11:00,SUCCESS,00,750,CARD,0
TXN003036,2026-08-07 08:25:00,SUCCESS,00,750,UPI,1
TXN003037,2026-08-08 07:17:00,SUCCESS,00,100,CARD,0
TXN003038,2026-08-17 04:38:00,SUCCESS,00,100,CARD,0
TXN003039,2026-08-10 02:32:00,SUCCESS,00,500,UPI,0
TXN003040,2026-08-12 22:18:00,SUCCESS,00,1000,CARD,0
TXN003041,2026-09-02 02:43:00,SUCCESS,00,500,CARD,0
TXN003042,2026-09-04 09:27:00,SUCCESS,00,100,UPI,0
TXN003043,2026-08-01 05:10:00,SUCCESS,00,750,UPI,0
TXN003044,2026-08-08 22:35:00,SUCCESS,00,750,UPI,0
TXN003045,2026-08-14 15:23:00,SUCCESS,00,5000,UPI,0
TXN003046,2026-08-08 17:06:00,SUCCESS,00,1500,UPI,0
TXN003047,2026-08-23 21:00:00,SUCCESS,00,750,WALLET,0
TXN003048,2026-08-30 16:58:00,SUCCESS,00,100,CARD,0
TXN003049,2026-09-04 17:24:00,SUCCESS,00,500,WALLET,1
TXN003050,2026-08-29 01:11:00,SUCCESS,00,500,UPI,0
TXN003051,2026-08-15 11:24:00,SUCCESS,00,1000,NETBANKING,1
TXN003052,2026-08-05 04:39:00,SUCCESS,00,750,CARD,0
TXN003053,2026-08-16 05:21:00,SUCCESS,00,500,CARD,0
TXN003054,2026-08-14 05:35:00,SUCCESS,00,750,CARD,0
TXN003055,2026-08-03 01:19:00,SUCCESS,00,1500,CARD,0
TXN003056,2026-08-30 15:03:00,SUCCESS,00,250,UPI,0
TXN003057,2026-08-19 21:38:00,SUCCESS,00,750,UPI,0
TXN003058,2026-08-10 13:50:00,SUCCESS,00,2500,UPI,0
TXN003059,2026-08-06 06:45:00,SUCCESS,00,500,CARD,0
TXN003060,2026-08-25 17:59:00,SUCCESS,00,2000,NETBANKING,0
TXN003061,2026-08-13 00:14:00,SUCCESS,00,100,CARD,0
TXN003062,2026-09-04 09:56:00,SUCCESS,00,2500,CARD,0
TXN003063,2026-08-23 08:20:00,SUCCESS,00,100,NETBANKING,0
TXN003064,2026-08-23 21:10:00,SUCCESS,00,1500,CARD,0
TXN003065,2026-08-11 20:40:00,SUCCESS,00,1000,UPI,0
TXN003066,2026-08-01 05:08:00,SUCCESS,00,2500,UPI,1
TXN003067,2026-08-05 16:04:00,SUCCESS,00,1000,NETBANKING,0
TXN003068,2026-09-04 04:39:00,SUCCESS,00,100,CARD,0
TXN003069,2026-09-01 11:59:00,SUCCESS,00,750,NETBANKING,0
TXN003070,2026-08-05 21:59:00,SUCCESS,00,1000,CARD,1
TXN003071,2026-08-01 19:18:00,SUCCESS,00,10000,UPI,0
TXN003072,2026-08-06 14:48:00,SUCCESS,00,100,NETBANKING,0
TXN003073,2026-09-02 14:06:00,SUCCESS,00,2000,UPI,1
TXN003074,2026-08-22 21:49:00,SUCCESS,00,750,NETBANKING,0
TXN003075,2026-09-03 15:52:00,SUCCESS,00,5000,CARD,0
TXN003076,2026-09-03 20:11:00,SUCCESS,00,500,UPI,0
TXN003077,2026-08-15 04:01:00,FAILED,51,100,UPI,0
TXN003078,2026-09-01 03:05:00,SUCCESS,00,1500,NETBANKING,0
TXN003079,2026-08-18 10:30:00,SUCCESS,00,2500,UPI,1
TXN003080,2026-08-13 04:27:00,SUCCESS,00,2500,UPI,0
TXN003081,2026-08-23 11:17:00,SUCCESS,00,500,CARD,0
TXN003082,2026-08-19 06:12:00,SUCCESS,00,750,UPI,0
TXN003083,2026-08-18 21:51:00,SUCCESS,00,100,CARD,0
TXN003084,2026-08-10 17:53:00,SUCCESS,00,250,WALLET,0
TXN003085,2026-08-22 14:13:00,SUCCESS,00,250,CARD,0
TXN003086,2026-08-26 23:36:00,SUCCESS,00,2500,CARD,1
TXN003087,2026-08-11 18:48:00,SUCCESS,00,2000,CARD,0
TXN003088,2026-08-14 08:11:00,FAILED,51,100,UPI,0
TXN003089,2026-09-04 21:50:00,SUCCESS,00,100,UPI,0
TXN003090,2026-08-23 13:16:00,FAILED,51,1500,CARD,0
TXN003091,2026-08-18 03:06:00,SUCCESS,00,100,UPI,1
TXN003092,2026-08-12 22:39:00,SUCCESS,00,750,UPI,0
TXN003093,2026-08-03 19:04:00,SUCCESS,00,2000,UPI,1
TXN003094,2026-08-30 22:06:00,SUCCESS,00,5000,NETBANKING,0
TXN003095,2026-08-06 04:52:00,SUCCESS,00,500,CARD,0
TXN003096,2026-08-18 13:46:00,SUCCESS,00,750,UPI,0
TXN003097,2026-09-01 15:57:00,FAILED,51,2500,UPI,0
TXN003098,2026-08-23 03:36:00,SUCCESS,00,100,WALLET,0
TXN003099,2026-08-03 17:36:00,SUCCESS,00,1500,WALLET,0
TXN003100,2026-09-03 17:28:00,SUCCESS,00,750,UPI,0
TXN003101,2026-08-26 18:54:00,SUCCESS,00,1000,CARD,0
TXN003102,2026-08-14 07:19:00,SUCCESS,00,500,WALLET,0
TXN003103,2026-08-06 21:19:00,SUCCESS,00,1500,UPI,1
TXN003104,2026-08-26 23:39:00,SUCCESS,00,500,CARD,1
TXN003105,2026-08-20 08:35:00,SUCCESS,00,1500,CARD,0
TXN003106,2026-09-02 06:56:00,SUCCESS,00,1500,CARD,0
TXN003107,2026-08-21 08:55:00,SUCCESS,00,25000,UPI,1
TXN003108,2026-08-06 12:44:00,SUCCESS,00,100,UPI,0
TXN003109,2026-08-01 19:04:00,SUCCESS,00,2000,CARD,0
TXN003110,2026-08-07 08:57:00,SUCCESS,00,500,NETBANKING,0
TXN003111,2026-08-10 09:01:00,SUCCESS,00,250,WALLET,0
TXN003112,2026-08-13 20:29:00,SUCCESS,00,500,WALLET,0
TXN003113,2026-08-19 12:35:00,SUCCESS,00,2000,NETBANKING,1
TXN003114,2026-08-12 05:10:00,SUCCESS,00,250,WALLET,0
TXN003115,2026-08-24 09:38:00,SUCCESS,00,2000,CARD,0
TXN003116,2026-08-12 03:44:00,SUCCESS,00,100,CARD,0
TXN003117,2026-08-26 03:52:00,SUCCESS,00,750,NETBANKING,1
TXN003118,2026-08-05 19:48:00,SUCCESS,00,500,UPI,0
TXN003119,2026-08-23 07:44:00,SUCCESS,00,500,UPI,0
TXN003120,2026-08-02 15:32:00,SUCCESS,00,2500,CARD,0
TXN003121,2026-08-12 05:03:00,SUCCESS,00,1000,NETBANKING,0
TXN003122,2026-08-07 06:30:00,SUCCESS,00,5000,CARD,0
TXN003123,2026-08-29 14:10:00,SUCCESS,00,2000,UPI,1
TXN003124,2026-08-22 00:27:00,SUCCESS,00,2500,UPI,0
TXN003125,2026-09-02 17:47:00,SUCCESS,00,250,CARD,0
TXN003126,2026-08-17 19:24:00,SUCCESS,00,250,CARD,0
TXN003127,2026-08-08 00:06:00,SUCCESS,00,1000,CARD,1
TXN003128,2026-08-29 07:20:00,SUCCESS,00,750,UPI,0
TXN003129,2026-08-24 20:23:00,SUCCESS,00,750,UPI,0
TXN003130,2026-08-27 20:28:00,SUCCESS,00,250,UPI,0
TXN003131,2026-08-07 10:17:00,SUCCESS,00,2500,UPI,0
TXN003132,2026-08-28 11:52:00,SUCCESS,00,100,UPI,0
TXN003133,2026-08-16 04:21:00,SUCCESS,00,500,CARD,0
TXN003134,2026-08-23 02:09:00,SUCCESS,00,25000,CARD,0
TXN003135,2026-08-09 01:30:00,SUCCESS,00,5000,WALLET,0
TXN003136,2026-08-09 21:53:00,SUCCESS,00,1500,UPI,0
TXN003137,2026-08-31 09:10:00,SUCCESS,00,2000,CARD,0
TXN003138,2026-08-09 16:39:00,SUCCESS,00,750,UPI,0
TXN003139,2026-08-01 09:41:00,SUCCESS,00,500,NETBANKING,0
TXN003140,2026-08-09 14:05:00,SUCCESS,00,2500,CARD,0
TXN003141,2026-08-31 01:26:00,SUCCESS,00,1000,UPI,1
TXN003142,2026-08-24 17:35:00,SUCCESS,00,1500,UPI,1
TXN003143,2026-08-11 23:34:00,SUCCESS,00,1500,CARD,0
TXN003144,2026-08-14 21:49:00,SUCCESS,00,750,UPI,0
TXN003145,2026-08-05 11:38:00,SUCCESS,00,5000,WALLET,2
TXN003146,2026-08-30 19:53:00,SUCCESS,00,25000,UPI,0
TXN003147,2026-08-27 11:14:00,FAILED,51,100,UPI,0
TXN003148,2026-08-17 19:56:00,SUCCESS,00,2500,UPI,0
TXN003149,2026-08-28 09:04:00,SUCCESS,00,2000,UPI,0
TXN003150,2026-08-17 18:07:00,SUCCESS,00,10000,CARD,0
TXN003151,2026-08-24 13:04:00,SUCCESS,00,500,CARD,0
TXN003152,2026-09-04 17:08:00,SUCCESS,00,1500,UPI,0
TXN003153,2026-08-15 15:08:00,SUCCESS,00,2000,UPI,0
TXN003154,2026-09-02 22:14:00,SUCCESS,00,250,UPI,0
TXN003155,2026-08-23 03:10:00,SUCCESS,00,2500,UPI,1
TXN003156,2026-08-10 09:38:00,SUCCESS,00,500,UPI,0
TXN003157,2026-08-01 14:55:00,FAILED,51,1500,UPI,0
TXN003158,2026-08-31 15:54:00,SUCCESS,00,25000,UPI,0
TXN003159,2026-08-24 20:57:00,SUCCESS,00,750,CARD,0
TXN003160,2026-08-03 18:56:00,SUCCESS,00,500,WALLET,0
TXN003161,2026-08-11 13:43:00,FAILED,51,750,UPI,0
TXN003162,2026-08-12 07:52:00,FAILED,51,1000,UPI,0
TXN003163,2026-08-20 16:01:00,SUCCESS,00,250,UPI,0
TXN003164,2026-08-02 19:01:00,SUCCESS,00,1500,UPI,0
TXN003165,2026-08-30 05:25:00,SUCCESS,00,1000,CARD,0
TXN003166,2026-08-09 17:38:00,SUCCESS,00,100,NETBANKING,0
TXN003167,2026-08-01 07:53:00,SUCCESS,00,25000,UPI,0
TXN003168,2026-08-01 18:48:00,SUCCESS,00,2500,CARD,0
TXN003169,2026-08-24 09:06:00,FAILED,51,250,CARD,0
TXN003170,2026-08-04 10:33:00,SUCCESS,00,250,UPI,0
TXN003171,2026-08-05 06:23:00,SUCCESS,00,250,CARD,0
TXN003172,2026-09-03 01:12:00,SUCCESS,00,1500,UPI,0
TXN003173,2026-08-03 22:43:00,SUCCESS,00,100,WALLET,0
TXN003174,2026-08-30 13:46:00,FAILED,51,100,CARD,0
TXN003175,2026-08-23 21:02:00,SUCCESS,00,250,CARD,0
TXN003176,2026-08-26 06:22:00,SUCCESS,00,1500,WALLET,0
TXN003177,2026-08-22 23:33:00,SUCCESS,00,100,CARD,0
TXN003178,2026-08-30 02:38:00,SUCCESS,00,1000,CARD,0
TXN003179,2026-08-31 20:44:00,SUCCESS,00,2000,CARD,0
TXN003180,2026-08-01 00:52:00,SUCCESS,00,100,UPI,0
TXN003181,2026-08-06 21:52:00,SUCCESS,00,500,CARD,0
TXN003182,2026-08-19 18:37:00,SUCCESS,00,1000,UPI,0
TXN003183,2026-08-05 07:42:00,SUCCESS,00,1500,UPI,0
TXN003184,2026-09-02 10:14:00,SUCCESS,00,1500,UPI,1
TXN003185,2026-08-06 08:54:00,SUCCESS,00,100,UPI,2
TXN003186,2026-08-17 18:44:00,SUCCESS,00,1500,NETBANKING,0
TXN003187,2026-08-15 16:44:00,SUCCESS,00,750,CARD,0
TXN003188,2026-08-27 17:09:00,SUCCESS,00,1000,NETBANKING,0
TXN003189,2026-08-05 19:51:00,SUCCESS,00,100,CARD,0
TXN003190,2026-08-01 19:56:00,SUCCESS,00,100,UPI,0
TXN003191,2026-08-11 05:44:00,SUCCESS,00,2500,UPI,0
TXN003192,2026-08-10 04:01:00,SUCCESS,00,500,WALLET,0
TXN003193,2026-08-30 08:29:00,SUCCESS,00,250,NETBANKING,1
TXN003194,2026-08-06 08:48:00,SUCCESS,00,500,WALLET,0
TXN003195,2026-08-22 15:45:00,SUCCESS,00,1000,UPI,0
TXN003196,2026-08-28 17:34:00,SUCCESS,00,10000,CARD,0
TXN003197,2026-08-04 12:20:00,SUCCESS,00,1000,CARD,1
TXN003198,2026-09-02 23:35:00,SUCCESS,00,250,NETBANKING,0
TXN003199,2026-08-24 06:58:00,SUCCESS,00,100,UPI,2
TXN003200,2026-08-19 10:06:00,SUCCESS,00,100,UPI,3
TXN003201,2026-08-24 05:15:00,SUCCESS,00,1000,UPI,0
TXN003202,2026-08-24 20:05:00,SUCCESS,00,100,UPI,0
TXN003203,2026-08-31 08:39:00,FAILED,51,10000,UPI,0
TXN003204,2026-09-03 10:43:00,SUCCESS,00,1000,CARD,2
TXN003205,2026-08-18 14:39:00,SUCCESS,00,1500,NETBANKING,0
TXN003206,2026-08-31 04:50:00,FAILED,51,100,CARD,0
TXN003207,2026-08-28 09:22:00,SUCCESS,00,500,UPI,0
TXN003208,2026-08-28 01:28:00,SUCCESS,00,1000,NETBANKING,1
TXN003209,2026-08-12 22:13:00,SUCCESS,00,250,UPI,0
TXN003210,2026-08-29 02:38:00,SUCCESS,00,500,UPI,0
TXN003211,2026-09-01 02:57:00,SUCCESS,00,1000,CARD,0
TXN003212,2026-09-01 13:44:00,SUCCESS,00,100,CARD,1
TXN003213,2026-08-18 23:01:00,SUCCESS,00,750,WALLET,3
TXN003214,2026-09-03 15:08:00,SUCCESS,00,250,UPI,0
TXN003215,2026-08-15 17:30:00,SUCCESS,00,2500,UPI,0
TXN003216,2026-08-20 23:18:00,SUCCESS,00,1000,UPI,0
TXN003217,2026-08-28 08:04:00,SUCCESS,00,2500,UPI,0
TXN003218,2026-08-29 10:09:00,SUCCESS,00,750,UPI,1
TXN003219,2026-08-15 04:40:00,SUCCESS,00,25000,WALLET,0
TXN003220,2026-08-26 05:57:00,SUCCESS,00,750,NETBANKING,0
TXN003221,2026-08-26 16:40:00,SUCCESS,00,1500,CARD,0
TXN003222,2026-08-22 19:47:00,SUCCESS,00,1000,NETBANKING,0
TXN003223,2026-08-29 11:58:00,SUCCESS,00,500,CARD,0
TXN003224,2026-08-15 10:17:00,FAILED,51,25000,NETBANKING,0
TXN003225,2026-08-15 03:27:00,SUCCESS,00,250,CARD,0
TXN003226,2026-08-10 04:04:00,FAILED,51,1000,CARD,0
TXN003227,2026-08-05 06:44:00,SUCCESS,00,250,CARD,0
TXN003228,2026-08-26 04:55:00,FAILED,51,2500,NETBANKING,0
TXN003229,2026-08-30 08:45:00,SUCCESS,00,250,UPI,0
TXN003230,2026-08-25 11:30:00,SUCCESS,00,750,CARD,0
TXN003231,2026-08-03 08:32:00,SUCCESS,00,1000,NETBANKING,0
TXN003232,2026-08-13 01:38:00,SUCCESS,00,750,CARD,0
TXN003233,2026-08-24 16:00:00,SUCCESS,00,500,UPI,0
TXN003234,2026-08-28 11:00:00,SUCCESS,00,1000,UPI,1
TXN003235,2026-08-27 06:14:00,SUCCESS,00,100,UPI,0
TXN003236,2026-08-15 13:15:00,SUCCESS,00,2500,NETBANKING,0
TXN003237,2026-08-04 08:07:00,SUCCESS,00,2000,UPI,1
TXN003238,2026-08-26 16:08:00,SUCCESS,00,250,UPI,0
TXN003239,2026-08-01 15:34:00,SUCCESS,00,2000,CARD,1
TXN003240,2026-08-13 22:11:00,SUCCESS,00,5000,WALLET,0
TXN003241,2026-09-02 20:29:00,SUCCESS,00,500,NETBANKING,0
TXN003242,2026-08-30 23:08:00,SUCCESS,00,750,UPI,0
TXN003243,2026-08-08 18:12:00,SUCCESS,00,1000,UPI,1
TXN003244,2026-08-15 02:00:00,SUCCESS,00,750,CARD,0
TXN003245,2026-08-17 02:05:00,SUCCESS,00,500,NETBANKING,1
TXN003246,2026-08-07 01:25:00,SUCCESS,00,500,NETBANKING,2
TXN003247,2026-09-02 05:29:00,SUCCESS,00,500,CARD,0
TXN003248,2026-08-04 19:59:00,SUCCESS,00,2000,CARD,0
TXN003249,2026-08-15 15:03:00,SUCCESS,00,500,UPI,0
TXN003250,2026-08-15 19:09:00,SUCCESS,00,1500,CARD,0
TXN003251,2026-08-13 20:05:00,SUCCESS,00,500,UPI,2
TXN003252,2026-08-21 07:51:00,SUCCESS,00,2500,UPI,0
TXN003253,2026-09-02 16:04:00,SUCCESS,00,100,WALLET,0
TXN003254,2026-08-07 04:55:00,SUCCESS,00,2000,CARD,0
TXN003255,2026-09-02 10:32:00,SUCCESS,00,250,UPI,0
TXN003256,2026-08-20 19:44:00,SUCCESS,00,2500,UPI,1
TXN003257,2026-08-28 13:27:00,SUCCESS,00,1000,CARD,0
TXN003258,2026-09-03 14:03:00,SUCCESS,00,2000,CARD,0
TXN003259,2026-08-26 13:54:00,SUCCESS,00,100,CARD,0
TXN003260,2026-08-25 05:18:00,SUCCESS,00,2000,CARD,0
TXN003261,2026-09-03 16:09:00,SUCCESS,00,100,UPI,0
TXN003262,2026-08-05 16:39:00,SUCCESS,00,2000,UPI,0
TXN003263,2026-08-10 07:19:00,SUCCESS,00,250,CARD,0
TXN003264,2026-08-14 04:34:00,SUCCESS,00,1500,CARD,0
TXN003265,2026-08-05 05:39:00,SUCCESS,00,250,NETBANKING,0
TXN003266,2026-08-14 06:04:00,FAILED,51,500,NETBANKING,0
TXN003267,2026-08-11 01:50:00,SUCCESS,00,750,NETBANKING,0
TXN003268,2026-08-15 11:33:00,SUCCESS,00,500,UPI,0
TXN003269,2026-08-14 21:18:00,SUCCESS,00,10000,UPI,1
TXN003270,2026-08-17 11:00:00,SUCCESS,00,2000,CARD,0
TXN003271,2026-08-19 16:34:00,SUCCESS,00,100,UPI,0
TXN003272,2026-08-10 23:51:00,SUCCESS,00,5000,CARD,0
TXN003273,2026-08-19 19:35:00,SUCCESS,00,1000,CARD,0
TXN003274,2026-08-08 06:26:00,SUCCESS,00,100,CARD,0
TXN003275,2026-08-08 13:01:00,SUCCESS,00,100,CARD,0
TXN003276,2026-08-03 21:34:00,SUCCESS,00,750,CARD,0
TXN003277,2026-08-06 07:04:00,SUCCESS,00,750,UPI,0
TXN003278,2026-08-20 12:32:00,SUCCESS,00,1500,NETBANKING,0
TXN003279,2026-08-03 10:57:00,SUCCESS,00,250,UPI,0
TXN003280,2026-08-27 17:28:00,SUCCESS,00,1500,CARD,0
TXN003281,2026-09-01 09:56:00,SUCCESS,00,10000,NETBANKING,0
TXN003282,2026-08-01 03:34:00,SUCCESS,00,2000,NETBANKING,1
TXN003283,2026-08-29 14:54:00,SUCCESS,00,500,CARD,0
TXN003284,2026-08-08 17:33:00,SUCCESS,00,1500,CARD,0
TXN003285,2026-08-24 07:25:00,SUCCESS,00,100,WALLET,0
TXN003286,2026-08-26 18:46:00,SUCCESS,00,1000,UPI,0
TXN003287,2026-08-19 18:29:00,SUCCESS,00,1500,UPI,0
TXN003288,2026-08-24 07:25:00,SUCCESS,00,25000,UPI,0
TXN003289,2026-08-03 05:04:00,SUCCESS,00,2000,UPI,0
TXN003290,2026-08-17 07:21:00,SUCCESS,00,1000,UPI,0
TXN003291,2026-09-04 12:52:00,SUCCESS,00,250,UPI,0
TXN003292,2026-08-01 14:03:00,SUCCESS,00,5000,UPI,0
TXN003293,2026-08-14 21:31:00,SUCCESS,00,2000,CARD,0
TXN003294,2026-08-14 22:50:00,SUCCESS,00,100,UPI,0
TXN003295,2026-08-02 14:06:00,SUCCESS,00,100,WALLET,0
TXN003296,2026-08-10 01:43:00,SUCCESS,00,2000,UPI,0
TXN003297,2026-08-28 08:55:00,SUCCESS,00,5000,CARD,0
TXN003298,2026-08-15 07:56:00,SUCCESS,00,750,CARD,1
TXN003299,2026-08-05 06:36:00,SUCCESS,00,5000,NETBANKING,0
TXN003300,2026-09-03 14:31:00,SUCCESS,00,1500,UPI,0
TXN003301,2026-09-02 18:29:00,SUCCESS,00,750,NETBANKING,0
TXN003302,2026-08-04 16:39:00,SUCCESS,00,2500,UPI,1
TXN003303,2026-08-22 11:20:00,SUCCESS,00,750,UPI,1
TXN003304,2026-08-23 11:54:00,SUCCESS,00,750,UPI,0
TXN003305,2026-08-25 19:07:00,SUCCESS,00,500,CARD,0
TXN003306,2026-08-14 19:12:00,SUCCESS,00,5000,NETBANKING,0
TXN003307,2026-08-21 20:22:00,SUCCESS,00,1000,UPI,0
TXN003308,2026-09-01 17:55:00,SUCCESS,00,1500,UPI,0
TXN003309,2026-08-14 19:56:00,SUCCESS,00,1500,UPI,0
TXN003310,2026-08-12 22:34:00,SUCCESS,00,5000,UPI,0
TXN003311,2026-08-13 12:16:00,SUCCESS,00,1000,NETBANKING,0
TXN003312,2026-08-28 16:33:00,SUCCESS,00,500,CARD,1
TXN003313,2026-08-30 09:54:00,SUCCESS,00,1000,NETBANKING,0
TXN003314,2026-08-20 16:25:00,SUCCESS,00,500,CARD,0
TXN003315,2026-08-29 11:46:00,SUCCESS,00,1000,UPI,0
TXN003316,2026-08-26 08:00:00,SUCCESS,00,250,UPI,0
TXN003317,2026-08-23 13:15:00,SUCCESS,00,250,CARD,0
TXN003318,2026-09-01 09:30:00,SUCCESS,00,250,UPI,0
TXN003319,2026-08-21 22:18:00,SUCCESS,00,1500,CARD,0
TXN003320,2026-08-14 14:41:00,SUCCESS,00,2500,CARD,0
TXN003321,2026-08-28 22:04:00,SUCCESS,00,500,UPI,0
TXN003322,2026-08-15 13:40:00,SUCCESS,00,1000,WALLET,0
TXN003323,2026-09-02 16:38:00,SUCCESS,00,750,UPI,1
TXN003324,2026-08-12 03:02:00,SUCCESS,00,2000,UPI,1
TXN003325,2026-08-08 00:23:00,SUCCESS,00,750,CARD,0
TXN003326,2026-09-03 07:27:00,FAILED,51,2500,WALLET,0
TXN003327,2026-08-21 08:39:00,SUCCESS,00,2000,UPI,0
TXN003328,2026-08-30 12:52:00,SUCCESS,00,100,UPI,0
TXN003329,2026-09-04 03:18:00,FAILED,51,500,UPI,1
TXN003330,2026-08-31 00:14:00,SUCCESS,00,10000,CARD,0
TXN003331,2026-08-19 08:00:00,SUCCESS,00,2500,CARD,0
TXN003332,2026-08-17 18:41:00,SUCCESS,00,500,NETBANKING,0
TXN003333,2026-08-19 09:46:00,SUCCESS,00,1000,CARD,0
TXN003334,2026-08-26 20:27:00,SUCCESS,00,250,UPI,1
TXN003335,2026-08-13 11:12:00,SUCCESS,00,250,WALLET,0
TXN003336,2026-08-09 04:24:00,SUCCESS,00,750,UPI,0
TXN003337,2026-08-31 02:31:00,SUCCESS,00,1500,CARD,0
TXN003338,2026-08-03 08:41:00,SUCCESS,00,500,WALLET,0
TXN003339,2026-08-31 06:11:00,SUCCESS,00,1500,UPI,0
TXN003340,2026-08-11 21:36:00,SUCCESS,00,250,CARD,1
TXN003341,2026-08-07 10:01:00,SUCCESS,00,2500,NETBANKING,0
TXN003342,2026-08-07 05:54:00,SUCCESS,00,500,NETBANKING,0
TXN003343,2026-08-13 08:30:00,SUCCESS,00,500,CARD,0
TXN003344,2026-08-03 02:17:00,FAILED,51,500,UPI,0
TXN003345,2026-08-31 03:27:00,SUCCESS,00,1500,UPI,0
TXN003346,2026-08-18 22:11:00,SUCCESS,00,2000,WALLET,0
TXN003347,2026-08-29 13:26:00,SUCCESS,00,1500,CARD,0
TXN003348,2026-08-02 00:10:00,SUCCESS,00,2500,UPI,0
TXN003349,2026-08-11 04:05:00,SUCCESS,00,2500,UPI,0
TXN003350,2026-08-23 12:28:00,SUCCESS,00,100,UPI,0
TXN003351,2026-08-13 07:15:00,SUCCESS,00,1000,UPI,1
TXN003352,2026-09-03 06:15:00,SUCCESS,00,750,UPI,0
TXN003353,2026-08-02 10:16:00,SUCCESS,00,500,UPI,0
TXN003354,2026-08-29 18:39:00,SUCCESS,00,250,CARD,0
TXN003355,2026-08-15 15:27:00,SUCCESS,00,10000,UPI,0
TXN003356,2026-08-21 17:43:00,SUCCESS,00,5000,UPI,0
TXN003357,2026-09-04 21:45:00,SUCCESS,00,250,UPI,0
TXN003358,2026-09-02 01:24:00,SUCCESS,00,250,UPI,0
TXN003359,2026-08-31 23:29:00,SUCCESS,00,1500,CARD,0
TXN003360,2026-08-17 17:33:00,SUCCESS,00,750,UPI,0
TXN003361,2026-08-25 12:25:00,SUCCESS,00,2000,UPI,0
TXN003362,2026-08-06 14:00:00,SUCCESS,00,1000,CARD,0
TXN003363,2026-08-01 09:28:00,FAILED,51,250,WALLET,0
TXN003364,2026-08-01 17:26:00,SUCCESS,00,5000,CARD,0
TXN003365,2026-08-24 23:28:00,SUCCESS,00,250,NETBANKING,0
TXN003366,2026-08-19 17:01:00,SUCCESS,00,500,UPI,0
TXN003367,2026-08-22 13:03:00,SUCCESS,00,1000,CARD,0
TXN003368,2026-08-11 15:09:00,SUCCESS,00,250,CARD,0
TXN003369,2026-08-25 20:19:00,SUCCESS,00,100,CARD,0
TXN003370,2026-08-14 00:52:00,SUCCESS,00,500,CARD,0
TXN003371,2026-08-12 23:21:00,SUCCESS,00,250,CARD,0
TXN003372,2026-08-24 09:47:00,SUCCESS,00,1000,CARD,0
TXN003373,2026-08-14 10:25:00,SUCCESS,00,750,WALLET,0
TXN003374,2026-08-12 10:10:00,SUCCESS,00,750,CARD,0
TXN003375,2026-08-05 00:28:00,SUCCESS,00,750,UPI,0
TXN003376,2026-08-30 04:59:00,SUCCESS,00,1000,CARD,2
TXN003377,2026-08-26 01:56:00,SUCCESS,00,250,WALLET,0
TXN003378,2026-08-26 07:10:00,SUCCESS,00,2500,WALLET,0
TXN003379,2026-08-06 03:18:00,SUCCESS,00,10000,CARD,0
TXN003380,2026-08-15 14:39:00,SUCCESS,00,500,UPI,0
TXN003381,2026-08-19 20:39:00,FAILED,51,1500,CARD,0
TXN003382,2026-08-31 08:51:00,SUCCESS,00,1500,CARD,1
TXN003383,2026-08-25 07:23:00,SUCCESS,00,250,UPI,0
TXN003384,2026-08-19 13:39:00,SUCCESS,00,5000,WALLET,0
TXN003385,2026-08-22 20:02:00,SUCCESS,00,25000,UPI,0
TXN003386,2026-08-15 20:17:00,SUCCESS,00,2000,UPI,0
TXN003387,2026-09-03 15:32:00,SUCCESS,00,750,NETBANKING,0
TXN003388,2026-09-03 19:31:00,SUCCESS,00,1000,UPI,0
TXN003389,2026-08-13 18:38:00,SUCCESS,00,10000,NETBANKING,0
TXN003390,2026-08-17 15:59:00,SUCCESS,00,25000,CARD,0
TXN003391,2026-08-18 03:38:00,SUCCESS,00,1500,UPI,0
TXN003392,2026-08-03 12:51:00,SUCCESS,00,2500,UPI,1
TXN003393,2026-08-05 00:50:00,SUCCESS,00,250,NETBANKING,1
TXN003394,2026-08-25 21:22:00,SUCCESS,00,10000,NETBANKING,0
TXN003395,2026-08-03 23:10:00,SUCCESS,00,1000,UPI,0
TXN003396,2026-08-15 05:43:00,SUCCESS,00,5000,UPI,0
TXN003397,2026-08-29 19:42:00,SUCCESS,00,250,NETBANKING,0
TXN003398,2026-08-11 22:05:00,SUCCESS,00,250,CARD,0
TXN003399,2026-08-09 05:29:00,SUCCESS,00,750,CARD,0
TXN003400,2026-09-01 16:55:00,SUCCESS,00,750,UPI,1
TXN003401,2026-08-12 11:46:00,SUCCESS,00,250,WALLET,1
TXN003402,2026-08-28 04:52:00,SUCCESS,00,500,UPI,0
TXN003403,2026-09-02 15:30:00,SUCCESS,00,1500,UPI,0
TXN003404,2026-08-17 10:50:00,SUCCESS,00,5000,NETBANKING,0
TXN003405,2026-08-29 23:49:00,SUCCESS,00,2000,CARD,1
TXN003406,2026-08-05 08:18:00,SUCCESS,00,10000,CARD,0
TXN003407,2026-08-20 16:49:00,SUCCESS,00,250,CARD,0
TXN003408,2026-08-23 18:32:00,SUCCESS,00,100,CARD,0
TXN003409,2026-08-11 06:18:00,FAILED,51,100,WALLET,0
TXN003410,2026-08-13 15:34:00,SUCCESS,00,250,WALLET,0
TXN003411,2026-09-01 04:15:00,SUCCESS,00,250,CARD,0
TXN003412,2026-08-06 18:16:00,FAILED,51,250,CARD,0
TXN003413,2026-08-17 19:40:00,SUCCESS,00,10000,NETBANKING,0
TXN003414,2026-08-13 14:52:00,SUCCESS,00,750,NETBANKING,0
TXN003415,2026-08-19 11:16:00,SUCCESS,00,100,UPI,0
TXN003416,2026-08-16 03:24:00,SUCCESS,00,100,UPI,0
TXN003417,2026-08-26 00:17:00,SUCCESS,00,1000,UPI,0
TXN003418,2026-08-11 22:18:00,SUCCESS,00,250,CARD,0
TXN003419,2026-08-26 19:28:00,SUCCESS,00,1500,CARD,0
TXN003420,2026-08-10 08:36:00,SUCCESS,00,250,CARD,0
TXN003421,2026-08-22 22:59:00,SUCCESS,00,2500,UPI,0
TXN003422,2026-08-11 06:07:00,SUCCESS,00,25000,UPI,0
TXN003423,2026-08-09 00:29:00,SUCCESS,00,100,NETBANKING,0
TXN003424,2026-08-20 16:53:00,SUCCESS,00,250,CARD,0
TXN003425,2026-08-11 20:44:00,SUCCESS,00,500,CARD,0
TXN003426,2026-08-27 15:28:00,SUCCESS,00,250,NETBANKING,0
TXN003427,2026-08-14 17:05:00,SUCCESS,00,500,CARD,0
TXN003428,2026-08-11 16:35:00,SUCCESS,00,25000,NETBANKING,1
TXN003429,2026-08-25 00:27:00,SUCCESS,00,500,UPI,1
TXN003430,2026-08-02 21:36:00,SUCCESS,00,100,WALLET,0
TXN003431,2026-08-19 00:19:00,SUCCESS,00,100,UPI,0
TXN003432,2026-08-22 11:51:00,SUCCESS,00,750,CARD,0
TXN003433,2026-08-17 06:25:00,SUCCESS,00,1500,CARD,0
TXN003434,2026-08-02 02:10:00,SUCCESS,00,250,NETBANKING,0
TXN003435,2026-08-05 10:38:00,SUCCESS,00,2000,CARD,1
TXN003436,2026-08-16 19:53:00,SUCCESS,00,2000,CARD,0
TXN003437,2026-08-21 09:25:00,SUCCESS,00,2000,CARD,1
TXN003438,2026-08-21 09:08:00,SUCCESS,00,5000,UPI,1
TXN003439,2026-08-09 11:44:00,SUCCESS,00,100,UPI,0
TXN003440,2026-08-19 11:48:00,SUCCESS,00,1500,UPI,1
TXN003441,2026-08-14 04:15:00,SUCCESS,00,2500,CARD,0
TXN003442,2026-08-21 06:16:00,SUCCESS,00,250,UPI,1
TXN003443,2026-08-27 14:50:00,SUCCESS,00,5000,UPI,0
TXN003444,2026-08-07 01:35:00,SUCCESS,00,250,WALLET,0
TXN003445,2026-08-19 15:35:00,SUCCESS,00,250,NETBANKING,0
TXN003446,2026-08-13 22:52:00,SUCCESS,00,10000,NETBANKING,0
TXN003447,2026-08-29 13:28:00,SUCCESS,00,750,CARD,1
TXN003448,2026-08-15 15:06:00,SUCCESS,00,250,UPI,0
TXN003449,2026-08-17 04:05:00,SUCCESS,00,750,UPI,0
TXN003450,2026-08-07 22:04:00,SUCCESS,00,1000,NETBANKING,0
TXN003451,2026-08-26 04:43:00,SUCCESS,00,2500,UPI,0
TXN003452,2026-08-28 23:46:00,SUCCESS,00,750,CARD,0
TXN003453,2026-08-04 18:36:00,SUCCESS,00,1000,CARD,0
TXN003454,2026-08-12 11:19:00,SUCCESS,00,500,UPI,0
TXN003455,2026-09-02 07:37:00,SUCCESS,00,100,UPI,0
TXN003456,2026-08-12 12:24:00,SUCCESS,00,2500,UPI,0
TXN003457,2026-08-03 23:33:00,SUCCESS,00,2000,CARD,0
TXN003458,2026-08-25 05:14:00,SUCCESS,00,250,CARD,0
TXN003459,2026-08-18 21:21:00,SUCCESS,00,750,CARD,1
TXN003460,2026-08-02 15:59:00,SUCCESS,00,500,UPI,0
TXN003461,2026-08-12 10:05:00,SUCCESS,00,750,UPI,0
TXN003462,2026-08-14 07:25:00,SUCCESS,00,5000,UPI,0
TXN003463,2026-08-09 14:57:00,SUCCESS,00,250,UPI,0
TXN003464,2026-08-15 12:34:00,SUCCESS,00,100,UPI,0
TXN003465,2026-08-18 09:23:00,SUCCESS,00,1500,UPI,0
TXN003466,2026-08-26 10:50:00,SUCCESS,00,100,CARD,0
TXN003467,2026-08-12 20:15:00,SUCCESS,00,100,NETBANKING,0
TXN003468,2026-08-15 16:21:00,SUCCESS,00,2000,CARD,0
TXN003469,2026-08-24 09:42:00,FAILED,51,2000,UPI,0
TXN003470,2026-09-02 09:27:00,SUCCESS,00,100,UPI,0
TXN003471,2026-08-10 00:46:00,SUCCESS,00,1500,CARD,0
TXN003472,2026-08-23 22:25:00,SUCCESS,00,5000,UPI,0
TXN003473,2026-08-18 12:45:00,FAILED,51,250,CARD,1
TXN003474,2026-08-05 06:56:00,SUCCESS,00,100,CARD,0
TXN003475,2026-08-31 15:42:00,SUCCESS,00,1500,CARD,0
TXN003476,2026-08-26 18:43:00,FAILED,51,25000,CARD,0
TXN003477,2026-08-22 10:53:00,SUCCESS,00,750,NETBANKING,0
TXN003478,2026-08-16 00:32:00,SUCCESS,00,100,WALLET,1
TXN003479,2026-08-06 00:24:00,SUCCESS,00,250,UPI,0
TXN003480,2026-08-14 18:25:00,SUCCESS,00,1000,WALLET,0
TXN003481,2026-09-02 03:07:00,SUCCESS,00,1500,NETBANKING,0
TXN003482,2026-08-01 07:09:00,SUCCESS,00,750,UPI,0
TXN003483,2026-08-30 19:20:00,SUCCESS,00,750,UPI,0
TXN003484,2026-08-16 18:13:00,SUCCESS,00,2000,WALLET,0
TXN003485,2026-08-18 00:46:00,FAILED,51,1500,UPI,0
TXN003486,2026-08-23 12:22:00,SUCCESS,00,250,NETBANKING,0
TXN003487,2026-08-29 02:22:00,SUCCESS,00,750,UPI,0
TXN003488,2026-08-14 11:33:00,SUCCESS,00,500,UPI,0
TXN003489,2026-08-25 21:17:00,SUCCESS,00,250,UPI,0
TXN003490,2026-08-22 18:23:00,SUCCESS,00,100,WALLET,0
TXN003491,2026-08-21 12:17:00,SUCCESS,00,2500,CARD,0
TXN003492,2026-08-30 21:34:00,SUCCESS,00,1000,UPI,0
TXN003493,2026-08-10 05:01:00,SUCCESS,00,5000,NETBANKING,1
TXN003494,2026-08-21 15:22:00,SUCCESS,00,500,UPI,0
TXN003495,2026-08-31 03:56:00,SUCCESS,00,500,NETBANKING,0
TXN003496,2026-09-02 11:32:00,SUCCESS,00,1000,WALLET,0
TXN003497,2026-08-31 04:20:00,SUCCESS,00,1500,UPI,0
TXN003498,2026-08-16 10:06:00,SUCCESS,00,2500,CARD,1
TXN003499,2026-09-04 02:51:00,SUCCESS,00,10000,UPI,0
TXN003500,2026-08-24 15:04:00,SUCCESS,00,1500,UPI,0
TXN003501,2026-08-01 22:46:00,SUCCESS,00,500,NETBANKING,0
TXN003502,2026-08-20 09:03:00,SUCCESS,00,250,UPI,0
TXN003503,2026-08-16 18:10:00,SUCCESS,00,750,UPI,1
TXN003504,2026-08-24 05:24:00,SUCCESS,00,250,NETBANKING,0
TXN003505,2026-08-22 02:02:00,FAILED,51,2500,CARD,0
TXN003506,2026-08-27 17:58:00,SUCCESS,00,250,UPI,0
TXN003507,2026-08-20 19:17:00,SUCCESS,00,500,UPI,0
TXN003508,2026-09-01 16:58:00,SUCCESS,00,2500,CARD,0
TXN003509,2026-08-01 04:05:00,SUCCESS,00,250,CARD,0
TXN003510,2026-09-03 06:17:00,SUCCESS,00,250,UPI,0
TXN003511,2026-08-19 12:59:00,SUCCESS,00,2500,CARD,0
TXN003512,2026-08-14 00:38:00,SUCCESS,00,100,UPI,1
TXN003513,2026-08-09 04:24:00,SUCCESS,00,1000,CARD,0
TXN003514,2026-08-13 23:24:00,SUCCESS,00,5000,CARD,0
TXN003515,2026-08-22 08:39:00,SUCCESS,00,100,UPI,0
TXN003516,2026-08-20 06:54:00,SUCCESS,00,2000,UPI,0
TXN003517,2026-08-11 08:50:00,SUCCESS,00,750,UPI,1
TXN003518,2026-08-02 18:23:00,SUCCESS,00,250,UPI,0
TXN003519,2026-08-25 16:55:00,SUCCESS,00,750,CARD,1
TXN003520,2026-08-15 20:33:00,SUCCESS,00,250,NETBANKING,0
TXN003521,2026-08-25 03:19:00,SUCCESS,00,1500,UPI,0
TXN003522,2026-09-04 22:35:00,SUCCESS,00,500,CARD,0
TXN003523,2026-08-29 22:20:00,SUCCESS,00,500,NETBANKING,0
TXN003524,2026-08-03 11:44:00,SUCCESS,00,750,WALLET,0
TXN003525,2026-08-18 20:00:00,SUCCESS,00,1500,NETBANKING,0
TXN003526,2026-08-31 21:19:00,SUCCESS,00,100,WALLET,0
TXN003527,2026-08-03 10:03:00,SUCCESS,00,250,UPI,0
TXN003528,2026-08-19 22:42:00,SUCCESS,00,100,WALLET,0
TXN003529,2026-08-14 16:35:00,SUCCESS,00,100,WALLET,0
TXN003530,2026-08-20 10:16:00,FAILED,51,250,CARD,0
TXN003531,2026-08-21 06:43:00,SUCCESS,00,500,CARD,1
TXN003532,2026-08-08 16:29:00,SUCCESS,00,2500,UPI,0
TXN003533,2026-08-01 04:53:00,SUCCESS,00,1500,NETBANKING,1
TXN003534,2026-09-02 15:53:00,SUCCESS,00,1000,UPI,0
TXN003535,2026-09-03 11:24:00,SUCCESS,00,500,UPI,0
TXN003536,2026-08-24 00:15:00,SUCCESS,00,500,UPI,0
TXN003537,2026-08-24 12:59:00,SUCCESS,00,2000,CARD,1
TXN003538,2026-08-27 19:58:00,SUCCESS,00,250,UPI,0
TXN003539,2026-09-02 12:40:00,SUCCESS,00,250,UPI,0
TXN003540,2026-08-13 14:58:00,SUCCESS,00,750,CARD,0
TXN003541,2026-08-09 07:16:00,FAILED,51,25000,UPI,0
TXN003542,2026-08-03 10:04:00,SUCCESS,00,1000,UPI,0
TXN003543,2026-09-01 13:45:00,SUCCESS,00,1500,CARD,0
TXN003544,2026-08-13 22:47:00,SUCCESS,00,750,CARD,0
TXN003545,2026-08-12 03:09:00,SUCCESS,00,1500,CARD,0
TXN003546,2026-08-02 18:41:00,SUCCESS,00,1000,UPI,1
TXN003547,2026-09-04 18:00:00,SUCCESS,00,5000,UPI,0
TXN003548,2026-08-13 12:03:00,SUCCESS,00,750,CARD,0
TXN003549,2026-09-04 02:12:00,SUCCESS,00,1500,NETBANKING,0
TXN003550,2026-08-27 10:30:00,SUCCESS,00,250,NETBANKING,0
TXN003551,2026-09-01 12:42:00,SUCCESS,00,100,WALLET,0
TXN003552,2026-08-21 09:26:00,SUCCESS,00,250,UPI,1
TXN003553,2026-08-19 22:44:00,SUCCESS,00,2000,CARD,1
TXN003554,2026-08-03 09:05:00,SUCCESS,00,1000,NETBANKING,1
TXN003555,2026-08-23 02:33:00,SUCCESS,00,2000,CARD,0
TXN003556,2026-08-07 08:38:00,SUCCESS,00,100,UPI,0
TXN003557,2026-08-24 13:12:00,FAILED,51,500,UPI,0
TXN003558,2026-09-03 15:13:00,SUCCESS,00,2500,UPI,0
TXN003559,2026-08-02 14:37:00,SUCCESS,00,750,UPI,0
TXN003560,2026-08-12 01:45:00,SUCCESS,00,250,CARD,0
TXN003561,2026-08-07 16:38:00,SUCCESS,00,100,NETBANKING,1
TXN003562,2026-08-25 10:45:00,SUCCESS,00,1000,UPI,0
TXN003563,2026-09-02 13:49:00,SUCCESS,00,250,CARD,0
TXN003564,2026-08-21 21:54:00,SUCCESS,00,1500,NETBANKING,0
TXN003565,2026-08-01 15:58:00,SUCCESS,00,250,UPI,0
TXN003566,2026-08-01 11:28:00,SUCCESS,00,100,WALLET,0
TXN003567,2026-08-12 08:13:00,SUCCESS,00,500,NETBANKING,0
TXN003568,2026-08-19 14:41:00,SUCCESS,00,100,UPI,0
TXN003569,2026-08-11 15:45:00,SUCCESS,00,1000,NETBANKING,0
TXN003570,2026-08-31 14:54:00,SUCCESS,00,5000,UPI,0
TXN003571,2026-08-10 07:29:00,SUCCESS,00,250,CARD,0
TXN003572,2026-08-26 05:15:00,SUCCESS,00,1500,UPI,0
TXN003573,2026-08-11 05:49:00,SUCCESS,00,1000,UPI,0
TXN003574,2026-08-02 08:40:00,SUCCESS,00,1500,UPI,0
TXN003575,2026-08-28 20:20:00,SUCCESS,00,250,UPI,0
TXN003576,2026-08-05 20:57:00,SUCCESS,00,10000,UPI,3
TXN003577,2026-08-21 01:57:00,SUCCESS,00,750,CARD,0
TXN003578,2026-08-03 10:11:00,SUCCESS,00,750,UPI,0
TXN003579,2026-08-20 17:52:00,SUCCESS,00,1000,UPI,0
TXN003580,2026-08-06 04:08:00,SUCCESS,00,250,UPI,0
TXN003581,2026-08-02 03:24:00,SUCCESS,00,10000,CARD,0
TXN003582,2026-08-19 18:10:00,SUCCESS,00,500,UPI,0
TXN003583,2026-08-19 06:36:00,SUCCESS,00,1500,CARD,0
TXN003584,2026-08-01 17:09:00,SUCCESS,00,100,CARD,0
TXN003585,2026-08-04 00:54:00,SUCCESS,00,5000,WALLET,0
TXN003586,2026-08-11 06:04:00,SUCCESS,00,1000,CARD,0
TXN003587,2026-08-18 13:24:00,SUCCESS,00,1500,CARD,0
TXN003588,2026-08-07 02:08:00,SUCCESS,00,750,CARD,0
TXN003589,2026-08-18 15:40:00,FAILED,51,100,UPI,0
TXN003590,2026-08-26 19:31:00,SUCCESS,00,1000,UPI,0
TXN003591,2026-08-18 19:42:00,SUCCESS,00,5000,UPI,0
TXN003592,2026-08-09 17:42:00,SUCCESS,00,500,UPI,0
TXN003593,2026-08-18 14:01:00,SUCCESS,00,500,CARD,0
TXN003594,2026-08-28 04:27:00,SUCCESS,00,100,NETBANKING,0
TXN003595,2026-08-08 20:14:00,SUCCESS,00,1000,UPI,0
TXN003596,2026-08-31 22:55:00,SUCCESS,00,250,WALLET,0
TXN003597,2026-08-11 22:52:00,SUCCESS,00,500,UPI,0
TXN003598,2026-09-04 00:36:00,SUCCESS,00,250,UPI,0
TXN003599,2026-08-10 01:32:00,SUCCESS,00,500,UPI,0
TXN003600,2026-08-13 18:46:00,SUCCESS,00,10000,UPI,0
TXN003601,2026-08-18 05:31:00,SUCCESS,00,1500,CARD,0
TXN003602,2026-09-01 08:56:00,SUCCESS,00,100,UPI,0
TXN003603,2026-08-04 04:50:00,SUCCESS,00,250,WALLET,0
TXN003604,2026-08-12 09:57:00,SUCCESS,00,1500,CARD,1
TXN003605,2026-08-05 19:42:00,SUCCESS,00,250,NETBANKING,0
TXN003606,2026-08-25 02:02:00,SUCCESS,00,1500,CARD,0
TXN003607,2026-08-08 22:22:00,SUCCESS,00,250,UPI,1
TXN003608,2026-08-07 09:26:00,SUCCESS,00,1000,UPI,0
TXN003609,2026-08-14 21:09:00,SUCCESS,00,750,UPI,0
TXN003610,2026-08-14 04:55:00,FAILED,51,1000,CARD,0
TXN003611,2026-08-25 14:00:00,SUCCESS,00,100,CARD,0
TXN003612,2026-08-19 06:20:00,SUCCESS,00,2000,NETBANKING,1
TXN003613,2026-08-29 19:55:00,SUCCESS,00,2500,WALLET,0
TXN003614,2026-09-04 20:58:00,SUCCESS,00,500,CARD,0
TXN003615,2026-08-03 11:16:00,SUCCESS,00,2500,UPI,0
TXN003616,2026-09-01 05:39:00,SUCCESS,00,1000,WALLET,0
TXN003617,2026-08-16 19:32:00,SUCCESS,00,2500,NETBANKING,0
TXN003618,2026-08-26 12:23:00,SUCCESS,00,500,UPI,0
TXN003619,2026-08-12 11:53:00,SUCCESS,00,100,UPI,0
TXN003620,2026-08-15 16:40:00,SUCCESS,00,1000,WALLET,0
TXN003621,2026-08-17 11:32:00,SUCCESS,00,1500,CARD,0
TXN003622,2026-08-06 04:33:00,SUCCESS,00,5000,CARD,0
TXN003623,2026-08-12 22:03:00,SUCCESS,00,500,CARD,0
TXN003624,2026-08-03 08:45:00,SUCCESS,00,2500,UPI,0
TXN003625,2026-08-20 05:37:00,SUCCESS,00,1500,CARD,0
TXN003626,2026-08-15 01:39:00,SUCCESS,00,1500,UPI,0
TXN003627,2026-09-01 16:41:00,SUCCESS,00,2000,CARD,0
TXN003628,2026-09-02 19:28:00,SUCCESS,00,250,UPI,0
TXN003629,2026-08-14 11:03:00,SUCCESS,00,2000,WALLET,0
TXN003630,2026-08-07 21:05:00,SUCCESS,00,250,CARD,0
TXN003631,2026-08-12 19:39:00,SUCCESS,00,1000,NETBANKING,0
TXN003632,2026-09-03 17:06:00,SUCCESS,00,1500,WALLET,0
TXN003633,2026-08-14 09:53:00,SUCCESS,00,500,UPI,0
TXN003634,2026-08-25 09:34:00,SUCCESS,00,1500,UPI,0
TXN003635,2026-08-09 07:07:00,SUCCESS,00,2500,NETBANKING,0
TXN003636,2026-08-25 16:40:00,SUCCESS,00,2000,UPI,0
TXN003637,2026-08-03 20:17:00,SUCCESS,00,250,UPI,0
TXN003638,2026-08-08 13:25:00,SUCCESS,00,1500,UPI,0
TXN003639,2026-08-02 02:02:00,SUCCESS,00,1500,CARD,1
TXN003640,2026-08-16 04:07:00,SUCCESS,00,2500,CARD,0
TXN003641,2026-08-21 04:29:00,SUCCESS,00,750,UPI,0
TXN003642,2026-08-08 05:16:00,SUCCESS,00,1000,UPI,0
TXN003643,2026-08-03 22:22:00,SUCCESS,00,100,CARD,0
TXN003644,2026-08-21 15:06:00,SUCCESS,00,2500,CARD,0
TXN003645,2026-08-11 21:49:00,SUCCESS,00,100,UPI,0
TXN003646,2026-08-26 19:29:00,SUCCESS,00,1500,NETBANKING,0
TXN003647,2026-08-27 18:08:00,SUCCESS,00,750,UPI,0
TXN003648,2026-08-29 15:33:00,SUCCESS,00,500,WALLET,0
TXN003649,2026-09-01 14:35:00,SUCCESS,00,250,CARD,1
TXN003650,2026-08-27 06:24:00,SUCCESS,00,500,UPI,1
TXN003651,2026-08-07 01:07:00,SUCCESS,00,500,WALLET,0
TXN003652,2026-08-17 05:19:00,SUCCESS,00,2500,UPI,0
TXN003653,2026-08-04 14:53:00,SUCCESS,00,250,UPI,2
TXN003654,2026-08-18 00:54:00,SUCCESS,00,500,WALLET,0
TXN003655,2026-09-03 01:59:00,SUCCESS,00,1000,CARD,0
TXN003656,2026-08-23 22:47:00,SUCCESS,00,2000,NETBANKING,0
TXN003657,2026-08-25 10:17:00,SUCCESS,00,500,CARD,0
TXN003658,2026-08-15 02:42:00,SUCCESS,00,500,CARD,1
TXN003659,2026-09-04 14:23:00,SUCCESS,00,750,UPI,1
TXN003660,2026-08-19 16:34:00,SUCCESS,00,250,UPI,1
TXN003661,2026-08-24 17:48:00,SUCCESS,00,2000,UPI,0
TXN003662,2026-08-27 22:39:00,SUCCESS,00,100,UPI,0
TXN003663,2026-08-01 17:57:00,SUCCESS,00,500,CARD,0
TXN003664,2026-08-02 07:57:00,SUCCESS,00,10000,UPI,0
TXN003665,2026-08-27 19:01:00,SUCCESS,00,500,UPI,1
TXN003666,2026-08-05 09:31:00,SUCCESS,00,100,WALLET,0
TXN003667,2026-08-22 05:49:00,SUCCESS,00,750,UPI,0
TXN003668,2026-08-09 05:38:00,SUCCESS,00,10000,CARD,0
TXN003669,2026-08-25 19:06:00,SUCCESS,00,250,NETBANKING,0
TXN003670,2026-08-06 18:03:00,SUCCESS,00,750,UPI,0
TXN003671,2026-08-14 02:01:00,SUCCESS,00,500,UPI,2
TXN003672,2026-08-28 22:32:00,SUCCESS,00,100,CARD,0
TXN003673,2026-08-12 09:28:00,SUCCESS,00,500,CARD,0
TXN003674,2026-08-18 15:45:00,SUCCESS,00,750,UPI,0
TXN003675,2026-09-01 14:39:00,SUCCESS,00,750,UPI,0
TXN003676,2026-08-12 13:10:00,SUCCESS,00,5000,NETBANKING,0
TXN003677,2026-08-02 21:41:00,SUCCESS,00,750,UPI,0
TXN003678,2026-09-04 07:38:00,SUCCESS,00,2500,UPI,0
TXN003679,2026-08-21 23:01:00,SUCCESS,00,1500,WALLET,0
TXN003680,2026-08-19 22:23:00,FAILED,51,250,CARD,0
TXN003681,2026-08-17 06:48:00,FAILED,51,1000,UPI,0
TXN003682,2026-08-31 19:33:00,SUCCESS,00,2000,CARD,1
TXN003683,2026-08-29 05:56:00,SUCCESS,00,100,UPI,0
TXN003684,2026-08-26 08:44:00,SUCCESS,00,500,UPI,0
TXN003685,2026-08-31 18:23:00,SUCCESS,00,1000,UPI,0
TXN003686,2026-08-15 06:19:00,SUCCESS,00,2000,CARD,0
TXN003687,2026-08-09 19:35:00,SUCCESS,00,2500,CARD,1
TXN003688,2026-08-09 15:53:00,SUCCESS,00,750,UPI,0
TXN003689,2026-08-19 20:59:00,SUCCESS,00,250,UPI,0
TXN003690,2026-08-07 10:53:00,SUCCESS,00,1500,CARD,0
TXN003691,2026-08-11 15:03:00,SUCCESS,00,100,UPI,0
TXN003692,2026-08-04 10:03:00,SUCCESS,00,500,CARD,0
TXN003693,2026-08-09 04:26:00,SUCCESS,00,750,UPI,0
TXN003694,2026-08-03 07:58:00,SUCCESS,00,1500,UPI,0
TXN003695,2026-08-17 09:42:00,SUCCESS,00,500,UPI,0
TXN003696,2026-08-20 03:58:00,SUCCESS,00,1000,UPI,0
TXN003697,2026-08-04 10:15:00,SUCCESS,00,1000,UPI,0
TXN003698,2026-08-07 07:25:00,SUCCESS,00,100,UPI,0
TXN003699,2026-09-02 09:55:00,SUCCESS,00,1000,CARD,0
TXN003700,2026-08-17 14:34:00,SUCCESS,00,250,NETBANKING,0
TXN003701,2026-08-26 01:11:00,SUCCESS,00,1000,NETBANKING,0
TXN003702,2026-08-18 02:03:00,SUCCESS,00,1500,UPI,0
TXN003703,2026-08-27 19:55:00,SUCCESS,00,500,UPI,0
TXN003704,2026-08-04 13:20:00,SUCCESS,00,1500,UPI,0
TXN003705,2026-08-13 10:56:00,SUCCESS,00,1000,CARD,0
TXN003706,2026-08-29 03:36:00,SUCCESS,00,1000,UPI,0
TXN003707,2026-08-16 12:29:00,SUCCESS,00,1000,CARD,1
TXN003708,2026-08-03 20:21:00,SUCCESS,00,100,UPI,0
TXN003709,2026-08-12 02:50:00,SUCCESS,00,250,CARD,1
TXN003710,2026-09-03 17:35:00,SUCCESS,00,1000,NETBANKING,0
TXN003711,2026-08-27 16:42:00,SUCCESS,00,500,UPI,0
TXN003712,2026-08-29 14:26:00,SUCCESS,00,250,CARD,0
TXN003713,2026-08-23 21:48:00,FAILED,51,2500,UPI,0
TXN003714,2026-08-21 11:33:00,SUCCESS,00,2000,CARD,0
TXN003715,2026-08-03 17:56:00,SUCCESS,00,100,WALLET,0
TXN003716,2026-08-21 17:30:00,SUCCESS,00,750,UPI,0
TXN003717,2026-08-18 16:17:00,SUCCESS,00,500,CARD,0
TXN003718,2026-08-28 23:06:00,SUCCESS,00,100,UPI,0
TXN003719,2026-08-11 23:25:00,SUCCESS,00,1500,CARD,0
TXN003720,2026-08-26 13:10:00,SUCCESS,00,750,UPI,0
TXN003721,2026-08-29 18:27:00,SUCCESS,00,2000,WALLET,0
TXN003722,2026-08-27 05:55:00,SUCCESS,00,100,WALLET,1
TXN003723,2026-08-10 16:52:00,SUCCESS,00,500,CARD,0
TXN003724,2026-08-26 14:36:00,FAILED,51,2500,UPI,0
TXN003725,2026-08-10 08:35:00,SUCCESS,00,1500,CARD,0
TXN003726,2026-08-04 07:45:00,SUCCESS,00,100,UPI,0
TXN003727,2026-08-21 03:18:00,SUCCESS,00,500,WALLET,1
TXN003728,2026-08-25 12:16:00,SUCCESS,00,5000,WALLET,0
TXN003729,2026-08-26 21:22:00,SUCCESS,00,100,UPI,0
TXN003730,2026-08-02 14:18:00,SUCCESS,00,500,UPI,1
TXN003731,2026-08-07 21:48:00,SUCCESS,00,100,CARD,0
TXN003732,2026-08-12 10:32:00,SUCCESS,00,1000,UPI,0
TXN003733,2026-09-03 01:30:00,SUCCESS,00,250,UPI,0
TXN003734,2026-08-29 22:17:00,SUCCESS,00,500,UPI,1
TXN003735,2026-08-10 00:57:00,FAILED,51,250,UPI,0
TXN003736,2026-08-07 19:07:00,SUCCESS,00,1500,CARD,0
TXN003737,2026-08-05 07:49:00,SUCCESS,00,500,CARD,0
TXN003738,2026-09-04 10:11:00,SUCCESS,00,2000,CARD,0
TXN003739,2026-08-24 03:16:00,SUCCESS,00,2500,UPI,0
TXN003740,2026-08-10 03:48:00,SUCCESS,00,250,CARD,1
TXN003741,2026-08-03 09:27:00,SUCCESS,00,500,CARD,0
TXN003742,2026-08-02 08:49:00,SUCCESS,00,750,CARD,1
TXN003743,2026-09-02 22:02:00,SUCCESS,00,500,WALLET,0
TXN003744,2026-09-02 10:04:00,SUCCESS,00,500,NETBANKING,1
TXN003745,2026-08-03 14:17:00,SUCCESS,00,1500,WALLET,1
TXN003746,2026-08-15 07:41:00,SUCCESS,00,100,UPI,0
TXN003747,2026-08-12 20:09:00,SUCCESS,00,2000,UPI,0
TXN003748,2026-08-12 12:08:00,SUCCESS,00,1000,UPI,0
TXN003749,2026-09-02 14:58:00,SUCCESS,00,1500,UPI,0
TXN003750,2026-08-14 09:10:00,FAILED,51,5000,NETBANKING,0
TXN003751,2026-08-22 12:29:00,SUCCESS,00,250,NETBANKING,0
TXN003752,2026-08-20 22:06:00,SUCCESS,00,1000,UPI,0
TXN003753,2026-08-05 09:46:00,SUCCESS,00,10000,CARD,1
TXN003754,2026-08-21 03:08:00,SUCCESS,00,1000,UPI,0
TXN003755,2026-08-18 14:58:00,SUCCESS,00,2000,CARD,1
TXN003756,2026-08-22 12:00:00,SUCCESS,00,100,CARD,0
TXN003757,2026-08-09 07:37:00,SUCCESS,00,1500,UPI,1
TXN003758,2026-08-10 07:34:00,SUCCESS,00,2500,CARD,0
TXN003759,2026-08-25 10:32:00,SUCCESS,00,1000,NETBANKING,0
TXN003760,2026-09-02 02:35:00,SUCCESS,00,500,UPI,0
TXN003761,2026-08-30 20:07:00,SUCCESS,00,10000,CARD,0
TXN003762,2026-08-07 23:32:00,FAILED,51,2500,NETBANKING,1
TXN003763,2026-08-14 17:54:00,SUCCESS,00,100,UPI,1
TXN003764,2026-08-28 01:57:00,SUCCESS,00,10000,CARD,0
TXN003765,2026-08-27 20:11:00,SUCCESS,00,10000,NETBANKING,0
TXN003766,2026-08-01 09:20:00,SUCCESS,00,500,WALLET,0
TXN003767,2026-08-01 04:13:00,SUCCESS,00,250,NETBANKING,0
TXN003768,2026-09-03 03:43:00,SUCCESS,00,1500,UPI,0
TXN003769,2026-08-27 00:49:00,SUCCESS,00,1500,WALLET,0
TXN003770,2026-09-03 18:03:00,SUCCESS,00,750,CARD,0
TXN003771,2026-08-23 07:59:00,SUCCESS,00,1500,CARD,1
TXN003772,2026-08-05 06:47:00,FAILED,51,250,CARD,0
TXN003773,2026-08-19 18:51:00,SUCCESS,00,750,CARD,0
TXN003774,2026-08-05 12:21:00,SUCCESS,00,250,UPI,0
TXN003775,2026-08-01 09:29:00,SUCCESS,00,1000,WALLET,0
TXN003776,2026-08-20 10:24:00,SUCCESS,00,1000,NETBANKING,0
TXN003777,2026-08-29 12:59:00,SUCCESS,00,100,UPI,0
TXN003778,2026-09-03 15:31:00,SUCCESS,00,500,CARD,0
TXN003779,2026-08-13 15:49:00,SUCCESS,00,1500,NETBANKING,0
TXN003780,2026-08-07 09:32:00,SUCCESS,00,2500,UPI,0
TXN003781,2026-08-10 20:58:00,SUCCESS,00,1500,CARD,0
TXN003782,2026-08-20 13:55:00,SUCCESS,00,5000,NETBANKING,0
TXN003783,2026-08-14 04:03:00,SUCCESS,00,500,UPI,0
TXN003784,2026-08-10 15:28:00,SUCCESS,00,1500,UPI,2
TXN003785,2026-08-26 19:22:00,SUCCESS,00,5000,WALLET,0
TXN003786,2026-09-01 17:43:00,SUCCESS,00,250,NETBANKING,0
TXN003787,2026-08-06 13:26:00,SUCCESS,00,500,WALLET,0
TXN003788,2026-08-12 08:48:00,SUCCESS,00,750,CARD,1
TXN003789,2026-08-07 10:02:00,SUCCESS,00,10000,UPI,0
TXN003790,2026-09-01 20:13:00,SUCCESS,00,500,NETBANKING,0
TXN003791,2026-08-04 01:19:00,SUCCESS,00,2500,UPI,0
TXN003792,2026-08-16 19:31:00,SUCCESS,00,250,NETBANKING,0
TXN003793,2026-08-06 23:12:00,SUCCESS,00,500,WALLET,0
TXN003794,2026-08-07 03:40:00,SUCCESS,00,1500,UPI,0
TXN003795,2026-08-12 17:56:00,SUCCESS,00,25000,UPI,0
TXN003796,2026-08-26 17:31:00,SUCCESS,00,750,NETBANKING,0
TXN003797,2026-08-07 20:02:00,SUCCESS,00,1500,UPI,0
TXN003798,2026-08-15 15:55:00,SUCCESS,00,25000,CARD,0
TXN003799,2026-08-05 02:53:00,SUCCESS,00,1000,NETBANKING,1
TXN003800,2026-08-22 01:37:00,SUCCESS,00,5000,CARD,0
TXN003801,2026-08-23 05:31:00,SUCCESS,00,2000,NETBANKING,1
TXN003802,2026-08-10 19:26:00,SUCCESS,00,1500,CARD,1
TXN003803,2026-08-03 11:20:00,SUCCESS,00,250,CARD,0
TXN003804,2026-08-31 09:15:00,SUCCESS,00,5000,UPI,0
TXN003805,2026-08-21 17:16:00,SUCCESS,00,500,NETBANKING,1
TXN003806,2026-08-02 03:34:00,SUCCESS,00,250,UPI,0
TXN003807,2026-08-17 15:48:00,SUCCESS,00,2000,WALLET,0
TXN003808,2026-08-11 00:34:00,SUCCESS,00,1500,CARD,0
TXN003809,2026-08-18 08:48:00,SUCCESS,00,750,CARD,0
TXN003810,2026-08-14 16:27:00,SUCCESS,00,500,CARD,0
TXN003811,2026-09-02 07:39:00,SUCCESS,00,1000,UPI,0
TXN003812,2026-08-18 05:03:00,SUCCESS,00,2500,WALLET,0
TXN003813,2026-08-14 10:30:00,SUCCESS,00,250,UPI,0
TXN003814,2026-08-21 10:08:00,SUCCESS,00,750,UPI,0
TXN003815,2026-08-08 04:39:00,SUCCESS,00,1500,NETBANKING,1
TXN003816,2026-08-04 17:32:00,SUCCESS,00,500,CARD,0
TXN003817,2026-08-15 06:56:00,SUCCESS,00,500,WALLET,0
TXN003818,2026-08-20 03:38:00,SUCCESS,00,250,UPI,0
TXN003819,2026-08-19 17:37:00,SUCCESS,00,1500,WALLET,0
TXN003820,2026-08-29 23:50:00,SUCCESS,00,2500,CARD,0
TXN003821,2026-08-07 01:39:00,SUCCESS,00,1000,CARD,0
TXN003822,2026-08-18 00:42:00,SUCCESS,00,2500,UPI,0
TXN003823,2026-08-06 02:53:00,SUCCESS,00,2500,UPI,0
TXN003824,2026-08-09 17:05:00,SUCCESS,00,2500,CARD,2
TXN003825,2026-09-01 09:12:00,SUCCESS,00,250,NETBANKING,0
TXN003826,2026-09-01 19:46:00,SUCCESS,00,100,CARD,0
TXN003827,2026-08-08 03:24:00,SUCCESS,00,1000,CARD,0
TXN003828,2026-09-04 08:55:00,SUCCESS,00,100,NETBANKING,0
TXN003829,2026-08-29 11:36:00,SUCCESS,00,100,CARD,1
TXN003830,2026-08-24 04:29:00,SUCCESS,00,750,CARD,0
TXN003831,2026-08-19 11:18:00,SUCCESS,00,250,NETBANKING,1
TXN003832,2026-08-08 22:18:00,SUCCESS,00,750,CARD,0
TXN003833,2026-08-06 21:06:00,SUCCESS,00,2500,WALLET,0
TXN003834,2026-08-11 17:03:00,SUCCESS,00,25000,UPI,0
TXN003835,2026-08-28 01:23:00,SUCCESS,00,500,UPI,0
TXN003836,2026-09-02 12:24:00,SUCCESS,00,1000,CARD,0
TXN003837,2026-08-14 06:25:00,SUCCESS,00,500,UPI,0
TXN003838,2026-08-15 23:19:00,SUCCESS,00,250,WALLET,1
TXN003839,2026-08-23 20:00:00,SUCCESS,00,100,NETBANKING,0
TXN003840,2026-08-25 10:53:00,SUCCESS,00,250,WALLET,0
TXN003841,2026-08-27 16:26:00,SUCCESS,00,100,UPI,0
TXN003842,2026-08-02 01:11:00,SUCCESS,00,2500,UPI,3
TXN003843,2026-08-16 22:31:00,SUCCESS,00,1000,CARD,0
TXN003844,2026-08-22 17:33:00,SUCCESS,00,1500,CARD,0
TXN003845,2026-08-12 11:14:00,SUCCESS,00,2500,WALLET,2
TXN003846,2026-08-05 08:53:00,SUCCESS,00,1000,CARD,0
TXN003847,2026-08-19 15:26:00,SUCCESS,00,2500,UPI,0
TXN003848,2026-08-25 13:10:00,SUCCESS,00,500,CARD,0
TXN003849,2026-08-27 15:49:00,SUCCESS,00,100,UPI,0
TXN003850,2026-08-11 01:45:00,SUCCESS,00,5000,CARD,0
TXN003851,2026-09-03 11:11:00,SUCCESS,00,250,WALLET,1
TXN003852,2026-08-05 08:46:00,SUCCESS,00,750,NETBANKING,1
TXN003853,2026-08-08 13:26:00,SUCCESS,00,1000,UPI,0
TXN003854,2026-08-15 16:03:00,SUCCESS,00,2500,NETBANKING,0
TXN003855,2026-08-29 03:35:00,SUCCESS,00,100,CARD,1
TXN003856,2026-08-22 11:36:00,SUCCESS,00,250,CARD,1
TXN003857,2026-08-03 13:43:00,SUCCESS,00,100,CARD,0
TXN003858,2026-08-09 05:32:00,SUCCESS,00,1500,WALLET,0
TXN003859,2026-08-31 05:59:00,SUCCESS,00,750,NETBANKING,0
TXN003860,2026-08-02 16:52:00,SUCCESS,00,500,WALLET,0
TXN003861,2026-08-25 03:28:00,SUCCESS,00,1000,CARD,0
TXN003862,2026-08-25 15:21:00,SUCCESS,00,500,CARD,1
TXN003863,2026-08-06 18:41:00,SUCCESS,00,2000,CARD,0
TXN003864,2026-08-15 00:52:00,SUCCESS,00,500,CARD,0
TXN003865,2026-08-15 09:03:00,SUCCESS,00,250,CARD,0
TXN003866,2026-08-08 16:56:00,SUCCESS,00,100,CARD,0
TXN003867,2026-08-28 15:40:00,SUCCESS,00,100,UPI,0
TXN003868,2026-08-17 00:05:00,SUCCESS,00,250,UPI,0
TXN003869,2026-08-09 14:12:00,SUCCESS,00,1000,NETBANKING,0
TXN003870,2026-08-10 23:35:00,SUCCESS,00,750,WALLET,0
TXN003871,2026-09-04 01:25:00,SUCCESS,00,750,WALLET,0
TXN003872,2026-08-27 16:58:00,SUCCESS,00,10000,UPI,1
TXN003873,2026-08-30 05:38:00,SUCCESS,00,5000,CARD,1
TXN003874,2026-08-30 09:27:00,SUCCESS,00,5000,WALLET,0
TXN003875,2026-08-31 23:33:00,SUCCESS,00,1000,UPI,0
TXN003876,2026-08-26 06:51:00,SUCCESS,00,750,UPI,0
TXN003877,2026-08-13 17:03:00,SUCCESS,00,500,UPI,0
TXN003878,2026-08-24 03:20:00,SUCCESS,00,250,CARD,0
TXN003879,2026-09-03 01:29:00,SUCCESS,00,250,WALLET,0
TXN003880,2026-08-14 07:20:00,SUCCESS,00,1000,WALLET,0
TXN003881,2026-08-25 18:26:00,SUCCESS,00,250,WALLET,0
TXN003882,2026-08-30 16:05:00,SUCCESS,00,1000,UPI,0
TXN003883,2026-09-01 05:22:00,SUCCESS,00,2500,CARD,2
TXN003884,2026-09-02 02:55:00,SUCCESS,00,1500,UPI,0
TXN003885,2026-08-26 17:53:00,SUCCESS,00,1500,CARD,0
TXN003886,2026-08-29 10:28:00,SUCCESS,00,1000,CARD,0
TXN003887,2026-08-12 17:31:00,SUCCESS,00,100,UPI,0
TXN003888,2026-08-11 08:18:00,SUCCESS,00,750,CARD,0
TXN003889,2026-08-22 13:01:00,SUCCESS,00,750,CARD,0
TXN003890,2026-08-18 09:42:00,SUCCESS,00,500,CARD,0
TXN003891,2026-08-14 15:14:00,SUCCESS,00,100,WALLET,2
TXN003892,2026-08-15 11:07:00,SUCCESS,00,2500,CARD,0
TXN003893,2026-08-20 23:45:00,SUCCESS,00,1000,CARD,0
TXN003894,2026-08-26 15:41:00,SUCCESS,00,250,UPI,1
TXN003895,2026-08-24 13:11:00,SUCCESS,00,100,UPI,0
TXN003896,2026-08-25 03:21:00,SUCCESS,00,1500,UPI,3
TXN003897,2026-08-14 23:46:00,SUCCESS,00,1000,UPI,0
TXN003898,2026-09-01 23:05:00,SUCCESS,00,250,UPI,0
TXN003899,2026-08-08 08:48:00,SUCCESS,00,10000,UPI,0
TXN003900,2026-08-22 09:33:00,SUCCESS,00,2000,CARD,0
TXN003901,2026-08-02 00:39:00,SUCCESS,00,5000,NETBANKING,0
TXN003902,2026-08-15 09:26:00,SUCCESS,00,500,UPI,0
TXN003903,2026-09-01 06:26:00,SUCCESS,00,1000,UPI,0
TXN003904,2026-08-19 04:17:00,SUCCESS,00,250,CARD,0
TXN003905,2026-08-12 07:18:00,SUCCESS,00,500,WALLET,0
TXN003906,2026-08-02 18:07:00,SUCCESS,00,750,CARD,0
TXN003907,2026-08-10 20:32:00,SUCCESS,00,1000,UPI,0
TXN003908,2026-08-11 00:39:00,SUCCESS,00,2000,CARD,0
TXN003909,2026-08-29 13:02:00,SUCCESS,00,1000,CARD,1
TXN003910,2026-08-24 16:36:00,SUCCESS,00,500,CARD,0
TXN003911,2026-08-27 02:32:00,SUCCESS,00,2000,CARD,0
TXN003912,2026-08-20 14:51:00,SUCCESS,00,2500,CARD,1
TXN003913,2026-08-20 19:54:00,SUCCESS,00,250,UPI,0
TXN003914,2026-08-07 14:15:00,SUCCESS,00,100,UPI,0
TXN003915,2026-08-07 15:49:00,SUCCESS,00,10000,CARD,0
TXN003916,2026-08-28 10:12:00,SUCCESS,00,2500,NETBANKING,0
TXN003917,2026-08-14 06:04:00,FAILED,51,100,UPI,0
TXN003918,2026-08-01 03:07:00,SUCCESS,00,100,UPI,1
TXN003919,2026-08-23 10:29:00,SUCCESS,00,1000,WALLET,0
TXN003920,2026-08-29 15:42:00,SUCCESS,00,25000,CARD,1
TXN003921,2026-08-11 16:43:00,SUCCESS,00,500,CARD,0
TXN003922,2026-09-04 15:06:00,SUCCESS,00,250,UPI,0
TXN003923,2026-08-13 08:58:00,SUCCESS,00,1000,CARD,0
TXN003924,2026-08-07 18:51:00,SUCCESS,00,250,UPI,0
TXN003925,2026-08-26 00:33:00,SUCCESS,00,500,CARD,0
TXN003926,2026-08-09 18:30:00,FAILED,51,250,UPI,0
TXN003927,2026-08-04 21:13:00,SUCCESS,00,100,UPI,0
TXN003928,2026-08-25 11:34:00,SUCCESS,00,1500,WALLET,1
TXN003929,2026-08-04 19:32:00,SUCCESS,00,5000,UPI,0
TXN003930,2026-08-03 02:53:00,SUCCESS,00,500,NETBANKING,0
TXN003931,2026-08-27 11:45:00,SUCCESS,00,1000,UPI,0
TXN003932,2026-08-31 14:15:00,SUCCESS,00,500,CARD,0
TXN003933,2026-08-15 08:11:00,SUCCESS,00,2000,NETBANKING,0
TXN003934,2026-08-31 11:49:00,SUCCESS,00,250,UPI,0
TXN003935,2026-08-21 19:39:00,SUCCESS,00,500,CARD,0
TXN003936,2026-08-03 12:39:00,SUCCESS,00,1500,UPI,0
TXN003937,2026-08-23 22:33:00,SUCCESS,00,750,NETBANKING,0
TXN003938,2026-08-05 11:00:00,SUCCESS,00,250,UPI,0
TXN003939,2026-09-01 22:45:00,SUCCESS,00,100,UPI,0
TXN003940,2026-08-30 00:45:00,SUCCESS,00,250,NETBANKING,0
TXN003941,2026-08-27 17:24:00,SUCCESS,00,2500,UPI,0
TXN003942,2026-08-04 11:57:00,SUCCESS,00,2500,NETBANKING,0
TXN003943,2026-08-26 07:32:00,SUCCESS,00,250,NETBANKING,1
TXN003944,2026-08-10 19:48:00,SUCCESS,00,1000,CARD,0
TXN003945,2026-08-12 00:01:00,SUCCESS,00,1500,UPI,0
TXN003946,2026-08-25 02:10:00,FAILED,51,750,UPI,0
TXN003947,2026-08-19 02:47:00,SUCCESS,00,2500,CARD,0
TXN003948,2026-08-04 12:10:00,SUCCESS,00,100,UPI,0
TXN003949,2026-08-03 08:14:00,SUCCESS,00,25000,WALLET,0
TXN003950,2026-09-04 23:36:00,SUCCESS,00,2500,UPI,0
TXN003951,2026-08-13 00:39:00,SUCCESS,00,100,CARD,1
TXN003952,2026-08-27 00:10:00,SUCCESS,00,500,CARD,0
TXN003953,2026-08-24 19:44:00,SUCCESS,00,500,NETBANKING,0
TXN003954,2026-08-04 03:11:00,SUCCESS,00,500,CARD,0
TXN003955,2026-08-06 09:00:00,SUCCESS,00,2000,UPI,0
TXN003956,2026-08-13 08:57:00,SUCCESS,00,2000,NETBANKING,0
TXN003957,2026-08-24 00:41:00,SUCCESS,00,2000,CARD,0
TXN003958,2026-08-17 03:47:00,SUCCESS,00,2000,WALLET,0
TXN003959,2026-08-12 00:55:00,SUCCESS,00,100,UPI,0
TXN003960,2026-08-21 22:11:00,SUCCESS,00,750,NETBANKING,0
TXN003961,2026-08-26 06:56:00,SUCCESS,00,750,CARD,1
TXN003962,2026-09-01 11:01:00,SUCCESS,00,100,UPI,0
TXN003963,2026-08-25 10:18:00,SUCCESS,00,10000,UPI,0
TXN003964,2026-08-09 04:51:00,SUCCESS,00,500,UPI,0
TXN003965,2026-08-03 04:43:00,SUCCESS,00,100,CARD,1
TXN003966,2026-09-01 02:43:00,SUCCESS,00,25000,CARD,0
TXN003967,2026-08-15 13:18:00,SUCCESS,00,2000,UPI,3
TXN003968,2026-08-11 18:56:00,SUCCESS,00,500,NETBANKING,0
TXN003969,2026-09-02 10:10:00,SUCCESS,00,500,CARD,0
TXN003970,2026-08-17 19:58:00,SUCCESS,00,2500,NETBANKING,1
TXN003971,2026-08-22 05:00:00,SUCCESS,00,500,WALLET,0
TXN003972,2026-09-02 21:53:00,SUCCESS,00,750,UPI,0
TXN003973,2026-08-13 16:46:00,SUCCESS,00,10000,CARD,0
TXN003974,2026-08-04 06:59:00,SUCCESS,00,750,WALLET,0
TXN003975,2026-08-16 10:26:00,SUCCESS,00,2500,UPI,0
TXN003976,2026-08-07 07:03:00,SUCCESS,00,100,UPI,0
TXN003977,2026-08-02 02:24:00,SUCCESS,00,100,UPI,0
TXN003978,2026-08-14 09:43:00,FAILED,51,5000,CARD,0
TXN003979,2026-09-04 16:27:00,SUCCESS,00,10000,CARD,0
TXN003980,2026-08-31 11:35:00,SUCCESS,00,100,UPI,0
TXN003981,2026-08-17 20:42:00,SUCCESS,00,1000,NETBANKING,0
TXN003982,2026-08-02 01:02:00,FAILED,51,500,NETBANKING,0
TXN003983,2026-08-12 20:46:00,SUCCESS,00,1500,CARD,0
TXN003984,2026-08-21 16:57:00,SUCCESS,00,750,UPI,0
TXN003985,2026-08-07 13:37:00,SUCCESS,00,2500,UPI,0
TXN003986,2026-09-02 05:38:00,SUCCESS,00,100,UPI,0
TXN003987,2026-08-22 06:38:00,SUCCESS,00,100,WALLET,0
TXN003988,2026-08-10 18:57:00,SUCCESS,00,2500,UPI,1
TXN003989,2026-08-25 19:53:00,SUCCESS,00,1500,UPI,0
TXN003990,2026-08-04 15:15:00,SUCCESS,00,2000,NETBANKING,0
TXN003991,2026-08-30 06:42:00,SUCCESS,00,25000,CARD,0
TXN003992,2026-08-20 05:32:00,SUCCESS,00,1000,CARD,1
TXN003993,2026-08-10 18:58:00,SUCCESS,00,1500,NETBANKING,0
TXN003994,2026-09-02 09:26:00,SUCCESS,00,250,UPI,0
TXN003995,2026-08-25 20:36:00,SUCCESS,00,500,UPI,1
TXN003996,2026-08-17 14:02:00,SUCCESS,00,1500,UPI,0
TXN003997,2026-09-03 16:12:00,SUCCESS,00,1000,CARD,1
TXN003998,2026-08-15 16:23:00,SUCCESS,00,500,UPI,0
TXN003999,2026-08-18 19:37:00,SUCCESS,00,1500,CARD,1
TXN004000,2026-08-02 01:09:00,SUCCESS,00,2500,CARD,0
TXN004001,2026-08-06 19:03:00,SUCCESS,00,750,NETBANKING,0
TXN004002,2026-08-11 19:28:00,FAILED,51,2000,UPI,0
TXN004003,2026-08-14 20:59:00,SUCCESS,00,2000,CARD,0
TXN004004,2026-08-19 05:10:00,SUCCESS,00,1500,UPI,0
TXN004005,2026-08-04 07:53:00,SUCCESS,00,1500,WALLET,0
TXN004006,2026-09-02 15:07:00,FAILED,51,500,UPI,0
TXN004007,2026-08-07 05:52:00,SUCCESS,00,10000,UPI,0
TXN004008,2026-08-25 12:57:00,SUCCESS,00,500,WALLET,0
TXN004009,2026-08-01 04:28:00,SUCCESS,00,500,UPI,0
TXN004010,2026-08-28 15:55:00,SUCCESS,00,2000,UPI,1
TXN004011,2026-08-04 12:28:00,SUCCESS,00,500,UPI,0
TXN004012,2026-08-09 13:13:00,SUCCESS,00,1000,CARD,0
TXN004013,2026-08-08 14:38:00,SUCCESS,00,25000,UPI,0
TXN004014,2026-08-28 03:15:00,SUCCESS,00,500,WALLET,1
TXN004015,2026-08-21 08:05:00,SUCCESS,00,500,UPI,0
TXN004016,2026-08-05 08:10:00,SUCCESS,00,250,UPI,0
TXN004017,2026-08-13 07:13:00,SUCCESS,00,250,CARD,0
TXN004018,2026-09-02 07:44:00,SUCCESS,00,5000,UPI,0
TXN004019,2026-09-01 16:19:00,SUCCESS,00,10000,UPI,0
TXN004020,2026-08-19 01:53:00,SUCCESS,00,1000,CARD,0
TXN004021,2026-08-29 20:49:00,SUCCESS,00,1000,UPI,0
TXN004022,2026-08-30 05:25:00,SUCCESS,00,2000,WALLET,0
TXN004023,2026-08-19 07:23:00,SUCCESS,00,100,NETBANKING,0
TXN004024,2026-08-06 17:31:00,SUCCESS,00,500,CARD,0
TXN004025,2026-08-11 18:45:00,SUCCESS,00,2500,UPI,0
TXN004026,2026-09-04 20:25:00,SUCCESS,00,5000,UPI,0
TXN004027,2026-08-06 06:39:00,SUCCESS,00,2500,UPI,0
TXN004028,2026-08-19 04:50:00,FAILED,51,500,UPI,1
TXN004029,2026-08-04 21:08:00,SUCCESS,00,500,UPI,0
TXN004030,2026-08-20 14:16:00,SUCCESS,00,100,NETBANKING,0
TXN004031,2026-08-30 16:42:00,SUCCESS,00,2500,UPI,1
TXN004032,2026-08-27 20:00:00,SUCCESS,00,10000,WALLET,0
TXN004033,2026-08-14 21:30:00,SUCCESS,00,500,UPI,1
TXN004034,2026-08-24 00:59:00,SUCCESS,00,2000,UPI,0
TXN004035,2026-08-30 01:27:00,FAILED,51,2500,NETBANKING,0
TXN004036,2026-08-28 23:26:00,SUCCESS,00,500,WALLET,1
TXN004037,2026-08-27 08:10:00,SUCCESS,00,2500,CARD,0
TXN004038,2026-08-19 17:22:00,SUCCESS,00,500,WALLET,0
TXN004039,2026-08-19 02:27:00,SUCCESS,00,100,UPI,0
TXN004040,2026-08-29 00:45:00,SUCCESS,00,2500,CARD,0
TXN004041,2026-08-17 20:33:00,SUCCESS,00,100,CARD,0
TXN004042,2026-08-23 07:57:00,SUCCESS,00,1000,WALLET,0
TXN004043,2026-08-17 00:47:00,SUCCESS,00,100,UPI,0
TXN004044,2026-08-29 12:41:00,SUCCESS,00,500,NETBANKING,0
TXN004045,2026-08-13 13:25:00,SUCCESS,00,500,NETBANKING,0
TXN004046,2026-08-25 05:14:00,SUCCESS,00,500,UPI,0
TXN004047,2026-08-03 03:15:00,SUCCESS,00,1000,UPI,0
TXN004048,2026-08-11 14:54:00,SUCCESS,00,1500,UPI,0
TXN004049,2026-08-07 10:19:00,SUCCESS,00,750,UPI,0
TXN004050,2026-09-01 01:50:00,SUCCESS,00,1000,WALLET,0
TXN004051,2026-08-20 18:59:00,SUCCESS,00,1000,NETBANKING,0
TXN004052,2026-09-01 10:31:00,FAILED,51,1500,UPI,0
TXN004053,2026-09-03 11:24:00,SUCCESS,00,100,CARD,0
TXN004054,2026-08-08 10:35:00,SUCCESS,00,2000,CARD,0
TXN004055,2026-08-22 19:36:00,SUCCESS,00,500,UPI,0
TXN004056,2026-08-26 01:52:00,SUCCESS,00,1000,NETBANKING,0
TXN004057,2026-08-18 16:43:00,SUCCESS,00,1000,UPI,0
TXN004058,2026-08-01 16:38:00,SUCCESS,00,500,UPI,0
TXN004059,2026-08-25 08:20:00,SUCCESS,00,750,UPI,1
TXN004060,2026-08-01 06:52:00,SUCCESS,00,500,CARD,0
TXN004061,2026-08-28 15:12:00,SUCCESS,00,2500,CARD,0
TXN004062,2026-08-14 11:31:00,SUCCESS,00,500,UPI,1
TXN004063,2026-08-27 01:02:00,SUCCESS,00,1000,CARD,0
TXN004064,2026-08-25 01:21:00,SUCCESS,00,2500,NETBANKING,0
TXN004065,2026-08-03 11:56:00,SUCCESS,00,100,CARD,1
TXN004066,2026-08-21 03:41:00,SUCCESS,00,10000,UPI,0
TXN004067,2026-08-28 15:43:00,SUCCESS,00,500,UPI,0
TXN004068,2026-08-22 13:22:00,SUCCESS,00,250,UPI,0
TXN004069,2026-08-27 07:16:00,SUCCESS,00,250,CARD,0
TXN004070,2026-08-14 19:25:00,SUCCESS,00,100,UPI,0
TXN004071,2026-08-08 00:43:00,SUCCESS,00,1000,NETBANKING,0
TXN004072,2026-08-26 17:53:00,SUCCESS,00,2500,UPI,0
TXN004073,2026-08-22 09:12:00,SUCCESS,00,1500,UPI,0
TXN004074,2026-08-19 10:21:00,SUCCESS,00,5000,UPI,1
TXN004075,2026-08-09 01:03:00,SUCCESS,00,2500,UPI,0
TXN004076,2026-08-29 20:19:00,SUCCESS,00,1500,NETBANKING,0
TXN004077,2026-08-25 05:50:00,SUCCESS,00,1000,CARD,1
TXN004078,2026-08-06 08:51:00,SUCCESS,00,1000,UPI,0
TXN004079,2026-08-29 09:40:00,FAILED,51,1000,NETBANKING,1
TXN004080,2026-08-14 17:55:00,SUCCESS,00,250,UPI,3
TXN004081,2026-08-10 14:29:00,SUCCESS,00,5000,UPI,0
TXN004082,2026-08-05 04:30:00,FAILED,51,250,UPI,0
TXN004083,2026-08-16 05:32:00,SUCCESS,00,2000,UPI,0
TXN004084,2026-08-01 05:31:00,SUCCESS,00,1000,UPI,0
TXN004085,2026-08-21 03:03:00,SUCCESS,00,100,UPI,0
TXN004086,2026-08-04 21:23:00,SUCCESS,00,500,CARD,0
TXN004087,2026-08-06 10:48:00,SUCCESS,00,2000,WALLET,0
TXN004088,2026-08-25 11:31:00,SUCCESS,00,250,NETBANKING,0
TXN004089,2026-08-19 16:21:00,SUCCESS,00,1500,WALLET,0
TXN004090,2026-08-13 22:43:00,SUCCESS,00,1500,CARD,0
TXN004091,2026-08-12 09:08:00,SUCCESS,00,250,UPI,0
TXN004092,2026-08-03 15:05:00,SUCCESS,00,500,UPI,0
TXN004093,2026-08-18 09:18:00,SUCCESS,00,1000,UPI,0
TXN004094,2026-08-05 16:21:00,SUCCESS,00,500,UPI,0
TXN004095,2026-08-12 14:36:00,SUCCESS,00,250,NETBANKING,0
TXN004096,2026-09-01 09:14:00,SUCCESS,00,250,UPI,0
TXN004097,2026-08-26 10:21:00,SUCCESS,00,500,NETBANKING,0
TXN004098,2026-08-28 10:10:00,SUCCESS,00,100,CARD,0
TXN004099,2026-08-18 11:24:00,SUCCESS,00,500,UPI,0
TXN004100,2026-08-08 16:30:00,SUCCESS,00,5000,CARD,0
TXN004101,2026-08-08 19:52:00,FAILED,51,2000,WALLET,0
TXN004102,2026-08-23 04:07:00,SUCCESS,00,1500,CARD,0
TXN004103,2026-08-18 03:09:00,SUCCESS,00,2000,CARD,0
TXN004104,2026-08-07 23:56:00,SUCCESS,00,1000,NETBANKING,0
TXN004105,2026-08-10 13:18:00,SUCCESS,00,2500,CARD,0
TXN004106,2026-09-03 07:44:00,SUCCESS,00,500,NETBANKING,0
TXN004107,2026-08-23 19:05:00,SUCCESS,00,500,UPI,0
TXN004108,2026-08-02 09:49:00,SUCCESS,00,100,CARD,0
TXN004109,2026-08-26 10:45:00,SUCCESS,00,250,UPI,0
TXN004110,2026-08-21 04:40:00,SUCCESS,00,2000,UPI,0
TXN004111,2026-08-05 03:08:00,SUCCESS,00,100,WALLET,1
TXN004112,2026-09-01 15:54:00,SUCCESS,00,2000,UPI,0
TXN004113,2026-08-15 06:38:00,SUCCESS,00,500,CARD,0
TXN004114,2026-08-10 02:24:00,SUCCESS,00,100,CARD,0
TXN004115,2026-08-17 03:35:00,SUCCESS,00,250,CARD,0
TXN004116,2026-08-04 17:04:00,SUCCESS,00,1000,UPI,0
TXN004117,2026-08-04 10:22:00,SUCCESS,00,5000,UPI,1
TXN004118,2026-08-22 02:34:00,SUCCESS,00,500,UPI,0
TXN004119,2026-08-30 23:30:00,SUCCESS,00,1500,CARD,0
TXN004120,2026-08-15 00:40:00,SUCCESS,00,1500,CARD,0
TXN004121,2026-08-29 03:45:00,SUCCESS,00,500,CARD,0
TXN004122,2026-08-02 19:07:00,SUCCESS,00,750,WALLET,2
TXN004123,2026-08-23 04:41:00,SUCCESS,00,2500,NETBANKING,0
TXN004124,2026-08-24 00:47:00,SUCCESS,00,100,UPI,0
TXN004125,2026-08-02 03:47:00,SUCCESS,00,100,UPI,0
TXN004126,2026-09-04 05:35:00,SUCCESS,00,1000,NETBANKING,0
TXN004127,2026-08-03 07:00:00,SUCCESS,00,750,UPI,1
TXN004128,2026-08-18 15:44:00,SUCCESS,00,100,UPI,0
TXN004129,2026-08-11 15:52:00,FAILED,51,750,CARD,0
TXN004130,2026-08-02 02:31:00,SUCCESS,00,2000,UPI,0
TXN004131,2026-08-25 05:45:00,SUCCESS,00,100,NETBANKING,0
TXN004132,2026-08-07 20:30:00,FAILED,51,100,NETBANKING,0
TXN004133,2026-08-25 23:03:00,SUCCESS,00,500,NETBANKING,0
TXN004134,2026-09-04 19:06:00,SUCCESS,00,1500,UPI,1
TXN004135,2026-08-22 19:11:00,SUCCESS,00,2000,UPI,0
TXN004136,2026-08-14 13:03:00,SUCCESS,00,1500,UPI,0
TXN004137,2026-08-14 08:43:00,SUCCESS,00,250,UPI,0
TXN004138,2026-08-09 11:20:00,SUCCESS,00,500,CARD,1
TXN004139,2026-08-26 19:05:00,SUCCESS,00,250,UPI,0
TXN004140,2026-08-22 14:33:00,SUCCESS,00,1000,CARD,0
TXN004141,2026-08-25 16:59:00,SUCCESS,00,500,CARD,0
TXN004142,2026-08-13 19:20:00,SUCCESS,00,2000,CARD,0
TXN004143,2026-08-13 15:10:00,SUCCESS,00,250,NETBANKING,0
TXN004144,2026-08-04 02:07:00,SUCCESS,00,500,CARD,0
TXN004145,2026-08-13 20:13:00,SUCCESS,00,250,CARD,0
TXN004146,2026-08-16 16:39:00,SUCCESS,00,2500,UPI,1
TXN004147,2026-08-17 01:01:00,SUCCESS,00,1500,WALLET,0
TXN004148,2026-08-31 23:23:00,SUCCESS,00,250,WALLET,0
TXN004149,2026-08-27 15:28:00,SUCCESS,00,250,WALLET,0
TXN004150,2026-08-27 04:25:00,SUCCESS,00,1000,WALLET,0
TXN004151,2026-08-20 16:32:00,SUCCESS,00,10000,WALLET,0
TXN004152,2026-08-15 11:07:00,SUCCESS,00,1000,CARD,0
TXN004153,2026-08-18 12:14:00,SUCCESS,00,100,CARD,0
TXN004154,2026-08-04 09:22:00,SUCCESS,00,2000,NETBANKING,1
TXN004155,2026-09-04 16:56:00,FAILED,51,10000,CARD,0
TXN004156,2026-08-16 05:54:00,SUCCESS,00,100,UPI,0
TXN004157,2026-08-14 20:48:00,SUCCESS,00,750,UPI,0
TXN004158,2026-08-20 06:04:00,SUCCESS,00,250,WALLET,0
TXN004159,2026-09-02 12:08:00,SUCCESS,00,250,NETBANKING,0
TXN004160,2026-08-31 16:06:00,SUCCESS,00,250,NETBANKING,0
TXN004161,2026-08-05 18:48:00,SUCCESS,00,100,UPI,0
TXN004162,2026-08-09 01:18:00,SUCCESS,00,250,WALLET,0
TXN004163,2026-08-20 15:41:00,SUCCESS,00,750,UPI,0
TXN004164,2026-08-22 16:53:00,SUCCESS,00,250,NETBANKING,0
TXN004165,2026-08-22 19:54:00,SUCCESS,00,250,UPI,0
TXN004166,2026-09-01 09:19:00,SUCCESS,00,5000,CARD,0
TXN004167,2026-08-18 00:54:00,SUCCESS,00,1500,UPI,0
TXN004168,2026-08-29 22:54:00,SUCCESS,00,2000,NETBANKING,1
TXN004169,2026-08-18 01:31:00,SUCCESS,00,1000,CARD,0
TXN004170,2026-08-04 21:32:00,SUCCESS,00,750,UPI,0
TXN004171,2026-08-05 07:21:00,SUCCESS,00,500,UPI,0
TXN004172,2026-08-17 09:43:00,SUCCESS,00,100,CARD,0
TXN004173,2026-09-04 11:08:00,SUCCESS,00,1000,UPI,2
TXN004174,2026-08-04 03:49:00,SUCCESS,00,1500,CARD,1
TXN004175,2026-08-15 16:53:00,SUCCESS,00,500,CARD,0
TXN004176,2026-08-31 12:30:00,SUCCESS,00,100,NETBANKING,0
TXN004177,2026-08-16 17:10:00,SUCCESS,00,2500,UPI,0
TXN004178,2026-08-25 14:53:00,SUCCESS,00,500,NETBANKING,0
TXN004179,2026-08-23 11:03:00,SUCCESS,00,1500,CARD,0
TXN004180,2026-08-20 12:04:00,SUCCESS,00,1000,CARD,2
TXN004181,2026-08-25 01:05:00,SUCCESS,00,2500,UPI,1
TXN004182,2026-08-05 17:02:00,SUCCESS,00,2500,CARD,0
TXN004183,2026-08-15 06:37:00,SUCCESS,00,1000,UPI,0
TXN004184,2026-08-17 01:54:00,SUCCESS,00,250,CARD,0
TXN004185,2026-08-05 23:47:00,SUCCESS,00,100,WALLET,0
TXN004186,2026-09-01 00:40:00,SUCCESS,00,250,CARD,0
TXN004187,2026-08-17 05:37:00,SUCCESS,00,500,CARD,0
TXN004188,2026-08-04 00:18:00,SUCCESS,00,100,UPI,3
TXN004189,2026-08-26 01:15:00,SUCCESS,00,25000,UPI,0
TXN004190,2026-08-25 00:00:00,SUCCESS,00,500,CARD,0
TXN004191,2026-08-15 05:05:00,SUCCESS,00,1000,UPI,0
TXN004192,2026-09-03 17:39:00,SUCCESS,00,1500,CARD,0
TXN004193,2026-08-09 15:26:00,SUCCESS,00,25000,NETBANKING,0
TXN004194,2026-08-24 08:45:00,SUCCESS,00,750,UPI,1
TXN004195,2026-08-31 05:57:00,SUCCESS,00,5000,CARD,0
TXN004196,2026-08-22 05:22:00,SUCCESS,00,2000,UPI,1
TXN004197,2026-08-12 09:35:00,SUCCESS,00,2000,WALLET,0
TXN004198,2026-08-14 06:36:00,SUCCESS,00,10000,UPI,0
TXN004199,2026-08-05 18:08:00,SUCCESS,00,1000,UPI,0
TXN004200,2026-09-03 03:03:00,SUCCESS,00,2000,CARD,1
TXN004201,2026-08-27 04:00:00,SUCCESS,00,2500,CARD,0
TXN004202,2026-09-03 07:36:00,FAILED,51,10000,NETBANKING,1
TXN004203,2026-08-19 10:07:00,SUCCESS,00,1000,UPI,1
TXN004204,2026-08-20 09:42:00,SUCCESS,00,1000,CARD,0
TXN004205,2026-08-08 13:17:00,SUCCESS,00,100,WALLET,0
TXN004206,2026-08-05 22:58:00,SUCCESS,00,500,CARD,0
TXN004207,2026-09-01 17:54:00,SUCCESS,00,100,NETBANKING,1
TXN004208,2026-08-04 08:55:00,SUCCESS,00,25000,NETBANKING,0
TXN004209,2026-08-01 11:50:00,SUCCESS,00,1000,CARD,0
TXN004210,2026-08-12 03:57:00,SUCCESS,00,100,UPI,1
TXN004211,2026-08-24 19:57:00,SUCCESS,00,250,CARD,0
TXN004212,2026-08-25 23:50:00,SUCCESS,00,250,UPI,0
TXN004213,2026-08-22 10:53:00,SUCCESS,00,750,CARD,1
TXN004214,2026-09-04 22:27:00,SUCCESS,00,1000,CARD,0
TXN004215,2026-08-16 18:26:00,SUCCESS,00,5000,UPI,0
TXN004216,2026-08-31 21:05:00,SUCCESS,00,250,NETBANKING,0
TXN004217,2026-08-26 17:20:00,FAILED,51,250,NETBANKING,0
TXN004218,2026-08-10 23:52:00,SUCCESS,00,2500,UPI,0
TXN004219,2026-08-13 08:55:00,SUCCESS,00,500,UPI,1
TXN004220,2026-09-04 02:22:00,SUCCESS,00,1500,NETBANKING,0
TXN004221,2026-09-02 19:54:00,SUCCESS,00,10000,CARD,0
TXN004222,2026-08-08 05:54:00,FAILED,51,500,CARD,0
TXN004223,2026-08-21 14:37:00,SUCCESS,00,100,UPI,1
TXN004224,2026-08-15 10:29:00,SUCCESS,00,100,UPI,1
TXN004225,2026-08-18 01:15:00,SUCCESS,00,250,UPI,0
TXN004226,2026-08-09 17:15:00,SUCCESS,00,250,WALLET,0
TXN004227,2026-08-31 18:49:00,SUCCESS,00,10000,UPI,1
TXN004228,2026-08-27 15:08:00,SUCCESS,00,500,CARD,2
TXN004229,2026-08-18 03:18:00,SUCCESS,00,250,CARD,0
TXN004230,2026-09-02 20:57:00,SUCCESS,00,250,UPI,0
TXN004231,2026-08-03 19:16:00,SUCCESS,00,500,CARD,0
TXN004232,2026-08-04 17:59:00,SUCCESS,00,2500,CARD,0
TXN004233,2026-08-16 20:15:00,SUCCESS,00,750,NETBANKING,0
TXN004234,2026-08-18 00:34:00,SUCCESS,00,2000,CARD,0
TXN004235,2026-08-09 12:56:00,SUCCESS,00,1000,UPI,0
TXN004236,2026-08-10 22:39:00,SUCCESS,00,250,UPI,1
TXN004237,2026-08-31 19:02:00,SUCCESS,00,2500,UPI,0
TXN004238,2026-08-02 23:06:00,SUCCESS,00,250,UPI,0
TXN004239,2026-08-29 12:54:00,SUCCESS,00,500,UPI,1
TXN004240,2026-08-13 07:58:00,SUCCESS,00,750,NETBANKING,0
TXN004241,2026-08-28 08:30:00,SUCCESS,00,2500,NETBANKING,0
TXN004242,2026-08-12 09:32:00,SUCCESS,00,1500,NETBANKING,0
TXN004243,2026-08-03 03:16:00,SUCCESS,00,1500,UPI,0
TXN004244,2026-08-26 14:24:00,SUCCESS,00,5000,CARD,1
TXN004245,2026-08-05 10:30:00,SUCCESS,00,500,WALLET,0
TXN004246,2026-08-27 12:41:00,SUCCESS,00,2000,UPI,0
TXN004247,2026-08-16 15:48:00,SUCCESS,00,1500,UPI,0
TXN004248,2026-08-06 02:29:00,SUCCESS,00,1000,CARD,0
TXN004249,2026-08-15 21:49:00,SUCCESS,00,250,CARD,0
TXN004250,2026-09-04 22:19:00,SUCCESS,00,250,UPI,0
TXN004251,2026-09-02 10:55:00,SUCCESS,00,100,CARD,1
TXN004252,2026-09-04 22:50:00,SUCCESS,00,2000,CARD,1
TXN004253,2026-08-27 00:35:00,SUCCESS,00,2000,UPI,0
TXN004254,2026-08-08 06:18:00,SUCCESS,00,2000,NETBANKING,0
TXN004255,2026-08-30 22:22:00,SUCCESS,00,250,NETBANKING,0
TXN004256,2026-09-01 19:55:00,SUCCESS,00,25000,UPI,0
TXN004257,2026-08-26 09:52:00,SUCCESS,00,1000,UPI,0
TXN004258,2026-08-14 19:32:00,SUCCESS,00,5000,CARD,0
TXN004259,2026-08-03 16:24:00,SUCCESS,00,2500,CARD,0
TXN004260,2026-08-25 04:25:00,SUCCESS,00,2500,NETBANKING,0
TXN004261,2026-08-28 16:43:00,SUCCESS,00,500,CARD,0
TXN004262,2026-08-13 02:38:00,SUCCESS,00,2500,CARD,1
TXN004263,2026-08-10 14:38:00,SUCCESS,00,100,NETBANKING,0
TXN004264,2026-08-26 20:04:00,SUCCESS,00,500,WALLET,0
TXN004265,2026-08-15 14:13:00,SUCCESS,00,250,UPI,0
TXN004266,2026-08-30 06:12:00,SUCCESS,00,100,NETBANKING,1
TXN004267,2026-08-21 17:40:00,SUCCESS,00,1000,UPI,0
TXN004268,2026-08-25 13:59:00,SUCCESS,00,500,UPI,0
TXN004269,2026-09-04 08:02:00,SUCCESS,00,1500,CARD,0
TXN004270,2026-08-30 17:55:00,SUCCESS,00,1000,CARD,0
TXN004271,2026-08-05 19:53:00,SUCCESS,00,500,NETBANKING,0
TXN004272,2026-08-20 15:58:00,SUCCESS,00,2000,NETBANKING,0
TXN004273,2026-08-10 01:17:00,SUCCESS,00,100,WALLET,1
TXN004274,2026-08-07 10:07:00,SUCCESS,00,2500,UPI,0
TXN004275,2026-08-27 06:51:00,SUCCESS,00,500,NETBANKING,0
TXN004276,2026-08-04 06:57:00,SUCCESS,00,5000,CARD,0
TXN004277,2026-08-23 10:48:00,SUCCESS,00,250,CARD,0
TXN004278,2026-08-25 14:47:00,SUCCESS,00,2000,UPI,0
TXN004279,2026-08-01 03:41:00,SUCCESS,00,1500,UPI,0
TXN004280,2026-08-13 11:52:00,SUCCESS,00,2000,CARD,0
TXN004281,2026-08-01 23:40:00,SUCCESS,00,1500,UPI,0
TXN004282,2026-08-25 18:34:00,SUCCESS,00,1000,UPI,1
TXN004283,2026-08-28 19:22:00,SUCCESS,00,1500,NETBANKING,0
TXN004284,2026-08-24 06:03:00,SUCCESS,00,100,UPI,0
TXN004285,2026-08-17 08:26:00,FAILED,51,1500,CARD,0
TXN004286,2026-08-27 05:09:00,SUCCESS,00,1000,UPI,0
TXN004287,2026-08-09 01:59:00,SUCCESS,00,1000,UPI,2
TXN004288,2026-08-22 17:43:00,SUCCESS,00,2500,NETBANKING,0
TXN004289,2026-08-27 14:40:00,SUCCESS,00,1500,WALLET,0
TXN004290,2026-08-01 18:50:00,SUCCESS,00,750,CARD,1
TXN004291,2026-08-16 20:54:00,SUCCESS,00,1500,NETBANKING,0
TXN004292,2026-09-02 18:19:00,SUCCESS,00,500,CARD,0
TXN004293,2026-08-08 07:23:00,SUCCESS,00,750,WALLET,0
TXN004294,2026-08-08 04:26:00,SUCCESS,00,25000,NETBANKING,0
TXN004295,2026-08-13 18:00:00,FAILED,51,500,CARD,0
TXN004296,2026-08-09 13:20:00,SUCCESS,00,10000,UPI,0
TXN004297,2026-08-24 15:35:00,SUCCESS,00,2500,UPI,0
TXN004298,2026-08-13 01:01:00,SUCCESS,00,2500,UPI,0
TXN004299,2026-08-25 07:00:00,SUCCESS,00,1000,UPI,1
TXN004300,2026-08-02 05:25:00,SUCCESS,00,1500,NETBANKING,0
TXN004301,2026-08-03 05:19:00,FAILED,51,1500,UPI,1
TXN004302,2026-08-07 18:50:00,SUCCESS,00,500,UPI,0
TXN004303,2026-08-21 17:08:00,FAILED,51,750,CARD,0
TXN004304,2026-08-28 06:56:00,FAILED,51,500,UPI,0
TXN004305,2026-08-31 02:38:00,SUCCESS,00,1000,CARD,0
TXN004306,2026-08-22 00:41:00,SUCCESS,00,1000,UPI,1
TXN004307,2026-08-23 18:23:00,SUCCESS,00,500,UPI,0
TXN004308,2026-08-28 18:45:00,SUCCESS,00,500,NETBANKING,1
TXN004309,2026-08-01 08:49:00,SUCCESS,00,5000,UPI,0
TXN004310,2026-08-16 20:52:00,SUCCESS,00,2500,UPI,0
TXN004311,2026-08-30 12:52:00,SUCCESS,00,1500,UPI,0
TXN004312,2026-08-15 17:57:00,SUCCESS,00,1000,UPI,0
TXN004313,2026-08-01 18:45:00,SUCCESS,00,250,CARD,0
TXN004314,2026-08-12 17:44:00,SUCCESS,00,2000,UPI,0
TXN004315,2026-08-12 22:09:00,SUCCESS,00,100,CARD,0
TXN004316,2026-08-02 22:47:00,SUCCESS,00,1500,NETBANKING,0
TXN004317,2026-09-02 04:51:00,FAILED,51,2000,CARD,0
TXN004318,2026-08-12 14:56:00,SUCCESS,00,2500,UPI,0
TXN004319,2026-08-16 17:41:00,SUCCESS,00,1500,WALLET,0
TXN004320,2026-08-20 20:32:00,SUCCESS,00,1500,CARD,0
TXN004321,2026-09-04 22:35:00,SUCCESS,00,750,CARD,1
TXN004322,2026-08-23 22:28:00,SUCCESS,00,250,UPI,0
TXN004323,2026-09-01 21:21:00,SUCCESS,00,5000,WALLET,0
TXN004324,2026-08-14 09:36:00,SUCCESS,00,250,UPI,0
TXN004325,2026-08-18 20:58:00,SUCCESS,00,250,CARD,0
TXN004326,2026-08-29 12:26:00,SUCCESS,00,25000,NETBANKING,0
TXN004327,2026-08-13 15:47:00,SUCCESS,00,1000,WALLET,0
TXN004328,2026-08-31 12:31:00,SUCCESS,00,1000,UPI,0
TXN004329,2026-08-22 18:48:00,SUCCESS,00,1500,NETBANKING,0
TXN004330,2026-08-13 12:00:00,SUCCESS,00,500,CARD,0
TXN004331,2026-08-05 12:11:00,SUCCESS,00,750,WALLET,1
TXN004332,2026-08-26 01:22:00,SUCCESS,00,500,CARD,0
TXN004333,2026-08-28 23:10:00,SUCCESS,00,2000,NETBANKING,0
TXN004334,2026-08-05 16:03:00,SUCCESS,00,2500,CARD,1
TXN004335,2026-08-22 07:31:00,FAILED,51,250,UPI,0
TXN004336,2026-08-31 03:42:00,SUCCESS,00,500,UPI,0
TXN004337,2026-08-25 14:09:00,SUCCESS,00,250,UPI,1
TXN004338,2026-08-03 18:17:00,SUCCESS,00,500,UPI,0
TXN004339,2026-08-12 10:57:00,SUCCESS,00,100,CARD,1
TXN004340,2026-09-01 03:11:00,SUCCESS,00,100,CARD,0
TXN004341,2026-08-27 14:21:00,SUCCESS,00,500,CARD,0
TXN004342,2026-08-04 13:33:00,SUCCESS,00,2000,UPI,0
TXN004343,2026-08-11 09:10:00,SUCCESS,00,750,UPI,0
TXN004344,2026-08-25 18:57:00,SUCCESS,00,1000,NETBANKING,0
TXN004345,2026-08-06 06:58:00,SUCCESS,00,100,CARD,0
TXN004346,2026-08-08 16:56:00,SUCCESS,00,250,CARD,0
TXN004347,2026-08-28 16:21:00,SUCCESS,00,500,UPI,0
TXN004348,2026-08-30 12:15:00,SUCCESS,00,1500,CARD,0
TXN004349,2026-08-28 15:48:00,SUCCESS,00,250,NETBANKING,0
TXN004350,2026-08-11 06:16:00,SUCCESS,00,1500,NETBANKING,0
TXN004351,2026-08-25 14:25:00,SUCCESS,00,1000,CARD,0
TXN004352,2026-08-14 20:14:00,SUCCESS,00,500,UPI,0
TXN004353,2026-08-15 21:34:00,SUCCESS,00,250,WALLET,0
TXN004354,2026-08-24 20:23:00,SUCCESS,00,250,UPI,0
TXN004355,2026-08-05 06:50:00,SUCCESS,00,250,UPI,0
TXN004356,2026-08-29 20:20:00,SUCCESS,00,100,UPI,0
TXN004357,2026-08-20 02:26:00,SUCCESS,00,1000,CARD,0
TXN004358,2026-08-21 22:11:00,SUCCESS,00,250,UPI,1
TXN004359,2026-09-03 21:06:00,SUCCESS,00,750,UPI,0
TXN004360,2026-08-23 04:34:00,SUCCESS,00,2500,CARD,0
TXN004361,2026-08-04 10:17:00,SUCCESS,00,750,CARD,0
TXN004362,2026-08-24 19:25:00,SUCCESS,00,1000,CARD,0
TXN004363,2026-08-02 11:10:00,SUCCESS,00,10000,UPI,3
TXN004364,2026-08-26 20:18:00,SUCCESS,00,2000,CARD,0
TXN004365,2026-08-21 02:14:00,FAILED,51,100,NETBANKING,0
TXN004366,2026-08-17 21:13:00,SUCCESS,00,2000,UPI,0
TXN004367,2026-08-01 18:03:00,SUCCESS,00,500,UPI,0
TXN004368,2026-08-16 03:51:00,SUCCESS,00,500,UPI,0
TXN004369,2026-08-13 11:33:00,SUCCESS,00,750,UPI,0
TXN004370,2026-08-14 16:52:00,SUCCESS,00,100,NETBANKING,0
TXN004371,2026-08-05 02:51:00,SUCCESS,00,2000,WALLET,0
TXN004372,2026-08-11 00:54:00,SUCCESS,00,750,UPI,0
TXN004373,2026-09-01 19:16:00,SUCCESS,00,2500,UPI,0
TXN004374,2026-08-28 09:01:00,SUCCESS,00,2500,NETBANKING,0
TXN004375,2026-08-02 20:40:00,SUCCESS,00,5000,UPI,0
TXN004376,2026-09-04 14:46:00,SUCCESS,00,100,WALLET,0
TXN004377,2026-08-15 04:53:00,SUCCESS,00,500,CARD,0
TXN004378,2026-08-09 13:07:00,SUCCESS,00,2000,NETBANKING,0
TXN004379,2026-08-04 06:19:00,SUCCESS,00,500,CARD,1
TXN004380,2026-08-16 23:06:00,SUCCESS,00,5000,CARD,0
TXN004381,2026-08-13 01:08:00,SUCCESS,00,2500,CARD,0
TXN004382,2026-08-20 14:55:00,SUCCESS,00,5000,NETBANKING,0
TXN004383,2026-08-13 23:14:00,SUCCESS,00,2000,UPI,0
TXN004384,2026-08-27 11:42:00,SUCCESS,00,750,UPI,0
TXN004385,2026-08-25 03:18:00,SUCCESS,00,2000,UPI,1
TXN004386,2026-08-06 22:32:00,SUCCESS,00,1000,CARD,1
TXN004387,2026-08-01 06:42:00,SUCCESS,00,2500,CARD,0
TXN004388,2026-09-01 12:56:00,SUCCESS,00,10000,NETBANKING,0
TXN004389,2026-08-29 06:16:00,SUCCESS,00,1000,UPI,0
TXN004390,2026-08-24 03:12:00,SUCCESS,00,100,WALLET,3
TXN004391,2026-08-13 03:10:00,SUCCESS,00,2500,UPI,0
TXN004392,2026-08-28 23:54:00,SUCCESS,00,1500,UPI,0
TXN004393,2026-08-24 02:30:00,SUCCESS,00,1500,UPI,0
TXN004394,2026-08-12 08:58:00,SUCCESS,00,250,UPI,0
TXN004395,2026-08-31 19:34:00,SUCCESS,00,500,CARD,0
TXN004396,2026-08-13 07:10:00,SUCCESS,00,2000,UPI,0
TXN004397,2026-09-04 07:35:00,SUCCESS,00,1000,UPI,0
TXN004398,2026-08-18 08:09:00,SUCCESS,00,2500,WALLET,0
TXN004399,2026-08-10 07:04:00,SUCCESS,00,1000,CARD,0
TXN004400,2026-08-13 04:51:00,SUCCESS,00,1000,CARD,0
TXN004401,2026-08-20 16:40:00,SUCCESS,00,100,NETBANKING,0
TXN004402,2026-08-13 05:17:00,SUCCESS,00,1500,CARD,0
TXN004403,2026-08-04 05:25:00,SUCCESS,00,750,UPI,0
TXN004404,2026-09-04 10:06:00,SUCCESS,00,750,UPI,0
TXN004405,2026-08-18 21:50:00,SUCCESS,00,2500,WALLET,0
TXN004406,2026-08-13 21:41:00,FAILED,51,250,UPI,0
TXN004407,2026-08-18 09:48:00,SUCCESS,00,25000,CARD,0
TXN004408,2026-08-10 21:00:00,SUCCESS,00,250,NETBANKING,0
TXN004409,2026-08-21 12:31:00,SUCCESS,00,250,CARD,1
TXN004410,2026-08-31 08:41:00,SUCCESS,00,500,UPI,0
TXN004411,2026-08-17 20:53:00,SUCCESS,00,1500,WALLET,0
TXN004412,2026-08-21 00:29:00,SUCCESS,00,100,CARD,0
TXN004413,2026-08-02 22:37:00,SUCCESS,00,5000,UPI,3
TXN004414,2026-08-19 03:01:00,SUCCESS,00,1500,UPI,0
TXN004415,2026-08-19 17:59:00,SUCCESS,00,100,NETBANKING,0
TXN004416,2026-08-14 21:24:00,SUCCESS,00,100,UPI,0
TXN004417,2026-08-08 13:50:00,SUCCESS,00,2500,UPI,0
TXN004418,2026-08-02 05:37:00,SUCCESS,00,1000,UPI,0
TXN004419,2026-08-06 06:29:00,SUCCESS,00,750,NETBANKING,0
TXN004420,2026-09-01 02:08:00,SUCCESS,00,250,UPI,0
TXN004421,2026-09-01 21:38:00,SUCCESS,00,1000,UPI,0
TXN004422,2026-08-29 00:05:00,SUCCESS,00,1000,UPI,0
TXN004423,2026-09-03 13:53:00,SUCCESS,00,250,CARD,1
TXN004424,2026-08-29 07:45:00,SUCCESS,00,1500,NETBANKING,0
TXN004425,2026-08-13 19:52:00,SUCCESS,00,500,CARD,0
TXN004426,2026-09-01 18:42:00,SUCCESS,00,2000,NETBANKING,0
TXN004427,2026-08-22 00:07:00,SUCCESS,00,1500,WALLET,0
TXN004428,2026-08-13 20:02:00,SUCCESS,00,100,UPI,0
TXN004429,2026-09-03 12:50:00,SUCCESS,00,10000,UPI,2
TXN004430,2026-08-12 18:22:00,SUCCESS,00,10000,UPI,1
TXN004431,2026-08-18 15:04:00,SUCCESS,00,250,NETBANKING,0
TXN004432,2026-08-23 11:52:00,SUCCESS,00,500,UPI,0
TXN004433,2026-08-30 22:32:00,SUCCESS,00,2000,NETBANKING,2
TXN004434,2026-08-25 09:19:00,SUCCESS,00,750,CARD,0
TXN004435,2026-08-18 05:10:00,SUCCESS,00,1500,UPI,0
TXN004436,2026-08-04 04:51:00,SUCCESS,00,250,UPI,0
TXN004437,2026-08-23 12:55:00,SUCCESS,00,1000,WALLET,0
TXN004438,2026-08-24 01:05:00,SUCCESS,00,1500,UPI,0
TXN004439,2026-08-03 13:35:00,FAILED,51,250,UPI,0
TXN004440,2026-08-14 05:41:00,SUCCESS,00,250,WALLET,0
TXN004441,2026-08-08 19:22:00,SUCCESS,00,250,NETBANKING,0
TXN004442,2026-08-20 02:45:00,SUCCESS,00,100,CARD,0
TXN004443,2026-08-23 08:18:00,SUCCESS,00,750,CARD,1
TXN004444,2026-08-20 01:35:00,SUCCESS,00,1000,NETBANKING,0
TXN004445,2026-08-12 18:55:00,FAILED,51,500,CARD,1
TXN004446,2026-09-02 03:46:00,SUCCESS,00,500,CARD,0
TXN004447,2026-08-17 09:12:00,SUCCESS,00,750,UPI,0
TXN004448,2026-08-18 11:12:00,SUCCESS,00,750,UPI,0
TXN004449,2026-08-16 11:28:00,SUCCESS,00,100,NETBANKING,0
TXN004450,2026-08-26 02:38:00,SUCCESS,00,100,CARD,0
TXN004451,2026-09-03 15:54:00,SUCCESS,00,2000,UPI,0
TXN004452,2026-08-02 21:31:00,SUCCESS,00,5000,WALLET,0
TXN004453,2026-08-06 14:04:00,SUCCESS,00,5000,WALLET,0
TXN004454,2026-08-05 22:40:00,SUCCESS,00,5000,CARD,0
TXN004455,2026-08-07 12:46:00,SUCCESS,00,1000,UPI,0
TXN004456,2026-08-26 14:33:00,SUCCESS,00,100,CARD,2
TXN004457,2026-08-19 10:24:00,SUCCESS,00,1000,NETBANKING,0
TXN004458,2026-08-03 03:12:00,SUCCESS,00,250,CARD,1
TXN004459,2026-09-04 17:20:00,SUCCESS,00,2500,UPI,0
TXN004460,2026-08-18 16:42:00,SUCCESS,00,100,NETBANKING,0
TXN004461,2026-08-05 00:56:00,SUCCESS,00,1500,NETBANKING,0
TXN004462,2026-08-11 14:46:00,SUCCESS,00,1000,WALLET,0
TXN004463,2026-08-22 19:01:00,SUCCESS,00,2500,CARD,0
TXN004464,2026-08-28 12:24:00,FAILED,51,750,WALLET,0
TXN004465,2026-08-26 02:34:00,SUCCESS,00,250,WALLET,0
TXN004466,2026-08-25 10:34:00,SUCCESS,00,2500,UPI,0
TXN004467,2026-08-26 22:50:00,SUCCESS,00,1500,UPI,0
TXN004468,2026-08-30 08:01:00,SUCCESS,00,250,CARD,0
TXN004469,2026-08-11 20:25:00,SUCCESS,00,1000,WALLET,0
TXN004470,2026-08-10 15:59:00,SUCCESS,00,1000,NETBANKING,0
TXN004471,2026-08-04 16:00:00,SUCCESS,00,2500,WALLET,0
TXN004472,2026-08-06 10:56:00,SUCCESS,00,500,UPI,0
TXN004473,2026-08-31 11:21:00,SUCCESS,00,250,WALLET,0
TXN004474,2026-08-02 08:07:00,SUCCESS,00,500,CARD,0
TXN004475,2026-08-09 23:31:00,SUCCESS,00,2000,UPI,0
TXN004476,2026-09-01 10:22:00,SUCCESS,00,2000,UPI,0
TXN004477,2026-08-03 16:38:00,SUCCESS,00,2500,CARD,0
TXN004478,2026-08-20 21:48:00,SUCCESS,00,2000,WALLET,0
TXN004479,2026-08-05 15:46:00,SUCCESS,00,1000,CARD,0
TXN004480,2026-08-03 08:40:00,SUCCESS,00,750,UPI,1
TXN004481,2026-08-28 22:40:00,SUCCESS,00,500,UPI,0
TXN004482,2026-08-27 18:07:00,SUCCESS,00,1000,WALLET,1
TXN004483,2026-09-03 05:24:00,SUCCESS,00,2500,WALLET,0
TXN004484,2026-09-01 05:53:00,FAILED,51,250,UPI,0
TXN004485,2026-08-15 13:10:00,SUCCESS,00,1000,CARD,0
TXN004486,2026-08-06 09:33:00,FAILED,51,10000,WALLET,1
TXN004487,2026-08-05 17:09:00,SUCCESS,00,100,UPI,0
TXN004488,2026-08-18 13:46:00,SUCCESS,00,100,NETBANKING,1
TXN004489,2026-08-18 22:05:00,SUCCESS,00,750,CARD,0
TXN004490,2026-08-13 10:37:00,SUCCESS,00,750,CARD,0
TXN004491,2026-08-24 15:22:00,SUCCESS,00,1500,UPI,0
TXN004492,2026-08-24 00:29:00,SUCCESS,00,100,UPI,0
TXN004493,2026-08-11 20:58:00,SUCCESS,00,100,CARD,0
TXN004494,2026-09-01 02:36:00,SUCCESS,00,100,UPI,0
TXN004495,2026-08-10 16:13:00,SUCCESS,00,2500,UPI,0
TXN004496,2026-08-17 00:37:00,SUCCESS,00,1500,UPI,0
TXN004497,2026-08-07 15:47:00,SUCCESS,00,1000,WALLET,1
TXN004498,2026-08-29 00:48:00,SUCCESS,00,2500,CARD,0
TXN004499,2026-08-06 09:05:00,SUCCESS,00,250,CARD,0
TXN004500,2026-09-03 23:13:00,SUCCESS,00,1000,CARD,0
TXN004501,2026-08-04 15:07:00,SUCCESS,00,2000,UPI,0
TXN004502,2026-09-02 02:56:00,SUCCESS,00,100,UPI,1
TXN004503,2026-08-19 03:20:00,SUCCESS,00,500,NETBANKING,0
TXN004504,2026-08-26 00:05:00,SUCCESS,00,500,UPI,0
TXN004505,2026-08-24 04:14:00,SUCCESS,00,100,NETBANKING,0
TXN004506,2026-08-11 05:11:00,SUCCESS,00,1500,UPI,0
TXN004507,2026-08-09 18:43:00,SUCCESS,00,1000,NETBANKING,1
TXN004508,2026-09-03 05:32:00,SUCCESS,00,1000,UPI,0
TXN004509,2026-08-27 10:17:00,SUCCESS,00,750,CARD,0
TXN004510,2026-08-15 23:44:00,SUCCESS,00,500,UPI,0
TXN004511,2026-08-05 11:55:00,SUCCESS,00,1000,WALLET,0
TXN004512,2026-08-29 07:03:00,SUCCESS,00,500,UPI,0
TXN004513,2026-08-30 02:04:00,SUCCESS,00,500,WALLET,0
TXN004514,2026-08-17 11:40:00,SUCCESS,00,2000,CARD,0
TXN004515,2026-08-05 00:49:00,SUCCESS,00,1000,UPI,0
TXN004516,2026-08-03 08:21:00,SUCCESS,00,2500,UPI,0
TXN004517,2026-08-25 17:57:00,SUCCESS,00,5000,CARD,1
TXN004518,2026-08-14 06:19:00,SUCCESS,00,2500,UPI,0
TXN004519,2026-08-18 14:50:00,SUCCESS,00,250,UPI,0
TXN004520,2026-08-14 21:46:00,SUCCESS,00,5000,UPI,0
TXN004521,2026-09-04 10:21:00,SUCCESS,00,1000,NETBANKING,0
TXN004522,2026-08-23 21:38:00,SUCCESS,00,1000,NETBANKING,0
TXN004523,2026-08-03 07:09:00,SUCCESS,00,750,UPI,0
TXN004524,2026-08-07 00:09:00,SUCCESS,00,500,WALLET,0
TXN004525,2026-09-01 05:54:00,SUCCESS,00,1000,CARD,0
TXN004526,2026-08-09 15:59:00,SUCCESS,00,250,CARD,0
TXN004527,2026-08-15 00:34:00,SUCCESS,00,750,UPI,0
TXN004528,2026-08-23 22:11:00,FAILED,51,2500,CARD,0
TXN004529,2026-08-31 20:11:00,SUCCESS,00,5000,CARD,0
TXN004530,2026-08-02 13:22:00,SUCCESS,00,250,UPI,0
TXN004531,2026-08-13 18:17:00,SUCCESS,00,1500,NETBANKING,0
TXN004532,2026-08-20 18:52:00,SUCCESS,00,500,UPI,0
TXN004533,2026-09-04 00:29:00,SUCCESS,00,750,UPI,1
TXN004534,2026-08-17 18:35:00,FAILED,51,250,CARD,0
TXN004535,2026-08-15 09:16:00,SUCCESS,00,5000,WALLET,0
TXN004536,2026-08-11 12:54:00,SUCCESS,00,500,UPI,1
TXN004537,2026-08-30 19:57:00,SUCCESS,00,500,UPI,0
TXN004538,2026-08-19 00:56:00,SUCCESS,00,100,UPI,0
TXN004539,2026-08-03 07:53:00,SUCCESS,00,2500,UPI,0
TXN004540,2026-08-11 20:35:00,SUCCESS,00,250,CARD,0
TXN004541,2026-08-18 05:02:00,SUCCESS,00,1000,UPI,0
TXN004542,2026-09-03 23:05:00,SUCCESS,00,100,NETBANKING,0
TXN004543,2026-08-23 06:47:00,SUCCESS,00,500,UPI,0
TXN004544,2026-08-28 09:56:00,FAILED,51,10000,NETBANKING,1
TXN004545,2026-08-30 06:59:00,SUCCESS,00,750,WALLET,1
TXN004546,2026-09-01 06:01:00,SUCCESS,00,750,NETBANKING,0
TXN004547,2026-08-27 11:35:00,SUCCESS,00,1500,CARD,0
TXN004548,2026-08-14 16:25:00,SUCCESS,00,5000,UPI,0
TXN004549,2026-08-26 15:28:00,SUCCESS,00,2000,UPI,0
TXN004550,2026-08-12 12:06:00,FAILED,51,500,UPI,0
TXN004551,2026-08-19 01:00:00,SUCCESS,00,750,CARD,0
TXN004552,2026-08-01 17:41:00,SUCCESS,00,1500,NETBANKING,0
TXN004553,2026-08-16 23:38:00,SUCCESS,00,250,UPI,0
TXN004554,2026-08-17 03:21:00,SUCCESS,00,10000,NETBANKING,0
TXN004555,2026-09-02 03:12:00,SUCCESS,00,250,UPI,0
TXN004556,2026-08-02 21:09:00,SUCCESS,00,1000,UPI,0
TXN004557,2026-08-12 05:00:00,SUCCESS,00,1000,NETBANKING,0
TXN004558,2026-08-17 08:44:00,SUCCESS,00,2000,UPI,0
TXN004559,2026-08-31 19:54:00,SUCCESS,00,2500,CARD,0
TXN004560,2026-08-09 14:02:00,FAILED,51,2000,UPI,0
TXN004561,2026-08-24 18:56:00,SUCCESS,00,2000,UPI,0
TXN004562,2026-08-16 05:20:00,SUCCESS,00,750,UPI,0
TXN004563,2026-08-13 06:18:00,SUCCESS,00,100,UPI,0
TXN004564,2026-08-02 12:42:00,SUCCESS,00,500,CARD,0
TXN004565,2026-08-06 17:57:00,SUCCESS,00,500,CARD,0
TXN004566,2026-08-31 20:36:00,SUCCESS,00,1500,UPI,0
TXN004567,2026-08-02 11:18:00,SUCCESS,00,1000,UPI,0
TXN004568,2026-08-21 07:13:00,SUCCESS,00,750,CARD,0
TXN004569,2026-08-21 10:41:00,SUCCESS,00,250,UPI,0
TXN004570,2026-08-13 20:37:00,SUCCESS,00,10000,WALLET,1
TXN004571,2026-08-05 18:37:00,SUCCESS,00,2500,UPI,0
TXN004572,2026-08-25 02:51:00,SUCCESS,00,2000,CARD,0
TXN004573,2026-08-26 23:57:00,SUCCESS,00,5000,UPI,1
TXN004574,2026-08-31 11:43:00,SUCCESS,00,500,WALLET,0
TXN004575,2026-08-24 00:51:00,SUCCESS,00,10000,CARD,0
TXN004576,2026-08-12 04:48:00,FAILED,51,500,UPI,0
TXN004577,2026-08-15 20:02:00,SUCCESS,00,1000,NETBANKING,0
TXN004578,2026-08-15 22:23:00,SUCCESS,00,2500,UPI,0
TXN004579,2026-08-03 08:52:00,SUCCESS,00,1500,UPI,0
TXN004580,2026-08-09 06:00:00,SUCCESS,00,25000,UPI,0
TXN004581,2026-08-28 17:17:00,FAILED,51,100,CARD,1
TXN004582,2026-08-07 14:30:00,SUCCESS,00,250,CARD,2
TXN004583,2026-09-03 17:23:00,SUCCESS,00,250,NETBANKING,0
TXN004584,2026-08-12 20:50:00,SUCCESS,00,1500,NETBANKING,0
TXN004585,2026-08-08 16:42:00,SUCCESS,00,250,WALLET,0
TXN004586,2026-08-20 13:14:00,SUCCESS,00,100,UPI,0
TXN004587,2026-09-03 09:46:00,SUCCESS,00,10000,UPI,0
TXN004588,2026-08-09 05:56:00,SUCCESS,00,1500,WALLET,1
TXN004589,2026-08-03 06:47:00,SUCCESS,00,100,UPI,0
TXN004590,2026-08-18 03:20:00,SUCCESS,00,2000,UPI,1
TXN004591,2026-08-16 05:06:00,SUCCESS,00,500,UPI,0
TXN004592,2026-08-06 03:02:00,SUCCESS,00,1000,CARD,0
TXN004593,2026-08-24 15:23:00,SUCCESS,00,500,UPI,0
TXN004594,2026-09-03 19:06:00,SUCCESS,00,500,NETBANKING,0
TXN004595,2026-08-20 01:14:00,SUCCESS,00,1500,UPI,0
TXN004596,2026-08-12 22:16:00,SUCCESS,00,500,NETBANKING,1
TXN004597,2026-08-06 01:33:00,SUCCESS,00,1000,UPI,0
TXN004598,2026-08-15 13:10:00,FAILED,51,2500,UPI,0
TXN004599,2026-08-13 11:13:00,SUCCESS,00,750,UPI,0
TXN004600,2026-08-06 15:15:00,SUCCESS,00,100,WALLET,1
TXN004601,2026-09-03 21:52:00,SUCCESS,00,750,CARD,0
TXN004602,2026-08-26 16:24:00,SUCCESS,00,1500,NETBANKING,1
TXN004603,2026-08-22 00:03:00,SUCCESS,00,750,CARD,0
TXN004604,2026-08-27 17:51:00,SUCCESS,00,5000,UPI,0
TXN004605,2026-08-06 11:39:00,SUCCESS,00,100,NETBANKING,0
TXN004606,2026-08-09 14:06:00,SUCCESS,00,500,CARD,0
TXN004607,2026-09-02 15:19:00,SUCCESS,00,1000,CARD,1
TXN004608,2026-08-25 22:17:00,FAILED,51,100,NETBANKING,0
TXN004609,2026-08-03 04:14:00,SUCCESS,00,2500,UPI,1
TXN004610,2026-08-12 19:29:00,SUCCESS,00,250,CARD,0
TXN004611,2026-08-23 01:32:00,SUCCESS,00,1000,UPI,1
TXN004612,2026-08-26 06:07:00,SUCCESS,00,500,UPI,0
TXN004613,2026-08-17 11:46:00,SUCCESS,00,750,CARD,1
TXN004614,2026-08-01 14:34:00,FAILED,51,5000,CARD,0
TXN004615,2026-08-10 19:23:00,SUCCESS,00,2500,UPI,0
TXN004616,2026-08-10 07:09:00,SUCCESS,00,250,WALLET,0
TXN004617,2026-08-12 09:33:00,SUCCESS,00,2500,UPI,0
TXN004618,2026-08-01 20:10:00,SUCCESS,00,100,WALLET,0
TXN004619,2026-08-06 04:46:00,SUCCESS,00,250,UPI,0
TXN004620,2026-09-04 17:21:00,SUCCESS,00,500,UPI,0
TXN004621,2026-08-18 13:58:00,SUCCESS,00,2500,CARD,0
TXN004622,2026-08-30 04:42:00,SUCCESS,00,1000,CARD,0
TXN004623,2026-08-11 10:49:00,SUCCESS,00,1000,NETBANKING,0
TXN004624,2026-09-02 06:05:00,SUCCESS,00,750,UPI,0
TXN004625,2026-08-14 17:00:00,SUCCESS,00,2000,CARD,0
TXN004626,2026-08-27 01:13:00,SUCCESS,00,5000,WALLET,0
TXN004627,2026-08-04 08:04:00,SUCCESS,00,750,NETBANKING,0
TXN004628,2026-08-03 23:42:00,FAILED,51,100,CARD,0
TXN004629,2026-08-26 15:06:00,SUCCESS,00,1000,UPI,0
TXN004630,2026-09-04 15:53:00,SUCCESS,00,5000,UPI,0
TXN004631,2026-08-21 12:02:00,SUCCESS,00,750,UPI,0
TXN004632,2026-08-15 22:56:00,SUCCESS,00,500,UPI,0
TXN004633,2026-08-04 04:19:00,SUCCESS,00,2000,UPI,0
TXN004634,2026-08-06 21:42:00,SUCCESS,00,10000,UPI,0
TXN004635,2026-08-14 08:52:00,SUCCESS,00,750,CARD,0
TXN004636,2026-08-17 07:03:00,SUCCESS,00,500,WALLET,0
TXN004637,2026-08-27 07:13:00,SUCCESS,00,500,UPI,1
TXN004638,2026-08-10 13:03:00,SUCCESS,00,100,NETBANKING,0
TXN004639,2026-08-07 10:16:00,SUCCESS,00,1500,UPI,0
TXN004640,2026-08-26 06:43:00,SUCCESS,00,250,UPI,0
TXN004641,2026-08-25 18:07:00,SUCCESS,00,1500,UPI,0
TXN004642,2026-08-14 20:13:00,FAILED,51,500,NETBANKING,0
TXN004643,2026-09-03 00:00:00,SUCCESS,00,250,UPI,0
TXN004644,2026-08-01 21:14:00,SUCCESS,00,500,CARD,0
TXN004645,2026-08-10 18:05:00,SUCCESS,00,750,WALLET,0
TXN004646,2026-08-08 11:08:00,SUCCESS,00,100,NETBANKING,0
TXN004647,2026-08-19 17:59:00,SUCCESS,00,2500,UPI,0
TXN004648,2026-08-23 08:38:00,SUCCESS,00,5000,UPI,0
TXN004649,2026-08-17 23:00:00,SUCCESS,00,1500,WALLET,1
TXN004650,2026-08-17 05:50:00,SUCCESS,00,1500,NETBANKING,0
TXN004651,2026-08-31 14:30:00,SUCCESS,00,100,UPI,0
TXN004652,2026-08-17 02:50:00,FAILED,51,2500,UPI,0
TXN004653,2026-08-29 08:19:00,SUCCESS,00,250,UPI,0
TXN004654,2026-08-31 19:48:00,SUCCESS,00,500,CARD,0
TXN004655,2026-08-16 15:57:00,SUCCESS,00,100,WALLET,0
TXN004656,2026-09-03 03:04:00,SUCCESS,00,1000,UPI,2
TXN004657,2026-08-04 23:35:00,SUCCESS,00,5000,UPI,0
TXN004658,2026-08-20 14:05:00,SUCCESS,00,250,CARD,0
TXN004659,2026-08-30 03:10:00,SUCCESS,00,500,CARD,0
TXN004660,2026-08-25 01:35:00,SUCCESS,00,5000,UPI,0
TXN004661,2026-08-23 15:07:00,SUCCESS,00,750,CARD,0
TXN004662,2026-08-12 08:49:00,SUCCESS,00,2000,UPI,0
TXN004663,2026-09-02 14:41:00,FAILED,51,1500,UPI,0
TXN004664,2026-08-22 05:37:00,SUCCESS,00,500,NETBANKING,0
TXN004665,2026-08-29 06:43:00,SUCCESS,00,2500,CARD,0
TXN004666,2026-08-25 14:34:00,SUCCESS,00,250,NETBANKING,0
TXN004667,2026-08-15 11:03:00,SUCCESS,00,500,UPI,0
TXN004668,2026-08-18 19:08:00,SUCCESS,00,5000,WALLET,1
TXN004669,2026-08-16 18:59:00,SUCCESS,00,500,UPI,0
TXN004670,2026-08-03 21:36:00,SUCCESS,00,750,NETBANKING,0
TXN004671,2026-08-03 08:12:00,SUCCESS,00,2000,UPI,0
TXN004672,2026-08-08 12:53:00,SUCCESS,00,2000,UPI,0
TXN004673,2026-09-01 23:08:00,SUCCESS,00,2500,CARD,0
TXN004674,2026-09-02 17:22:00,FAILED,51,1500,CARD,0
TXN004675,2026-08-24 03:56:00,SUCCESS,00,1000,CARD,0
TXN004676,2026-08-18 12:17:00,SUCCESS,00,5000,CARD,0
TXN004677,2026-09-04 22:50:00,SUCCESS,00,2000,UPI,0
TXN004678,2026-09-04 13:30:00,SUCCESS,00,1000,UPI,0
TXN004679,2026-08-15 11:24:00,SUCCESS,00,250,UPI,0
TXN004680,2026-08-18 13:18:00,SUCCESS,00,1500,CARD,0
TXN004681,2026-08-14 13:31:00,SUCCESS,00,750,UPI,0
TXN004682,2026-08-03 03:14:00,SUCCESS,00,25000,NETBANKING,0
TXN004683,2026-08-23 21:19:00,SUCCESS,00,100,UPI,0
TXN004684,2026-08-21 12:59:00,SUCCESS,00,10000,CARD,0
TXN004685,2026-09-01 01:17:00,SUCCESS,00,2500,NETBANKING,1
TXN004686,2026-08-21 05:30:00,SUCCESS,00,10000,UPI,0
TXN004687,2026-08-30 02:05:00,SUCCESS,00,250,NETBANKING,0
TXN004688,2026-08-25 23:30:00,SUCCESS,00,100,UPI,0
TXN004689,2026-08-01 00:31:00,SUCCESS,00,250,UPI,0
TXN004690,2026-08-30 15:14:00,SUCCESS,00,5000,WALLET,0
TXN004691,2026-08-12 16:12:00,SUCCESS,00,500,CARD,0
TXN004692,2026-08-09 19:52:00,SUCCESS,00,100,UPI,0
TXN004693,2026-08-14 11:38:00,SUCCESS,00,10000,CARD,0
TXN004694,2026-08-23 23:36:00,SUCCESS,00,500,CARD,0
TXN004695,2026-08-04 15:21:00,SUCCESS,00,750,UPI,0
TXN004696,2026-08-03 16:49:00,FAILED,51,250,UPI,0
TXN004697,2026-08-01 03:12:00,FAILED,51,100,UPI,0
TXN004698,2026-09-01 07:44:00,SUCCESS,00,10000,UPI,0
TXN004699,2026-08-17 01:00:00,SUCCESS,00,100,CARD,1
TXN004700,2026-08-26 12:09:00,SUCCESS,00,250,NETBANKING,0
TXN004701,2026-08-31 20:53:00,SUCCESS,00,1000,CARD,0
TXN004702,2026-09-04 15:50:00,SUCCESS,00,2500,CARD,0
TXN004703,2026-09-04 06:58:00,SUCCESS,00,100,CARD,0
TXN004704,2026-08-10 02:47:00,SUCCESS,00,1000,UPI,1
TXN004705,2026-09-04 02:54:00,SUCCESS,00,2500,UPI,0
TXN004706,2026-08-24 10:50:00,SUCCESS,00,250,UPI,0
TXN004707,2026-08-13 21:01:00,SUCCESS,00,100,UPI,0
TXN004708,2026-08-24 05:58:00,SUCCESS,00,100,CARD,0
TXN004709,2026-08-25 00:00:00,SUCCESS,00,500,UPI,0
TXN004710,2026-08-05 04:38:00,SUCCESS,00,500,NETBANKING,0
TXN004711,2026-08-02 05:17:00,SUCCESS,00,750,UPI,0
TXN004712,2026-08-24 23:07:00,SUCCESS,00,1500,WALLET,0
TXN004713,2026-08-09 03:17:00,SUCCESS,00,5000,CARD,0
TXN004714,2026-08-26 06:27:00,SUCCESS,00,1000,NETBANKING,0
TXN004715,2026-08-22 15:44:00,SUCCESS,00,2000,CARD,0
TXN004716,2026-08-15 07:30:00,SUCCESS,00,500,CARD,1
TXN004717,2026-08-20 15:20:00,SUCCESS,00,750,UPI,0
TXN004718,2026-08-15 03:18:00,FAILED,51,250,UPI,1
TXN004719,2026-08-17 09:30:00,SUCCESS,00,2000,CARD,0
TXN004720,2026-08-23 06:50:00,SUCCESS,00,2000,UPI,0
TXN004721,2026-08-26 00:28:00,SUCCESS,00,500,CARD,1
TXN004722,2026-08-27 15:53:00,SUCCESS,00,2000,UPI,0
TXN004723,2026-09-03 19:10:00,SUCCESS,00,750,WALLET,0
TXN004724,2026-08-16 05:32:00,SUCCESS,00,500,UPI,0
TXN004725,2026-08-16 18:21:00,SUCCESS,00,750,UPI,0
TXN004726,2026-08-31 00:47:00,SUCCESS,00,100,UPI,0
TXN004727,2026-08-10 21:27:00,SUCCESS,00,10000,WALLET,0
TXN004728,2026-08-15 13:51:00,SUCCESS,00,250,UPI,0
TXN004729,2026-08-13 05:48:00,SUCCESS,00,500,CARD,0
TXN004730,2026-08-20 06:30:00,SUCCESS,00,5000,CARD,0
TXN004731,2026-08-12 07:56:00,SUCCESS,00,1000,CARD,0
TXN004732,2026-08-11 23:25:00,SUCCESS,00,100,UPI,0
TXN004733,2026-08-29 14:12:00,SUCCESS,00,1500,UPI,0
TXN004734,2026-08-12 15:08:00,SUCCESS,00,500,NETBANKING,0
TXN004735,2026-08-06 00:54:00,SUCCESS,00,250,NETBANKING,0
TXN004736,2026-08-03 10:07:00,SUCCESS,00,2000,CARD,0
TXN004737,2026-08-31 01:10:00,SUCCESS,00,250,CARD,1
TXN004738,2026-08-29 22:38:00,SUCCESS,00,2000,CARD,0
TXN004739,2026-08-21 00:25:00,SUCCESS,00,1000,UPI,0
TXN004740,2026-08-23 16:54:00,SUCCESS,00,100,UPI,0
TXN004741,2026-08-11 01:32:00,SUCCESS,00,5000,CARD,0
TXN004742,2026-08-31 14:02:00,FAILED,51,1000,CARD,0
TXN004743,2026-08-30 17:57:00,FAILED,51,500,NETBANKING,0
TXN004744,2026-08-30 06:48:00,SUCCESS,00,10000,UPI,1
TXN004745,2026-08-04 17:09:00,SUCCESS,00,2000,WALLET,0
TXN004746,2026-08-03 20:44:00,SUCCESS,00,100,CARD,0
TXN004747,2026-08-26 01:11:00,SUCCESS,00,2500,UPI,1
TXN004748,2026-08-07 20:11:00,SUCCESS,00,100,NETBANKING,0
TXN004749,2026-08-10 10:56:00,SUCCESS,00,5000,UPI,0
TXN004750,2026-08-08 05:18:00,SUCCESS,00,500,CARD,0
TXN004751,2026-08-27 16:24:00,SUCCESS,00,500,CARD,0
TXN004752,2026-08-01 16:01:00,SUCCESS,00,500,UPI,0
TXN004753,2026-08-16 22:44:00,SUCCESS,00,500,UPI,0
TXN004754,2026-08-20 08:06:00,SUCCESS,00,25000,UPI,0
TXN004755,2026-08-27 23:41:00,SUCCESS,00,1000,CARD,0
TXN004756,2026-08-10 08:17:00,SUCCESS,00,1500,NETBANKING,0
TXN004757,2026-09-04 07:21:00,SUCCESS,00,1500,CARD,0
TXN004758,2026-08-06 06:28:00,SUCCESS,00,250,UPI,0
TXN004759,2026-08-22 17:41:00,SUCCESS,00,2500,CARD,0
TXN004760,2026-08-02 09:34:00,SUCCESS,00,750,CARD,0
TXN004761,2026-08-07 20:31:00,SUCCESS,00,2500,UPI,0
TXN004762,2026-08-31 22:01:00,SUCCESS,00,500,CARD,0
TXN004763,2026-08-27 05:30:00,FAILED,51,500,UPI,0
TXN004764,2026-08-10 07:55:00,SUCCESS,00,250,CARD,0
TXN004765,2026-08-09 17:56:00,SUCCESS,00,250,UPI,1
TXN004766,2026-08-01 01:48:00,SUCCESS,00,2000,NETBANKING,0
TXN004767,2026-08-22 15:02:00,SUCCESS,00,1500,UPI,0
TXN004768,2026-08-04 16:16:00,SUCCESS,00,250,CARD,0
TXN004769,2026-08-08 20:16:00,SUCCESS,00,2000,CARD,0
TXN004770,2026-08-29 05:13:00,SUCCESS,00,500,CARD,0
TXN004771,2026-08-06 03:26:00,SUCCESS,00,1000,UPI,0
TXN004772,2026-08-16 01:54:00,SUCCESS,00,250,NETBANKING,0
TXN004773,2026-08-24 09:48:00,SUCCESS,00,250,CARD,0
TXN004774,2026-08-13 03:31:00,SUCCESS,00,1000,CARD,0
TXN004775,2026-08-19 21:18:00,SUCCESS,00,1000,CARD,0
TXN004776,2026-09-01 22:27:00,SUCCESS,00,750,UPI,0
TXN004777,2026-08-04 12:07:00,SUCCESS,00,250,CARD,0
TXN004778,2026-08-07 14:49:00,SUCCESS,00,1500,CARD,0
TXN004779,2026-08-26 20:26:00,SUCCESS,00,100,NETBANKING,0
TXN004780,2026-08-07 08:08:00,SUCCESS,00,500,NETBANKING,0
TXN004781,2026-08-02 01:28:00,SUCCESS,00,500,WALLET,0
TXN004782,2026-09-03 22:07:00,SUCCESS,00,2000,WALLET,0
TXN004783,2026-08-14 22:59:00,SUCCESS,00,1000,CARD,0
TXN004784,2026-08-22 06:09:00,SUCCESS,00,500,UPI,1
TXN004785,2026-08-12 08:40:00,SUCCESS,00,100,UPI,1
TXN004786,2026-08-04 05:20:00,SUCCESS,00,250,WALLET,0
TXN004787,2026-08-17 05:37:00,SUCCESS,00,500,UPI,0
TXN004788,2026-08-13 10:12:00,SUCCESS,00,750,UPI,0
TXN004789,2026-08-06 02:34:00,SUCCESS,00,500,CARD,0
TXN004790,2026-08-31 18:29:00,SUCCESS,00,10000,UPI,0
TXN004791,2026-08-26 23:48:00,SUCCESS,00,750,NETBANKING,0
TXN004792,2026-08-04 01:57:00,SUCCESS,00,2000,CARD,1
TXN004793,2026-08-23 03:29:00,SUCCESS,00,500,UPI,0
TXN004794,2026-08-27 12:06:00,SUCCESS,00,1500,NETBANKING,0
TXN004795,2026-08-17 06:01:00,SUCCESS,00,2000,CARD,0
TXN004796,2026-08-13 21:29:00,SUCCESS,00,1000,UPI,0
TXN004797,2026-08-24 02:56:00,SUCCESS,00,25000,UPI,0
TXN004798,2026-08-12 11:14:00,SUCCESS,00,100,WALLET,0
TXN004799,2026-08-03 19:22:00,SUCCESS,00,750,CARD,0
TXN004800,2026-08-01 13:33:00,SUCCESS,00,750,UPI,0
TXN004801,2026-08-02 06:39:00,SUCCESS,00,500,CARD,0
TXN004802,2026-08-01 22:07:00,SUCCESS,00,250,CARD,0
TXN004803,2026-08-24 23:07:00,FAILED,51,100,UPI,0
TXN004804,2026-08-26 10:12:00,SUCCESS,00,1500,CARD,0
TXN004805,2026-08-29 22:34:00,SUCCESS,00,1000,UPI,0
TXN004806,2026-08-08 04:45:00,SUCCESS,00,2000,NETBANKING,0
TXN004807,2026-08-31 22:49:00,SUCCESS,00,750,WALLET,0
TXN004808,2026-08-15 16:10:00,SUCCESS,00,250,NETBANKING,0
TXN004809,2026-09-02 04:06:00,SUCCESS,00,1500,UPI,1
TXN004810,2026-08-03 23:17:00,FAILED,51,2000,CARD,0
TXN004811,2026-08-15 08:30:00,SUCCESS,00,1500,UPI,0
TXN004812,2026-08-06 09:13:00,SUCCESS,00,1000,CARD,0
TXN004813,2026-08-21 15:14:00,SUCCESS,00,500,UPI,0
TXN004814,2026-08-14 07:30:00,SUCCESS,00,2000,CARD,0
TXN004815,2026-08-29 09:29:00,SUCCESS,00,2500,NETBANKING,1
TXN004816,2026-08-26 19:37:00,SUCCESS,00,1000,CARD,0
TXN004817,2026-08-27 04:13:00,SUCCESS,00,1000,UPI,0
TXN004818,2026-08-02 13:14:00,SUCCESS,00,1000,UPI,0
TXN004819,2026-08-10 02:26:00,SUCCESS,00,500,UPI,0
TXN004820,2026-08-01 06:42:00,SUCCESS,00,250,CARD,0
TXN004821,2026-08-09 07:56:00,FAILED,51,5000,NETBANKING,0
TXN004822,2026-08-03 04:30:00,SUCCESS,00,250,UPI,0
TXN004823,2026-08-14 02:01:00,SUCCESS,00,25000,UPI,0
TXN004824,2026-08-14 08:35:00,SUCCESS,00,250,UPI,1
TXN004825,2026-08-25 04:19:00,SUCCESS,00,5000,NETBANKING,0
TXN004826,2026-08-08 20:08:00,SUCCESS,00,500,UPI,0
TXN004827,2026-08-07 19:15:00,SUCCESS,00,2000,UPI,0
TXN004828,2026-08-11 03:43:00,SUCCESS,00,250,CARD,0
TXN004829,2026-08-11 20:41:00,SUCCESS,00,750,NETBANKING,0
TXN004830,2026-08-05 09:17:00,SUCCESS,00,750,CARD,0
TXN004831,2026-08-31 17:15:00,SUCCESS,00,1500,UPI,0
TXN004832,2026-08-10 08:34:00,SUCCESS,00,1000,UPI,0
TXN004833,2026-08-12 02:59:00,SUCCESS,00,2500,NETBANKING,1
TXN004834,2026-08-21 17:04:00,SUCCESS,00,750,UPI,0
TXN004835,2026-08-07 00:17:00,SUCCESS,00,100,CARD,0
TXN004836,2026-08-12 04:33:00,SUCCESS,00,250,UPI,0
TXN004837,2026-08-14 01:07:00,SUCCESS,00,10000,NETBANKING,0
TXN004838,2026-09-01 09:43:00,SUCCESS,00,2000,NETBANKING,0
TXN004839,2026-08-08 17:57:00,SUCCESS,00,250,CARD,0
TXN004840,2026-08-07 21:57:00,SUCCESS,00,2000,UPI,0
TXN004841,2026-09-02 16:24:00,SUCCESS,00,1000,UPI,0
TXN004842,2026-08-19 19:31:00,SUCCESS,00,1500,NETBANKING,0
TXN004843,2026-08-02 05:18:00,SUCCESS,00,1000,WALLET,0
TXN004844,2026-08-11 19:23:00,SUCCESS,00,2000,UPI,0
TXN004845,2026-08-11 15:29:00,SUCCESS,00,750,WALLET,0
TXN004846,2026-08-20 20:25:00,SUCCESS,00,100,NETBANKING,0
TXN004847,2026-08-06 06:12:00,SUCCESS,00,5000,NETBANKING,0
TXN004848,2026-08-07 16:41:00,SUCCESS,00,500,CARD,0
TXN004849,2026-08-12 02:03:00,SUCCESS,00,10000,CARD,0
TXN004850,2026-08-12 10:14:00,SUCCESS,00,1500,CARD,0
TXN004851,2026-08-27 00:31:00,SUCCESS,00,1500,UPI,0
TXN004852,2026-08-07 20:28:00,FAILED,51,1500,UPI,0
TXN004853,2026-08-27 22:47:00,SUCCESS,00,500,CARD,1
TXN004854,2026-08-02 15:33:00,SUCCESS,00,2500,CARD,0
TXN004855,2026-08-23 19:27:00,SUCCESS,00,2000,WALLET,0
TXN004856,2026-08-08 23:42:00,SUCCESS,00,1000,UPI,0
TXN004857,2026-09-04 15:56:00,SUCCESS,00,2500,UPI,0
TXN004858,2026-08-14 13:51:00,SUCCESS,00,5000,NETBANKING,1
TXN004859,2026-09-02 13:32:00,SUCCESS,00,500,CARD,0
TXN004860,2026-08-23 22:20:00,SUCCESS,00,250,NETBANKING,1
TXN004861,2026-08-26 23:36:00,SUCCESS,00,1500,NETBANKING,0
TXN004862,2026-09-04 21:34:00,SUCCESS,00,1500,CARD,0
TXN004863,2026-08-31 14:02:00,SUCCESS,00,500,WALLET,0
TXN004864,2026-08-14 10:10:00,SUCCESS,00,1500,NETBANKING,1
TXN004865,2026-08-19 23:15:00,SUCCESS,00,250,NETBANKING,0
TXN004866,2026-08-09 23:27:00,SUCCESS,00,500,UPI,0
TXN004867,2026-08-06 20:36:00,SUCCESS,00,2000,CARD,0
TXN004868,2026-08-29 23:27:00,SUCCESS,00,2000,CARD,0
TXN004869,2026-08-18 00:33:00,SUCCESS,00,500,UPI,0
TXN004870,2026-08-22 02:49:00,SUCCESS,00,100,NETBANKING,0
TXN004871,2026-08-14 02:31:00,SUCCESS,00,1500,CARD,0
TXN004872,2026-08-30 14:19:00,SUCCESS,00,250,CARD,0
TXN004873,2026-08-08 22:37:00,SUCCESS,00,2000,NETBANKING,1
TXN004874,2026-08-30 11:21:00,SUCCESS,00,1000,UPI,0
TXN004875,2026-08-18 01:37:00,SUCCESS,00,1000,UPI,0
TXN004876,2026-08-28 20:08:00,SUCCESS,00,500,CARD,0
TXN004877,2026-08-10 18:54:00,SUCCESS,00,2500,UPI,0
TXN004878,2026-08-04 06:45:00,SUCCESS,00,2500,UPI,0
TXN004879,2026-09-01 00:07:00,SUCCESS,00,500,NETBANKING,0
TXN004880,2026-08-20 19:57:00,SUCCESS,00,100,WALLET,0
TXN004881,2026-08-06 05:36:00,SUCCESS,00,250,NETBANKING,0
TXN004882,2026-08-04 11:18:00,SUCCESS,00,250,CARD,0
TXN004883,2026-08-27 04:52:00,SUCCESS,00,1500,UPI,0
TXN004884,2026-08-26 10:17:00,FAILED,51,1500,NETBANKING,0
TXN004885,2026-08-15 00:53:00,SUCCESS,00,500,CARD,0
TXN004886,2026-08-09 08:44:00,SUCCESS,00,1000,UPI,1
TXN004887,2026-09-02 17:49:00,SUCCESS,00,500,UPI,0
TXN004888,2026-08-09 18:51:00,SUCCESS,00,1000,NETBANKING,0
TXN004889,2026-08-24 04:05:00,SUCCESS,00,2000,NETBANKING,0
TXN004890,2026-09-04 06:19:00,SUCCESS,00,750,NETBANKING,0
TXN004891,2026-08-15 01:22:00,SUCCESS,00,2000,UPI,0
TXN004892,2026-08-14 06:48:00,SUCCESS,00,25000,NETBANKING,0
TXN004893,2026-08-28 18:16:00,SUCCESS,00,1000,UPI,0
TXN004894,2026-08-05 03:20:00,SUCCESS,00,1500,WALLET,0
TXN004895,2026-08-09 20:00:00,SUCCESS,00,1000,UPI,0
TXN004896,2026-08-13 06:44:00,SUCCESS,00,5000,WALLET,0
TXN004897,2026-08-18 07:51:00,SUCCESS,00,750,CARD,0
TXN004898,2026-08-14 16:31:00,SUCCESS,00,500,CARD,1
TXN004899,2026-08-23 11:43:00,SUCCESS,00,750,CARD,0
TXN004900,2026-08-09 17:28:00,SUCCESS,00,1500,CARD,0
TXN004901,2026-08-09 04:22:00,SUCCESS,00,100,UPI,0
TXN004902,2026-09-03 13:52:00,SUCCESS,00,250,CARD,0
TXN004903,2026-08-30 10:22:00,SUCCESS,00,750,UPI,0
TXN004904,2026-09-03 09:25:00,SUCCESS,00,250,WALLET,0
TXN004905,2026-08-12 20:15:00,SUCCESS,00,1500,UPI,0
TXN004906,2026-08-12 05:59:00,SUCCESS,00,500,NETBANKING,0
TXN004907,2026-08-29 02:52:00,SUCCESS,00,100,UPI,0
TXN004908,2026-08-16 09:04:00,SUCCESS,00,500,CARD,0
TXN004909,2026-08-08 10:28:00,SUCCESS,00,1000,UPI,0
TXN004910,2026-08-16 02:14:00,SUCCESS,00,250,UPI,0
TXN004911,2026-08-24 01:25:00,SUCCESS,00,10000,WALLET,0
TXN004912,2026-08-09 16:24:00,SUCCESS,00,100,CARD,1
TXN004913,2026-08-28 02:48:00,SUCCESS,00,10000,CARD,1
TXN004914,2026-08-29 22:31:00,SUCCESS,00,2500,UPI,0
TXN004915,2026-08-28 23:43:00,SUCCESS,00,250,NETBANKING,0
TXN004916,2026-09-02 02:53:00,SUCCESS,00,1000,NETBANKING,0
TXN004917,2026-08-07 16:22:00,SUCCESS,00,500,CARD,0
TXN004918,2026-08-29 09:02:00,SUCCESS,00,100,UPI,1
TXN004919,2026-08-28 02:24:00,SUCCESS,00,250,UPI,0
TXN004920,2026-09-01 17:48:00,SUCCESS,00,2000,CARD,0
TXN004921,2026-08-20 02:18:00,SUCCESS,00,10000,UPI,1
TXN004922,2026-08-28 17:42:00,SUCCESS,00,500,CARD,0
TXN004923,2026-08-30 21:58:00,SUCCESS,00,100,CARD,0
TXN004924,2026-08-04 13:56:00,SUCCESS,00,2000,CARD,0
TXN004925,2026-08-31 15:41:00,SUCCESS,00,10000,WALLET,0
TXN004926,2026-08-12 22:13:00,SUCCESS,00,100,UPI,0
TXN004927,2026-08-21 02:11:00,SUCCESS,00,2500,WALLET,1
TXN004928,2026-08-04 21:36:00,SUCCESS,00,2500,CARD,1
TXN004929,2026-09-04 20:47:00,SUCCESS,00,500,CARD,0
TXN004930,2026-08-02 10:43:00,SUCCESS,00,5000,NETBANKING,0
TXN004931,2026-08-03 05:26:00,SUCCESS,00,500,CARD,0
TXN004932,2026-09-02 18:21:00,SUCCESS,00,250,CARD,0
TXN004933,2026-08-27 21:54:00,SUCCESS,00,1500,UPI,0
TXN004934,2026-08-26 20:55:00,FAILED,51,500,UPI,0
TXN004935,2026-08-19 05:38:00,SUCCESS,00,2000,NETBANKING,0
TXN004936,2026-08-05 02:49:00,SUCCESS,00,100,UPI,0
TXN004937,2026-08-19 20:43:00,SUCCESS,00,1500,CARD,0
TXN004938,2026-08-24 00:07:00,SUCCESS,00,1500,NETBANKING,0
TXN004939,2026-08-03 19:38:00,SUCCESS,00,250,CARD,0
TXN004940,2026-08-31 07:32:00,SUCCESS,00,250,UPI,0
TXN004941,2026-09-04 18:32:00,SUCCESS,00,10000,WALLET,0
TXN004942,2026-08-26 17:59:00,SUCCESS,00,250,CARD,0
TXN004943,2026-09-03 08:49:00,SUCCESS,00,2000,NETBANKING,0
TXN004944,2026-08-04 21:24:00,SUCCESS,00,500,NETBANKING,0
TXN004945,2026-08-19 12:07:00,SUCCESS,00,2500,WALLET,0
TXN004946,2026-08-28 14:02:00,SUCCESS,00,250,UPI,0
TXN004947,2026-08-03 23:34:00,SUCCESS,00,1000,WALLET,0
TXN004948,2026-08-27 21:42:00,SUCCESS,00,5000,NETBANKING,0
TXN004949,2026-08-27 11:19:00,SUCCESS,00,750,CARD,0
TXN004950,2026-08-14 18:42:00,SUCCESS,00,100,UPI,0
TXN004951,2026-08-02 04:51:00,SUCCESS,00,1000,NETBANKING,0
TXN004952,2026-08-15 03:35:00,SUCCESS,00,1500,UPI,0
TXN004953,2026-08-08 23:51:00,SUCCESS,00,1000,CARD,0
TXN004954,2026-09-01 02:45:00,SUCCESS,00,2500,UPI,0
TXN004955,2026-08-29 21:21:00,SUCCESS,00,750,NETBANKING,0
TXN004956,2026-09-01 19:00:00,SUCCESS,00,1000,UPI,0
TXN004957,2026-08-18 10:53:00,SUCCESS,00,250,UPI,0
TXN004958,2026-08-03 12:32:00,SUCCESS,00,750,CARD,1
TXN004959,2026-08-05 03:19:00,FAILED,51,5000,NETBANKING,0
TXN004960,2026-08-05 01:55:00,SUCCESS,00,500,NETBANKING,0
TXN004961,2026-08-25 23:06:00,FAILED,51,750,UPI,0
TXN004962,2026-08-31 21:22:00,SUCCESS,00,500,WALLET,0
TXN004963,2026-08-03 12:21:00,SUCCESS,00,100,UPI,0
TXN004964,2026-08-09 10:54:00,SUCCESS,00,2000,UPI,1
TXN004965,2026-08-10 08:02:00,SUCCESS,00,5000,NETBANKING,0
TXN004966,2026-08-28 08:14:00,SUCCESS,00,250,CARD,0
TXN004967,2026-09-04 08:45:00,SUCCESS,00,100,WALLET,0
TXN004968,2026-08-20 07:29:00,SUCCESS,00,250,NETBANKING,1
TXN004969,2026-08-15 06:25:00,SUCCESS,00,250,NETBANKING,0
TXN004970,2026-08-23 08:09:00,FAILED,51,1000,CARD,0
TXN004971,2026-08-11 21:58:00,SUCCESS,00,2500,UPI,0
TXN004972,2026-08-17 14:18:00,SUCCESS,00,100,UPI,0
TXN004973,2026-08-19 20:29:00,SUCCESS,00,1500,UPI,1
TXN004974,2026-08-14 11:29:00,SUCCESS,00,100,NETBANKING,0
TXN004975,2026-08-02 22:18:00,SUCCESS,00,250,CARD,0
TXN004976,2026-08-12 13:25:00,SUCCESS,00,5000,CARD,0
TXN004977,2026-08-09 17:35:00,SUCCESS,00,1500,NETBANKING,0
TXN004978,2026-08-28 01:39:00,SUCCESS,00,100,UPI,0
TXN004979,2026-08-28 18:24:00,FAILED,51,2000,UPI,0
TXN004980,2026-08-24 23:45:00,SUCCESS,00,1000,UPI,0
TXN004981,2026-08-23 09:26:00,SUCCESS,00,250,UPI,1
TXN004982,2026-08-12 09:10:00,SUCCESS,00,2000,UPI,0
TXN004983,2026-08-22 19:36:00,SUCCESS,00,1000,CARD,1
TXN004984,2026-08-22 04:41:00,SUCCESS,00,250,CARD,1
TXN004985,2026-08-06 19:49:00,SUCCESS,00,1000,UPI,0
TXN004986,2026-08-27 13:01:00,SUCCESS,00,250,WALLET,0
TXN004987,2026-08-05 03:20:00,SUCCESS,00,100,CARD,0
TXN004988,2026-08-03 02:40:00,SUCCESS,00,1000,UPI,1
TXN004989,2026-08-31 06:10:00,SUCCESS,00,250,NETBANKING,0
TXN004990,2026-08-14 21:57:00,SUCCESS,00,100,UPI,0
TXN004991,2026-08-28 00:01:00,SUCCESS,00,250,CARD,0
TXN004992,2026-09-04 16:13:00,SUCCESS,00,500,UPI,0
TXN004993,2026-08-14 10:45:00,SUCCESS,00,750,UPI,0
TXN004994,2026-08-17 15:28:00,SUCCESS,00,1000,UPI,0
TXN004995,2026-08-21 09:34:00,SUCCESS,00,750,CARD,0
TXN004996,2026-08-23 14:48:00,SUCCESS,00,250,CARD,1
TXN004997,2026-09-03 12:09:00,SUCCESS,00,500,CARD,1
TXN004998,2026-08-26 02:02:00,SUCCESS,00,100,CARD,0
TXN004999,2026-08-17 17:55:00,SUCCESS,00,1000,CARD,0
TXN005000,2026-08-19 09:06:00,SUCCESS,00,10000,CARD,0
TXN005001,2026-08-12 15:03:00,SUCCESS,00,250,UPI,0
TXN005002,2026-08-03 15:06:00,SUCCESS,00,250,UPI,0
TXN005003,2026-08-26 01:12:00,SUCCESS,00,500,NETBANKING,3
TXN005004,2026-08-09 05:43:00,SUCCESS,00,100,WALLET,0
TXN005005,2026-08-05 21:26:00,SUCCESS,00,500,CARD,0
TXN005006,2026-08-09 10:50:00,SUCCESS,00,250,NETBANKING,3
TXN005007,2026-08-10 08:20:00,SUCCESS,00,2500,NETBANKING,0
TXN005008,2026-08-09 10:45:00,SUCCESS,00,1500,NETBANKING,0
TXN005009,2026-08-03 12:24:00,SUCCESS,00,1500,UPI,0
TXN005010,2026-08-23 13:32:00,SUCCESS,00,500,CARD,0
TXN005011,2026-08-12 23:39:00,SUCCESS,00,5000,NETBANKING,0
TXN005012,2026-08-02 12:20:00,SUCCESS,00,2500,WALLET,0
TXN005013,2026-08-11 13:06:00,SUCCESS,00,100,UPI,0
TXN005014,2026-08-23 07:27:00,SUCCESS,00,1000,WALLET,2
TXN005015,2026-08-01 14:50:00,SUCCESS,00,1000,UPI,0
TXN005016,2026-08-07 04:17:00,SUCCESS,00,1500,CARD,0
TXN005017,2026-08-10 06:17:00,SUCCESS,00,500,WALLET,0
TXN005018,2026-08-30 10:00:00,SUCCESS,00,250,WALLET,0
TXN005019,2026-08-20 01:20:00,SUCCESS,00,1500,WALLET,0
TXN005020,2026-08-27 00:54:00,SUCCESS,00,1000,CARD,0
TXN005021,2026-08-28 06:44:00,SUCCESS,00,250,CARD,0
TXN005022,2026-08-06 16:25:00,SUCCESS,00,100,NETBANKING,0
TXN005023,2026-08-15 18:33:00,SUCCESS,00,5000,UPI,0
TXN005024,2026-08-29 11:32:00,SUCCESS,00,500,NETBANKING,0
TXN005025,2026-08-24 01:10:00,SUCCESS,00,10000,NETBANKING,0
TXN005026,2026-08-09 23:22:00,SUCCESS,00,2500,UPI,0
TXN005027,2026-08-23 02:11:00,SUCCESS,00,5000,WALLET,0
TXN005028,2026-08-05 20:42:00,SUCCESS,00,2500,NETBANKING,0
TXN005029,2026-08-29 04:06:00,SUCCESS,00,10000,WALLET,0
TXN005030,2026-08-02 00:38:00,SUCCESS,00,1000,CARD,0
TXN005031,2026-08-19 09:47:00,SUCCESS,00,5000,UPI,0
TXN005032,2026-08-06 16:48:00,SUCCESS,00,2500,NETBANKING,0
TXN005033,2026-08-16 14:15:00,SUCCESS,00,500,NETBANKING,0
TXN005034,2026-08-23 19:55:00,SUCCESS,00,100,UPI,1
TXN005035,2026-08-02 23:53:00,FAILED,51,250,WALLET,0
TXN005036,2026-08-17 11:35:00,SUCCESS,00,100,WALLET,0
TXN005037,2026-08-02 19:33:00,SUCCESS,00,1000,CARD,0
TXN005038,2026-08-09 03:27:00,SUCCESS,00,250,NETBANKING,0
TXN005039,2026-08-26 01:31:00,FAILED,05,100,CARD,0
TXN005040,2026-08-06 13:14:00,SUCCESS,00,10000,UPI,0
TXN005041,2026-08-26 02:16:00,SUCCESS,00,500,CARD,0
TXN005042,2026-08-18 07:17:00,FAILED,05,500,CARD,0
TXN005043,2026-08-23 23:50:00,SUCCESS,00,5000,UPI,0
TXN005044,2026-08-09 09:16:00,FAILED,51,1500,CARD,0
TXN005045,2026-08-24 02:27:00,SUCCESS,00,5000,UPI,0
TXN005046,2026-08-11 11:25:00,SUCCESS,00,2500,CARD,0
TXN005047,2026-08-25 10:01:00,SUCCESS,00,250,CARD,0
TXN005048,2026-08-03 14:02:00,FAILED,05,500,WALLET,0
TXN005049,2026-08-21 10:16:00,SUCCESS,00,2500,CARD,0
TXN005050,2026-08-23 10:51:00,SUCCESS,00,500,NETBANKING,0
TXN005051,2026-08-25 20:00:00,FAILED,91,100,UPI,0
TXN005052,2026-08-05 08:58:00,FAILED,91,5000,CARD,0
TXN005053,2026-08-19 00:36:00,SUCCESS,00,10000,NETBANKING,0
TXN005054,2026-08-29 14:58:00,SUCCESS,00,250,WALLET,0
TXN005055,2026-08-23 04:24:00,SUCCESS,00,1000,NETBANKING,0
TXN005056,2026-08-28 21:34:00,SUCCESS,00,250,CARD,0
TXN005057,2026-08-07 09:08:00,SUCCESS,00,500,UPI,0
TXN005058,2026-08-22 09:34:00,SUCCESS,00,1500,WALLET,0
TXN005059,2026-08-31 06:19:00,SUCCESS,00,250,NETBANKING,0
TXN005060,2026-08-22 08:26:00,FAILED,91,100,WALLET,0
TXN005061,2026-08-15 18:31:00,FAILED,91,100,CARD,0
TXN005062,2026-08-24 07:48:00,SUCCESS,00,2500,UPI,0
TXN005063,2026-08-24 17:13:00,SUCCESS,00,250,NETBANKING,0
TXN005064,2026-08-23 19:24:00,FAILED,91,1500,WALLET,0
TXN005065,2026-08-19 13:48:00,SUCCESS,00,1500,UPI,0
TXN005066,2026-08-02 03:33:00,SUCCESS,00,2500,NETBANKING,0
TXN005067,2026-08-02 21:51:00,SUCCESS,00,5000,NETBANKING,0
TXN005068,2026-08-11 21:16:00,SUCCESS,00,10000,UPI,0
TXN005069,2026-08-06 16:01:00,SUCCESS,00,1000,NETBANKING,0
TXN005070,2026-08-24 19:06:00,SUCCESS,00,500,WALLET,0
TXN005071,2026-08-10 02:50:00,SUCCESS,00,1000,CARD,0
TXN005072,2026-08-22 14:19:00,SUCCESS,00,5000,UPI,0
TXN005073,2026-08-26 11:27:00,SUCCESS,00,1500,WALLET,0
TXN005074,2026-08-16 13:15:00,SUCCESS,00,2500,WALLET,0
TXN005075,2026-08-02 19:00:00,SUCCESS,00,1000,UPI,0
TXN005076,2026-08-07 02:23:00,SUCCESS,00,10000,UPI,0
TXN005077,2026-08-24 23:04:00,SUCCESS,00,1500,WALLET,0
TXN005078,2026-08-19 10:02:00,SUCCESS,00,500,WALLET,0
TXN005079,2026-08-22 08:52:00,SUCCESS,00,100,CARD,0
TXN005080,2026-08-09 05:10:00,SUCCESS,00,1500,WALLET,0
TXN005081,2026-08-18 17:24:00,SUCCESS,00,1500,NETBANKING,0
TXN005082,2026-08-16 01:00:00,SUCCESS,00,1500,NETBANKING,0
TXN005083,2026-08-14 06:58:00,SUCCESS,00,2500,WALLET,0
TXN005084,2026-08-30 08:20:00,SUCCESS,00,1500,UPI,0
TXN005085,2026-08-27 15:11:00,SUCCESS,00,500,NETBANKING,0
TXN005086,2026-08-19 17:48:00,SUCCESS,00,5000,NETBANKING,0
TXN005087,2026-08-30 11:31:00,SUCCESS,00,2500,CARD,0
TXN005088,2026-08-10 02:58:00,SUCCESS,00,500,UPI,0
TXN005089,2026-08-02 02:46:00,SUCCESS,00,1500,UPI,0
TXN005090,2026-08-23 08:39:00,SUCCESS,00,500,WALLET,0
TXN005091,2026-08-12 14:09:00,SUCCESS,00,500,NETBANKING,0
TXN005092,2026-08-23 10:49:00,SUCCESS,00,10000,UPI,0
TXN005093,2026-08-05 10:24:00,SUCCESS,00,1500,WALLET,0
TXN005094,2026-08-24 17:34:00,SUCCESS,00,5000,UPI,0
TXN005095,2026-08-06 03:33:00,SUCCESS,00,100,WALLET,0
TXN005096,2026-08-31 15:33:00,SUCCESS,00,1000,WALLET,0
TXN005097,2026-08-20 02:45:00,SUCCESS,00,100,NETBANKING,0
TXN005098,2026-08-31 00:12:00,SUCCESS,00,2500,CARD,0
TXN005099,2026-08-20 00:50:00,SUCCESS,00,250,WALLET,0
TXN005100,2026-08-26 09:32:00,SUCCESS,00,250,CARD,0
TXN005101,2026-08-03 03:30:00,SUCCESS,00,1000,WALLET,0
TXN005102,2026-08-26 07:48:00,SUCCESS,00,500,WALLET,0
TXN005103,2026-08-03 21:01:00,SUCCESS,00,2500,UPI,1
TXN005104,2026-08-02 10:10:00,SUCCESS,00,500,WALLET,0
TXN005105,2026-08-16 21:26:00,SUCCESS,00,5000,CARD,0
TXN005106,2026-08-03 20:23:00,SUCCESS,00,5000,WALLET,3
TXN005107,2026-08-10 15:38:00,FAILED,05,2500,CARD,0
TXN005108,2026-08-09 08:08:00,SUCCESS,00,10000,UPI,0
TXN005109,2026-08-21 15:23:00,SUCCESS,00,2500,UPI,3
TXN005110,2026-08-19 05:21:00,SUCCESS,00,250,UPI,0
TXN005111,2026-08-03 21:18:00,FAILED,91,100,NETBANKING,0
TXN005112,2026-08-27 09:35:00,SUCCESS,00,100,CARD,0
TXN005113,2026-08-25 16:09:00,SUCCESS,00,500,NETBANKING,0
TXN005114,2026-08-16 12:45:00,SUCCESS,00,100,NETBANKING,0
TXN005115,2026-08-23 19:38:00,FAILED,51,500,CARD,0
TXN005116,2026-08-08 22:14:00,SUCCESS,00,1500,CARD,0
TXN005117,2026-08-21 22:29:00,SUCCESS,00,2500,CARD,0
TXN005118,2026-08-10 11:00:00,SUCCESS,00,5000,NETBANKING,0
TXN005119,2026-08-23 15:42:00,SUCCESS,00,1500,WALLET,0
TXN005120,2026-08-31 04:42:00,FAILED,91,1000,UPI,0
TXN005121,2026-08-01 21:15:00,SUCCESS,00,1500,UPI,0
TXN005122,2026-08-18 08:45:00,SUCCESS,00,250,CARD,0
TXN005123,2026-08-06 23:13:00,SUCCESS,00,1000,NETBANKING,0
TXN005124,2026-08-30 02:40:00,SUCCESS,00,100,UPI,0
TXN005125,2026-08-05 18:30:00,FAILED,51,1500,CARD,0
TXN005126,2026-08-06 04:13:00,SUCCESS,00,10000,CARD,0
TXN005127,2026-08-03 14:26:00,SUCCESS,00,2500,WALLET,0
TXN005128,2026-08-28 06:23:00,SUCCESS,00,100,UPI,0
TXN005129,2026-08-31 20:25:00,SUCCESS,00,100,WALLET,0
TXN005130,2026-08-10 23:16:00,SUCCESS,00,100,NETBANKING,0
TXN005131,2026-08-17 23:50:00,SUCCESS,00,250,NETBANKING,0
TXN005132,2026-08-12 20:07:00,SUCCESS,00,2500,NETBANKING,0
TXN005133,2026-08-27 08:44:00,SUCCESS,00,100,UPI,0
TXN005134,2026-08-28 07:07:00,SUCCESS,00,500,UPI,0
TXN005135,2026-08-20 23:55:00,SUCCESS,00,1000,WALLET,0
TXN005136,2026-08-17 18:48:00,SUCCESS,00,500,NETBANKING,0
TXN005137,2026-08-17 22:46:00,SUCCESS,00,1000,NETBANKING,0
TXN005138,2026-08-03 08:50:00,SUCCESS,00,5000,UPI,0
TXN005139,2026-08-04 01:33:00,SUCCESS,00,1000,UPI,0
TXN005140,2026-08-24 06:40:00,SUCCESS,00,500,NETBANKING,0
TXN005141,2026-08-02 01:38:00,SUCCESS,00,1500,UPI,0
TXN005142,2026-08-26 11:32:00,SUCCESS,00,10000,CARD,0
TXN005143,2026-08-01 17:40:00,SUCCESS,00,5000,UPI,0
TXN005144,2026-08-25 11:34:00,SUCCESS,00,2500,WALLET,0
TXN005145,2026-08-09 09:28:00,SUCCESS,00,1500,CARD,1
TXN005146,2026-08-27 04:07:00,SUCCESS,00,250,NETBANKING,0
TXN005147,2026-08-20 11:20:00,SUCCESS,00,250,UPI,0
TXN005148,2026-08-05 11:49:00,SUCCESS,00,2500,UPI,0
TXN005149,2026-08-15 12:42:00,SUCCESS,00,10000,CARD,0
TXN005150,2026-08-23 10:33:00,SUCCESS,00,1500,NETBANKING,0
TXN005151,2026-08-03 17:50:00,FAILED,05,5000,WALLET,0
TXN005152,2026-08-21 01:56:00,SUCCESS,00,250,UPI,0
TXN005153,2026-08-01 16:11:00,SUCCESS,00,5000,UPI,0
TXN005154,2026-08-05 02:44:00,SUCCESS,00,1500,UPI,0
TXN005155,2026-08-13 08:12:00,FAILED,05,250,CARD,0
TXN005156,2026-08-22 15:40:00,SUCCESS,00,5000,UPI,0
TXN005157,2026-08-12 13:00:00,SUCCESS,00,1500,NETBANKING,0
TXN005158,2026-08-18 07:44:00,SUCCESS,00,500,WALLET,0
TXN005159,2026-08-03 17:20:00,SUCCESS,00,1000,WALLET,0
TXN005160,2026-08-16 02:18:00,SUCCESS,00,10000,CARD,0
TXN005161,2026-08-30 07:04:00,SUCCESS,00,10000,WALLET,0
TXN005162,2026-08-05 05:51:00,SUCCESS,00,250,WALLET,0
TXN005163,2026-08-22 03:47:00,SUCCESS,00,1000,CARD,0
TXN005164,2026-08-21 15:12:00,SUCCESS,00,10000,UPI,0
TXN005165,2026-08-09 05:43:00,SUCCESS,00,1500,CARD,0
TXN005166,2026-08-04 04:08:00,SUCCESS,00,5000,UPI,0
TXN005167,2026-08-26 08:45:00,SUCCESS,00,2500,CARD,0
TXN005168,2026-08-19 14:11:00,SUCCESS,00,100,WALLET,0
TXN005169,2026-08-13 17:16:00,SUCCESS,00,1500,WALLET,0
TXN005170,2026-08-03 16:30:00,SUCCESS,00,500,WALLET,0
TXN005171,2026-08-17 12:27:00,SUCCESS,00,10000,WALLET,0
TXN005172,2026-08-09 04:45:00,FAILED,91,10000,NETBANKING,0
TXN005173,2026-08-31 19:12:00,SUCCESS,00,5000,WALLET,0
TXN005174,2026-08-22 08:29:00,SUCCESS,00,1500,CARD,0
TXN005175,2026-08-31 10:11:00,SUCCESS,00,100,CARD,0
TXN005176,2026-08-10 22:34:00,SUCCESS,00,2500,WALLET,0
TXN005177,2026-08-29 01:58:00,SUCCESS,00,10000,WALLET,0
TXN005178,2026-08-01 21:03:00,SUCCESS,00,1000,CARD,0
TXN005179,2026-08-17 19:04:00,SUCCESS,00,2500,CARD,0
TXN005180,2026-08-03 07:36:00,SUCCESS,00,1000,UPI,0
TXN005181,2026-08-24 11:41:00,SUCCESS,00,1000,WALLET,0
TXN005182,2026-08-01 03:35:00,SUCCESS,00,5000,NETBANKING,0
TXN005183,2026-08-30 00:33:00,SUCCESS,00,250,CARD,0
TXN005184,2026-08-06 05:22:00,SUCCESS,00,100,NETBANKING,0
TXN005185,2026-08-10 12:02:00,SUCCESS,00,1000,CARD,0
TXN005186,2026-08-10 19:20:00,SUCCESS,00,10000,NETBANKING,0
TXN005187,2026-08-28 18:08:00,SUCCESS,00,100,UPI,2
TXN005188,2026-08-31 00:37:00,SUCCESS,00,2500,NETBANKING,0
TXN005189,2026-08-22 06:05:00,SUCCESS,00,1000,WALLET,0
TXN005190,2026-08-09 06:06:00,SUCCESS,00,1500,UPI,0
TXN005191,2026-08-19 08:22:00,SUCCESS,00,500,NETBANKING,0
TXN005192,2026-08-20 09:19:00,SUCCESS,00,1000,CARD,0
TXN005193,2026-08-08 01:58:00,SUCCESS,00,5000,WALLET,0
TXN005194,2026-08-20 05:56:00,SUCCESS,00,1500,CARD,0
TXN005195,2026-08-16 16:49:00,SUCCESS,00,1000,WALLET,0
TXN005196,2026-08-07 22:58:00,SUCCESS,00,100,WALLET,0
TXN005197,2026-08-23 22:31:00,SUCCESS,00,250,NETBANKING,0
TXN005198,2026-08-09 01:37:00,SUCCESS,00,100,CARD,0
TXN005199,2026-08-26 14:07:00,SUCCESS,00,1000,WALLET,0
TXN005200,2026-08-25 07:44:00,SUCCESS,00,250,UPI,0
TXN005201,2026-08-01 10:54:00,SUCCESS,00,2500,CARD,0
TXN005202,2026-08-27 16:43:00,SUCCESS,00,1000,NETBANKING,0
TXN005203,2026-08-26 07:01:00,FAILED,51,10000,UPI,0
TXN005204,2026-08-18 01:26:00,SUCCESS,00,2500,WALLET,0
TXN005205,2026-08-09 20:10:00,SUCCESS,00,1500,NETBANKING,0
TXN005206,2026-08-20 13:58:00,SUCCESS,00,2500,NETBANKING,0
TXN005207,2026-08-04 15:05:00,SUCCESS,00,250,CARD,0
TXN005208,2026-08-29 14:58:00,SUCCESS,00,1500,CARD,0
TXN005209,2026-08-28 07:07:00,SUCCESS,00,1000,NETBANKING,0
TXN005210,2026-08-23 22:00:00,SUCCESS,00,1000,CARD,0
TXN005211,2026-08-20 19:02:00,SUCCESS,00,2500,UPI,0
TXN005212,2026-08-06 04:58:00,SUCCESS,00,1500,UPI,0
TXN005213,2026-08-20 21:47:00,SUCCESS,00,1500,NETBANKING,0
TXN005214,2026-08-15 09:44:00,SUCCESS,00,100,UPI,0
TXN005215,2026-08-22 21:48:00,SUCCESS,00,500,NETBANKING,0
TXN005216,2026-08-18 11:27:00,SUCCESS,00,10000,WALLET,0
TXN005217,2026-08-18 06:51:00,SUCCESS,00,1000,UPI,0
TXN005218,2026-08-30 23:34:00,SUCCESS,00,10000,UPI,0
TXN005219,2026-08-22 16:07:00,FAILED,05,1000,UPI,0
TXN005220,2026-08-18 01:05:00,SUCCESS,00,5000,WALLET,0
TXN005221,2026-08-16 06:50:00,SUCCESS,00,5000,CARD,0
TXN005222,2026-08-08 13:07:00,SUCCESS,00,2500,WALLET,0
TXN005223,2026-08-08 01:16:00,SUCCESS,00,1500,UPI,0
TXN005224,2026-08-25 11:19:00,SUCCESS,00,2500,UPI,3
TXN005225,2026-08-19 20:08:00,SUCCESS,00,5000,CARD,0
TXN005226,2026-08-30 01:27:00,FAILED,91,5000,NETBANKING,0
TXN005227,2026-08-02 19:01:00,FAILED,05,1500,NETBANKING,0
TXN005228,2026-08-01 05:59:00,SUCCESS,00,500,CARD,1
TXN005229,2026-08-03 05:17:00,SUCCESS,00,500,NETBANKING,0
TXN005230,2026-08-29 11:47:00,SUCCESS,00,500,NETBANKING,0
TXN005231,2026-08-06 16:58:00,SUCCESS,00,500,UPI,0
TXN005232,2026-08-16 11:01:00,SUCCESS,00,10000,WALLET,0
TXN005233,2026-08-31 15:25:00,SUCCESS,00,500,NETBANKING,0
TXN005234,2026-08-02 18:21:00,SUCCESS,00,100,UPI,0
TXN005235,2026-08-18 14:14:00,SUCCESS,00,10000,WALLET,0
TXN005236,2026-08-18 17:17:00,SUCCESS,00,2500,CARD,0
TXN005237,2026-08-03 12:29:00,SUCCESS,00,1000,CARD,0
TXN005238,2026-08-30 02:31:00,SUCCESS,00,2500,CARD,3
TXN005239,2026-08-07 04:09:00,SUCCESS,00,2500,CARD,0
TXN005240,2026-08-10 19:50:00,SUCCESS,00,5000,WALLET,0
TXN005241,2026-08-02 22:35:00,SUCCESS,00,250,WALLET,0
TXN005242,2026-08-31 01:26:00,SUCCESS,00,1000,CARD,2
TXN005243,2026-08-27 05:50:00,SUCCESS,00,1500,UPI,0
TXN005244,2026-08-13 20:51:00,SUCCESS,00,100,UPI,0
TXN005245,2026-08-12 19:44:00,FAILED,51,500,WALLET,0
TXN005246,2026-08-19 07:22:00,SUCCESS,00,500,UPI,0
TXN005247,2026-08-11 11:20:00,SUCCESS,00,1500,UPI,0
TXN005248,2026-08-25 14:01:00,SUCCESS,00,500,WALLET,0
TXN005249,2026-08-08 03:11:00,SUCCESS,00,500,WALLET,0
TXN005250,2026-08-16 16:35:00,SUCCESS,00,2500,CARD,0
TXN005251,2026-08-07 12:29:00,SUCCESS,00,250,NETBANKING,0
TXN005252,2026-08-27 13:20:00,SUCCESS,00,500,NETBANKING,0
TXN005253,2026-08-18 01:13:00,SUCCESS,00,10000,UPI,0
TXN005254,2026-08-16 13:54:00,FAILED,91,2500,NETBANKING,0
TXN005255,2026-08-14 03:17:00,SUCCESS,00,10000,CARD,0
TXN005256,2026-08-20 13:29:00,SUCCESS,00,5000,NETBANKING,0
TXN005257,2026-08-21 19:43:00,SUCCESS,00,1000,CARD,0
TXN005258,2026-08-05 04:38:00,SUCCESS,00,1000,WALLET,0
TXN005259,2026-08-03 22:27:00,SUCCESS,00,500,CARD,0
TXN005260,2026-08-31 17:22:00,SUCCESS,00,1000,CARD,0
TXN005261,2026-08-16 21:14:00,SUCCESS,00,500,CARD,3
TXN005262,2026-08-18 21:55:00,SUCCESS,00,1000,UPI,0
TXN005263,2026-08-26 01:52:00,SUCCESS,00,250,WALLET,1
TXN005264,2026-08-22 14:06:00,FAILED,05,1000,WALLET,0
TXN005265,2026-08-12 09:15:00,SUCCESS,00,1500,UPI,0
TXN005266,2026-08-25 17:04:00,SUCCESS,00,250,UPI,0
TXN005267,2026-08-13 17:51:00,SUCCESS,00,250,WALLET,0
TXN005268,2026-08-02 17:42:00,SUCCESS,00,1500,NETBANKING,0
TXN005269,2026-08-30 17:30:00,SUCCESS,00,1000,WALLET,0
TXN005270,2026-08-26 06:44:00,SUCCESS,00,100,NETBANKING,0
TXN005271,2026-08-07 11:39:00,SUCCESS,00,1500,NETBANKING,0
TXN005272,2026-08-31 09:17:00,SUCCESS,00,10000,CARD,0
TXN005273,2026-08-29 06:17:00,SUCCESS,00,250,NETBANKING,0
TXN005274,2026-08-28 21:26:00,SUCCESS,00,1000,NETBANKING,0
TXN005275,2026-08-20 11:36:00,SUCCESS,00,500,UPI,0
TXN005276,2026-08-31 22:43:00,SUCCESS,00,5000,NETBANKING,0
TXN005277,2026-08-30 00:11:00,FAILED,91,10000,NETBANKING,0
TXN005278,2026-08-09 22:10:00,SUCCESS,00,500,NETBANKING,0
TXN005279,2026-08-09 23:12:00,SUCCESS,00,1500,CARD,2
TXN005280,2026-08-03 16:11:00,SUCCESS,00,250,CARD,0
TXN005281,2026-08-29 03:52:00,SUCCESS,00,100,WALLET,0
TXN005282,2026-08-23 09:16:00,SUCCESS,00,10000,WALLET,0
TXN005283,2026-08-03 18:54:00,SUCCESS,00,1000,UPI,0
TXN005284,2026-08-30 20:57:00,SUCCESS,00,10000,UPI,0
TXN005285,2026-08-09 15:57:00,SUCCESS,00,100,UPI,0
TXN005286,2026-09-01 02:32:00,FAILED,51,10000,WALLET,0
TXN005287,2026-08-19 15:56:00,SUCCESS,00,2500,NETBANKING,0
TXN005288,2026-08-09 18:36:00,SUCCESS,00,10000,UPI,0
TXN005289,2026-08-11 14:33:00,SUCCESS,00,10000,NETBANKING,0
TXN005290,2026-08-29 01:51:00,FAILED,05,5000,NETBANKING,0
TXN005291,2026-08-04 00:32:00,SUCCESS,00,500,WALLET,0
TXN005292,2026-08-24 03:29:00,SUCCESS,00,1000,CARD,0
TXN005293,2026-08-23 01:08:00,SUCCESS,00,10000,UPI,0
TXN005294,2026-08-18 01:08:00,SUCCESS,00,5000,NETBANKING,0
TXN005295,2026-08-29 16:55:00,FAILED,51,100,WALLET,0
TXN005296,2026-08-18 22:35:00,FAILED,91,1500,UPI,0
TXN005297,2026-08-20 00:42:00,SUCCESS,00,5000,UPI,0
TXN005298,2026-08-28 06:54:00,SUCCESS,00,100,CARD,0
TXN005299,2026-08-14 22:58:00,SUCCESS,00,10000,NETBANKING,0
TXN005300,2026-08-24 01:17:00,FAILED,91,2500,NETBANKING,0
TXN005301,2026-08-25 14:38:00,SUCCESS,00,10000,WALLET,0
TXN005302,2026-08-05 11:45:00,SUCCESS,00,250,UPI,0
TXN005303,2026-08-25 05:14:00,SUCCESS,00,500,NETBANKING,0
TXN005304,2026-08-18 06:11:00,SUCCESS,00,5000,NETBANKING,0
TXN005305,2026-08-23 01:17:00,SUCCESS,00,1000,CARD,0
TXN005306,2026-08-12 20:53:00,SUCCESS,00,10000,WALLET,0
TXN005307,2026-08-14 21:42:00,SUCCESS,00,5000,WALLET,0
TXN005308,2026-08-24 09:33:00,SUCCESS,00,250,NETBANKING,0
TXN005309,2026-08-30 11:52:00,SUCCESS,00,1000,CARD,0
TXN005310,2026-08-09 10:23:00,SUCCESS,00,2500,UPI,0
TXN005311,2026-09-01 04:17:00,SUCCESS,00,5000,WALLET,0
TXN005312,2026-08-20 20:47:00,SUCCESS,00,1000,CARD,0
TXN005313,2026-08-05 17:52:00,FAILED,91,5000,WALLET,0
TXN005314,2026-08-15 17:45:00,SUCCESS,00,10000,UPI,0
TXN005315,2026-08-17 15:57:00,SUCCESS,00,10000,CARD,0
TXN005316,2026-08-01 08:33:00,SUCCESS,00,250,CARD,0
TXN005317,2026-08-23 03:55:00,SUCCESS,00,100,WALLET,2
TXN005318,2026-08-31 02:43:00,SUCCESS,00,10000,UPI,0
TXN005319,2026-08-24 20:32:00,FAILED,51,10000,NETBANKING,0
TXN005320,2026-08-05 16:46:00,SUCCESS,00,250,NETBANKING,0
TXN005321,2026-08-14 21:51:00,SUCCESS,00,10000,CARD,0
TXN005322,2026-08-24 05:26:00,SUCCESS,00,1000,NETBANKING,0
TXN005323,2026-08-06 03:29:00,FAILED,51,100,CARD,0
TXN005324,2026-08-22 14:34:00,SUCCESS,00,100,CARD,0
TXN005325,2026-08-11 04:16:00,SUCCESS,00,250,UPI,0
TXN005326,2026-08-28 10:24:00,SUCCESS,00,1000,NETBANKING,0
TXN005327,2026-08-20 10:41:00,SUCCESS,00,2500,NETBANKING,0
TXN005328,2026-08-24 20:16:00,SUCCESS,00,250,WALLET,0
TXN005329,2026-08-13 13:46:00,SUCCESS,00,2500,NETBANKING,2
TXN005330,2026-08-23 17:10:00,FAILED,05,2500,UPI,0
TXN005331,2026-08-10 15:00:00,SUCCESS,00,250,NETBANKING,2
TXN005332,2026-08-15 07:37:00,SUCCESS,00,100,WALLET,0
TXN005333,2026-08-15 17:43:00,SUCCESS,00,10000,WALLET,0
TXN005334,2026-08-08 20:52:00,FAILED,91,250,NETBANKING,0
TXN005335,2026-08-24 03:52:00,SUCCESS,00,1000,WALLET,0
TXN005336,2026-08-15 11:02:00,SUCCESS,00,500,WALLET,0
TXN005337,2026-08-06 14:00:00,SUCCESS,00,100,NETBANKING,0
TXN005338,2026-08-16 07:31:00,SUCCESS,00,10000,CARD,0
TXN005339,2026-08-21 02:37:00,SUCCESS,00,10000,WALLET,0
TXN005340,2026-08-11 03:20:00,SUCCESS,00,1000,UPI,3
TXN005341,2026-08-18 04:32:00,SUCCESS,00,500,UPI,0
TXN005342,2026-08-20 03:24:00,SUCCESS,00,5000,NETBANKING,0
TXN005343,2026-08-13 00:21:00,SUCCESS,00,1000,NETBANKING,0
TXN005344,2026-08-04 14:51:00,SUCCESS,00,500,CARD,0
TXN005345,2026-08-13 12:55:00,SUCCESS,00,1500,UPI,0
TXN005346,2026-08-05 14:31:00,SUCCESS,00,500,UPI,0
TXN005347,2026-08-13 20:07:00,SUCCESS,00,2500,UPI,0
TXN005348,2026-08-04 11:35:00,SUCCESS,00,250,UPI,0
TXN005349,2026-08-02 21:51:00,FAILED,51,1000,CARD,0
TXN005350,2026-08-24 20:54:00,FAILED,51,100,CARD,0
TXN005351,2026-08-31 14:28:00,SUCCESS,00,10000,CARD,0
TXN005352,2026-08-01 00:04:00,SUCCESS,00,250,UPI,0
TXN005353,2026-08-08 18:10:00,SUCCESS,00,1500,WALLET,0
TXN005354,2026-08-26 22:07:00,SUCCESS,00,100,NETBANKING,0
TXN005355,2026-08-11 10:15:00,SUCCESS,00,250,UPI,0
TXN005356,2026-08-19 03:43:00,FAILED,91,1500,NETBANKING,0
TXN005357,2026-08-04 14:40:00,SUCCESS,00,5000,UPI,0
TXN005358,2026-08-14 14:31:00,SUCCESS,00,250,NETBANKING,0
TXN005359,2026-08-16 05:38:00,SUCCESS,00,100,WALLET,0
TXN005360,2026-08-01 12:02:00,SUCCESS,00,500,NETBANKING,0
TXN005361,2026-08-11 14:27:00,SUCCESS,00,250,UPI,0
TXN005362,2026-08-14 07:54:00,SUCCESS,00,10000,CARD,0
TXN005363,2026-08-30 22:01:00,SUCCESS,00,5000,WALLET,0
TXN005364,2026-08-19 13:50:00,SUCCESS,00,250,WALLET,0
TXN005365,2026-08-23 03:40:00,SUCCESS,00,1500,NETBANKING,2
TXN005366,2026-08-25 16:53:00,SUCCESS,00,2500,NETBANKING,0
TXN005367,2026-08-29 18:25:00,SUCCESS,00,100,CARD,0
TXN005368,2026-08-14 05:09:00,SUCCESS,00,1500,UPI,0
TXN005369,2026-08-16 05:42:00,FAILED,91,10000,NETBANKING,0
TXN005370,2026-08-28 03:13:00,SUCCESS,00,10000,NETBANKING,0
TXN005371,2026-08-03 22:30:00,SUCCESS,00,100,WALLET,0
TXN005372,2026-08-21 21:00:00,SUCCESS,00,250,UPI,0
TXN005373,2026-08-14 01:15:00,SUCCESS,00,1500,WALLET,0
TXN005374,2026-08-23 18:09:00,SUCCESS,00,10000,UPI,0
TXN005375,2026-08-26 11:09:00,FAILED,51,1000,UPI,0
TXN005376,2026-08-22 06:18:00,SUCCESS,00,10000,NETBANKING,0
TXN005377,2026-08-22 12:49:00,SUCCESS,00,2500,UPI,0
TXN005378,2026-08-26 22:59:00,SUCCESS,00,1500,WALLET,0
TXN005379,2026-08-06 06:31:00,SUCCESS,00,10000,CARD,0
TXN005380,2026-08-08 19:32:00,SUCCESS,00,100,NETBANKING,0
TXN005381,2026-08-09 06:08:00,SUCCESS,00,2500,WALLET,0
TXN005382,2026-08-05 03:28:00,SUCCESS,00,5000,UPI,0
TXN005383,2026-08-21 20:55:00,SUCCESS,00,250,WALLET,0
TXN005384,2026-08-24 16:08:00,SUCCESS,00,1000,WALLET,0
TXN005385,2026-08-26 17:59:00,SUCCESS,00,10000,CARD,0
TXN005386,2026-08-09 14:49:00,SUCCESS,00,2500,WALLET,0
TXN005387,2026-08-05 07:06:00,SUCCESS,00,1000,WALLET,2
TXN005388,2026-08-09 21:58:00,SUCCESS,00,5000,CARD,0
TXN005389,2026-08-05 19:57:00,SUCCESS,00,2500,CARD,0
TXN005390,2026-08-22 06:02:00,SUCCESS,00,10000,NETBANKING,0
TXN005391,2026-08-31 04:02:00,FAILED,05,1000,CARD,0
TXN005392,2026-09-01 00:11:00,SUCCESS,00,1500,NETBANKING,0
TXN005393,2026-08-21 01:33:00,SUCCESS,00,5000,NETBANKING,0
TXN005394,2026-08-07 20:03:00,SUCCESS,00,5000,WALLET,0
TXN005395,2026-08-18 07:58:00,SUCCESS,00,100,WALLET,3
TXN005396,2026-08-20 07:15:00,FAILED,51,1500,CARD,0
TXN005397,2026-08-09 02:56:00,SUCCESS,00,2500,CARD,0
TXN005398,2026-08-30 02:21:00,SUCCESS,00,10000,WALLET,0
TXN005399,2026-08-11 09:42:00,FAILED,91,5000,NETBANKING,0
TXN005400,2026-08-26 14:53:00,SUCCESS,00,5000,UPI,0
TXN005401,2026-08-10 04:39:00,SUCCESS,00,2500,NETBANKING,0
TXN005402,2026-08-30 10:21:00,SUCCESS,00,5000,CARD,0
TXN005403,2026-08-09 03:11:00,SUCCESS,00,1000,WALLET,0
TXN005404,2026-08-19 02:39:00,SUCCESS,00,2500,NETBANKING,0
TXN005405,2026-08-15 13:32:00,SUCCESS,00,1000,WALLET,0
TXN005406,2026-08-08 07:51:00,SUCCESS,00,1500,CARD,0
TXN005407,2026-08-05 20:51:00,SUCCESS,00,1000,NETBANKING,0
TXN005408,2026-08-04 13:50:00,SUCCESS,00,5000,UPI,0
TXN005409,2026-08-18 11:23:00,SUCCESS,00,250,CARD,0
TXN005410,2026-08-14 06:29:00,SUCCESS,00,1500,WALLET,0
TXN005411,2026-08-30 20:53:00,SUCCESS,00,100,WALLET,0
TXN005412,2026-08-08 14:59:00,SUCCESS,00,1500,CARD,0
TXN005413,2026-08-01 12:47:00,FAILED,51,1500,NETBANKING,0
TXN005414,2026-08-14 01:21:00,SUCCESS,00,1000,WALLET,0
TXN005415,2026-08-12 11:55:00,SUCCESS,00,10000,NETBANKING,0
TXN005416,2026-08-15 21:46:00,SUCCESS,00,2500,UPI,0
TXN005417,2026-08-03 18:21:00,SUCCESS,00,250,UPI,0
TXN005418,2026-08-01 10:55:00,SUCCESS,00,1500,CARD,0
TXN005419,2026-08-12 16:58:00,SUCCESS,00,5000,NETBANKING,0
TXN005420,2026-08-02 21:56:00,SUCCESS,00,250,NETBANKING,0
TXN005421,2026-08-08 23:58:00,SUCCESS,00,1500,CARD,0
TXN005422,2026-08-23 02:37:00,SUCCESS,00,2500,WALLET,0
TXN005423,2026-08-29 11:07:00,SUCCESS,00,100,UPI,0
TXN005424,2026-08-11 20:23:00,SUCCESS,00,100,WALLET,0
TXN005425,2026-08-25 09:51:00,SUCCESS,00,5000,NETBANKING,0
TXN005426,2026-08-31 17:26:00,SUCCESS,00,1500,UPI,0
TXN005427,2026-08-31 06:20:00,SUCCESS,00,1000,UPI,0
TXN005428,2026-08-19 05:54:00,SUCCESS,00,5000,WALLET,0
TXN005429,2026-08-18 00:27:00,SUCCESS,00,10000,CARD,3
TXN005430,2026-08-27 13:43:00,SUCCESS,00,10000,CARD,0
TXN005431,2026-08-19 01:30:00,FAILED,51,2500,WALLET,0
TXN005432,2026-08-04 03:41:00,SUCCESS,00,10000,NETBANKING,0
TXN005433,2026-08-13 23:36:00,SUCCESS,00,100,UPI,0
TXN005434,2026-08-23 18:21:00,FAILED,05,250,CARD,0
TXN005435,2026-08-15 08:17:00,SUCCESS,00,250,NETBANKING,0
TXN005436,2026-08-31 05:30:00,SUCCESS,00,250,WALLET,0
TXN005437,2026-08-27 10:36:00,SUCCESS,00,5000,NETBANKING,0
TXN005438,2026-08-28 15:11:00,SUCCESS,00,2500,CARD,0
TXN005439,2026-08-22 16:09:00,SUCCESS,00,10000,UPI,0
TXN005440,2026-08-19 05:06:00,FAILED,51,1500,UPI,0
TXN005441,2026-08-27 22:18:00,SUCCESS,00,1000,UPI,0
TXN005442,2026-08-25 08:40:00,SUCCESS,00,1500,CARD,0
TXN005443,2026-08-20 06:23:00,SUCCESS,00,1000,WALLET,0
TXN005444,2026-08-04 16:55:00,SUCCESS,00,250,UPI,0
TXN005445,2026-08-14 16:58:00,SUCCESS,00,10000,CARD,0
TXN005446,2026-08-31 19:52:00,SUCCESS,00,250,UPI,0
TXN005447,2026-08-17 20:11:00,SUCCESS,00,2500,UPI,0
TXN005448,2026-08-11 11:57:00,SUCCESS,00,2500,UPI,0
TXN005449,2026-08-21 13:17:00,SUCCESS,00,1000,UPI,0
TXN005450,2026-08-15 19:42:00,SUCCESS,00,250,CARD,0
TXN005451,2026-08-06 23:59:00,SUCCESS,00,2500,WALLET,0
TXN005452,2026-08-26 12:42:00,SUCCESS,00,5000,NETBANKING,0
TXN005453,2026-08-28 11:36:00,SUCCESS,00,5000,CARD,0
TXN005454,2026-08-16 05:14:00,FAILED,05,5000,CARD,0
TXN005455,2026-08-22 09:32:00,SUCCESS,00,1000,UPI,0
TXN005456,2026-08-17 01:22:00,FAILED,51,5000,CARD,0
TXN005457,2026-08-13 16:52:00,SUCCESS,00,250,NETBANKING,1
TXN005458,2026-08-08 01:04:00,FAILED,51,10000,UPI,0
TXN005459,2026-08-22 05:40:00,SUCCESS,00,100,WALLET,0
TXN005460,2026-08-22 20:18:00,SUCCESS,00,1500,NETBANKING,0
TXN005461,2026-08-16 16:18:00,SUCCESS,00,500,UPI,0
TXN005462,2026-08-17 08:51:00,SUCCESS,00,1500,CARD,0
TXN005463,2026-08-12 07:18:00,SUCCESS,00,100,UPI,0
TXN005464,2026-08-14 07:02:00,SUCCESS,00,500,UPI,0
TXN005465,2026-08-07 17:07:00,FAILED,91,1000,UPI,0
TXN005466,2026-08-09 16:13:00,SUCCESS,00,5000,WALLET,0
TXN005467,2026-08-31 04:28:00,SUCCESS,00,1000,CARD,0
TXN005468,2026-08-30 01:01:00,SUCCESS,00,2500,UPI,0
TXN005469,2026-08-05 23:28:00,SUCCESS,00,5000,UPI,0
TXN005470,2026-08-06 07:26:00,SUCCESS,00,250,NETBANKING,0
TXN005471,2026-08-14 04:57:00,SUCCESS,00,1500,NETBANKING,0
TXN005472,2026-08-29 08:55:00,SUCCESS,00,1500,UPI,0
TXN005473,2026-08-03 20:02:00,SUCCESS,00,500,WALLET,0
TXN005474,2026-08-01 10:52:00,SUCCESS,00,5000,UPI,0
TXN005475,2026-08-09 22:19:00,FAILED,51,2500,WALLET,0
TXN005476,2026-08-11 00:39:00,SUCCESS,00,100,WALLET,0
TXN005477,2026-08-29 13:57:00,SUCCESS,00,10000,NETBANKING,0
TXN005478,2026-08-31 00:14:00,SUCCESS,00,100,NETBANKING,0
TXN005479,2026-08-16 11:55:00,SUCCESS,00,10000,CARD,0
TXN005480,2026-08-11 04:54:00,SUCCESS,00,10000,WALLET,0
TXN005481,2026-08-31 05:19:00,SUCCESS,00,1500,CARD,0
TXN005482,2026-08-15 11:38:00,SUCCESS,00,5000,WALLET,0
TXN005483,2026-08-26 03:59:00,SUCCESS,00,1500,WALLET,0
TXN005484,2026-08-21 01:26:00,SUCCESS,00,5000,WALLET,0
TXN005485,2026-08-27 12:53:00,SUCCESS,00,2500,UPI,0
TXN005486,2026-08-16 19:39:00,SUCCESS,00,1000,NETBANKING,0
TXN005487,2026-08-14 06:22:00,SUCCESS,00,10000,WALLET,0
TXN005488,2026-08-22 03:56:00,SUCCESS,00,5000,NETBANKING,0
TXN005489,2026-08-19 17:58:00,SUCCESS,00,250,CARD,0
TXN005490,2026-08-30 01:48:00,SUCCESS,00,10000,CARD,0
TXN005491,2026-08-08 21:05:00,SUCCESS,00,100,UPI,0
TXN005492,2026-08-23 08:46:00,FAILED,51,500,CARD,0
TXN005493,2026-08-25 00:02:00,SUCCESS,00,250,UPI,0
TXN005494,2026-08-12 07:21:00,SUCCESS,00,500,UPI,0
TXN005495,2026-08-05 12:27:00,SUCCESS,00,10000,WALLET,0
TXN005496,2026-08-10 05:37:00,SUCCESS,00,10000,WALLET,0
TXN005497,2026-08-30 08:46:00,SUCCESS,00,5000,WALLET,0
TXN005498,2026-08-13 07:07:00,SUCCESS,00,1000,CARD,0
TXN005499,2026-08-03 20:39:00,SUCCESS,00,1000,UPI,0
TXN005500,2026-08-15 04:32:00,SUCCESS,00,5000,UPI,0
