transaction_id,ledger_timestamp,ledger_status,ledger_amount
TXN000001,2026-08-31 01:44:33.180800,PENDING,1500.0
TXN000002,2026-08-23 12:58:56.845133,POSTED,2500.0
TXN000003,2026-08-13 09:58:59.096214,POSTED,10000.0
TXN000004,2026-09-03 20:54:34.684256,POSTED,500.0
TXN000005,2026-08-16 07:20:23.656777,POSTED,2500.0
TXN000006,2026-08-05 21:32:47.672183,POSTED,250.0
TXN000007,2026-08-05 21:30:32.334453,POSTED,100.0
TXN000008,2026-08-11 15:27:15.650304,POSTED,100.0
TXN000009,2026-08-11 06:47:50.985196,POSTED,1500.0
TXN000010,2026-08-04 03:47:43.820434,POSTED,1500.0
TXN000011,2026-08-11 13:20:19.664199,POSTED,1000.0
TXN000012,2026-09-03 22:13:28.572807,POSTED,2000.0
TXN000013,2026-08-11 17:08:16.991780,POSTED,1000.0
TXN000014,2026-08-23 18:05:51.904692,POSTED,100.0
TXN000015,2026-08-06 23:27:02.378579,POSTED,5000.0
TXN000016,2026-08-03 21:34:28.488022,POSTED,750.0
TXN000017,2026-08-16 08:49:09.719297,POSTED,100.0
TXN000018,2026-08-24 02:01:39.387656,POSTED,1500.0
TXN000019,2026-08-30 01:11:51.880999,POSTED,2000.0
TXN000021,2026-08-14 02:11:13.293611,PENDING,100.0
TXN000022,2026-08-21 23:38:10.612539,POSTED,2500.0
TXN000023,2026-08-09 01:01:18.292228,POSTED,250.0
TXN000024,2026-08-26 01:05:23.584406,POSTED,1500.0
TXN000025,2026-09-02 08:53:41.786028,PENDING,100.0
TXN000026,2026-08-29 03:50:58.494793,POSTED,750.0
TXN000027,2026-08-22 05:09:53.755311,POSTED,2500.0
TXN000028,2026-08-09 06:54:56.752487,POSTED,2000.0
TXN000029,2026-08-06 01:19:41.700231,PENDING,5000.0
TXN000030,2026-08-21 16:42:50.641597,POSTED,1500.0
TXN000031,2026-08-09 06:57:42.687207,POSTED,250.0
TXN000032,2026-08-04 11:24:29.833568,POSTED,2500.0
TXN000033,2026-08-31 00:30:58.438670,POSTED,750.0
TXN000034,2026-08-13 20:48:29.790177,POSTED,500.0
TXN000035,2026-08-12 12:01:57.047369,POSTED,1032.0
TXN000036,2026-08-31 03:15:13.974689,POSTED,250.0
TXN000037,2026-08-29 00:50:34.747826,POSTED,1000.0
TXN000038,2026-08-07 00:02:01.977023,POSTED,1000.0
TXN000039,2026-09-02 14:26:09.182697,POSTED,100.0
TXN000040,2026-09-01 10:45:27.638916,POSTED,2000.0
TXN000042,2026-09-03 07:24:58.869441,PENDING,100.0
TXN000043,2026-08-11 08:17:21.031545,POSTED,750.0
TXN000044,2026-08-10 23:33:12.849151,PENDING,2500.0
TXN000045,2026-08-07 22:38:52.569621,POSTED,5000.0
TXN000046,2026-08-30 18:04:11.903868,PENDING,100.0
TXN000047,2026-08-27 02:01:33.233079,POSTED,1000.0
TXN000049,2026-08-07 10:19:36.737125,POSTED,25000.0
TXN000050,2026-08-21 05:36:02.257076,PENDING,1500.0
TXN000051,2026-08-10 17:44:56.945599,POSTED,500.0
TXN000052,2026-08-12 02:30:27.913860,POSTED,100.0
TXN000054,2026-08-26 18:56:52.761049,POSTED,2500.0
TXN000055,2026-08-03 12:41:09.269500,POSTED,2500.0
TXN000057,2026-09-04 20:16:34.759733,POSTED,2000.0
TXN000058,2026-08-19 09:17:08.452926,POSTED,250.0
TXN000059,2026-08-16 17:30:01.022511,PENDING,500.0
TXN000060,2026-08-09 03:38:54.127309,POSTED,493.0
TXN000061,2026-08-27 17:01:57.948759,POSTED,100.0
TXN000062,2026-08-18 16:19:47.495940,PENDING,5000.0
TXN000063,2026-08-12 20:48:40.037622,POSTED,250.0
TXN000064,2026-08-25 14:41:58.855859,POSTED,1000.0
TXN000065,2026-08-31 08:22:19.786338,PENDING,100.0
TXN000067,2026-08-23 17:59:04.382454,POSTED,500.0
TXN000068,2026-09-02 14:38:57.297948,POSTED,100.0
TXN000069,2026-08-09 04:49:19.189182,PENDING,250.0
TXN000070,2026-08-19 08:38:46.462027,PENDING,250.0
TXN000071,2026-08-16 18:42:06.885268,PENDING,100.0
TXN000072,2026-08-03 02:51:42.666686,POSTED,1500.0
TXN000073,2026-09-03 17:09:43.564163,POSTED,100.0
TXN000074,2026-08-20 14:53:40.946602,POSTED,2500.0
TXN000075,2026-08-07 05:12:22.064160,POSTED,250.0
TXN000076,2026-08-09 22:52:37.912270,POSTED,25000.0
TXN000077,2026-09-02 17:09:44.671629,POSTED,10000.0
TXN000078,2026-08-28 15:49:43.138487,POSTED,750.0
TXN000079,2026-08-09 01:49:12.653575,POSTED,500.0
TXN000080,2026-08-20 07:07:46.452200,POSTED,500.0
TXN000081,2026-08-09 15:28:27.892649,POSTED,250.0
TXN000082,2026-09-02 15:41:08.071499,POSTED,5000.0
TXN000083,2026-08-10 19:56:29.855037,POSTED,2500.0
TXN000084,2026-09-01 20:03:44.071352,POSTED,750.0
TXN000085,2026-08-29 19:38:19.744087,POSTED,500.0
TXN000087,2026-09-02 08:29:49.530927,POSTED,750.0
TXN000088,2026-08-26 06:56:43.382468,PENDING,1000.0
TXN000089,2026-08-22 16:42:05.434380,POSTED,2500.0
TXN000090,2026-09-02 08:29:11.213976,POSTED,25000.0
TXN000091,2026-08-17 09:56:03.061003,POSTED,500.0
TXN000092,2026-08-15 11:00:07.466866,POSTED,2500.0
TXN000093,2026-08-18 14:39:36.841117,POSTED,2500.0
TXN000094,2026-08-22 22:35:49.695696,POSTED,2500.0
TXN000095,2026-08-13 16:42:56.001422,PENDING,250.0
TXN000096,2026-08-17 17:40:05.547684,POSTED,2000.0
TXN000097,2026-08-24 13:51:04.384775,POSTED,10000.0
TXN000098,2026-08-15 08:47:10.117190,PENDING,25000.0
TXN000099,2026-08-04 17:43:25.048215,POSTED,250.0
TXN000100,2026-08-22 02:57:53.735030,POSTED,2000.0
TXN000101,2026-08-07 12:18:56.778879,PENDING,500.0
TXN000102,2026-08-12 12:01:37.127866,POSTED,5000.0
TXN000103,2026-08-30 04:58:00.526485,POSTED,10000.0
TXN000104,2026-09-02 01:07:35.273000,POSTED,5000.0
TXN000105,2026-08-30 09:31:38.279031,PENDING,2000.0
TXN000106,2026-08-08 09:04:35.319855,POSTED,2000.0
TXN000107,2026-08-16 04:46:36.654605,POSTED,750.0
TXN000109,2026-08-11 03:27:58.920502,POSTED,100.0
TXN000110,2026-08-06 05:45:43.402222,POSTED,500.0
TXN000111,2026-08-29 23:01:43.271524,POSTED,750.0
TXN000112,2026-08-27 07:10:44.637342,POSTED,2000.0
TXN000113,2026-09-03 14:58:31.447942,POSTED,5000.0
TXN000114,2026-08-16 10:02:28.194595,POSTED,10000.0
TXN000115,2026-08-30 23:42:24.697864,POSTED,2500.0
TXN000116,2026-09-04 21:31:31.431806,POSTED,2588.0
TXN000117,2026-08-24 00:22:30.490266,POSTED,500.0
TXN000118,2026-08-22 04:23:06.863885,PENDING,250.0
TXN000119,2026-09-02 20:27:01.484617,POSTED,25000.0
TXN000120,2026-08-18 17:34:40.367878,POSTED,250.0
TXN000121,2026-08-05 04:30:48.645896,PENDING,100.0
TXN000122,2026-09-02 18:51:27.057206,POSTED,2500.0
TXN000123,2026-08-12 10:30:38.607609,PENDING,2500.0
TXN000124,2026-08-12 23:38:34.943782,PENDING,1500.0
TXN000125,2026-08-12 11:06:10.500466,POSTED,1500.0
TXN000126,2026-08-27 14:22:50.835425,POSTED,2000.0
TXN000127,2026-09-02 04:14:47.706449,PENDING,1500.0
TXN000128,2026-08-27 02:49:04.023594,POSTED,1500.0
TXN000129,2026-08-10 01:18:47.014046,POSTED,250.0
TXN000130,2026-08-30 13:17:44.187021,POSTED,1000.0
TXN000131,2026-08-30 10:15:44.702484,POSTED,750.0
TXN000132,2026-08-04 16:02:50.734839,POSTED,100.0
TXN000133,2026-09-02 12:46:01.686470,POSTED,500.0
TXN000134,2026-08-07 23:31:06.643817,POSTED,1000.0
TXN000135,2026-09-02 01:19:10.753141,POSTED,500.0
TXN000136,2026-08-08 14:21:37.337323,POSTED,250.0
TXN000137,2026-08-28 01:29:04.527012,POSTED,1000.0
TXN000138,2026-08-19 15:11:48.384886,POSTED,500.0
TXN000139,2026-09-03 23:33:54.660107,POSTED,250.0
TXN000140,2026-08-22 14:08:09.795506,POSTED,1000.0
TXN000141,2026-08-20 22:02:41.291458,PENDING,750.0
TXN000142,2026-08-09 10:16:44.617292,POSTED,750.0
TXN000143,2026-08-18 16:53:53.538896,PENDING,100.0
TXN000144,2026-08-03 10:06:13.613934,POSTED,2000.0
TXN000145,2026-08-04 23:35:06.099644,POSTED,250.0
TXN000146,2026-08-07 12:11:06.788180,POSTED,250.0
TXN000147,2026-08-13 14:24:19.646400,POSTED,2500.0
TXN000149,2026-08-25 19:14:47.214597,PENDING,1000.0
TXN000150,2026-08-19 22:24:24.260347,POSTED,100.0
TXN000151,2026-08-27 18:24:04.534743,PENDING,1000.0
TXN000152,2026-08-04 00:58:57.695987,POSTED,750.0
TXN000153,2026-08-20 17:02:34.066071,POSTED,10000.0
TXN000154,2026-08-18 18:23:23.699110,POSTED,1007.0
TXN000155,2026-08-05 08:05:25.115895,POSTED,500.0
TXN000156,2026-08-26 00:46:08.199580,POSTED,1500.0
TXN000157,2026-08-18 22:42:36.721090,POSTED,25000.0
TXN000158,2026-08-18 07:24:50.406216,POSTED,25000.0
TXN000159,2026-08-27 23:49:45.001584,PENDING,1000.0
TXN000160,2026-08-18 03:32:20.048895,POSTED,750.0
TXN000161,2026-08-20 17:15:21.292556,POSTED,2500.0
TXN000162,2026-08-30 06:32:55.361734,POSTED,2000.0
TXN000163,2026-08-06 05:19:29.670899,POSTED,1000.0
TXN000164,2026-08-07 08:44:49.185499,POSTED,250.0
TXN000165,2026-08-25 12:53:18.359704,POSTED,250.0
TXN000166,2026-08-16 10:38:24.281507,POSTED,2500.0
TXN000167,2026-08-16 19:17:11.134380,POSTED,750.0
TXN000168,2026-08-06 15:12:03.684009,PENDING,25000.0
TXN000169,2026-08-27 03:20:51.682777,POSTED,250.0
TXN000170,2026-09-02 06:01:23.741084,POSTED,2000.0
TXN000171,2026-09-04 12:23:18.404786,POSTED,250.0
TXN000172,2026-08-13 18:02:15.660487,PENDING,100.0
TXN000173,2026-08-07 01:13:21.036478,POSTED,500.0
TXN000174,2026-08-09 12:20:43.364498,POSTED,500.0
TXN000175,2026-08-09 08:02:41.348709,POSTED,250.0
TXN000176,2026-09-02 13:17:29.018955,POSTED,250.0
TXN000177,2026-08-09 16:39:28.186207,POSTED,250.0
TXN000178,2026-08-06 13:44:53.021845,POSTED,250.0
TXN000180,2026-08-28 02:31:06.619733,POSTED,2000.0
TXN000181,2026-08-13 11:12:24.832661,PENDING,5000.0
TXN000182,2026-08-14 09:38:18.867179,POSTED,10000.0
TXN000183,2026-08-08 17:22:07.304138,PENDING,1500.0
TXN000184,2026-08-02 18:50:05.524613,POSTED,2000.0
TXN000185,2026-08-09 02:00:49.300668,PENDING,100.0
TXN000186,2026-09-01 02:06:35.339374,POSTED,2000.0
TXN000187,2026-08-06 22:13:35.773816,POSTED,249.0
TXN000188,2026-08-23 02:02:14.995041,POSTED,2500.0
TXN000189,2026-08-28 21:17:20.465455,POSTED,250.0
TXN000190,2026-08-27 19:09:36.688612,PENDING,500.0
TXN000191,2026-08-22 08:46:13.210949,POSTED,1000.0
TXN000192,2026-08-04 01:00:07.757874,POSTED,250.0
TXN000193,2026-09-02 11:42:17.533456,POSTED,750.0
TXN000194,2026-08-18 06:42:33.683031,POSTED,750.0
TXN000195,2026-08-26 16:13:33.567950,POSTED,100.0
TXN000196,2026-08-15 10:26:49.470412,POSTED,2000.0
TXN000197,2026-08-11 02:03:07.240063,PENDING,250.0
TXN000198,2026-08-08 04:17:45.683752,PENDING,1000.0
TXN000199,2026-08-12 06:03:16.220171,PENDING,1000.0
TXN000200,2026-08-07 14:38:14.447709,POSTED,2500.0
TXN000201,2026-08-23 23:02:53.195451,POSTED,500.0
TXN000202,2026-08-16 13:42:59.784350,POSTED,750.0
TXN000203,2026-08-06 06:06:28.962909,POSTED,256.0
TXN000204,2026-08-02 14:40:48.472320,POSTED,500.0
TXN000205,2026-08-25 22:00:08.833532,PENDING,100.0
TXN000206,2026-08-29 20:40:09.348122,POSTED,5000.0
TXN000207,2026-09-03 23:03:31.285258,POSTED,5000.0
TXN000208,2026-08-06 09:06:26.482393,POSTED,1500.0
TXN000209,2026-08-26 15:55:35.780241,POSTED,500.0
TXN000210,2026-08-14 05:46:55.638574,POSTED,2500.0
TXN000211,2026-08-04 03:38:02.887706,PENDING,1500.0
TXN000212,2026-08-30 12:24:59.205893,PENDING,750.0
TXN000213,2026-08-11 00:53:04.898611,POSTED,250.0
TXN000214,2026-08-23 19:18:50.240766,POSTED,100.0
TXN000215,2026-08-21 18:38:39.823307,POSTED,100.0
TXN000217,2026-08-20 03:36:49.631365,POSTED,250.0
TXN000218,2026-09-04 05:41:51.904252,POSTED,750.0
TXN000220,2026-09-04 04:26:16.983517,POSTED,250.0
TXN000221,2026-08-10 05:26:21.727163,POSTED,500.0
TXN000222,2026-09-01 12:18:31.199370,POSTED,500.0
TXN000223,2026-08-22 06:15:24.353955,PENDING,1500.0
TXN000224,2026-08-01 11:54:58.645371,POSTED,5000.0
TXN000225,2026-08-07 18:10:19.550847,POSTED,500.0
TXN000226,2026-09-04 16:24:06.820367,POSTED,5000.0
TXN000227,2026-08-16 05:13:58.905240,PENDING,2000.0
TXN000228,2026-08-02 04:48:55.449474,POSTED,2000.0
TXN000229,2026-08-16 16:39:36.525263,POSTED,250.0
TXN000230,2026-08-18 14:18:10.360115,POSTED,500.0
TXN000231,2026-08-09 23:45:20.754866,POSTED,10000.0
TXN000232,2026-08-21 10:48:14.614497,POSTED,250.0
TXN000233,2026-08-18 22:38:32.166016,PENDING,250.0
TXN000234,2026-08-16 12:01:28.154535,POSTED,250.0
TXN000235,2026-09-03 03:59:53.262820,POSTED,500.0
TXN000236,2026-08-03 08:33:33.525829,POSTED,100.0
TXN000238,2026-08-14 12:18:09.430795,POSTED,250.0
TXN000239,2026-08-21 14:05:46.563136,PENDING,10000.0
TXN000240,2026-08-04 06:47:23.184010,PENDING,1000.0
TXN000241,2026-08-30 11:52:13.477297,POSTED,2500.0
TXN000242,2026-08-12 20:54:41.141630,POSTED,1500.0
TXN000243,2026-08-25 18:58:39.714875,POSTED,1000.0
TXN000244,2026-09-03 05:12:36.120891,POSTED,2000.0
TXN000245,2026-09-01 10:34:34.385046,POSTED,25000.0
TXN000246,2026-08-18 09:03:19.938707,POSTED,5000.0
TXN000247,2026-08-07 23:20:32.785367,PENDING,1000.0
TXN000248,2026-08-13 22:39:49.463978,POSTED,1000.0
TXN000250,2026-08-15 22:14:59.821112,POSTED,2000.0
TXN000251,2026-09-01 00:43:34.432247,POSTED,1500.0
TXN000252,2026-08-11 16:41:46.797535,POSTED,250.0
TXN000253,2026-08-09 07:43:11.049876,POSTED,250.0
TXN000255,2026-08-05 08:14:58.643636,POSTED,1000.0
TXN000256,2026-08-11 09:57:30.051454,POSTED,500.0
TXN000257,2026-08-19 11:22:39.774324,POSTED,100.0
TXN000259,2026-09-03 11:59:15.682126,POSTED,1000.0
TXN000260,2026-08-17 20:29:22.092247,POSTED,1000.0
TXN000262,2026-08-24 18:29:59.095529,POSTED,100.0
TXN000263,2026-08-16 15:03:46.233378,POSTED,2500.0
TXN000264,2026-09-03 01:14:08.239055,POSTED,750.0
TXN000265,2026-08-04 21:35:59.988656,PENDING,1000.0
TXN000266,2026-08-18 11:00:28.443167,POSTED,100.0
TXN000267,2026-08-19 15:14:20.234450,PENDING,1500.0
TXN000268,2026-08-20 05:01:57.870059,POSTED,250.0
TXN000269,2026-09-01 14:14:34.347719,POSTED,2500.0
TXN000271,2026-08-14 03:23:08.715263,POSTED,10000.0
TXN000272,2026-08-10 23:47:39.328349,POSTED,1500.0
TXN000273,2026-08-19 02:08:37.334838,POSTED,1000.0
TXN000274,2026-08-27 06:59:43.037926,POSTED,2500.0
TXN000275,2026-08-07 19:57:25.189018,PENDING,100.0
TXN000276,2026-08-05 09:20:12.579223,PENDING,500.0
TXN000277,2026-08-02 02:39:01.762451,POSTED,250.0
TXN000278,2026-08-28 01:59:24.535248,PENDING,500.0
TXN000280,2026-09-01 01:50:52.042236,POSTED,1000.0
TXN000281,2026-08-27 14:36:23.066924,POSTED,1000.0
TXN000282,2026-08-15 17:38:26.053385,PENDING,2000.0
TXN000283,2026-08-14 21:12:16.973327,POSTED,500.0
TXN000284,2026-08-22 12:05:40.853891,POSTED,750.0
TXN000285,2026-08-12 23:11:30.211223,PENDING,2000.0
TXN000286,2026-08-18 21:34:33.668547,POSTED,5000.0
TXN000287,2026-08-25 02:40:58.399666,POSTED,1000.0
TXN000288,2026-08-23 12:07:45.058652,POSTED,10000.0
TXN000289,2026-08-20 12:08:02.782283,PENDING,750.0
TXN000290,2026-09-01 06:15:02.412147,POSTED,100.0
TXN000291,2026-08-25 17:49:37.977634,POSTED,1000.0
TXN000292,2026-08-07 13:00:48.284544,PENDING,750.0
TXN000293,2026-08-25 11:04:50.118421,PENDING,1500.0
TXN000295,2026-08-18 23:55:35.054130,POSTED,250.0
TXN000296,2026-08-25 01:03:16.444048,POSTED,1000.0
TXN000297,2026-08-22 23:23:52.510379,PENDING,500.0
TXN000298,2026-08-12 12:19:33.054424,POSTED,1500.0
TXN000299,2026-08-10 21:30:27.735488,POSTED,1000.0
TXN000301,2026-08-24 22:41:23.173518,POSTED,1500.0
TXN000302,2026-08-09 14:16:11.758677,POSTED,250.0
TXN000303,2026-08-29 12:46:50.288935,POSTED,500.0
TXN000304,2026-08-12 03:04:17.140023,POSTED,100.0
TXN000305,2026-08-17 00:36:12.472701,POSTED,100.0
TXN000306,2026-08-06 16:08:31.135475,POSTED,100.0
TXN000308,2026-08-15 17:02:14.305708,POSTED,500.0
TXN000309,2026-08-20 21:09:04.139363,POSTED,1500.0
TXN000310,2026-08-02 05:04:50.213773,POSTED,1500.0
TXN000311,2026-08-13 18:58:41.637395,POSTED,1500.0
TXN000312,2026-08-04 00:12:21.438977,POSTED,250.0
TXN000313,2026-08-12 08:41:06.151265,POSTED,2000.0
TXN000314,2026-08-06 12:00:47.813071,POSTED,100.0
TXN000315,2026-08-20 00:14:40.323501,POSTED,500.0
TXN000316,2026-08-18 17:01:55.661783,POSTED,2000.0
TXN000317,2026-08-22 05:23:27.995669,POSTED,100.0
TXN000318,2026-08-11 20:27:08.332546,PENDING,1000.0
TXN000319,2026-08-09 14:06:08.723146,PENDING,2000.0
TXN000320,2026-08-27 16:19:41.347001,POSTED,1500.0
TXN000321,2026-08-26 23:43:17.255973,POSTED,750.0
TXN000322,2026-08-28 15:42:22.990884,POSTED,100.0
TXN000323,2026-08-23 05:58:36.306512,POSTED,500.0
TXN000324,2026-08-04 10:03:48.002084,POSTED,1500.0
TXN000325,2026-08-16 11:17:04.953291,POSTED,250.0
TXN000326,2026-09-03 17:53:26.722719,POSTED,2000.0
TXN000327,2026-08-08 18:36:31.872959,POSTED,100.0
TXN000328,2026-09-02 04:13:55.186972,POSTED,2500.0
TXN000329,2026-08-06 22:54:34.679119,POSTED,10000.0
TXN000330,2026-08-07 12:56:17.000601,POSTED,5000.0
TXN000331,2026-08-24 13:46:59.236473,POSTED,500.0
TXN000332,2026-08-19 23:10:14.295693,POSTED,250.0
TXN000333,2026-08-27 15:24:35.567083,POSTED,2500.0
TXN000334,2026-08-29 23:53:07.175777,PENDING,1000.0
TXN000335,2026-08-07 12:29:44.929465,POSTED,500.0
TXN000336,2026-08-26 00:51:36.929831,PENDING,1000.0
TXN000339,2026-08-18 00:51:51.093909,POSTED,100.0
TXN000340,2026-08-26 23:04:16.720749,POSTED,2000.0
TXN000341,2026-09-03 23:28:14.517945,POSTED,500.0
TXN000342,2026-08-02 04:30:26.063430,POSTED,500.0
TXN000343,2026-08-09 07:58:00.073718,POSTED,750.0
TXN000345,2026-08-05 06:26:05.265702,POSTED,2000.0
TXN000346,2026-08-07 20:05:07.566279,PENDING,500.0
TXN000347,2026-09-02 20:18:13.654469,POSTED,2000.0
TXN000348,2026-09-03 10:03:55.917450,PENDING,1000.0
TXN000349,2026-08-05 15:29:41.744845,POSTED,750.0
TXN000350,2026-08-31 04:03:15.511556,POSTED,2000.0
TXN000351,2026-08-08 05:36:08.781474,PENDING,100.0
TXN000352,2026-08-31 09:18:53.729084,POSTED,100.0
TXN000355,2026-08-07 17:18:52.532350,POSTED,2500.0
TXN000356,2026-09-01 07:39:19.247096,PENDING,100.0
TXN000357,2026-08-10 15:11:57.701075,POSTED,500.0
TXN000358,2026-08-31 09:15:10.298597,POSTED,750.0
TXN000359,2026-08-05 20:42:58.051241,POSTED,10282.0
TXN000360,2026-08-09 10:15:51.795263,POSTED,250.0
TXN000361,2026-08-19 11:18:11.855954,POSTED,1500.0
TXN000362,2026-08-28 14:49:35.008477,POSTED,750.0
TXN000363,2026-08-03 06:28:03.975019,POSTED,2000.0
TXN000364,2026-08-15 23:34:21.220616,POSTED,100.0
TXN000365,2026-08-21 19:41:47.651005,POSTED,500.0
TXN000366,2026-08-10 05:27:52.714406,PENDING,1500.0
TXN000367,2026-08-03 19:00:31.194523,PENDING,5000.0
TXN000368,2026-08-28 19:12:10.953226,PENDING,500.0
TXN000369,2026-08-10 22:17:05.655319,POSTED,5000.0
TXN000371,2026-08-27 04:33:04.003246,POSTED,2000.0
TXN000372,2026-08-27 00:07:12.139415,POSTED,1500.0
TXN000374,2026-08-28 23:41:42.721805,POSTED,100.0
TXN000375,2026-08-01 03:16:55.762966,POSTED,100.0
TXN000376,2026-08-19 22:01:59.020721,POSTED,2500.0
TXN000377,2026-08-10 21:38:18.080923,PENDING,2500.0
TXN000378,2026-08-03 15:55:46.831619,POSTED,1500.0
TXN000379,2026-09-04 23:09:06.137146,POSTED,500.0
TXN000380,2026-08-02 14:38:59.231859,PENDING,2000.0
TXN000381,2026-08-16 14:19:45.657659,POSTED,2000.0
TXN000382,2026-08-24 21:10:18.566443,PENDING,2500.0
TXN000383,2026-08-13 11:51:44.567831,POSTED,250.0
TXN000384,2026-08-10 23:03:05.296566,POSTED,250.0
TXN000385,2026-09-02 00:31:10.393528,POSTED,2500.0
TXN000386,2026-08-03 13:39:12.765670,POSTED,100.0
TXN000387,2026-08-10 18:36:30.370875,PENDING,100.0
TXN000388,2026-08-18 13:46:08.138032,POSTED,500.0
TXN000389,2026-08-12 22:04:06.056103,PENDING,250.0
TXN000390,2026-09-02 09:20:19.208241,POSTED,2000.0
TXN000391,2026-08-21 19:40:22.910911,POSTED,250.0
TXN000392,2026-09-04 16:27:07.719479,POSTED,1000.0
TXN000393,2026-08-24 03:10:14.675768,POSTED,100.0
TXN000394,2026-09-01 10:47:36.656193,PENDING,2000.0
TXN000395,2026-08-28 05:56:28.052444,POSTED,750.0
TXN000396,2026-09-01 15:18:44.998373,PENDING,1000.0
TXN000397,2026-08-01 12:18:58.889568,POSTED,2500.0
TXN000398,2026-08-06 12:53:38.434183,POSTED,750.0
TXN000399,2026-08-15 03:27:01.035614,POSTED,23958.0
TXN000400,2026-08-24 04:02:40.372257,POSTED,10000.0
TXN000401,2026-08-10 19:31:31.652891,PENDING,100.0
TXN000402,2026-08-01 08:00:44.590918,POSTED,250.0
TXN000403,2026-08-10 14:05:21.051585,PENDING,500.0
TXN000404,2026-08-30 10:14:32.143412,POSTED,2000.0
TXN000405,2026-08-23 03:44:56.343826,POSTED,1500.0
TXN000406,2026-08-22 11:44:35.781805,POSTED,500.0
TXN000407,2026-08-16 06:44:53.363386,POSTED,100.0
TXN000409,2026-08-24 12:40:17.816205,POSTED,2000.0
TXN000410,2026-08-01 04:23:30.378807,POSTED,500.0
TXN000411,2026-08-08 05:52:51.580786,POSTED,25000.0
TXN000412,2026-08-21 05:50:20.066305,POSTED,769.0
TXN000413,2026-08-02 08:11:42.999781,POSTED,1000.0
TXN000415,2026-08-20 07:27:31.034990,POSTED,2500.0
TXN000416,2026-08-10 12:38:53.681596,POSTED,2500.0
TXN000417,2026-08-09 06:00:23.386620,POSTED,1000.0
TXN000418,2026-09-02 11:02:19.314227,POSTED,100.0
TXN000419,2026-08-05 00:05:22.363456,POSTED,2500.0
TXN000420,2026-08-03 01:14:51.309513,POSTED,5000.0
TXN000421,2026-08-07 14:36:44.013512,POSTED,750.0
TXN000422,2026-08-23 20:19:36.913823,POSTED,250.0
TXN000423,2026-08-16 04:54:54.689540,POSTED,500.0
TXN000424,2026-08-09 11:45:02.998981,POSTED,500.0
TXN000426,2026-08-07 15:07:13.326217,POSTED,250.0
TXN000427,2026-09-04 07:35:06.340792,POSTED,1500.0
TXN000428,2026-08-07 07:22:58.226025,POSTED,750.0
TXN000429,2026-08-19 02:17:19.011284,PENDING,2500.0
TXN000430,2026-08-07 06:44:37.004603,POSTED,1500.0
TXN000431,2026-08-27 08:30:05.914204,PENDING,2000.0
TXN000432,2026-08-22 02:01:41.503866,POSTED,489.0
TXN000433,2026-08-04 17:47:46.791891,POSTED,500.0
TXN000434,2026-08-21 03:00:16.574792,POSTED,100.0
TXN000435,2026-08-21 15:03:16.470587,POSTED,5000.0
TXN000437,2026-08-19 06:35:39.430333,PENDING,1000.0
TXN000438,2026-08-19 01:53:04.927617,POSTED,750.0
TXN000439,2026-08-27 13:26:25.862379,POSTED,750.0
TXN000440,2026-08-04 11:11:38.904011,POSTED,250.0
TXN000441,2026-08-24 18:43:59.508811,POSTED,5000.0
TXN000442,2026-09-04 15:01:43.668697,POSTED,250.0
TXN000443,2026-08-13 03:15:48.816500,PENDING,2000.0
TXN000444,2026-08-23 19:57:26.316733,POSTED,5000.0
TXN000446,2026-08-04 06:24:00.876825,POSTED,2000.0
TXN000447,2026-08-03 07:34:35.116771,POSTED,1500.0
TXN000448,2026-08-11 18:21:07.884432,POSTED,1500.0
TXN000449,2026-08-27 01:56:47.602576,POSTED,1000.0
TXN000450,2026-08-22 22:05:01.301694,POSTED,2500.0
TXN000452,2026-08-30 11:57:54.866033,POSTED,2500.0
TXN000453,2026-08-25 18:20:44.437699,PENDING,2000.0
TXN000454,2026-09-02 21:52:59.426594,PENDING,100.0
TXN000455,2026-08-21 06:22:43.983343,POSTED,250.0
TXN000456,2026-08-07 02:40:52.093593,POSTED,500.0
TXN000457,2026-08-14 17:18:03.265125,PENDING,100.0
TXN000458,2026-08-16 12:58:41.866396,POSTED,100.0
TXN000459,2026-09-01 04:12:56.718793,POSTED,100.0
TXN000460,2026-08-01 22:54:35.803677,POSTED,100.0
TXN000461,2026-08-03 22:51:19.479059,PENDING,250.0
TXN000462,2026-08-21 12:36:28.218329,PENDING,100.0
TXN000464,2026-08-15 05:15:25.504972,POSTED,500.0
TXN000465,2026-08-28 04:23:38.762799,POSTED,100.0
TXN000466,2026-08-19 20:04:00.871568,POSTED,1500.0
TXN000467,2026-08-30 16:19:06.601989,POSTED,2000.0
TXN000468,2026-08-14 00:19:13.271267,POSTED,5000.0
TXN000469,2026-09-02 20:28:57.858421,POSTED,2000.0
TXN000470,2026-08-20 00:35:47.660653,POSTED,1000.0
TXN000471,2026-08-01 05:00:03.546050,POSTED,509.0
TXN000472,2026-08-24 23:40:06.588996,PENDING,100.0
TXN000473,2026-08-24 19:31:18.150369,POSTED,1000.0
TXN000474,2026-08-31 06:42:59.235023,POSTED,10000.0
TXN000475,2026-09-02 19:20:30.520314,POSTED,1451.0
TXN000476,2026-08-12 11:08:30.602618,POSTED,250.0
TXN000477,2026-08-01 14:03:36.241960,PENDING,100.0
TXN000478,2026-08-17 01:40:52.442030,POSTED,750.0
TXN000479,2026-08-21 16:45:31.975480,POSTED,2500.0
TXN000480,2026-09-02 11:03:41.126026,POSTED,500.0
TXN000481,2026-08-22 09:42:48.916133,POSTED,2000.0
TXN000482,2026-08-07 13:52:56.820666,PENDING,500.0
TXN000483,2026-08-17 16:11:01.154747,POSTED,500.0
TXN000484,2026-08-23 16:13:08.459323,PENDING,100.0
TXN000485,2026-08-18 13:33:05.101203,PENDING,1000.0
TXN000486,2026-08-24 19:57:45.789528,PENDING,750.0
TXN000487,2026-08-31 12:22:37.115870,POSTED,1500.0
TXN000488,2026-08-16 21:42:04.343382,POSTED,500.0
TXN000489,2026-08-04 16:48:19.606279,POSTED,250.0
TXN000490,2026-08-20 11:41:45.027794,POSTED,250.0
TXN000491,2026-08-31 11:28:14.726101,PENDING,1000.0
TXN000492,2026-08-03 07:40:39.645850,POSTED,100.0
TXN000493,2026-08-27 06:46:32.162851,POSTED,500.0
TXN000494,2026-09-04 18:41:43.841901,POSTED,2500.0
TXN000495,2026-09-02 20:27:22.187004,POSTED,500.0
TXN000496,2026-08-25 14:44:09.195231,POSTED,100.0
TXN000497,2026-08-26 13:01:45.779697,POSTED,1500.0
TXN000498,2026-08-17 17:38:40.557575,POSTED,1000.0
TXN000499,2026-08-17 11:10:45.981961,POSTED,250.0
TXN000500,2026-08-13 02:56:44.093780,POSTED,1000.0
TXN000501,2026-08-03 02:06:01.832026,POSTED,2000.0
TXN000502,2026-08-07 12:48:29.376653,POSTED,2000.0
TXN000503,2026-08-19 09:46:27.687239,PENDING,100.0
TXN000504,2026-08-17 14:39:45.526912,POSTED,5000.0
TXN000505,2026-08-24 16:20:59.314483,POSTED,750.0
TXN000506,2026-09-03 05:53:08.537462,POSTED,100.0
TXN000507,2026-08-14 22:15:50.652841,POSTED,25000.0
TXN000508,2026-08-09 03:59:48.713523,POSTED,500.0
TXN000509,2026-08-17 13:07:31.158657,POSTED,100.0
TXN000510,2026-08-14 13:44:46.446700,POSTED,1500.0
TXN000511,2026-08-17 13:40:33.125285,POSTED,1500.0
TXN000512,2026-08-04 11:23:06.571856,POSTED,5000.0
TXN000513,2026-08-01 13:05:01.996311,POSTED,250.0
TXN000514,2026-08-27 04:14:57.406127,POSTED,1500.0
TXN000515,2026-08-22 11:32:05.549174,POSTED,750.0
TXN000516,2026-08-14 23:14:46.680935,PENDING,100.0
TXN000517,2026-08-21 03:00:03.138630,POSTED,1000.0
TXN000518,2026-08-30 01:21:09.632300,POSTED,2500.0
TXN000519,2026-08-03 00:19:11.259754,POSTED,1500.0
TXN000520,2026-09-04 15:34:02.364986,POSTED,2500.0
TXN000521,2026-08-03 06:37:27.777565,POSTED,500.0
TXN000522,2026-08-30 17:31:36.369528,POSTED,750.0
TXN000523,2026-08-23 14:50:45.294147,POSTED,250.0
TXN000524,2026-08-20 10:25:01.895904,PENDING,1000.0
TXN000527,2026-08-29 07:57:42.606340,POSTED,1000.0
TXN000528,2026-08-27 21:23:01.875910,POSTED,2000.0
TXN000529,2026-08-16 21:27:53.191588,POSTED,5000.0
TXN000530,2026-08-20 19:08:45.561629,POSTED,750.0
TXN000531,2026-08-30 10:32:54.275958,POSTED,2000.0
TXN000533,2026-08-12 10:40:20.869744,PENDING,1000.0
TXN000534,2026-08-09 07:14:37.355642,PENDING,1000.0
TXN000535,2026-08-06 07:05:29.184336,POSTED,500.0
TXN000536,2026-08-19 21:05:51.276330,POSTED,1000.0
TXN000537,2026-08-16 04:42:31.929603,POSTED,250.0
TXN000538,2026-08-09 00:14:01.304594,POSTED,500.0
TXN000539,2026-08-15 12:09:01.453342,POSTED,1500.0
TXN000540,2026-08-29 15:00:39.637509,PENDING,5000.0
TXN000541,2026-08-29 15:55:14.350971,POSTED,2500.0
TXN000542,2026-08-13 05:15:50.119972,POSTED,750.0
TXN000543,2026-08-15 06:04:53.461110,POSTED,2026.0
TXN000544,2026-09-02 13:21:52.981011,POSTED,5000.0
TXN000545,2026-08-02 08:29:22.029411,POSTED,2500.0
TXN000546,2026-08-02 19:14:07.204469,PENDING,2500.0
TXN000547,2026-09-04 05:48:00.902660,POSTED,750.0
TXN000549,2026-08-22 03:00:25.054811,POSTED,100.0
TXN000550,2026-08-26 12:16:18.480728,POSTED,100.0
TXN000551,2026-08-10 09:37:37.915963,POSTED,2500.0
TXN000552,2026-09-04 10:21:12.729351,POSTED,250.0
TXN000553,2026-08-21 05:02:31.179617,POSTED,5000.0
TXN000554,2026-08-16 00:09:49.389198,POSTED,100.0
TXN000555,2026-08-12 11:22:10.848830,POSTED,5000.0
TXN000556,2026-08-04 20:07:43.086196,POSTED,250.0
TXN000557,2026-08-23 22:25:13.156061,POSTED,2500.0
TXN000558,2026-09-04 15:49:08.478239,POSTED,750.0
TXN000559,2026-08-17 14:13:52.108796,POSTED,2500.0
TXN000560,2026-08-20 20:35:22.792157,PENDING,1500.0
TXN000561,2026-08-18 14:59:36.775021,POSTED,1000.0
TXN000562,2026-08-12 03:09:34.215423,PENDING,25000.0
TXN000563,2026-09-03 16:21:10.624759,POSTED,25000.0
TXN000564,2026-08-27 17:49:04.119487,POSTED,100.0
TXN000565,2026-08-06 03:07:41.060418,POSTED,1000.0
TXN000566,2026-08-10 10:21:15.284172,POSTED,1500.0
TXN000567,2026-08-27 07:21:38.961151,POSTED,100.0
TXN000568,2026-08-12 11:25:55.380544,POSTED,5000.0
TXN000569,2026-08-14 14:53:46.276129,POSTED,2500.0
TXN000570,2026-08-26 18:27:00.404149,POSTED,1500.0
TXN000571,2026-08-24 04:29:02.870305,PENDING,250.0
TXN000572,2026-08-11 19:57:48.046863,PENDING,750.0
TXN000573,2026-08-20 08:26:09.057960,POSTED,1500.0
TXN000574,2026-08-07 14:56:03.020203,PENDING,1500.0
TXN000575,2026-08-01 05:14:00.279453,POSTED,5000.0
TXN000576,2026-08-24 00:50:26.284065,POSTED,750.0
TXN000577,2026-08-29 10:07:40.155699,POSTED,2000.0
TXN000578,2026-08-01 05:04:53.197107,POSTED,1000.0
TXN000579,2026-08-03 05:34:31.400002,POSTED,1500.0
TXN000580,2026-08-19 03:47:51.302168,PENDING,100.0
TXN000581,2026-08-21 01:33:52.036154,POSTED,25000.0
TXN000582,2026-08-06 00:29:10.531558,POSTED,509.0
TXN000583,2026-08-01 20:15:42.675310,PENDING,250.0
TXN000584,2026-08-24 07:36:41.546149,POSTED,1000.0
TXN000585,2026-08-23 04:11:44.676362,POSTED,250.0
TXN000586,2026-08-26 13:12:09.855476,POSTED,10000.0
TXN000587,2026-08-27 00:51:10.532386,PENDING,1000.0
TXN000588,2026-08-05 17:00:15.647158,POSTED,1000.0
TXN000589,2026-08-13 01:55:21.766529,POSTED,500.0
TXN000590,2026-08-31 10:25:16.748264,POSTED,250.0
TXN000591,2026-08-04 18:16:02.138635,POSTED,500.0
TXN000592,2026-08-16 16:44:41.390936,POSTED,1500.0
TXN000593,2026-09-01 22:50:27.841156,POSTED,1000.0
TXN000594,2026-08-19 15:32:52.793314,POSTED,100.0
TXN000596,2026-08-10 17:10:08.392268,PENDING,100.0
TXN000597,2026-08-26 09:20:06.811529,PENDING,500.0
TXN000599,2026-08-26 16:21:14.627933,POSTED,250.0
TXN000600,2026-08-19 08:11:18.433810,PENDING,2000.0
TXN000601,2026-08-21 10:00:23.949408,PENDING,2500.0
TXN000602,2026-08-31 05:19:32.128140,POSTED,500.0
TXN000603,2026-08-03 23:44:25.143415,POSTED,2500.0
TXN000604,2026-08-02 13:17:35.711953,POSTED,99.0
TXN000605,2026-08-12 05:18:56.765782,POSTED,2000.0
TXN000606,2026-08-12 14:07:09.981648,PENDING,100.0
TXN000607,2026-08-21 18:48:27.554379,POSTED,500.0
TXN000608,2026-08-09 08:09:51.195193,POSTED,5000.0
TXN000609,2026-08-27 12:45:59.399402,POSTED,10000.0
TXN000610,2026-08-24 20:31:54.924746,POSTED,250.0
TXN000611,2026-08-06 12:33:27.971059,POSTED,2000.0
TXN000613,2026-08-28 12:40:55.252670,POSTED,2500.0
TXN000614,2026-08-22 05:16:16.312845,POSTED,1000.0
TXN000615,2026-08-31 18:49:40.226515,PENDING,750.0
TXN000616,2026-08-09 17:07:32.390939,POSTED,1000.0
TXN000617,2026-08-18 09:30:54.722201,PENDING,250.0
TXN000618,2026-08-09 02:21:50.394372,POSTED,1500.0
TXN000619,2026-08-06 06:29:28.489727,POSTED,500.0
TXN000620,2026-09-03 16:00:01.336171,PENDING,2500.0
TXN000621,2026-08-25 07:12:42.415029,POSTED,100.0
TXN000622,2026-08-21 04:33:38.568464,POSTED,1000.0
TXN000623,2026-08-08 12:08:58.387773,POSTED,500.0
TXN000624,2026-08-05 02:56:43.510660,POSTED,2500.0
TXN000625,2026-09-03 15:24:39.723642,PENDING,2500.0
TXN000626,2026-08-27 21:02:19.282082,PENDING,1000.0
TXN000627,2026-08-19 15:59:25.508335,POSTED,2000.0
TXN000628,2026-08-04 23:59:09.404322,POSTED,2000.0
TXN000629,2026-08-08 23:51:00.971897,POSTED,1500.0
TXN000630,2026-08-28 00:05:49.378332,POSTED,1500.0
TXN000631,2026-08-15 18:18:51.824636,POSTED,1000.0
TXN000632,2026-08-05 19:34:33.496220,POSTED,250.0
TXN000633,2026-08-24 18:03:54.510528,POSTED,10000.0
TXN000634,2026-08-24 18:18:45.550119,POSTED,500.0
TXN000635,2026-08-04 05:04:40.162993,POSTED,10000.0
TXN000636,2026-08-18 20:29:06.997160,POSTED,1000.0
TXN000637,2026-08-06 23:53:28.996275,PENDING,1500.0
TXN000639,2026-08-10 02:14:56.137328,POSTED,488.0
TXN000640,2026-08-29 17:53:53.883209,POSTED,100.0
TXN000641,2026-08-02 22:07:33.447858,POSTED,750.0
TXN000642,2026-08-31 19:04:25.477714,POSTED,2500.0
TXN000643,2026-08-12 16:12:48.825910,POSTED,500.0
TXN000644,2026-08-04 18:19:10.974810,POSTED,500.0
TXN000645,2026-08-30 18:37:50.006945,POSTED,750.0
TXN000646,2026-08-02 22:14:47.322373,POSTED,500.0
TXN000647,2026-08-02 12:40:57.870752,PENDING,750.0
TXN000648,2026-08-19 16:00:57.013372,POSTED,500.0
TXN000649,2026-09-03 22:53:59.457499,POSTED,500.0
TXN000651,2026-08-10 07:15:21.945376,POSTED,100.0
TXN000653,2026-08-01 05:02:05.354602,POSTED,5000.0
TXN000654,2026-08-24 04:25:22.677392,POSTED,500.0
TXN000655,2026-09-04 18:54:28.741643,PENDING,500.0
TXN000657,2026-08-22 05:01:39.527068,POSTED,500.0
TXN000658,2026-09-02 08:39:51.921842,POSTED,500.0
TXN000659,2026-08-19 21:34:18.885463,POSTED,1500.0
TXN000660,2026-08-08 23:07:47.967133,POSTED,750.0
TXN000661,2026-08-29 21:45:05.506389,POSTED,100.0
TXN000662,2026-08-09 22:57:26.783836,POSTED,250.0
TXN000663,2026-09-04 13:08:30.543076,POSTED,500.0
TXN000664,2026-08-13 22:51:24.497864,POSTED,1500.0
TXN000665,2026-08-03 10:28:04.462915,POSTED,1000.0
TXN000666,2026-09-04 22:02:41.912181,PENDING,500.0
TXN000668,2026-08-22 03:29:22.500231,PENDING,750.0
TXN000671,2026-08-21 06:30:49.130165,POSTED,500.0
TXN000673,2026-08-10 23:15:33.672948,PENDING,1000.0
TXN000674,2026-09-03 00:04:10.256211,POSTED,750.0
TXN000675,2026-08-16 04:18:05.047236,PENDING,250.0
TXN000676,2026-08-11 04:55:37.321017,POSTED,750.0
TXN000677,2026-08-05 12:42:49.499818,PENDING,10000.0
TXN000678,2026-08-06 11:18:22.256546,PENDING,1000.0
TXN000681,2026-08-03 19:31:30.392688,POSTED,100.0
TXN000682,2026-09-02 02:11:55.972509,POSTED,1000.0
TXN000683,2026-08-30 08:01:42.010999,POSTED,2000.0
TXN000684,2026-08-10 23:25:03.445607,PENDING,750.0
TXN000686,2026-08-22 06:53:01.896732,PENDING,25000.0
TXN000687,2026-08-31 10:08:16.865652,PENDING,1500.0
TXN000688,2026-08-30 16:27:03.129169,PENDING,100.0
TXN000689,2026-08-28 01:30:14.056150,POSTED,100.0
TXN000690,2026-08-06 05:47:51.203999,POSTED,750.0
TXN000691,2026-08-08 16:35:54.486164,POSTED,500.0
TXN000692,2026-08-02 19:21:08.515423,PENDING,750.0
TXN000693,2026-08-19 03:15:36.680394,POSTED,250.0
TXN000694,2026-08-30 10:12:34.986478,PENDING,100.0
TXN000695,2026-08-05 03:20:46.850043,POSTED,5000.0
TXN000696,2026-08-19 16:03:22.881656,PENDING,1500.0
TXN000697,2026-08-27 05:57:45.592632,PENDING,250.0
TXN000698,2026-08-16 05:21:41.102617,POSTED,2000.0
TXN000699,2026-08-10 12:26:32.051950,POSTED,250.0
TXN000700,2026-08-09 23:42:59.949803,POSTED,750.0
TXN000701,2026-08-29 07:17:41.365618,POSTED,500.0
TXN000702,2026-08-25 12:04:07.808476,POSTED,1500.0
TXN000703,2026-08-28 18:54:40.665550,POSTED,500.0
TXN000704,2026-08-01 21:49:16.018294,POSTED,5000.0
TXN000705,2026-08-21 23:54:28.094883,POSTED,10000.0
TXN000706,2026-08-26 01:55:05.469470,PENDING,2000.0
TXN000707,2026-08-05 19:23:59.028882,POSTED,750.0
TXN000708,2026-08-13 09:03:12.432233,PENDING,5000.0
TXN000709,2026-08-13 00:16:46.177675,POSTED,250.0
TXN000710,2026-08-18 07:15:52.142819,POSTED,250.0
TXN000711,2026-08-22 22:36:51.246915,POSTED,2500.0
TXN000712,2026-08-05 12:45:48.374072,POSTED,750.0
TXN000713,2026-08-30 21:51:18.507568,PENDING,2000.0
TXN000714,2026-08-03 02:58:55.574388,POSTED,100.0
TXN000715,2026-08-10 11:45:05.478294,POSTED,2000.0
TXN000716,2026-08-21 16:37:59.508926,POSTED,5000.0
TXN000717,2026-08-13 05:13:19.465652,PENDING,1000.0
TXN000718,2026-08-14 07:55:01.264937,POSTED,500.0
TXN000720,2026-08-07 15:44:48.882681,POSTED,1000.0
TXN000721,2026-08-19 10:40:25.558882,PENDING,10000.0
TXN000722,2026-08-23 04:49:58.114412,POSTED,250.0
TXN000723,2026-08-20 13:13:59.422316,POSTED,100.0
TXN000724,2026-08-06 16:43:05.445517,PENDING,100.0
TXN000725,2026-08-21 08:25:29.708604,POSTED,250.0
TXN000726,2026-08-07 07:13:41.958534,POSTED,500.0
TXN000727,2026-08-10 22:26:21.439956,POSTED,1000.0
TXN000728,2026-08-15 16:29:08.875073,POSTED,500.0
TXN000729,2026-08-26 11:35:58.073509,POSTED,500.0
TXN000730,2026-08-27 12:33:23.163138,POSTED,500.0
TXN000731,2026-08-26 02:20:50.616064,POSTED,500.0
TXN000732,2026-08-09 07:25:52.814177,PENDING,500.0
TXN000733,2026-08-17 05:38:27.394825,POSTED,2000.0
TXN000734,2026-09-03 12:38:53.930766,POSTED,250.0
TXN000735,2026-09-02 20:54:01.102091,POSTED,500.0
TXN000737,2026-08-09 11:56:48.874427,POSTED,1000.0
TXN000738,2026-08-19 08:09:41.187283,POSTED,1000.0
TXN000740,2026-08-07 17:26:13.131013,POSTED,500.0
TXN000741,2026-08-06 08:38:59.419164,POSTED,750.0
TXN000743,2026-08-14 20:47:49.390000,POSTED,100.0
TXN000744,2026-09-02 10:07:17.756949,POSTED,25000.0
TXN000745,2026-08-19 14:49:48.149892,POSTED,250.0
TXN000746,2026-08-17 00:03:47.482225,POSTED,246.0
TXN000747,2026-08-02 09:33:41.589188,PENDING,500.0
TXN000748,2026-08-10 13:43:05.641329,POSTED,100.0
TXN000750,2026-09-03 11:34:36.223090,PENDING,2000.0
TXN000751,2026-08-12 11:44:59.110718,POSTED,750.0
TXN000752,2026-08-09 05:25:41.083681,POSTED,100.0
TXN000753,2026-08-20 21:28:46.727897,POSTED,500.0
TXN000754,2026-08-14 10:02:32.287914,PENDING,1500.0
TXN000755,2026-08-12 02:34:37.885038,POSTED,750.0
TXN000756,2026-08-24 16:39:26.294875,POSTED,250.0
TXN000757,2026-08-30 20:23:16.956037,PENDING,1500.0
TXN000758,2026-08-29 08:04:37.602481,PENDING,2000.0
TXN000759,2026-09-02 14:47:44.863754,POSTED,500.0
TXN000760,2026-08-23 17:39:14.398091,POSTED,500.0
TXN000761,2026-08-25 03:39:24.353450,POSTED,500.0
TXN000762,2026-08-10 11:38:52.179029,POSTED,1000.0
TXN000764,2026-08-07 01:58:53.672467,POSTED,1000.0
TXN000765,2026-08-26 01:17:49.741826,POSTED,500.0
TXN000766,2026-08-01 22:48:49.618983,POSTED,500.0
TXN000767,2026-08-28 08:59:02.472085,POSTED,500.0
TXN000769,2026-08-22 09:18:01.285260,POSTED,1000.0
TXN000770,2026-08-20 03:55:42.463871,PENDING,100.0
TXN000771,2026-08-01 18:26:36.185802,PENDING,250.0
TXN000773,2026-08-10 08:27:23.700292,POSTED,2500.0
TXN000774,2026-08-16 23:25:05.387862,POSTED,1560.0
TXN000775,2026-08-15 02:23:49.251922,POSTED,1000.0
TXN000776,2026-08-02 07:09:42.434046,POSTED,500.0
TXN000777,2026-09-01 00:06:23.588580,POSTED,500.0
TXN000778,2026-08-20 03:27:56.912266,POSTED,500.0
TXN000779,2026-08-02 07:07:07.020219,POSTED,250.0
TXN000780,2026-08-17 18:33:59.852833,POSTED,2000.0
TXN000781,2026-08-11 10:39:21.201231,POSTED,2490.0
TXN000782,2026-08-14 06:29:29.558986,POSTED,5000.0
TXN000783,2026-08-10 03:08:19.895135,POSTED,100.0
TXN000784,2026-08-27 22:22:36.104194,POSTED,1000.0
TXN000785,2026-08-21 14:56:27.585025,PENDING,250.0
TXN000786,2026-08-17 03:46:11.111560,POSTED,100.0
TXN000787,2026-08-06 15:46:41.984621,POSTED,1000.0
TXN000788,2026-08-13 12:42:37.079894,POSTED,250.0
TXN000789,2026-08-13 22:30:21.786201,POSTED,750.0
TXN000791,2026-08-01 03:09:16.529279,POSTED,260.0
TXN000792,2026-08-17 19:28:32.794209,POSTED,500.0
TXN000793,2026-08-10 06:05:25.619589,POSTED,100.0
TXN000795,2026-08-26 18:06:41.013495,POSTED,10000.0
TXN000796,2026-08-26 01:54:37.668398,POSTED,750.0
TXN000797,2026-08-07 15:12:04.150675,POSTED,250.0
TXN000798,2026-08-02 14:23:34.160604,POSTED,500.0
TXN000799,2026-09-04 04:05:20.112237,POSTED,1000.0
TXN000800,2026-08-11 11:02:51.887039,PENDING,250.0
TXN000801,2026-08-05 05:11:09.486484,POSTED,716.0
TXN000803,2026-08-14 05:55:55.224217,PENDING,250.0
TXN000804,2026-08-11 11:27:21.424957,POSTED,1500.0
TXN000805,2026-09-04 12:06:32.232187,POSTED,2000.0
TXN000806,2026-08-15 02:57:40.480997,POSTED,2000.0
TXN000808,2026-08-25 14:08:26.988386,PENDING,2500.0
TXN000809,2026-09-02 00:43:20.022355,POSTED,500.0
TXN000810,2026-08-29 16:48:30.485621,POSTED,250.0
TXN000811,2026-08-20 07:22:42.839503,PENDING,750.0
TXN000812,2026-09-04 17:22:23.166794,POSTED,250.0
TXN000813,2026-09-04 21:34:29.027947,POSTED,1538.0
TXN000814,2026-08-15 20:03:38.743914,POSTED,500.0
TXN000815,2026-08-06 14:37:13.543690,POSTED,1000.0
TXN000816,2026-08-24 07:45:26.968098,POSTED,750.0
TXN000817,2026-08-27 22:14:56.280514,POSTED,750.0
TXN000818,2026-08-10 07:29:23.856165,POSTED,1000.0
TXN000819,2026-08-26 20:52:47.197980,PENDING,750.0
TXN000820,2026-08-19 23:12:30.600708,PENDING,1500.0
TXN000821,2026-08-05 05:18:56.548970,POSTED,100.0
TXN000822,2026-08-01 03:27:10.087914,POSTED,1500.0
TXN000823,2026-08-24 22:45:26.368933,POSTED,750.0
TXN000824,2026-08-08 19:27:12.509155,POSTED,500.0
TXN000825,2026-08-15 10:36:29.044922,POSTED,1000.0
TXN000826,2026-08-13 09:39:44.099718,POSTED,750.0
TXN000827,2026-08-21 14:39:16.702326,POSTED,1500.0
TXN000828,2026-08-23 17:08:30.290557,PENDING,1000.0
TXN000829,2026-08-15 10:12:29.762574,POSTED,1500.0
TXN000831,2026-08-09 23:30:41.821860,POSTED,250.0
TXN000832,2026-08-02 15:34:41.851391,PENDING,250.0
TXN000833,2026-09-04 16:39:01.275077,POSTED,1500.0
TXN000834,2026-08-16 22:17:29.395037,POSTED,10000.0
TXN000835,2026-08-03 18:07:33.821849,POSTED,1500.0
TXN000836,2026-08-13 12:57:06.788082,POSTED,100.0
TXN000837,2026-08-06 13:48:41.514841,POSTED,2500.0
TXN000838,2026-08-29 13:57:50.563447,POSTED,2607.0
TXN000839,2026-08-08 13:54:45.637535,POSTED,750.0
TXN000840,2026-08-02 12:39:15.764228,POSTED,250.0
TXN000841,2026-08-16 16:03:28.076828,POSTED,500.0
TXN000842,2026-08-15 16:36:46.987122,PENDING,500.0
TXN000843,2026-08-29 11:45:02.266938,POSTED,750.0
TXN000844,2026-08-18 21:06:31.540805,POSTED,2500.0
TXN000845,2026-08-29 13:07:09.125876,POSTED,2027.0
TXN000846,2026-08-24 06:15:50.283554,POSTED,750.0
TXN000847,2026-08-15 04:17:00.152184,PENDING,1000.0
TXN000848,2026-08-11 09:40:59.253797,POSTED,2000.0
TXN000849,2026-09-01 09:22:56.100561,POSTED,750.0
TXN000850,2026-08-02 14:06:06.906010,POSTED,100.0
TXN000851,2026-08-24 20:42:14.754332,PENDING,5000.0
TXN000852,2026-08-02 04:41:32.967679,POSTED,5025.0
TXN000853,2026-08-16 14:30:29.671176,PENDING,250.0
TXN000854,2026-08-29 05:11:30.054011,POSTED,750.0
TXN000855,2026-09-01 04:50:31.924477,POSTED,250.0
TXN000856,2026-08-01 10:09:06.183483,POSTED,25000.0
TXN000857,2026-08-08 21:54:14.765012,POSTED,2000.0
TXN000858,2026-09-02 12:46:25.161800,POSTED,250.0
TXN000860,2026-09-02 09:09:41.243991,POSTED,750.0
TXN000861,2026-08-06 17:55:46.141857,POSTED,2000.0
TXN000862,2026-09-01 08:46:55.759307,POSTED,250.0
TXN000863,2026-08-27 13:27:06.516987,POSTED,2500.0
TXN000864,2026-08-20 07:10:50.926415,POSTED,1500.0
TXN000865,2026-08-09 09:45:00.476303,POSTED,100.0
TXN000866,2026-08-24 09:15:41.209065,POSTED,500.0
TXN000867,2026-08-26 09:55:56.826139,POSTED,5000.0
TXN000868,2026-09-04 19:43:26.560652,PENDING,1000.0
TXN000869,2026-08-03 18:38:25.286285,PENDING,1000.0
TXN000870,2026-09-02 06:07:05.481148,PENDING,250.0
TXN000871,2026-08-22 06:46:17.409956,POSTED,2500.0
TXN000872,2026-09-04 19:39:08.711356,POSTED,500.0
TXN000873,2026-08-26 13:46:21.234105,POSTED,2500.0
TXN000874,2026-09-02 21:28:52.074955,POSTED,1500.0
TXN000875,2026-08-10 08:30:08.122977,PENDING,500.0
TXN000876,2026-08-14 15:09:59.090677,POSTED,250.0
TXN000877,2026-09-02 20:04:31.553654,POSTED,1500.0
TXN000878,2026-08-15 16:03:01.689563,POSTED,100.0
TXN000879,2026-08-13 14:20:12.451632,POSTED,250.0
TXN000880,2026-08-30 21:41:45.283145,POSTED,5000.0
TXN000881,2026-08-10 23:07:00.891794,POSTED,1000.0
TXN000882,2026-08-20 07:43:05.144788,POSTED,1500.0
TXN000883,2026-08-26 21:36:58.177050,POSTED,2500.0
TXN000884,2026-08-16 01:09:19.069261,PENDING,250.0
TXN000885,2026-09-01 01:39:24.833124,POSTED,1000.0
TXN000886,2026-08-10 08:27:59.396405,POSTED,750.0
TXN000887,2026-08-05 00:07:22.172862,POSTED,1000.0
TXN000888,2026-08-16 02:06:57.729771,POSTED,25000.0
TXN000889,2026-09-03 08:07:43.621772,PENDING,1500.0
TXN000891,2026-08-07 03:59:46.542249,POSTED,250.0
TXN000892,2026-08-26 01:56:12.082374,PENDING,2000.0
TXN000893,2026-09-04 12:53:04.943643,POSTED,100.0
TXN000894,2026-08-25 14:39:48.854956,POSTED,2500.0
TXN000895,2026-08-25 01:50:00.689104,POSTED,500.0
TXN000896,2026-08-16 23:20:31.149504,POSTED,250.0
TXN000897,2026-08-19 00:15:29.699428,PENDING,2000.0
TXN000898,2026-08-01 10:36:36.372103,POSTED,1000.0
TXN000899,2026-08-12 23:07:38.106323,PENDING,1000.0
TXN000900,2026-08-01 08:15:57.151443,POSTED,10000.0
TXN000901,2026-08-13 15:30:30.504301,POSTED,10000.0
TXN000902,2026-08-23 04:53:11.999828,POSTED,250.0
TXN000903,2026-08-19 11:01:29.963266,POSTED,500.0
TXN000904,2026-08-08 18:28:07.655272,POSTED,2000.0
TXN000905,2026-08-20 08:34:44.548251,PENDING,250.0
TXN000906,2026-08-16 10:45:43.167450,POSTED,2000.0
TXN000907,2026-08-11 12:35:39.474500,POSTED,500.0
TXN000908,2026-08-14 11:36:43.710490,POSTED,1000.0
TXN000909,2026-08-27 16:10:42.624469,POSTED,500.0
TXN000910,2026-08-09 18:56:33.468656,POSTED,250.0
TXN000911,2026-08-31 12:31:04.291187,POSTED,1500.0
TXN000912,2026-08-29 23:57:50.506015,POSTED,500.0
TXN000913,2026-08-01 09:28:01.219507,POSTED,250.0
TXN000914,2026-08-05 13:30:44.767707,POSTED,500.0
TXN000915,2026-08-06 06:59:27.725900,PENDING,500.0
TXN000916,2026-08-03 16:18:11.134692,PENDING,1500.0
TXN000917,2026-08-05 11:56:09.745572,PENDING,1500.0
TXN000918,2026-08-09 15:24:26.746269,PENDING,250.0
TXN000919,2026-08-28 18:00:33.884173,POSTED,750.0
TXN000920,2026-08-13 00:50:17.512819,POSTED,750.0
TXN000922,2026-08-29 02:23:08.790274,POSTED,750.0
TXN000923,2026-08-13 17:22:27.712442,POSTED,250.0
TXN000924,2026-08-28 11:33:59.810790,POSTED,1000.0
TXN000925,2026-08-30 23:39:58.892794,POSTED,2000.0
TXN000926,2026-08-10 10:59:25.498484,POSTED,250.0
TXN000927,2026-08-15 18:06:42.645121,POSTED,2000.0
TXN000928,2026-08-07 07:11:24.913285,PENDING,750.0
TXN000929,2026-08-09 02:13:48.618431,POSTED,1000.0
TXN000930,2026-08-20 14:06:59.918330,POSTED,1000.0
TXN000931,2026-08-08 10:40:15.019917,POSTED,2000.0
TXN000932,2026-08-21 13:01:46.905887,PENDING,10000.0
TXN000933,2026-08-26 19:55:37.943730,POSTED,2500.0
TXN000934,2026-08-20 21:19:36.065458,POSTED,500.0
TXN000935,2026-08-06 03:59:59.334796,POSTED,1000.0
TXN000936,2026-08-06 06:17:58.513756,PENDING,250.0
TXN000937,2026-08-01 20:38:17.041020,POSTED,2500.0
TXN000938,2026-08-02 08:55:49.248220,POSTED,2500.0
TXN000939,2026-08-05 04:42:01.828536,POSTED,1500.0
TXN000940,2026-08-08 14:33:48.111480,POSTED,1500.0
TXN000941,2026-08-25 09:36:28.211129,POSTED,250.0
TXN000942,2026-08-10 08:35:43.857797,POSTED,500.0
TXN000943,2026-08-24 08:03:56.463797,POSTED,2000.0
TXN000945,2026-08-21 18:17:58.458093,PENDING,250.0
TXN000946,2026-08-16 08:30:15.177538,POSTED,1500.0
TXN000947,2026-08-20 19:49:38.278889,POSTED,1500.0
TXN000948,2026-08-15 14:25:59.114238,POSTED,250.0
TXN000949,2026-08-03 22:03:01.681196,PENDING,500.0
TXN000950,2026-08-18 14:15:41.753182,POSTED,1000.0
TXN000951,2026-08-29 19:20:20.229792,POSTED,500.0
TXN000952,2026-08-24 04:42:15.193681,PENDING,750.0
TXN000953,2026-08-08 14:15:21.696212,POSTED,2500.0
TXN000954,2026-08-29 22:07:10.881234,PENDING,25000.0
TXN000955,2026-08-04 05:41:35.340069,POSTED,500.0
TXN000956,2026-08-01 12:48:25.773806,POSTED,500.0
TXN000957,2026-08-10 15:37:58.709092,POSTED,1000.0
TXN000958,2026-08-07 08:07:45.712895,PENDING,5000.0
TXN000959,2026-08-05 13:13:03.878547,POSTED,500.0
TXN000960,2026-08-30 20:50:29.610478,POSTED,750.0
TXN000961,2026-08-02 05:24:02.455629,PENDING,750.0
TXN000962,2026-09-04 11:05:32.940517,POSTED,10000.0
TXN000963,2026-08-24 20:01:31.364348,POSTED,2000.0
TXN000964,2026-08-29 14:15:51.125916,PENDING,1000.0
TXN000966,2026-08-27 06:23:29.185160,POSTED,750.0
TXN000967,2026-08-10 11:52:30.621028,POSTED,1500.0
TXN000968,2026-08-06 16:01:23.308799,POSTED,750.0
TXN000969,2026-09-02 19:11:40.479938,POSTED,750.0
TXN000970,2026-08-02 14:25:55.231458,POSTED,5000.0
TXN000971,2026-08-28 05:14:15.243105,POSTED,2000.0
TXN000972,2026-08-14 19:54:49.930764,POSTED,750.0
TXN000973,2026-08-28 04:37:01.983821,PENDING,500.0
TXN000974,2026-08-04 20:00:30.938405,POSTED,100.0
TXN000975,2026-08-12 16:49:33.115624,PENDING,1500.0
TXN000976,2026-08-09 13:47:04.456682,PENDING,5000.0
TXN000977,2026-08-07 14:39:52.825410,POSTED,250.0
TXN000978,2026-08-12 05:46:37.441433,POSTED,1500.0
TXN000979,2026-08-08 16:01:25.306364,POSTED,100.0
TXN000980,2026-09-02 10:21:17.787539,POSTED,104.0
TXN000981,2026-08-02 18:39:44.149376,POSTED,24912.0
TXN000982,2026-08-08 16:03:37.276921,POSTED,1500.0
TXN000983,2026-08-30 12:38:30.839262,POSTED,500.0
TXN000984,2026-08-04 16:31:45.467851,POSTED,250.0
TXN000985,2026-08-06 00:27:37.349796,POSTED,100.0
TXN000986,2026-08-02 15:49:45.078074,POSTED,100.0
TXN000987,2026-08-23 15:05:27.940180,PENDING,1000.0
TXN000988,2026-08-26 17:03:00.046953,POSTED,2500.0
TXN000989,2026-08-20 22:42:52.342489,POSTED,25000.0
TXN000990,2026-08-15 06:39:23.733700,POSTED,250.0
TXN000991,2026-08-20 11:04:56.736768,POSTED,1000.0
TXN000992,2026-08-27 04:40:42.654122,POSTED,5000.0
TXN000993,2026-08-07 02:00:25.240880,POSTED,1000.0
TXN000994,2026-08-23 19:35:57.533392,POSTED,1500.0
TXN000996,2026-08-12 22:25:14.694979,POSTED,100.0
TXN000997,2026-08-26 00:20:01.046946,POSTED,2500.0
TXN000998,2026-08-07 05:16:10.959647,POSTED,750.0
TXN000999,2026-08-14 04:53:36.799532,POSTED,1000.0
TXN001000,2026-08-28 01:19:25.266013,POSTED,250.0
TXN001001,2026-08-30 01:32:38.161878,POSTED,250.0
TXN001002,2026-09-01 02:52:10.410628,POSTED,500.0
TXN001003,2026-09-04 04:18:10.741568,PENDING,2000.0
TXN001004,2026-08-28 06:26:40.597525,PENDING,100.0
TXN001005,2026-08-16 22:28:46.656243,POSTED,1000.0
TXN001006,2026-08-19 10:08:27.562341,POSTED,2000.0
TXN001007,2026-09-03 13:13:08.316766,POSTED,97.0
TXN001008,2026-08-17 02:52:19.368296,POSTED,750.0
TXN001010,2026-08-23 16:41:29.705064,POSTED,991.0
TXN001011,2026-09-04 19:42:06.557574,POSTED,1000.0
TXN001012,2026-08-27 01:37:44.354751,POSTED,500.0
TXN001013,2026-08-19 00:42:01.793151,POSTED,100.0
TXN001014,2026-08-04 16:35:28.683640,PENDING,1500.0
TXN001015,2026-09-04 08:51:58.837894,POSTED,250.0
TXN001016,2026-08-31 19:17:52.904697,PENDING,5000.0
TXN001018,2026-08-26 10:33:05.553268,PENDING,2000.0
TXN001019,2026-08-18 19:13:17.797065,POSTED,100.0
TXN001020,2026-08-16 08:46:58.599654,PENDING,1500.0
TXN001021,2026-08-31 00:29:11.853499,PENDING,2500.0
TXN001022,2026-08-06 16:18:52.626003,POSTED,514.0
TXN001023,2026-08-26 09:36:43.886352,POSTED,100.0
TXN001025,2026-08-18 12:18:22.828629,POSTED,10000.0
TXN001026,2026-08-16 05:55:01.869463,POSTED,500.0
TXN001027,2026-08-02 16:48:52.880994,PENDING,1500.0
TXN001028,2026-08-01 04:13:01.079302,PENDING,500.0
TXN001029,2026-08-27 02:39:08.679562,POSTED,1000.0
TXN001030,2026-08-29 05:06:12.322400,POSTED,2500.0
TXN001031,2026-09-02 14:05:28.356568,POSTED,100.0
TXN001032,2026-08-03 21:49:51.743719,POSTED,500.0
TXN001033,2026-08-27 11:17:52.452622,POSTED,2000.0
TXN001034,2026-08-30 04:12:11.127643,POSTED,250.0
TXN001035,2026-08-12 09:40:50.382545,POSTED,100.0
TXN001036,2026-08-12 10:55:40.025344,PENDING,100.0
TXN001037,2026-08-04 07:40:52.630204,POSTED,100.0
TXN001038,2026-08-30 10:36:41.144694,POSTED,5000.0
TXN001040,2026-08-20 22:11:45.107172,POSTED,1000.0
TXN001041,2026-08-17 13:15:08.208928,POSTED,500.0
TXN001042,2026-08-15 19:55:09.902568,POSTED,750.0
TXN001043,2026-08-13 14:26:33.419393,POSTED,100.0
TXN001044,2026-09-03 11:14:57.999287,POSTED,250.0
TXN001045,2026-08-27 09:03:35.067802,PENDING,5000.0
TXN001046,2026-08-13 03:11:20.486573,PENDING,5000.0
TXN001047,2026-08-21 09:36:48.251614,PENDING,2500.0
TXN001048,2026-08-23 12:24:05.197592,POSTED,2500.0
TXN001049,2026-08-27 06:25:17.547977,POSTED,2000.0
TXN001050,2026-08-14 06:46:55.982593,POSTED,500.0
TXN001051,2026-08-01 15:59:14.997722,POSTED,2000.0
TXN001052,2026-08-08 09:42:24.971951,POSTED,750.0
TXN001053,2026-08-03 16:58:27.761443,POSTED,100.0
TXN001054,2026-09-02 12:31:08.991083,POSTED,500.0
TXN001055,2026-09-04 14:10:12.462844,POSTED,25000.0
TXN001056,2026-08-18 04:37:15.171103,POSTED,500.0
TXN001057,2026-08-20 18:24:18.088262,POSTED,1500.0
TXN001058,2026-08-03 18:06:54.129624,PENDING,500.0
TXN001059,2026-08-26 09:16:43.992665,PENDING,250.0
TXN001060,2026-08-23 18:30:51.750647,POSTED,1000.0
TXN001061,2026-08-19 18:32:28.796389,POSTED,100.0
TXN001062,2026-08-01 01:15:49.199975,PENDING,100.0
TXN001063,2026-08-16 21:47:13.096566,PENDING,750.0
TXN001064,2026-09-01 18:10:35.183751,POSTED,500.0
TXN001066,2026-08-06 16:38:43.596816,POSTED,750.0
TXN001067,2026-09-03 23:19:05.429158,POSTED,250.0
TXN001068,2026-08-12 10:36:48.972566,POSTED,5000.0
TXN001069,2026-08-16 07:14:20.980827,PENDING,5000.0
TXN001070,2026-08-11 13:52:50.907746,POSTED,100.0
TXN001071,2026-08-08 09:01:03.992738,PENDING,1500.0
TXN001072,2026-09-02 05:34:40.301282,POSTED,100.0
TXN001073,2026-08-13 07:19:46.641419,POSTED,500.0
TXN001074,2026-08-19 21:06:02.861765,POSTED,100.0
TXN001075,2026-08-08 17:26:26.205559,PENDING,1500.0
TXN001076,2026-08-02 13:34:20.794421,POSTED,100.0
TXN001077,2026-08-17 12:11:41.160815,POSTED,100.0
TXN001078,2026-08-18 02:41:59.565312,PENDING,1500.0
TXN001079,2026-08-20 18:45:52.412961,POSTED,1500.0
TXN001080,2026-08-24 05:21:20.234989,PENDING,1500.0
TXN001081,2026-08-12 17:15:04.409963,POSTED,500.0
TXN001082,2026-08-12 19:46:56.205223,POSTED,500.0
TXN001083,2026-09-01 21:01:36.063650,PENDING,500.0
TXN001084,2026-08-03 08:25:17.674814,PENDING,250.0
TXN001085,2026-08-22 03:20:13.649571,POSTED,500.0
TXN001086,2026-08-30 13:58:05.123542,PENDING,750.0
TXN001087,2026-08-30 14:46:47.633928,POSTED,500.0
TXN001088,2026-08-22 09:28:14.110873,POSTED,1000.0
TXN001089,2026-08-21 01:02:32.015582,POSTED,25000.0
TXN001090,2026-08-19 09:57:23.774405,POSTED,250.0
TXN001091,2026-08-14 13:58:50.752094,POSTED,2500.0
TXN001092,2026-08-26 02:02:29.434725,POSTED,1945.0
TXN001093,2026-08-18 05:57:51.074988,PENDING,1000.0
TXN001095,2026-09-04 13:29:18.931436,POSTED,250.0
TXN001096,2026-08-19 06:25:02.683800,POSTED,100.0
TXN001097,2026-08-22 01:27:23.230054,POSTED,250.0
TXN001098,2026-08-02 21:37:06.559426,POSTED,500.0
TXN001099,2026-08-28 09:03:07.595761,POSTED,1500.0
TXN001100,2026-09-03 19:17:37.386822,POSTED,750.0
TXN001101,2026-08-22 14:05:13.312049,POSTED,750.0
TXN001102,2026-08-18 07:27:13.822615,POSTED,500.0
TXN001103,2026-08-22 15:58:48.677704,POSTED,1000.0
TXN001104,2026-08-28 15:49:36.763084,POSTED,250.0
TXN001105,2026-08-24 04:02:05.825476,POSTED,100.0
TXN001106,2026-08-09 06:16:20.492147,POSTED,1000.0
TXN001107,2026-09-01 08:53:35.413670,POSTED,10000.0
TXN001108,2026-09-04 18:40:37.921029,POSTED,1000.0
TXN001109,2026-08-25 09:14:42.626789,PENDING,1500.0
TXN001110,2026-08-03 23:37:55.410762,PENDING,100.0
TXN001111,2026-08-23 21:05:37.574690,POSTED,1000.0
TXN001112,2026-08-04 20:16:55.939745,PENDING,750.0
TXN001113,2026-08-29 12:14:34.453229,PENDING,10000.0
TXN001114,2026-08-08 13:05:43.950100,POSTED,5000.0
TXN001115,2026-09-03 02:56:52.253861,POSTED,2500.0
TXN001116,2026-08-18 23:05:27.287488,POSTED,500.0
TXN001117,2026-08-08 20:37:37.678568,PENDING,250.0
TXN001118,2026-08-22 05:47:46.662885,POSTED,250.0
TXN001119,2026-08-09 19:20:59.911548,POSTED,750.0
TXN001120,2026-08-21 18:58:29.701071,POSTED,5000.0
TXN001121,2026-09-01 20:19:35.386577,POSTED,1500.0
TXN001122,2026-08-22 14:47:54.203896,POSTED,100.0
TXN001123,2026-09-01 13:18:00.816230,POSTED,10000.0
TXN001124,2026-08-12 10:01:14.535023,POSTED,750.0
TXN001125,2026-08-05 17:54:47.330943,POSTED,250.0
TXN001126,2026-08-19 18:22:30.120299,PENDING,250.0
TXN001127,2026-08-05 04:15:22.846173,POSTED,5000.0
TXN001128,2026-08-20 16:37:35.038667,PENDING,2500.0
TXN001129,2026-08-01 03:14:43.108531,POSTED,100.0
TXN001130,2026-08-21 08:01:56.566229,POSTED,250.0
TXN001131,2026-08-25 06:37:05.268350,POSTED,250.0
TXN001132,2026-08-16 10:18:06.674084,POSTED,100.0
TXN001133,2026-09-03 16:07:00.025756,PENDING,100.0
TXN001134,2026-08-18 22:25:58.992377,POSTED,2000.0
TXN001135,2026-09-04 22:54:29.549896,POSTED,500.0
TXN001136,2026-09-03 20:17:34.275186,POSTED,5000.0
TXN001137,2026-08-08 18:57:40.560815,POSTED,2000.0
TXN001138,2026-08-08 04:42:21.549576,POSTED,750.0
TXN001140,2026-08-10 12:04:53.339856,POSTED,250.0
TXN001141,2026-08-23 02:57:10.038379,POSTED,500.0
TXN001142,2026-08-05 05:18:17.631617,POSTED,2000.0
TXN001143,2026-08-11 22:19:24.933178,POSTED,1500.0
TXN001144,2026-09-03 02:26:46.723861,POSTED,500.0
TXN001145,2026-08-22 06:26:24.492730,POSTED,2000.0
TXN001146,2026-08-19 03:03:53.984174,POSTED,1000.0
TXN001147,2026-08-12 13:13:00.299524,POSTED,2000.0
TXN001148,2026-08-23 01:37:04.445913,POSTED,750.0
TXN001149,2026-08-09 08:04:43.682648,POSTED,2000.0
TXN001150,2026-08-26 07:29:05.405833,POSTED,500.0
TXN001151,2026-09-03 04:17:45.077143,PENDING,2000.0
TXN001152,2026-08-01 20:04:12.946800,POSTED,2000.0
TXN001153,2026-08-22 14:41:15.088247,PENDING,2000.0
TXN001154,2026-08-05 21:52:05.873098,POSTED,2500.0
TXN001155,2026-08-06 18:41:26.725281,POSTED,1000.0
TXN001157,2026-08-07 07:29:43.435707,PENDING,10000.0
TXN001158,2026-08-15 02:58:46.434627,POSTED,750.0
TXN001159,2026-08-16 12:53:27.444497,POSTED,750.0
TXN001160,2026-08-16 08:00:23.380440,POSTED,250.0
TXN001161,2026-08-20 19:32:09.675223,POSTED,2500.0
TXN001162,2026-08-12 18:23:14.686744,POSTED,10000.0
TXN001163,2026-08-25 21:59:40.237718,POSTED,1500.0
TXN001164,2026-08-20 09:14:24.912763,POSTED,5000.0
TXN001166,2026-08-03 14:11:44.359891,PENDING,500.0
TXN001167,2026-08-15 03:07:43.470674,POSTED,500.0
TXN001168,2026-08-20 11:01:32.701828,POSTED,1000.0
TXN001169,2026-08-05 05:35:21.592632,POSTED,10000.0
TXN001170,2026-09-04 15:09:56.716386,POSTED,2000.0
TXN001172,2026-09-02 03:50:16.264269,PENDING,1500.0
TXN001173,2026-08-03 04:04:30.247564,POSTED,750.0
TXN001174,2026-08-02 10:23:17.246488,POSTED,250.0
TXN001175,2026-08-01 04:16:45.147852,POSTED,500.0
TXN001176,2026-08-19 01:53:10.292281,POSTED,2000.0
TXN001178,2026-08-29 15:34:30.308788,POSTED,250.0
TXN001179,2026-08-29 06:44:49.004300,POSTED,1500.0
TXN001181,2026-08-07 19:11:36.745190,POSTED,5000.0
TXN001182,2026-08-20 21:12:47.598276,POSTED,750.0
TXN001183,2026-08-18 04:20:06.136001,POSTED,100.0
TXN001184,2026-09-04 06:33:22.073357,POSTED,250.0
TXN001185,2026-08-13 17:24:50.796957,POSTED,250.0
TXN001186,2026-08-12 19:12:10.758072,POSTED,750.0
TXN001187,2026-08-20 00:55:10.784524,POSTED,100.0
TXN001188,2026-08-13 06:10:15.319851,POSTED,100.0
TXN001189,2026-08-12 12:11:16.871522,POSTED,750.0
TXN001190,2026-08-25 19:31:28.155945,POSTED,250.0
TXN001191,2026-08-12 06:39:20.522334,POSTED,100.0
TXN001192,2026-08-31 04:53:00.760385,POSTED,250.0
TXN001193,2026-08-05 13:31:03.861807,PENDING,10000.0
TXN001194,2026-08-11 06:18:36.020208,PENDING,2500.0
TXN001195,2026-08-07 10:01:35.646073,POSTED,2500.0
TXN001196,2026-08-07 12:46:37.605775,POSTED,500.0
TXN001197,2026-08-18 09:03:58.988801,PENDING,500.0
TXN001198,2026-08-19 13:14:33.297285,POSTED,100.0
TXN001199,2026-08-03 08:01:30.736665,POSTED,1500.0
TXN001200,2026-08-26 17:27:21.258522,POSTED,250.0
TXN001201,2026-08-17 13:00:52.312391,PENDING,2500.0
TXN001202,2026-08-29 14:18:32.353331,POSTED,250.0
TXN001203,2026-08-12 10:06:39.845710,POSTED,750.0
TXN001204,2026-08-29 16:56:30.275229,POSTED,750.0
TXN001205,2026-08-27 12:34:27.971624,POSTED,2000.0
TXN001206,2026-08-07 23:01:16.224808,POSTED,250.0
TXN001207,2026-09-02 12:34:30.307952,POSTED,5000.0
TXN001208,2026-08-07 02:23:22.691713,PENDING,100.0
TXN001209,2026-08-03 01:05:27.516683,POSTED,2500.0
TXN001210,2026-08-12 23:03:09.321381,PENDING,1500.0
TXN001211,2026-08-24 19:38:04.436863,POSTED,100.0
TXN001212,2026-08-29 07:14:01.831195,PENDING,500.0
TXN001213,2026-08-14 08:44:04.521708,PENDING,1000.0
TXN001214,2026-08-28 04:25:09.182140,POSTED,100.0
TXN001215,2026-08-26 00:02:43.004049,PENDING,500.0
TXN001216,2026-08-11 16:58:53.418189,POSTED,500.0
TXN001217,2026-08-04 08:14:42.184569,PENDING,250.0
TXN001218,2026-08-19 08:54:07.878814,POSTED,2000.0
TXN001219,2026-08-23 09:57:33.819966,POSTED,250.0
TXN001220,2026-08-14 23:58:57.849925,POSTED,1000.0
TXN001221,2026-08-11 13:53:30.691293,POSTED,750.0
TXN001222,2026-08-26 13:52:31.717496,POSTED,250.0
TXN001223,2026-08-30 03:43:30.486005,PENDING,5000.0
TXN001224,2026-08-22 06:26:28.488157,PENDING,500.0
TXN001225,2026-09-03 00:13:40.293749,POSTED,495.0
TXN001226,2026-08-03 09:37:09.858552,PENDING,100.0
TXN001227,2026-08-12 10:22:30.470168,PENDING,250.0
TXN001228,2026-09-02 23:41:22.131022,POSTED,500.0
TXN001229,2026-08-06 15:37:12.266385,POSTED,750.0
TXN001230,2026-08-08 04:15:55.852948,POSTED,1000.0
TXN001231,2026-08-28 02:00:01.568382,POSTED,1000.0
TXN001232,2026-08-31 07:16:29.371339,PENDING,500.0
TXN001233,2026-08-15 07:36:14.857326,POSTED,1000.0
TXN001234,2026-08-01 12:16:30.774003,POSTED,500.0
TXN001235,2026-08-02 13:02:50.283062,POSTED,1500.0
TXN001237,2026-08-13 06:08:18.035131,POSTED,1000.0
TXN001238,2026-08-17 07:04:29.424765,POSTED,2500.0
TXN001239,2026-08-24 08:17:19.553216,POSTED,100.0
TXN001240,2026-09-01 10:34:55.899918,POSTED,100.0
TXN001241,2026-08-30 05:04:36.744660,POSTED,25000.0
TXN001242,2026-09-04 06:27:39.961643,PENDING,100.0
TXN001243,2026-09-01 15:09:15.310067,POSTED,750.0
TXN001244,2026-08-16 12:16:46.105862,POSTED,500.0
TXN001245,2026-08-02 03:45:09.791784,POSTED,5000.0
TXN001246,2026-08-16 20:07:15.220806,POSTED,2000.0
TXN001249,2026-09-02 20:04:46.985910,POSTED,25000.0
TXN001250,2026-08-03 12:57:24.393417,PENDING,2000.0
TXN001251,2026-08-22 03:37:54.351574,POSTED,750.0
TXN001252,2026-08-15 07:45:23.059531,POSTED,989.0
TXN001253,2026-08-17 10:39:50.216779,POSTED,2500.0
TXN001255,2026-08-15 03:07:23.777309,POSTED,1000.0
TXN001256,2026-08-16 05:05:21.951184,POSTED,1000.0
TXN001257,2026-08-05 12:01:29.370178,POSTED,100.0
TXN001259,2026-08-12 23:36:32.319702,POSTED,2500.0
TXN001260,2026-09-04 12:39:38.598339,POSTED,750.0
TXN001261,2026-08-15 07:15:44.727011,POSTED,1500.0
TXN001262,2026-08-27 12:45:08.416793,POSTED,25000.0
TXN001263,2026-08-21 10:37:12.393487,POSTED,250.0
TXN001264,2026-08-04 11:20:48.874304,PENDING,1500.0
TXN001265,2026-09-01 13:07:56.623779,POSTED,100.0
TXN001266,2026-08-07 06:44:07.298422,PENDING,100.0
TXN001267,2026-08-11 04:59:54.563371,POSTED,250.0
TXN001268,2026-08-14 04:51:27.404462,POSTED,500.0
TXN001269,2026-08-15 11:39:19.259329,POSTED,100.0
TXN001271,2026-08-28 18:17:26.926888,POSTED,750.0
TXN001272,2026-08-15 23:56:14.892518,POSTED,250.0
TXN001273,2026-08-25 01:56:40.142530,POSTED,1000.0
TXN001274,2026-08-14 07:42:23.634357,POSTED,1000.0
TXN001275,2026-08-18 00:57:56.925133,POSTED,5000.0
TXN001276,2026-09-03 07:56:48.852559,POSTED,250.0
TXN001277,2026-08-18 19:08:37.782849,POSTED,750.0
TXN001278,2026-08-04 22:02:32.410741,PENDING,1000.0
TXN001279,2026-08-05 19:47:23.927162,POSTED,500.0
TXN001280,2026-08-02 04:13:52.527152,POSTED,1500.0
TXN001282,2026-09-04 14:10:01.599888,POSTED,250.0
TXN001283,2026-08-26 10:54:05.239960,POSTED,2000.0
TXN001284,2026-08-21 07:36:23.460467,POSTED,250.0
TXN001285,2026-08-23 11:11:26.193596,POSTED,2500.0
TXN001286,2026-08-28 21:52:47.094972,PENDING,1000.0
TXN001287,2026-08-09 22:14:15.041732,POSTED,2500.0
TXN001288,2026-08-23 22:16:41.718118,POSTED,500.0
TXN001289,2026-08-11 03:07:33.721293,POSTED,100.0
TXN001290,2026-08-20 15:02:45.087357,POSTED,1000.0
TXN001291,2026-08-14 12:17:18.332248,POSTED,500.0
TXN001292,2026-08-11 23:14:36.153250,POSTED,750.0
TXN001294,2026-08-13 08:08:32.344757,POSTED,103.0
TXN001295,2026-08-19 13:19:10.992117,PENDING,1000.0
TXN001296,2026-08-30 16:48:24.178176,POSTED,5000.0
TXN001297,2026-08-07 09:40:54.823720,POSTED,1500.0
TXN001298,2026-08-14 21:42:28.654691,POSTED,250.0
TXN001299,2026-08-22 05:22:28.107619,POSTED,10000.0
TXN001300,2026-09-01 09:50:20.886357,POSTED,1500.0
TXN001301,2026-08-26 01:32:24.836188,POSTED,750.0
TXN001302,2026-08-01 09:21:11.367857,POSTED,750.0
TXN001303,2026-08-01 13:53:21.468182,POSTED,750.0
TXN001304,2026-08-11 02:50:25.254266,POSTED,1000.0
TXN001305,2026-08-31 04:14:17.428645,POSTED,1000.0
TXN001306,2026-08-26 11:19:15.191621,POSTED,5000.0
TXN001307,2026-08-11 18:15:04.121852,POSTED,250.0
TXN001308,2026-08-10 02:50:07.227507,POSTED,1033.0
TXN001309,2026-08-01 19:50:50.863367,PENDING,250.0
TXN001310,2026-08-13 08:58:43.185057,POSTED,2000.0
TXN001311,2026-08-23 13:17:50.799947,POSTED,100.0
TXN001313,2026-08-31 23:26:34.676004,PENDING,10000.0
TXN001314,2026-08-03 01:18:26.328692,POSTED,1500.0
TXN001315,2026-09-01 01:57:15.248183,POSTED,100.0
TXN001316,2026-08-19 11:40:28.335604,POSTED,1500.0
TXN001318,2026-08-22 16:19:27.307470,POSTED,100.0
TXN001320,2026-08-29 19:17:41.843308,PENDING,2500.0
TXN001321,2026-08-01 01:02:10.691766,PENDING,250.0
TXN001322,2026-08-26 18:26:07.323709,POSTED,100.0
TXN001323,2026-08-24 21:21:55.762933,POSTED,100.0
TXN001324,2026-08-04 15:15:53.850051,POSTED,250.0
TXN001325,2026-08-01 09:43:33.007424,POSTED,1500.0
TXN001326,2026-08-11 04:18:48.937365,POSTED,1000.0
TXN001327,2026-08-27 12:49:14.381623,POSTED,2500.0
TXN001328,2026-09-02 18:56:35.493763,POSTED,500.0
TXN001329,2026-09-02 21:50:09.212741,POSTED,500.0
TXN001330,2026-08-23 00:30:06.507497,POSTED,250.0
TXN001331,2026-08-07 06:02:33.921884,POSTED,1000.0
TXN001332,2026-08-23 10:02:29.472183,POSTED,2500.0
TXN001333,2026-08-14 17:57:03.413176,POSTED,1500.0
TXN001334,2026-08-30 16:33:00.638548,POSTED,1560.0
TXN001335,2026-08-26 06:47:23.065899,POSTED,2000.0
TXN001336,2026-08-26 19:02:37.586706,POSTED,500.0
TXN001337,2026-08-19 09:38:27.763945,POSTED,750.0
TXN001338,2026-08-12 09:06:12.024113,PENDING,250.0
TXN001339,2026-08-26 13:29:52.176435,POSTED,5000.0
TXN001340,2026-08-03 09:06:12.089323,POSTED,1500.0
TXN001341,2026-08-07 08:48:00.768035,POSTED,100.0
TXN001342,2026-08-05 04:21:20.579984,POSTED,750.0
TXN001343,2026-08-11 04:53:07.720488,POSTED,750.0
TXN001344,2026-08-25 10:05:10.214109,POSTED,1500.0
TXN001345,2026-08-09 02:12:43.277934,POSTED,1500.0
TXN001346,2026-08-11 07:58:31.531745,POSTED,100.0
TXN001347,2026-08-04 11:42:48.303160,POSTED,250.0
TXN001348,2026-08-31 21:36:46.013550,POSTED,250.0
TXN001349,2026-08-12 21:35:15.825888,POSTED,5000.0
TXN001350,2026-08-14 08:39:10.349897,POSTED,500.0
TXN001351,2026-08-12 09:57:24.316705,POSTED,1000.0
TXN001352,2026-08-12 13:47:26.109661,POSTED,100.0
TXN001353,2026-08-12 18:18:06.077207,POSTED,1500.0
TXN001354,2026-08-07 18:45:04.285059,POSTED,1000.0
TXN001355,2026-08-23 06:10:55.905796,POSTED,250.0
TXN001356,2026-08-08 05:50:10.797091,POSTED,500.0
TXN001357,2026-08-30 08:31:50.284576,POSTED,2500.0
TXN001358,2026-08-10 11:49:39.854776,POSTED,250.0
TXN001359,2026-08-07 06:59:42.618968,POSTED,1036.0
TXN001360,2026-08-23 01:55:28.274076,POSTED,100.0
TXN001361,2026-08-22 11:45:21.525182,POSTED,2500.0
TXN001362,2026-08-28 03:07:49.755372,POSTED,500.0
TXN001363,2026-08-12 03:52:59.514617,POSTED,2500.0
TXN001365,2026-08-09 12:01:06.995548,PENDING,1500.0
TXN001366,2026-08-18 18:31:35.101444,POSTED,500.0
TXN001367,2026-08-20 11:40:08.723273,POSTED,5000.0
TXN001368,2026-08-21 21:46:31.241017,POSTED,1000.0
TXN001369,2026-08-27 17:15:24.243284,POSTED,500.0
TXN001370,2026-08-19 01:29:18.554278,POSTED,250.0
TXN001371,2026-08-10 06:20:00.311823,POSTED,480.0
TXN001372,2026-08-13 22:37:50.335787,POSTED,100.0
TXN001373,2026-08-06 05:32:23.401515,POSTED,2000.0
TXN001374,2026-08-22 23:26:16.185920,POSTED,240.0
TXN001375,2026-08-20 01:25:13.008754,POSTED,500.0
TXN001376,2026-08-27 12:41:48.533587,POSTED,500.0
TXN001377,2026-08-16 17:20:17.022367,POSTED,500.0
TXN001378,2026-08-13 20:45:56.746280,POSTED,750.0
TXN001379,2026-08-25 09:02:23.007480,POSTED,5000.0
TXN001380,2026-09-03 15:49:52.132824,POSTED,2000.0
TXN001381,2026-08-14 10:35:16.454504,PENDING,500.0
TXN001383,2026-08-20 08:18:03.379888,POSTED,250.0
TXN001384,2026-08-16 00:19:29.747988,PENDING,500.0
TXN001385,2026-08-25 04:19:15.601026,PENDING,750.0
TXN001386,2026-08-06 21:05:37.039361,POSTED,500.0
TXN001387,2026-08-15 13:28:53.542277,PENDING,100.0
TXN001388,2026-08-07 11:03:35.801723,POSTED,1000.0
TXN001389,2026-08-05 08:35:22.063031,POSTED,1500.0
TXN001390,2026-08-11 10:51:07.648880,POSTED,2500.0
TXN001391,2026-08-06 07:11:49.007550,POSTED,750.0
TXN001392,2026-08-15 12:45:11.146851,POSTED,744.0
TXN001393,2026-08-17 08:23:36.012280,POSTED,250.0
TXN001394,2026-08-09 05:11:04.342567,POSTED,10000.0
TXN001395,2026-08-04 07:38:59.091832,POSTED,100.0
TXN001396,2026-08-31 11:27:50.472749,POSTED,2500.0
TXN001397,2026-08-15 17:12:22.193204,POSTED,500.0
TXN001398,2026-08-07 13:42:57.730383,POSTED,5000.0
TXN001399,2026-08-21 09:19:33.624346,POSTED,500.0
TXN001400,2026-08-23 20:34:27.589540,POSTED,2000.0
TXN001401,2026-09-04 17:16:29.379036,POSTED,250.0
TXN001402,2026-08-01 11:04:32.266983,POSTED,500.0
TXN001403,2026-08-13 15:35:29.542788,POSTED,250.0
TXN001404,2026-08-28 08:45:35.931203,POSTED,500.0
TXN001405,2026-08-11 20:28:26.222963,POSTED,1000.0
TXN001406,2026-09-03 20:37:18.459592,POSTED,1000.0
TXN001407,2026-08-08 23:44:32.443214,POSTED,750.0
TXN001408,2026-09-03 00:40:32.186505,POSTED,250.0
TXN001409,2026-08-11 09:39:06.384443,PENDING,500.0
TXN001410,2026-08-21 16:37:21.985544,PENDING,5000.0
TXN001411,2026-08-14 07:30:22.151667,POSTED,100.0
TXN001412,2026-08-30 16:17:48.464287,POSTED,2500.0
TXN001414,2026-08-11 12:17:31.165138,POSTED,10000.0
TXN001415,2026-08-18 21:38:54.587424,POSTED,100.0
TXN001416,2026-08-10 02:36:09.900805,PENDING,750.0
TXN001417,2026-08-28 18:35:26.824278,POSTED,2500.0
TXN001418,2026-08-17 07:44:33.626683,POSTED,500.0
TXN001419,2026-08-29 03:21:47.584675,POSTED,250.0
TXN001420,2026-08-19 18:56:01.839089,POSTED,500.0
TXN001421,2026-08-07 06:01:37.673283,PENDING,10000.0
TXN001422,2026-08-10 05:35:36.980100,POSTED,2000.0
TXN001423,2026-08-06 09:25:23.377669,PENDING,500.0
TXN001424,2026-08-15 22:42:03.943345,POSTED,100.0
TXN001426,2026-08-06 18:18:17.342347,POSTED,1500.0
TXN001427,2026-08-04 14:38:15.510658,POSTED,500.0
TXN001428,2026-08-19 06:12:01.367986,POSTED,750.0
TXN001429,2026-08-06 03:20:56.472335,POSTED,250.0
TXN001430,2026-08-05 11:55:10.843703,POSTED,750.0
TXN001431,2026-09-04 03:17:14.889744,POSTED,1000.0
TXN001432,2026-09-04 12:48:06.919767,POSTED,100.0
TXN001433,2026-08-06 08:19:54.410183,POSTED,100.0
TXN001434,2026-08-03 00:29:25.949423,POSTED,250.0
TXN001435,2026-08-23 10:59:44.074102,PENDING,1500.0
TXN001436,2026-08-02 23:28:37.917006,POSTED,2500.0
TXN001437,2026-08-07 02:46:58.576750,POSTED,2500.0
TXN001438,2026-08-08 01:11:53.704697,PENDING,2000.0
TXN001439,2026-08-22 18:38:07.983997,PENDING,1000.0
TXN001440,2026-08-11 11:11:00.424423,PENDING,5000.0
TXN001442,2026-08-09 21:31:27.836831,POSTED,750.0
TXN001443,2026-08-03 22:02:34.659721,POSTED,2500.0
TXN001444,2026-09-04 21:58:01.902933,PENDING,2000.0
TXN001445,2026-08-14 23:27:18.109758,POSTED,750.0
TXN001446,2026-08-02 12:57:33.589452,PENDING,1000.0
TXN001447,2026-08-30 00:03:18.835669,PENDING,500.0
TXN001448,2026-08-05 11:38:13.143126,POSTED,500.0
TXN001449,2026-08-19 10:54:58.775498,POSTED,250.0
TXN001450,2026-08-20 11:29:50.184789,POSTED,2000.0
TXN001451,2026-08-05 03:36:11.738781,PENDING,1500.0
TXN001452,2026-08-30 16:34:56.498534,POSTED,25000.0
TXN001453,2026-08-27 12:45:57.683998,POSTED,2500.0
TXN001454,2026-08-23 01:12:27.697670,POSTED,1500.0
TXN001455,2026-08-19 07:42:50.067471,POSTED,2500.0
TXN001456,2026-08-16 23:22:39.171936,POSTED,750.0
TXN001457,2026-08-13 07:27:25.088769,POSTED,10000.0
TXN001458,2026-08-06 15:22:42.430681,POSTED,1000.0
TXN001460,2026-08-23 06:42:03.050023,POSTED,100.0
TXN001461,2026-08-21 18:49:20.657117,POSTED,100.0
TXN001463,2026-08-11 16:33:50.463960,PENDING,2500.0
TXN001464,2026-08-15 23:01:27.521101,POSTED,2500.0
TXN001465,2026-08-26 05:08:19.443005,POSTED,1000.0
TXN001466,2026-08-18 01:26:51.694445,POSTED,250.0
TXN001467,2026-08-16 20:14:02.226092,POSTED,2500.0
TXN001468,2026-08-15 21:20:14.212580,POSTED,2402.0
TXN001469,2026-08-13 07:53:09.126504,POSTED,750.0
TXN001470,2026-09-01 01:01:48.261346,POSTED,765.0
TXN001471,2026-08-18 19:37:51.138631,POSTED,100.0
TXN001472,2026-08-04 14:13:12.318633,POSTED,25000.0
TXN001473,2026-08-16 01:28:23.526403,PENDING,25000.0
TXN001474,2026-08-21 09:49:45.833991,PENDING,750.0
TXN001475,2026-08-25 17:38:41.819121,PENDING,250.0
TXN001476,2026-09-01 12:40:46.022699,POSTED,2520.0
TXN001477,2026-08-30 10:39:15.549013,PENDING,10000.0
TXN001478,2026-08-06 22:54:43.893624,POSTED,2000.0
TXN001479,2026-08-25 13:24:02.931410,POSTED,10000.0
TXN001480,2026-08-13 16:53:58.895613,POSTED,500.0
TXN001481,2026-08-24 17:02:06.369902,POSTED,250.0
TXN001482,2026-08-16 16:28:44.055526,POSTED,2000.0
TXN001483,2026-08-09 18:08:59.094177,PENDING,1500.0
TXN001484,2026-08-25 04:41:40.113555,PENDING,250.0
TXN001485,2026-08-29 23:49:44.547082,POSTED,1500.0
TXN001486,2026-08-30 06:34:32.795695,POSTED,10000.0
TXN001487,2026-08-06 08:37:00.023280,POSTED,250.0
TXN001488,2026-08-27 01:16:37.446206,PENDING,1500.0
TXN001489,2026-08-21 06:51:03.518871,POSTED,750.0
TXN001490,2026-08-18 09:37:08.986254,POSTED,250.0
TXN001491,2026-08-10 03:04:53.327727,POSTED,5000.0
TXN001492,2026-08-27 22:26:53.229827,PENDING,250.0
TXN001493,2026-08-31 01:19:14.969852,POSTED,100.0
TXN001494,2026-09-02 22:01:44.795521,POSTED,500.0
TXN001495,2026-08-26 07:04:38.262645,PENDING,750.0
TXN001496,2026-08-20 21:54:03.345041,POSTED,2500.0
TXN001497,2026-08-02 18:59:15.896977,POSTED,500.0
TXN001498,2026-08-30 16:11:36.837967,POSTED,1500.0
TXN001499,2026-08-10 06:59:28.638978,PENDING,1000.0
TXN001500,2026-08-30 08:00:41.009766,POSTED,1000.0
TXN001502,2026-09-02 18:40:28.635827,POSTED,1000.0
TXN001503,2026-08-08 19:44:53.864782,PENDING,2000.0
TXN001505,2026-08-29 17:53:17.652342,POSTED,2000.0
TXN001506,2026-09-03 10:42:04.475441,POSTED,1000.0
TXN001507,2026-08-11 00:12:04.219215,POSTED,1000.0
TXN001509,2026-08-12 18:31:56.002740,POSTED,2500.0
TXN001510,2026-08-22 02:11:35.696525,PENDING,1500.0
TXN001511,2026-08-13 12:48:28.046214,POSTED,250.0
TXN001512,2026-08-07 00:10:09.136967,POSTED,750.0
TXN001513,2026-08-28 21:24:05.135876,POSTED,5000.0
TXN001514,2026-08-11 01:13:16.136733,POSTED,750.0
TXN001515,2026-08-26 16:22:40.873017,POSTED,500.0
TXN001516,2026-08-30 12:18:23.050270,POSTED,100.0
TXN001517,2026-08-06 01:58:28.930717,POSTED,500.0
TXN001518,2026-08-21 17:40:39.975018,PENDING,100.0
TXN001519,2026-08-06 13:40:15.359437,POSTED,250.0
TXN001521,2026-08-20 09:26:01.100896,POSTED,770.0
TXN001522,2026-08-15 18:10:18.233672,POSTED,750.0
TXN001524,2026-08-25 09:44:37.034965,POSTED,500.0
TXN001525,2026-08-15 11:39:59.378714,PENDING,250.0
TXN001526,2026-08-25 11:51:49.012226,POSTED,500.0
TXN001527,2026-08-14 00:20:42.674386,POSTED,1500.0
TXN001528,2026-08-24 23:39:55.172473,POSTED,1000.0
TXN001530,2026-08-27 20:43:49.565258,POSTED,1500.0
TXN001531,2026-08-02 03:11:47.190029,POSTED,500.0
TXN001532,2026-08-30 20:58:58.779908,PENDING,500.0
TXN001533,2026-08-31 22:30:30.541570,PENDING,2500.0
TXN001534,2026-08-18 02:12:56.410093,POSTED,2500.0
TXN001535,2026-09-03 21:35:42.444673,POSTED,1507.0
TXN001536,2026-08-29 01:02:49.030446,POSTED,10000.0
TXN001537,2026-08-21 09:44:42.114044,POSTED,500.0
TXN001538,2026-08-22 00:54:55.245022,PENDING,2500.0
TXN001539,2026-08-15 19:36:25.933495,POSTED,2000.0
TXN001540,2026-09-02 13:18:40.313213,POSTED,25000.0
TXN001541,2026-09-04 06:59:39.926878,POSTED,500.0
TXN001542,2026-08-10 16:45:05.686098,POSTED,2000.0
TXN001544,2026-08-19 07:17:15.159256,POSTED,2000.0
TXN001545,2026-08-19 14:53:37.395840,PENDING,1500.0
TXN001546,2026-08-15 05:42:57.523801,POSTED,250.0
TXN001547,2026-08-20 07:33:25.696119,POSTED,1500.0
TXN001548,2026-08-26 19:49:50.708290,POSTED,1000.0
TXN001550,2026-08-22 10:00:17.695664,POSTED,100.0
TXN001551,2026-08-28 16:08:29.156877,POSTED,750.0
TXN001552,2026-08-07 20:08:27.346889,POSTED,1000.0
TXN001553,2026-08-31 06:06:10.376445,POSTED,2000.0
TXN001554,2026-09-02 02:23:21.308893,PENDING,100.0
TXN001555,2026-09-04 00:08:59.069970,POSTED,1500.0
TXN001556,2026-08-25 03:32:49.743137,POSTED,250.0
TXN001557,2026-08-02 04:49:11.457839,POSTED,500.0
TXN001558,2026-09-03 05:34:44.521077,POSTED,750.0
TXN001559,2026-08-18 16:18:58.753484,POSTED,500.0
TXN001560,2026-08-13 12:56:23.343812,PENDING,750.0
TXN001561,2026-09-01 01:41:02.323196,PENDING,100.0
TXN001562,2026-08-07 17:05:34.779894,POSTED,500.0
TXN001563,2026-08-09 16:36:21.209409,POSTED,5000.0
TXN001564,2026-08-31 05:40:38.425882,POSTED,2500.0
TXN001565,2026-08-17 22:07:06.716446,POSTED,100.0
TXN001566,2026-08-26 15:11:46.520847,POSTED,750.0
TXN001567,2026-08-04 10:02:13.556018,PENDING,750.0
TXN001568,2026-08-17 19:27:11.469722,POSTED,2000.0
TXN001569,2026-08-09 03:34:57.270753,POSTED,2500.0
TXN001570,2026-08-12 17:32:37.220057,POSTED,1000.0
TXN001571,2026-08-27 00:58:24.836818,POSTED,1500.0
TXN001572,2026-08-09 07:54:49.854487,POSTED,1500.0
TXN001573,2026-08-11 10:40:26.206108,POSTED,1000.0
TXN001574,2026-08-27 19:42:34.033958,POSTED,100.0
TXN001575,2026-08-30 19:19:55.622833,POSTED,750.0
TXN001576,2026-08-22 01:48:03.303738,POSTED,2500.0
TXN001577,2026-08-15 17:11:14.228422,POSTED,1500.0
TXN001578,2026-08-09 16:51:26.536034,POSTED,2000.0
TXN001579,2026-08-17 10:54:31.700644,POSTED,2000.0
TXN001580,2026-08-01 22:47:10.989119,POSTED,1000.0
TXN001581,2026-08-28 21:28:18.040704,POSTED,750.0
TXN001583,2026-08-05 16:14:24.133767,POSTED,100.0
TXN001584,2026-08-25 22:23:20.106848,PENDING,750.0
TXN001586,2026-08-08 08:45:02.142494,POSTED,253.0
TXN001587,2026-08-10 16:26:21.887129,PENDING,250.0
TXN001588,2026-08-11 12:44:36.544410,PENDING,2500.0
TXN001589,2026-08-24 13:23:52.110476,POSTED,1500.0
TXN001590,2026-08-26 19:15:38.050611,POSTED,2500.0
TXN001591,2026-08-06 21:01:16.513914,PENDING,750.0
TXN001592,2026-08-26 20:17:33.395801,PENDING,1000.0
TXN001593,2026-08-08 03:12:14.081409,PENDING,250.0
TXN001594,2026-08-22 21:38:00.870365,PENDING,1000.0
TXN001595,2026-08-27 14:48:33.839142,POSTED,500.0
TXN001596,2026-08-08 10:58:45.202228,POSTED,2000.0
TXN001597,2026-08-14 16:04:42.543424,POSTED,2000.0
TXN001598,2026-08-08 05:51:01.516131,POSTED,500.0
TXN001599,2026-08-20 21:56:14.500517,POSTED,250.0
TXN001600,2026-08-28 12:27:38.373135,POSTED,100.0
TXN001601,2026-08-15 10:24:37.793060,POSTED,1000.0
TXN001602,2026-09-03 03:50:57.380573,PENDING,100.0
TXN001603,2026-08-07 04:23:41.535662,POSTED,250.0
TXN001604,2026-08-25 12:45:50.944686,POSTED,500.0
TXN001605,2026-08-06 08:39:27.572019,POSTED,250.0
TXN001606,2026-08-09 11:02:57.312121,POSTED,250.0
TXN001607,2026-08-18 07:21:29.759901,PENDING,100.0
TXN001608,2026-08-09 05:25:00.879503,PENDING,2000.0
TXN001609,2026-08-17 18:21:03.931498,PENDING,750.0
TXN001611,2026-08-04 04:13:23.103882,POSTED,982.0
TXN001612,2026-08-09 07:39:29.984696,PENDING,1000.0
TXN001613,2026-08-20 19:40:10.479500,POSTED,500.0
TXN001614,2026-08-02 18:34:30.077751,POSTED,500.0
TXN001615,2026-08-29 03:03:28.410006,PENDING,10000.0
TXN001616,2026-09-01 19:04:17.180570,POSTED,500.0
TXN001617,2026-08-25 12:09:17.385699,POSTED,100.0
TXN001618,2026-08-11 15:12:51.742687,POSTED,1000.0
TXN001619,2026-08-12 09:28:35.922168,POSTED,100.0
TXN001620,2026-08-11 20:59:24.429145,POSTED,511.0
TXN001621,2026-08-03 00:36:29.826482,POSTED,250.0
TXN001623,2026-09-04 11:58:24.084771,POSTED,100.0
TXN001624,2026-08-25 12:34:08.189495,PENDING,2500.0
TXN001625,2026-08-09 01:03:55.263868,POSTED,500.0
TXN001626,2026-08-13 04:34:32.150604,PENDING,1000.0
TXN001627,2026-08-11 15:55:55.633356,POSTED,5000.0
TXN001628,2026-08-25 22:44:57.396742,POSTED,1000.0
TXN001629,2026-08-30 01:12:32.769393,PENDING,250.0
TXN001630,2026-08-04 09:41:52.889748,POSTED,750.0
TXN001631,2026-08-04 14:31:17.219474,POSTED,2000.0
TXN001632,2026-08-15 10:12:46.659271,POSTED,1500.0
TXN001633,2026-08-24 09:29:13.569088,POSTED,1500.0
TXN001634,2026-08-08 21:04:24.354050,POSTED,1000.0
TXN001635,2026-08-23 21:47:24.934664,POSTED,250.0
TXN001636,2026-08-11 03:21:16.055285,PENDING,500.0
TXN001637,2026-08-26 23:43:33.232317,POSTED,2500.0
TXN001639,2026-08-07 10:01:45.091906,POSTED,5000.0
TXN001640,2026-08-05 10:45:42.960596,POSTED,250.0
TXN001641,2026-08-11 22:25:25.834339,POSTED,1000.0
TXN001642,2026-08-18 05:52:43.339289,PENDING,5000.0
TXN001643,2026-08-27 09:25:14.462435,POSTED,1000.0
TXN001644,2026-09-04 13:48:43.260623,POSTED,1000.0
TXN001645,2026-08-16 10:46:38.512504,PENDING,5000.0
TXN001646,2026-09-03 07:40:10.211054,POSTED,500.0
TXN001647,2026-08-03 16:27:34.755128,POSTED,250.0
TXN001648,2026-08-28 22:13:59.829693,POSTED,1000.0
TXN001649,2026-08-25 02:28:54.913387,POSTED,1500.0
TXN001650,2026-08-19 05:11:36.010956,POSTED,250.0
TXN001651,2026-09-03 11:15:38.761576,POSTED,250.0
TXN001653,2026-08-31 20:47:10.142407,POSTED,2000.0
TXN001654,2026-08-01 03:28:57.110237,POSTED,2500.0
TXN001655,2026-08-30 22:05:06.298227,POSTED,500.0
TXN001656,2026-08-21 11:30:17.762899,PENDING,5000.0
TXN001657,2026-08-03 04:58:29.288071,POSTED,1000.0
TXN001660,2026-08-01 14:44:57.473993,PENDING,1000.0
TXN001661,2026-09-04 04:04:28.133149,POSTED,500.0
TXN001662,2026-08-04 12:12:51.909823,POSTED,2500.0
TXN001663,2026-08-09 05:06:42.398496,PENDING,500.0
TXN001664,2026-08-28 23:01:52.044412,POSTED,500.0
TXN001665,2026-08-07 07:13:28.894774,POSTED,1000.0
TXN001666,2026-08-03 05:31:47.147594,POSTED,1500.0
TXN001667,2026-08-01 05:07:15.865627,POSTED,2500.0
TXN001668,2026-08-30 15:25:30.151452,POSTED,100.0
TXN001669,2026-08-01 10:50:46.378646,POSTED,25000.0
TXN001670,2026-08-14 15:59:26.672226,PENDING,1500.0
TXN001671,2026-08-26 18:47:31.504227,POSTED,2000.0
TXN001672,2026-09-04 01:29:58.219702,POSTED,100.0
TXN001673,2026-08-19 02:32:09.306107,PENDING,1000.0
TXN001674,2026-09-02 18:23:25.726181,PENDING,1000.0
TXN001675,2026-08-16 00:23:34.494442,POSTED,100.0
TXN001676,2026-08-29 04:33:33.828501,POSTED,750.0
TXN001677,2026-09-04 00:37:30.153494,PENDING,1500.0
TXN001679,2026-08-11 02:20:06.346907,POSTED,2500.0
TXN001680,2026-08-23 01:34:52.753755,POSTED,500.0
TXN001681,2026-08-05 19:38:13.450668,POSTED,500.0
TXN001682,2026-08-15 23:36:39.516416,POSTED,5000.0
TXN001683,2026-08-06 08:56:02.911110,PENDING,2500.0
TXN001684,2026-08-14 07:55:07.984883,PENDING,250.0
TXN001685,2026-08-26 15:55:23.893518,POSTED,253.0
TXN001686,2026-08-27 18:09:55.815493,POSTED,1000.0
TXN001688,2026-08-20 13:38:32.139843,POSTED,250.0
TXN001689,2026-08-22 22:26:34.527659,POSTED,750.0
TXN001690,2026-08-06 09:32:14.948464,POSTED,1500.0
TXN001691,2026-08-17 20:58:50.592562,POSTED,1000.0
TXN001693,2026-08-01 02:43:54.479781,POSTED,1500.0
TXN001694,2026-09-04 19:25:05.607693,POSTED,2000.0
TXN001695,2026-08-09 04:00:17.530944,POSTED,500.0
TXN001696,2026-08-23 04:43:02.194862,POSTED,750.0
TXN001697,2026-08-15 20:54:11.162580,PENDING,10000.0
TXN001698,2026-09-03 04:37:35.563190,POSTED,250.0
TXN001699,2026-08-24 09:52:00.285669,POSTED,750.0
TXN001701,2026-09-04 03:01:48.704499,POSTED,250.0
TXN001702,2026-08-17 14:25:43.940227,PENDING,500.0
TXN001703,2026-08-28 21:22:29.915293,PENDING,2000.0
TXN001705,2026-08-23 04:25:24.827217,POSTED,500.0
TXN001706,2026-08-27 12:22:51.278749,PENDING,500.0
TXN001707,2026-08-22 04:04:45.955617,POSTED,100.0
TXN001708,2026-08-16 09:05:09.862430,POSTED,255.0
TXN001710,2026-08-17 19:14:26.708654,POSTED,5000.0
TXN001711,2026-08-22 03:01:32.690735,PENDING,250.0
TXN001712,2026-08-20 21:58:56.572192,POSTED,500.0
TXN001713,2026-08-25 16:10:31.363082,PENDING,1000.0
TXN001714,2026-08-28 08:53:40.040865,POSTED,1000.0
TXN001715,2026-08-14 04:25:44.968491,POSTED,2500.0
TXN001716,2026-08-06 00:43:59.762196,PENDING,2500.0
TXN001717,2026-08-20 08:19:36.076876,POSTED,1000.0
TXN001718,2026-08-13 01:36:08.963725,POSTED,250.0
TXN001720,2026-08-14 16:06:04.403189,PENDING,1500.0
TXN001721,2026-08-26 11:13:22.237550,PENDING,750.0
TXN001722,2026-08-29 02:55:46.878114,POSTED,750.0
TXN001725,2026-08-07 22:18:38.906403,PENDING,250.0
TXN001726,2026-09-01 11:00:13.485612,POSTED,5000.0
TXN001727,2026-08-04 15:37:50.599838,POSTED,1500.0
TXN001728,2026-08-24 02:37:50.482906,PENDING,100.0
TXN001729,2026-08-13 11:25:43.660459,POSTED,250.0
TXN001730,2026-08-10 13:56:34.304706,POSTED,500.0
TXN001731,2026-08-11 13:35:06.263443,POSTED,100.0
TXN001732,2026-08-22 11:20:17.085725,POSTED,500.0
TXN001733,2026-08-30 21:29:19.014397,POSTED,500.0
TXN001734,2026-08-01 08:38:33.617648,POSTED,500.0
TXN001735,2026-08-18 05:33:22.492709,POSTED,1000.0
TXN001737,2026-08-06 00:44:45.987644,PENDING,2500.0
TXN001738,2026-08-13 21:23:32.299724,POSTED,2552.0
TXN001739,2026-08-09 18:08:18.751560,POSTED,100.0
TXN001740,2026-08-27 16:08:11.796834,PENDING,100.0
TXN001741,2026-08-31 17:44:29.642391,PENDING,5000.0
TXN001742,2026-08-18 21:04:39.086279,PENDING,250.0
TXN001743,2026-08-17 17:47:40.995401,POSTED,250.0
TXN001744,2026-09-03 16:23:02.699669,POSTED,750.0
TXN001745,2026-08-10 19:16:36.197760,POSTED,2000.0
TXN001746,2026-08-24 16:35:37.375346,PENDING,2000.0
TXN001747,2026-08-02 16:49:02.963417,POSTED,2000.0
TXN001748,2026-08-06 16:13:53.608981,PENDING,500.0
TXN001749,2026-08-18 03:56:23.794473,POSTED,10000.0
TXN001750,2026-08-12 20:52:14.397961,PENDING,100.0
TXN001751,2026-08-03 19:18:14.970195,POSTED,1500.0
TXN001752,2026-08-04 19:34:43.030683,POSTED,2500.0
TXN001753,2026-08-14 14:56:42.861623,PENDING,2500.0
TXN001754,2026-08-27 06:19:41.104404,PENDING,500.0
TXN001755,2026-08-14 09:45:14.485216,POSTED,500.0
TXN001756,2026-08-08 08:14:55.363256,PENDING,2000.0
TXN001757,2026-08-02 16:50:26.947330,POSTED,100.0
TXN001758,2026-08-28 00:43:47.631417,PENDING,250.0
TXN001760,2026-08-10 15:45:36.324968,PENDING,250.0
TXN001761,2026-08-25 23:02:08.226701,POSTED,1500.0
TXN001762,2026-08-02 12:20:35.613405,POSTED,2000.0
TXN001763,2026-08-17 02:01:40.710561,POSTED,2000.0
TXN001764,2026-08-21 17:17:15.370404,POSTED,750.0
TXN001765,2026-08-13 06:16:18.471673,POSTED,500.0
TXN001766,2026-08-19 02:50:46.314714,POSTED,1000.0
TXN001767,2026-08-24 16:50:10.446248,POSTED,500.0
TXN001768,2026-08-04 15:35:31.683935,PENDING,1000.0
TXN001769,2026-08-26 23:26:42.038715,PENDING,1500.0
TXN001770,2026-08-17 10:52:12.314030,POSTED,500.0
TXN001771,2026-08-27 19:34:39.406891,PENDING,500.0
TXN001772,2026-08-13 17:22:50.811112,PENDING,25000.0
TXN001773,2026-08-24 05:46:17.207062,POSTED,100.0
TXN001774,2026-08-27 08:18:54.236978,POSTED,1000.0
TXN001775,2026-09-01 17:07:57.387272,POSTED,750.0
TXN001776,2026-08-02 16:09:34.104388,POSTED,5000.0
TXN001777,2026-08-13 14:45:21.014146,POSTED,513.0
TXN001778,2026-08-21 23:22:02.077325,POSTED,250.0
TXN001779,2026-08-17 12:01:42.283100,PENDING,500.0
TXN001780,2026-08-02 22:50:34.002745,POSTED,1000.0
TXN001781,2026-08-23 15:33:14.327594,POSTED,2000.0
TXN001782,2026-08-08 09:57:11.208240,POSTED,5000.0
TXN001783,2026-09-01 06:39:01.912297,POSTED,1000.0
TXN001784,2026-08-29 07:55:53.033428,POSTED,100.0
TXN001785,2026-08-05 18:10:09.962044,PENDING,25000.0
TXN001786,2026-08-09 12:24:46.453133,POSTED,750.0
TXN001787,2026-08-12 08:05:20.945869,POSTED,250.0
TXN001789,2026-09-01 22:58:21.475232,POSTED,1000.0
TXN001790,2026-08-22 16:46:45.822090,POSTED,10000.0
TXN001791,2026-08-29 09:58:58.108584,PENDING,2500.0
TXN001792,2026-08-03 21:49:05.451387,POSTED,2500.0
TXN001793,2026-08-01 02:39:48.375499,PENDING,2500.0
TXN001794,2026-08-08 19:31:31.874772,POSTED,1000.0
TXN001795,2026-09-02 00:11:37.772245,POSTED,1500.0
TXN001796,2026-08-13 21:45:48.318825,POSTED,250.0
TXN001797,2026-08-03 08:10:15.451263,POSTED,10000.0
TXN001798,2026-08-14 21:22:19.629896,POSTED,100.0
TXN001799,2026-08-08 15:09:12.009805,PENDING,100.0
TXN001801,2026-09-03 08:58:24.935820,PENDING,100.0
TXN001802,2026-08-03 12:18:19.891071,POSTED,764.0
TXN001803,2026-08-15 10:58:58.587344,POSTED,250.0
TXN001804,2026-08-22 09:26:04.133640,PENDING,2000.0
TXN001805,2026-09-04 06:46:00.741528,POSTED,100.0
TXN001806,2026-08-02 04:49:03.488105,PENDING,500.0
TXN001807,2026-08-23 03:53:10.297862,POSTED,1000.0
TXN001808,2026-08-19 07:16:45.236975,POSTED,2000.0
TXN001809,2026-08-07 00:38:24.899494,POSTED,500.0
TXN001810,2026-09-04 23:00:29.957317,POSTED,240.0
TXN001811,2026-08-21 21:23:59.701962,POSTED,250.0
TXN001812,2026-08-01 07:46:53.969783,POSTED,1045.0
TXN001814,2026-08-27 13:56:18.749129,POSTED,2500.0
TXN001815,2026-08-11 09:56:07.987961,POSTED,10000.0
TXN001816,2026-09-02 12:37:57.067807,POSTED,1000.0
TXN001817,2026-08-12 06:58:45.327053,POSTED,2500.0
TXN001819,2026-08-15 00:48:28.360577,POSTED,1500.0
TXN001820,2026-08-22 02:20:28.625484,PENDING,2000.0
TXN001821,2026-08-27 12:39:32.671899,POSTED,1500.0
TXN001822,2026-08-07 21:32:27.266274,POSTED,25000.0
TXN001823,2026-08-07 12:09:02.922940,POSTED,500.0
TXN001824,2026-08-17 19:23:29.964009,PENDING,100.0
TXN001825,2026-08-01 13:05:13.974976,POSTED,10000.0
TXN001826,2026-08-26 04:52:59.153345,POSTED,250.0
TXN001827,2026-08-22 23:06:05.598162,POSTED,500.0
TXN001828,2026-08-26 18:23:11.074358,PENDING,1500.0
TXN001829,2026-09-02 10:37:13.247237,POSTED,100.0
TXN001830,2026-08-16 02:26:49.569158,POSTED,250.0
TXN001831,2026-08-13 08:07:40.958655,POSTED,1005.0
TXN001832,2026-08-23 11:14:32.844138,POSTED,100.0
TXN001833,2026-08-15 02:53:57.161849,POSTED,5000.0
TXN001834,2026-08-08 11:57:34.417953,POSTED,500.0
TXN001835,2026-09-03 15:14:34.798469,POSTED,1563.0
TXN001836,2026-08-17 21:56:20.441519,POSTED,10000.0
TXN001837,2026-08-08 11:24:05.358598,POSTED,2000.0
TXN001838,2026-09-03 21:54:23.817583,POSTED,500.0
TXN001839,2026-08-27 03:43:13.419915,POSTED,2000.0
TXN001840,2026-08-13 06:12:17.865530,PENDING,750.0
TXN001841,2026-08-17 07:38:09.008763,POSTED,750.0
TXN001843,2026-08-12 05:35:06.035416,POSTED,100.0
TXN001844,2026-08-28 22:41:53.936548,PENDING,10000.0
TXN001845,2026-08-27 21:09:17.380474,PENDING,1000.0
TXN001846,2026-08-06 14:17:05.175589,POSTED,1000.0
TXN001847,2026-08-18 20:45:39.395554,PENDING,250.0
TXN001848,2026-08-23 15:07:18.401137,POSTED,1500.0
TXN001849,2026-08-22 08:21:41.201871,POSTED,250.0
TXN001850,2026-09-03 00:28:47.241925,PENDING,2500.0
TXN001851,2026-08-26 00:11:23.151424,POSTED,250.0
TXN001852,2026-08-05 18:44:27.545620,POSTED,250.0
TXN001853,2026-08-04 22:19:25.937887,POSTED,100.0
TXN001854,2026-08-22 11:54:47.229294,PENDING,500.0
TXN001855,2026-08-21 14:49:22.340035,POSTED,1000.0
TXN001856,2026-08-12 18:09:54.911727,PENDING,250.0
TXN001857,2026-08-29 23:51:37.335112,POSTED,500.0
TXN001858,2026-08-02 23:04:17.192370,POSTED,100.0
TXN001859,2026-08-10 21:44:16.300800,POSTED,1000.0
TXN001860,2026-08-04 10:15:01.177800,POSTED,2000.0
TXN001861,2026-08-16 05:42:35.692480,PENDING,2500.0
TXN001862,2026-08-16 13:25:25.603202,POSTED,250.0
TXN001864,2026-08-24 17:28:49.301316,POSTED,250.0
TXN001865,2026-08-16 15:50:34.312330,POSTED,1000.0
TXN001866,2026-08-31 00:24:15.898621,POSTED,750.0
TXN001867,2026-08-13 02:29:10.477618,POSTED,500.0
TXN001869,2026-08-08 21:40:13.189747,POSTED,1500.0
TXN001870,2026-08-07 09:06:52.916077,POSTED,500.0
TXN001871,2026-08-17 00:22:03.570343,POSTED,25000.0
TXN001872,2026-08-08 01:16:22.433607,PENDING,1500.0
TXN001873,2026-08-12 02:43:32.703960,POSTED,1500.0
TXN001874,2026-08-02 09:55:11.407750,POSTED,500.0
TXN001875,2026-09-03 17:54:44.937822,POSTED,500.0
TXN001876,2026-08-08 07:22:27.927810,POSTED,250.0
TXN001877,2026-08-15 23:45:49.061042,POSTED,750.0
TXN001878,2026-08-23 14:05:30.237592,POSTED,250.0
TXN001879,2026-08-14 06:34:01.656432,POSTED,750.0
TXN001880,2026-09-03 13:49:17.207509,PENDING,750.0
TXN001881,2026-08-14 13:51:49.082454,POSTED,2500.0
TXN001882,2026-08-03 09:10:26.427145,POSTED,750.0
TXN001884,2026-08-26 01:59:28.792455,POSTED,1000.0
TXN001885,2026-08-07 05:47:12.477455,POSTED,2500.0
TXN001886,2026-08-23 16:53:40.589637,POSTED,2000.0
TXN001887,2026-08-19 15:08:07.400119,POSTED,740.0
TXN001888,2026-08-29 05:00:14.157866,PENDING,250.0
TXN001889,2026-08-14 07:32:22.079062,PENDING,750.0
TXN001890,2026-08-26 15:11:36.888593,PENDING,2000.0
TXN001891,2026-08-07 02:21:11.315949,POSTED,250.0
TXN001892,2026-08-28 22:11:18.513282,POSTED,100.0
TXN001893,2026-08-08 22:08:36.313158,POSTED,100.0
TXN001894,2026-08-09 03:43:25.794430,PENDING,2000.0
TXN001895,2026-08-15 02:30:01.999294,POSTED,5000.0
TXN001896,2026-08-27 19:16:25.443386,POSTED,2000.0
TXN001897,2026-09-02 11:16:05.291313,PENDING,100.0
TXN001898,2026-08-01 02:08:57.098750,POSTED,250.0
TXN001899,2026-08-12 00:40:29.579030,POSTED,250.0
TXN001900,2026-08-04 13:19:19.523234,POSTED,101.0
TXN001901,2026-08-19 23:28:12.371190,POSTED,2500.0
TXN001902,2026-08-20 13:10:06.064428,POSTED,1500.0
TXN001903,2026-08-22 23:54:06.459777,POSTED,2500.0
TXN001904,2026-08-04 10:40:17.082436,PENDING,1000.0
TXN001905,2026-08-03 18:56:52.212283,POSTED,750.0
TXN001907,2026-08-29 07:46:37.296118,POSTED,750.0
TXN001908,2026-09-03 14:03:15.936252,PENDING,250.0
TXN001909,2026-08-04 05:47:47.310090,POSTED,250.0
TXN001910,2026-08-11 22:10:17.414908,POSTED,250.0
TXN001911,2026-08-09 12:52:44.489313,PENDING,500.0
TXN001912,2026-08-25 04:18:54.326584,POSTED,250.0
TXN001913,2026-08-24 22:39:20.454647,POSTED,250.0
TXN001914,2026-08-20 01:12:10.301183,POSTED,750.0
TXN001915,2026-08-23 20:27:49.000215,PENDING,250.0
TXN001916,2026-08-13 01:04:35.476008,POSTED,2000.0
TXN001917,2026-08-06 07:37:36.024527,PENDING,2000.0
TXN001918,2026-08-02 13:27:51.381695,POSTED,750.0
TXN001919,2026-08-04 09:41:57.249486,PENDING,100.0
TXN001920,2026-09-04 02:05:33.738665,POSTED,500.0
TXN001921,2026-08-21 11:25:07.645291,POSTED,250.0
TXN001922,2026-08-21 14:09:06.860199,POSTED,2000.0
TXN001923,2026-08-02 05:24:25.177486,POSTED,100.0
TXN001924,2026-08-31 09:13:49.133677,POSTED,100.0
TXN001926,2026-09-03 17:29:52.373294,PENDING,750.0
TXN001927,2026-08-13 13:07:16.665256,POSTED,500.0
TXN001928,2026-08-10 00:06:53.557268,POSTED,500.0
TXN001929,2026-08-15 10:12:19.477933,PENDING,2000.0
TXN001930,2026-08-21 00:12:43.291999,POSTED,9678.0
TXN001932,2026-08-16 14:17:19.847944,POSTED,100.0
TXN001933,2026-08-21 03:25:58.637369,POSTED,750.0
TXN001934,2026-08-23 05:23:33.848399,POSTED,500.0
TXN001935,2026-08-15 15:11:28.742727,POSTED,250.0
TXN001936,2026-08-15 06:52:54.866429,PENDING,750.0
TXN001937,2026-08-08 05:47:19.953841,POSTED,1000.0
TXN001938,2026-08-29 17:27:15.352175,POSTED,10000.0
TXN001939,2026-08-03 10:11:23.102221,POSTED,102.0
TXN001940,2026-09-03 12:52:38.080739,POSTED,250.0
TXN001942,2026-08-21 03:07:37.582663,POSTED,1000.0
TXN001943,2026-08-13 16:15:53.104726,POSTED,100.0
TXN001944,2026-08-14 05:03:08.067934,POSTED,1000.0
TXN001945,2026-09-04 14:56:52.108003,POSTED,247.0
TXN001946,2026-08-24 11:07:44.937952,POSTED,5000.0
TXN001947,2026-08-16 23:43:39.261353,PENDING,500.0
TXN001948,2026-08-10 23:33:15.049883,PENDING,750.0
TXN001950,2026-08-29 08:28:25.520549,PENDING,1000.0
TXN001951,2026-08-11 17:07:21.996682,POSTED,5000.0
TXN001952,2026-08-26 19:01:18.152867,POSTED,500.0
TXN001953,2026-08-23 14:06:30.787633,POSTED,1500.0
TXN001954,2026-08-03 08:34:49.957835,POSTED,250.0
TXN001955,2026-08-29 06:00:23.778536,PENDING,100.0
TXN001956,2026-08-28 21:57:18.514460,POSTED,1500.0
TXN001957,2026-08-22 01:33:04.601226,POSTED,2500.0
TXN001959,2026-08-29 04:22:37.591380,POSTED,1000.0
TXN001960,2026-08-07 08:53:51.850478,POSTED,248.0
TXN001961,2026-08-29 07:56:06.465618,POSTED,500.0
TXN001962,2026-08-09 08:12:05.122887,POSTED,5000.0
TXN001964,2026-08-11 04:22:55.337632,POSTED,1000.0
TXN001965,2026-08-11 22:01:57.899019,POSTED,750.0
TXN001966,2026-08-18 09:13:52.337340,POSTED,2000.0
TXN001968,2026-09-02 01:33:43.763619,POSTED,2500.0
TXN001969,2026-08-03 07:47:10.500757,POSTED,100.0
TXN001970,2026-08-03 07:39:07.956606,POSTED,5000.0
TXN001971,2026-09-04 11:52:47.934845,POSTED,1500.0
TXN001973,2026-08-30 09:00:53.298071,PENDING,1500.0
TXN001974,2026-08-16 17:47:41.059985,POSTED,250.0
TXN001975,2026-08-09 22:15:49.050495,PENDING,250.0
TXN001977,2026-08-09 13:48:38.843190,POSTED,103.0
TXN001978,2026-08-12 01:13:46.257300,POSTED,500.0
TXN001979,2026-08-15 07:08:11.706940,POSTED,1500.0
TXN001981,2026-08-21 06:24:27.591308,POSTED,250.0
TXN001982,2026-08-25 15:08:35.459791,POSTED,10000.0
TXN001983,2026-08-11 06:57:48.191277,PENDING,750.0
TXN001984,2026-09-03 07:55:43.173986,POSTED,100.0
TXN001985,2026-08-10 23:26:26.715274,PENDING,2000.0
TXN001986,2026-08-02 15:21:16.674392,POSTED,500.0
TXN001987,2026-08-20 17:00:42.187065,POSTED,750.0
TXN001988,2026-09-01 21:41:16.081621,POSTED,1000.0
TXN001989,2026-08-05 06:57:58.724911,PENDING,10000.0
TXN001990,2026-08-10 09:32:57.924809,POSTED,250.0
TXN001991,2026-08-17 18:33:02.130964,POSTED,1500.0
TXN001992,2026-08-01 12:05:21.237927,POSTED,100.0
TXN001994,2026-08-22 04:44:23.236497,POSTED,500.0
TXN001995,2026-08-26 08:40:26.410531,POSTED,500.0
TXN001996,2026-08-11 17:13:16.043281,POSTED,2000.0
TXN001997,2026-08-25 12:30:44.083543,POSTED,4937.0
TXN001998,2026-08-11 09:25:01.966654,POSTED,2000.0
TXN001999,2026-08-08 18:16:52.017221,POSTED,500.0
TXN002000,2026-08-30 20:54:51.503297,PENDING,500.0
TXN002001,2026-08-20 22:50:32.236893,POSTED,2000.0
TXN002002,2026-08-08 17:31:21.281649,POSTED,250.0
TXN002003,2026-08-16 17:31:46.880296,POSTED,500.0
TXN002004,2026-08-16 07:39:06.389198,POSTED,250.0
TXN002005,2026-08-01 01:19:41.767328,POSTED,1500.0
TXN002006,2026-08-28 08:33:11.193710,PENDING,1000.0
TXN002007,2026-09-03 19:20:10.921728,POSTED,500.0
TXN002008,2026-08-12 15:12:43.647875,PENDING,100.0
TXN002009,2026-08-12 21:18:23.877839,PENDING,250.0
TXN002010,2026-08-08 19:59:57.977004,POSTED,1000.0
TXN002011,2026-08-04 04:12:37.983929,POSTED,1000.0
TXN002012,2026-08-09 18:10:10.109704,POSTED,500.0
TXN002014,2026-08-01 04:55:09.890840,POSTED,1500.0
TXN002015,2026-08-18 11:20:18.868560,POSTED,1000.0
TXN002016,2026-08-18 10:26:00.490290,POSTED,100.0
TXN002017,2026-08-01 18:43:11.856600,POSTED,250.0
TXN002018,2026-08-30 08:12:44.480332,POSTED,1500.0
TXN002019,2026-08-21 08:31:23.461097,PENDING,500.0
TXN002020,2026-08-29 20:12:01.169650,PENDING,2500.0
TXN002021,2026-08-04 08:48:38.560634,PENDING,2500.0
TXN002022,2026-08-05 19:24:24.416562,PENDING,2000.0
TXN002023,2026-08-08 08:34:51.435297,POSTED,750.0
TXN002024,2026-08-23 20:38:12.101044,POSTED,2000.0
TXN002025,2026-08-21 13:22:47.644374,POSTED,2000.0
TXN002027,2026-08-12 07:01:49.122752,POSTED,2000.0
TXN002028,2026-08-27 18:52:10.810600,PENDING,1000.0
TXN002029,2026-08-21 07:00:54.646396,POSTED,100.0
TXN002030,2026-09-03 10:01:41.366973,POSTED,100.0
TXN002031,2026-08-28 05:25:22.086918,PENDING,1000.0
TXN002032,2026-08-14 16:10:18.790494,POSTED,250.0
TXN002033,2026-08-23 17:29:10.764561,POSTED,500.0
TXN002034,2026-08-03 16:34:01.164011,POSTED,1500.0
TXN002035,2026-08-17 00:45:14.066654,POSTED,750.0
TXN002036,2026-08-05 18:51:28.239012,POSTED,100.0
TXN002037,2026-08-14 23:41:58.613408,POSTED,2500.0
TXN002038,2026-08-06 18:54:53.533767,POSTED,1000.0
TXN002039,2026-08-18 16:46:10.569058,POSTED,250.0
TXN002040,2026-08-01 05:12:42.289283,POSTED,5000.0
TXN002042,2026-08-14 20:10:59.158819,POSTED,2500.0
TXN002043,2026-08-02 08:06:06.095083,PENDING,1500.0
TXN002044,2026-09-03 16:52:06.579700,POSTED,1000.0
TXN002045,2026-08-22 04:32:18.745269,PENDING,10000.0
TXN002046,2026-08-02 07:22:17.207584,POSTED,2500.0
TXN002047,2026-08-11 21:25:38.541688,POSTED,500.0
TXN002048,2026-08-30 19:52:42.822993,POSTED,750.0
TXN002049,2026-08-07 06:36:32.012671,PENDING,1000.0
TXN002050,2026-08-31 07:46:54.025293,POSTED,2000.0
TXN002051,2026-09-01 18:49:20.580678,PENDING,1000.0
TXN002052,2026-08-18 03:27:24.617205,POSTED,500.0
TXN002053,2026-08-30 09:18:32.037945,PENDING,100.0
TXN002054,2026-08-10 18:37:56.062012,POSTED,2000.0
TXN002055,2026-08-24 13:37:54.687406,POSTED,500.0
TXN002056,2026-09-02 19:04:02.144714,POSTED,750.0
TXN002057,2026-08-11 19:37:36.669495,POSTED,250.0
TXN002058,2026-08-05 02:57:09.341216,POSTED,250.0
TXN002059,2026-08-04 01:00:24.693625,POSTED,250.0
TXN002060,2026-08-29 19:45:00.716244,POSTED,250.0
TXN002061,2026-08-05 11:37:47.378307,PENDING,1500.0
TXN002062,2026-08-13 21:17:12.031223,PENDING,500.0
TXN002063,2026-08-05 09:46:36.965927,PENDING,750.0
TXN002064,2026-08-19 17:48:37.682292,POSTED,2500.0
TXN002065,2026-08-01 17:05:12.242079,POSTED,25000.0
TXN002066,2026-08-14 18:54:02.572175,POSTED,100.0
TXN002067,2026-08-21 15:35:23.703326,POSTED,500.0
TXN002068,2026-09-02 06:01:41.042280,PENDING,500.0
TXN002069,2026-08-25 14:06:16.081831,PENDING,1000.0
TXN002070,2026-08-14 03:07:16.229327,PENDING,500.0
TXN002072,2026-08-09 16:00:24.182620,PENDING,10000.0
TXN002073,2026-08-06 09:56:23.900862,POSTED,750.0
TXN002074,2026-08-27 03:53:13.878430,POSTED,500.0
TXN002075,2026-09-01 10:36:41.520603,POSTED,750.0
TXN002077,2026-08-18 07:49:53.463467,POSTED,1000.0
TXN002078,2026-08-30 23:20:28.351455,POSTED,750.0
TXN002079,2026-08-20 21:54:32.080718,PENDING,1500.0
TXN002080,2026-08-30 15:13:31.442322,POSTED,1500.0
TXN002081,2026-08-17 18:18:59.388136,POSTED,250.0
TXN002082,2026-08-28 21:15:19.392365,POSTED,250.0
TXN002083,2026-08-07 21:08:50.656277,POSTED,10000.0
TXN002084,2026-08-20 08:21:54.195633,POSTED,250.0
TXN002085,2026-08-06 23:22:04.671817,PENDING,1500.0
TXN002086,2026-08-01 22:06:10.691697,POSTED,1000.0
TXN002087,2026-08-21 15:35:25.518069,PENDING,250.0
TXN002088,2026-08-03 09:32:48.276241,POSTED,2500.0
TXN002089,2026-08-14 07:30:06.640329,POSTED,758.0
TXN002090,2026-08-09 15:16:31.941958,POSTED,1000.0
TXN002091,2026-08-25 01:44:05.332348,POSTED,750.0
TXN002092,2026-08-23 15:54:06.501853,POSTED,2000.0
TXN002093,2026-08-10 11:01:59.819216,POSTED,2500.0
TXN002095,2026-08-20 20:57:16.371497,POSTED,1000.0
TXN002096,2026-08-25 13:39:53.846500,POSTED,1500.0
TXN002097,2026-08-05 06:22:03.063135,PENDING,750.0
TXN002098,2026-09-03 08:10:56.208927,POSTED,1000.0
TXN002099,2026-08-04 10:05:09.161839,POSTED,500.0
TXN002100,2026-08-25 21:54:47.890696,PENDING,2500.0
TXN002102,2026-08-29 15:58:21.757016,POSTED,250.0
TXN002103,2026-08-30 02:27:02.573455,POSTED,1000.0
TXN002104,2026-08-19 05:45:04.143305,PENDING,100.0
TXN002105,2026-08-05 04:25:29.853658,PENDING,100.0
TXN002106,2026-08-04 15:44:25.730943,PENDING,750.0
TXN002107,2026-08-18 21:47:32.087733,POSTED,10000.0
TXN002108,2026-08-18 07:25:10.119821,POSTED,4758.0
TXN002109,2026-08-26 19:44:17.696575,POSTED,750.0
TXN002110,2026-08-21 00:03:17.418140,POSTED,1500.0
TXN002111,2026-08-01 21:44:22.918836,POSTED,25000.0
TXN002112,2026-08-25 12:20:35.498029,PENDING,750.0
TXN002114,2026-08-30 23:09:31.061109,POSTED,1500.0
TXN002115,2026-08-06 16:46:21.408598,POSTED,500.0
TXN002116,2026-08-26 08:08:43.659927,POSTED,2500.0
TXN002117,2026-08-23 17:58:08.906777,POSTED,100.0
TXN002118,2026-08-25 20:40:50.428048,POSTED,750.0
TXN002119,2026-08-25 22:10:18.644712,PENDING,1500.0
TXN002120,2026-08-28 21:02:14.208802,POSTED,250.0
TXN002121,2026-09-03 03:15:53.058557,POSTED,2500.0
TXN002122,2026-08-23 10:56:02.650728,PENDING,1000.0
TXN002123,2026-08-16 17:07:21.102031,POSTED,500.0
TXN002124,2026-08-06 01:30:50.181402,PENDING,2000.0
TXN002125,2026-08-08 20:39:04.479744,POSTED,100.0
TXN002126,2026-08-03 09:42:56.411086,POSTED,1500.0
TXN002127,2026-08-30 14:27:53.655573,POSTED,1500.0
TXN002128,2026-08-15 12:15:32.792867,POSTED,2000.0
TXN002129,2026-09-03 16:44:17.171491,POSTED,1500.0
TXN002130,2026-08-05 21:17:19.023340,POSTED,2000.0
TXN002131,2026-08-12 21:39:09.622749,POSTED,1500.0
TXN002132,2026-08-26 07:53:16.629999,POSTED,500.0
TXN002133,2026-08-09 13:25:32.013947,PENDING,1000.0
TXN002134,2026-08-28 14:23:14.093101,PENDING,100.0
TXN002135,2026-08-24 11:51:29.801234,POSTED,100.0
TXN002136,2026-08-26 01:29:40.077561,PENDING,1000.0
TXN002137,2026-08-24 09:53:00.774671,POSTED,750.0
TXN002138,2026-08-06 19:00:09.102020,PENDING,250.0
TXN002139,2026-08-20 02:02:07.564551,PENDING,500.0
TXN002140,2026-08-03 10:30:37.826476,POSTED,2500.0
TXN002141,2026-08-13 16:35:14.671043,PENDING,2000.0
TXN002142,2026-08-13 03:53:40.694423,POSTED,25000.0
TXN002143,2026-08-31 02:11:17.453652,POSTED,250.0
TXN002144,2026-08-08 10:42:06.556418,POSTED,1000.0
TXN002145,2026-08-21 10:18:29.960108,POSTED,104.0
TXN002146,2026-08-27 00:49:54.669096,POSTED,250.0
TXN002147,2026-08-06 03:08:39.722008,PENDING,1000.0
TXN002148,2026-08-26 11:22:19.870317,POSTED,10000.0
TXN002149,2026-08-13 19:58:03.240770,POSTED,250.0
TXN002150,2026-08-04 02:17:34.117450,POSTED,500.0
TXN002151,2026-08-31 04:29:27.613561,PENDING,5000.0
TXN002153,2026-09-03 03:02:11.257817,POSTED,1000.0
TXN002155,2026-09-02 06:26:40.751469,PENDING,2000.0
TXN002156,2026-08-03 21:21:10.167207,PENDING,750.0
TXN002157,2026-08-06 11:26:37.956852,POSTED,250.0
TXN002158,2026-08-04 21:33:02.044254,POSTED,1500.0
TXN002159,2026-08-10 10:09:18.907298,POSTED,1500.0
TXN002160,2026-09-02 17:52:40.582892,POSTED,2500.0
TXN002161,2026-08-21 09:23:23.242509,POSTED,5000.0
TXN002163,2026-08-06 06:34:50.447257,PENDING,2000.0
TXN002164,2026-08-10 22:18:54.714517,POSTED,250.0
TXN002165,2026-08-30 13:50:15.363443,POSTED,100.0
TXN002166,2026-08-16 13:34:10.522313,POSTED,750.0
TXN002167,2026-08-04 20:57:41.630247,PENDING,750.0
TXN002168,2026-08-06 20:27:55.378234,POSTED,1000.0
TXN002169,2026-09-04 16:25:29.067010,PENDING,2500.0
TXN002170,2026-08-28 13:56:10.569085,POSTED,500.0
TXN002171,2026-08-05 23:01:35.483841,POSTED,100.0
TXN002172,2026-08-13 18:49:25.592388,POSTED,1000.0
TXN002173,2026-09-02 15:28:21.713749,POSTED,100.0
TXN002174,2026-08-31 13:46:37.135502,PENDING,500.0
TXN002175,2026-08-22 10:01:09.369313,POSTED,1000.0
TXN002177,2026-08-06 10:56:07.345097,POSTED,1000.0
TXN002178,2026-08-27 13:05:41.847155,POSTED,1000.0
TXN002179,2026-08-28 07:16:56.000441,POSTED,500.0
TXN002180,2026-08-30 15:39:42.443680,POSTED,25000.0
TXN002181,2026-08-24 09:48:11.861012,POSTED,5000.0
TXN002182,2026-09-03 14:19:55.550698,POSTED,500.0
TXN002183,2026-08-20 00:48:00.019570,PENDING,500.0
TXN002184,2026-08-30 09:03:11.155651,POSTED,1500.0
TXN002185,2026-08-28 04:25:33.669022,POSTED,100.0
TXN002186,2026-08-01 22:43:28.511755,POSTED,1000.0
TXN002187,2026-08-30 01:59:41.632958,PENDING,2500.0
TXN002188,2026-08-07 06:13:02.523712,POSTED,250.0
TXN002189,2026-08-02 08:51:28.859290,POSTED,1000.0
TXN002190,2026-09-01 09:57:15.078494,POSTED,250.0
TXN002191,2026-08-10 04:34:30.726310,PENDING,2000.0
TXN002192,2026-09-04 17:41:08.517855,POSTED,750.0
TXN002193,2026-08-20 20:33:04.864229,POSTED,2500.0
TXN002194,2026-08-03 06:39:07.108973,POSTED,25000.0
TXN002195,2026-08-24 16:58:18.083959,POSTED,5000.0
TXN002196,2026-08-05 08:53:48.925620,PENDING,1500.0
TXN002197,2026-08-04 18:32:47.729625,POSTED,243.0
TXN002198,2026-08-09 02:27:10.330148,POSTED,1500.0
TXN002199,2026-08-29 20:39:36.332764,POSTED,1500.0
TXN002200,2026-08-12 04:33:35.967091,POSTED,2000.0
TXN002201,2026-08-12 18:44:51.071950,POSTED,250.0
TXN002202,2026-08-08 13:20:12.092227,POSTED,738.0
TXN002203,2026-08-21 20:27:57.143891,POSTED,250.0
TXN002204,2026-08-01 12:47:20.838599,POSTED,1000.0
TXN002205,2026-08-09 10:25:33.137900,PENDING,1500.0
TXN002206,2026-08-07 13:53:54.919189,PENDING,500.0
TXN002207,2026-08-17 04:54:37.678705,POSTED,100.0
TXN002208,2026-09-04 04:43:02.297213,POSTED,1000.0
TXN002209,2026-08-19 03:06:23.565164,PENDING,2000.0
TXN002210,2026-08-04 03:18:37.920077,POSTED,750.0
TXN002211,2026-08-22 15:33:27.103263,POSTED,1000.0
TXN002212,2026-09-04 14:02:52.724578,POSTED,2000.0
TXN002214,2026-08-31 20:54:37.291064,POSTED,250.0
TXN002215,2026-08-13 16:32:19.793003,PENDING,1500.0
TXN002216,2026-08-21 23:28:48.120721,POSTED,5000.0
TXN002217,2026-08-24 09:51:17.987264,POSTED,25000.0
TXN002219,2026-08-16 05:56:40.152199,PENDING,1000.0
TXN002220,2026-08-07 20:01:31.242915,POSTED,1000.0
TXN002221,2026-08-26 04:54:46.715316,PENDING,100.0
TXN002222,2026-08-23 05:46:39.822422,POSTED,2500.0
TXN002223,2026-08-27 13:05:52.789561,POSTED,750.0
TXN002224,2026-08-10 02:04:41.114739,POSTED,25000.0
TXN002225,2026-09-03 08:09:50.303970,POSTED,750.0
TXN002227,2026-08-20 10:57:53.795051,POSTED,250.0
TXN002228,2026-08-17 16:05:33.330368,POSTED,5000.0
TXN002229,2026-08-12 06:02:58.309660,PENDING,1000.0
TXN002230,2026-09-02 00:25:11.485303,POSTED,500.0
TXN002231,2026-09-04 03:39:59.458036,POSTED,2500.0
TXN002232,2026-08-08 10:59:00.837718,PENDING,500.0
TXN002233,2026-08-16 03:52:23.555324,PENDING,2500.0
TXN002234,2026-08-21 10:43:44.307035,POSTED,100.0
TXN002235,2026-08-27 12:58:03.643409,PENDING,5000.0
TXN002236,2026-08-23 04:29:08.186548,PENDING,100.0
TXN002237,2026-08-03 07:11:44.895000,POSTED,1500.0
TXN002238,2026-08-27 16:15:19.026093,POSTED,500.0
TXN002239,2026-08-10 08:22:14.693421,POSTED,100.0
TXN002240,2026-08-13 22:58:02.085545,POSTED,750.0
TXN002241,2026-08-27 14:25:20.257049,POSTED,10000.0
TXN002242,2026-08-20 12:14:53.574298,PENDING,100.0
TXN002243,2026-08-16 08:45:54.599663,POSTED,2000.0
TXN002244,2026-08-14 20:30:17.327714,PENDING,2500.0
TXN002245,2026-08-28 07:36:51.250923,PENDING,250.0
TXN002246,2026-08-31 15:16:46.868337,POSTED,1500.0
TXN002247,2026-08-17 11:15:00.010067,POSTED,1000.0
TXN002248,2026-08-18 11:23:11.261280,PENDING,100.0
TXN002249,2026-08-29 13:04:24.852945,POSTED,250.0
TXN002251,2026-08-15 16:26:13.424581,POSTED,250.0
TXN002252,2026-08-03 19:39:56.070096,POSTED,1000.0
TXN002253,2026-08-13 08:57:05.171527,POSTED,250.0
TXN002254,2026-08-07 00:17:23.861895,POSTED,25000.0
TXN002255,2026-08-24 22:56:05.479044,PENDING,750.0
TXN002256,2026-08-16 12:20:23.624737,PENDING,500.0
TXN002257,2026-09-04 17:59:25.369061,PENDING,1000.0
TXN002258,2026-08-25 10:23:06.859757,POSTED,25000.0
TXN002259,2026-08-07 03:27:26.470036,PENDING,10000.0
TXN002261,2026-09-04 02:20:23.824339,POSTED,100.0
TXN002262,2026-08-13 18:36:02.235824,POSTED,750.0
TXN002264,2026-09-02 03:36:44.737370,POSTED,2000.0
TXN002265,2026-08-30 06:18:27.783436,POSTED,250.0
TXN002266,2026-08-16 11:09:09.056340,POSTED,1500.0
TXN002267,2026-09-03 04:44:33.308081,POSTED,243.0
TXN002268,2026-08-10 22:56:06.303789,POSTED,500.0
TXN002269,2026-08-15 02:14:19.669750,POSTED,1000.0
TXN002270,2026-09-01 05:14:24.339468,POSTED,2000.0
TXN002271,2026-08-16 11:14:17.922402,POSTED,500.0
TXN002273,2026-08-09 11:03:12.751637,POSTED,100.0
TXN002274,2026-09-03 20:46:20.271429,POSTED,1000.0
TXN002275,2026-08-05 17:46:49.310054,POSTED,1500.0
TXN002276,2026-09-02 19:49:40.440144,POSTED,1000.0
TXN002277,2026-08-13 19:45:40.372694,POSTED,100.0
TXN002278,2026-08-02 15:49:00.045846,POSTED,500.0
TXN002279,2026-09-01 23:11:41.495760,POSTED,1000.0
TXN002280,2026-08-06 20:00:12.431732,POSTED,100.0
TXN002281,2026-09-03 16:03:36.963906,PENDING,500.0
TXN002282,2026-09-01 05:02:56.888096,POSTED,250.0
TXN002283,2026-08-23 06:52:38.805738,POSTED,100.0
TXN002284,2026-08-02 07:06:41.147973,POSTED,2500.0
TXN002285,2026-08-25 05:12:59.818908,POSTED,250.0
TXN002286,2026-08-01 19:54:46.958295,POSTED,250.0
TXN002287,2026-08-19 17:24:41.665156,POSTED,750.0
TXN002288,2026-08-10 06:19:09.461470,POSTED,750.0
TXN002289,2026-08-23 03:49:25.096778,POSTED,250.0
TXN002290,2026-09-01 16:51:58.766288,PENDING,2000.0
TXN002291,2026-08-26 20:11:34.157712,POSTED,750.0
TXN002292,2026-08-03 19:55:11.580460,PENDING,500.0
TXN002293,2026-08-02 10:29:14.324295,POSTED,5000.0
TXN002294,2026-08-29 10:27:18.679468,POSTED,1000.0
TXN002295,2026-08-24 15:29:45.058498,POSTED,758.0
TXN002296,2026-08-14 17:18:34.426867,POSTED,25000.0
TXN002297,2026-08-07 03:26:34.923410,POSTED,750.0
TXN002298,2026-09-04 11:01:24.061303,PENDING,250.0
TXN002299,2026-08-06 15:59:39.638619,POSTED,2500.0
TXN002300,2026-08-13 04:53:29.337034,POSTED,2000.0
TXN002301,2026-08-13 01:59:35.998269,PENDING,750.0
TXN002302,2026-08-08 02:54:56.482010,POSTED,250.0
TXN002303,2026-08-19 06:25:08.094237,POSTED,750.0
TXN002304,2026-08-08 23:23:39.886513,PENDING,1500.0
TXN002306,2026-08-31 19:07:59.546796,PENDING,2500.0
TXN002307,2026-08-03 12:52:58.915372,POSTED,5000.0
TXN002309,2026-08-29 12:10:50.138949,PENDING,750.0
TXN002310,2026-08-29 18:49:45.915432,POSTED,1962.0
TXN002311,2026-08-18 04:01:32.521915,POSTED,1500.0
TXN002312,2026-08-02 06:38:32.826274,POSTED,10000.0
TXN002313,2026-08-21 16:44:29.600272,POSTED,750.0
TXN002314,2026-08-21 15:11:00.112245,PENDING,250.0
TXN002315,2026-08-06 14:47:52.485289,PENDING,1000.0
TXN002316,2026-08-14 13:30:54.888149,POSTED,1000.0
TXN002317,2026-08-05 08:27:03.805454,POSTED,1000.0
TXN002318,2026-08-28 20:38:00.182323,POSTED,1500.0
TXN002319,2026-09-01 18:18:27.758766,PENDING,100.0
TXN002320,2026-09-03 22:39:21.172585,POSTED,500.0
TXN002321,2026-08-01 23:04:16.144156,POSTED,1500.0
TXN002322,2026-08-23 03:54:58.568096,POSTED,250.0
TXN002323,2026-08-03 03:17:42.240753,POSTED,5000.0
TXN002324,2026-08-13 15:04:04.436686,POSTED,2500.0
TXN002325,2026-08-14 18:45:51.795752,POSTED,500.0
TXN002326,2026-09-02 15:26:03.287956,POSTED,2000.0
TXN002328,2026-08-31 18:05:34.084872,POSTED,250.0
TXN002330,2026-08-12 14:26:48.916332,POSTED,100.0
TXN002331,2026-08-21 04:19:26.612757,POSTED,500.0
TXN002332,2026-08-19 01:29:04.128105,POSTED,100.0
TXN002333,2026-08-09 01:55:23.086171,POSTED,750.0
TXN002334,2026-08-07 16:30:25.564737,POSTED,100.0
TXN002335,2026-08-07 19:48:01.350403,POSTED,100.0
TXN002337,2026-08-30 20:57:49.400325,PENDING,500.0
TXN002338,2026-08-25 15:51:35.394340,POSTED,500.0
TXN002340,2026-08-20 20:34:52.345857,POSTED,1500.0
TXN002341,2026-08-24 18:20:05.027978,POSTED,250.0
TXN002342,2026-08-29 14:53:52.413424,POSTED,2000.0
TXN002343,2026-08-28 05:36:18.828932,POSTED,250.0
TXN002344,2026-08-09 13:39:50.977249,PENDING,500.0
TXN002345,2026-08-01 20:00:13.071655,POSTED,5000.0
TXN002346,2026-08-05 21:34:05.082841,POSTED,1000.0
TXN002347,2026-08-04 09:02:53.663228,PENDING,500.0
TXN002348,2026-08-10 07:06:35.550733,PENDING,100.0
TXN002349,2026-08-10 01:16:27.631628,POSTED,743.0
TXN002350,2026-08-03 06:13:46.947616,POSTED,25000.0
TXN002351,2026-08-02 18:07:10.986069,POSTED,100.0
TXN002352,2026-08-31 15:32:57.949341,POSTED,250.0
TXN002353,2026-08-03 10:56:08.288862,PENDING,10000.0
TXN002354,2026-08-24 23:02:15.125961,POSTED,500.0
TXN002355,2026-08-31 07:55:09.689325,POSTED,2500.0
TXN002356,2026-08-15 10:07:07.630072,POSTED,500.0
TXN002357,2026-08-09 10:49:24.037364,POSTED,2500.0
TXN002358,2026-09-01 00:17:38.602118,POSTED,2500.0
TXN002359,2026-08-09 14:52:56.627906,POSTED,2000.0
TXN002360,2026-08-05 15:42:21.701115,PENDING,750.0
TXN002361,2026-08-09 23:13:03.942850,POSTED,750.0
TXN002362,2026-08-10 15:54:13.311170,POSTED,2500.0
TXN002363,2026-08-10 12:15:19.250297,PENDING,750.0
TXN002364,2026-08-17 10:23:22.859019,POSTED,750.0
TXN002365,2026-08-02 10:09:23.874136,PENDING,100.0
TXN002366,2026-08-22 04:05:24.664450,PENDING,2500.0
TXN002367,2026-08-02 15:45:32.288160,POSTED,500.0
TXN002368,2026-08-30 22:04:47.481053,POSTED,250.0
TXN002369,2026-08-04 10:12:39.770934,POSTED,250.0
TXN002370,2026-08-28 18:37:02.252904,PENDING,2000.0
TXN002372,2026-08-22 17:52:57.538037,POSTED,250.0
TXN002373,2026-08-22 04:02:48.149728,POSTED,25000.0
TXN002374,2026-08-04 01:55:38.967940,POSTED,1500.0
TXN002375,2026-09-03 16:06:38.263323,PENDING,500.0
TXN002376,2026-09-04 13:17:34.772351,POSTED,1500.0
TXN002377,2026-08-27 21:51:41.680021,POSTED,2000.0
TXN002378,2026-09-04 09:14:07.429700,POSTED,250.0
TXN002379,2026-08-31 14:18:29.004318,POSTED,1000.0
TXN002380,2026-09-03 01:06:11.398868,POSTED,500.0
TXN002381,2026-08-09 07:50:44.258402,POSTED,10000.0
TXN002382,2026-08-16 07:48:37.055153,PENDING,2500.0
TXN002383,2026-08-30 00:21:47.532747,POSTED,1000.0
TXN002384,2026-08-01 14:46:06.178375,POSTED,5000.0
TXN002385,2026-08-20 15:38:37.576438,POSTED,250.0
TXN002386,2026-08-25 15:49:33.408577,PENDING,750.0
TXN002387,2026-08-01 03:25:15.871438,POSTED,500.0
TXN002388,2026-08-20 00:06:05.497992,POSTED,250.0
TXN002389,2026-09-03 11:50:24.029641,POSTED,750.0
TXN002390,2026-08-19 21:49:35.887711,POSTED,2500.0
TXN002392,2026-08-12 14:17:19.820872,POSTED,500.0
TXN002393,2026-08-24 21:44:38.934907,POSTED,1500.0
TXN002394,2026-08-06 10:58:47.459484,POSTED,1500.0
TXN002395,2026-08-02 18:55:18.324066,POSTED,250.0
TXN002396,2026-08-10 15:43:02.642532,POSTED,98.0
TXN002397,2026-08-10 08:28:17.538112,POSTED,750.0
TXN002398,2026-09-02 18:11:11.551928,POSTED,250.0
TXN002399,2026-08-10 06:05:32.609189,PENDING,100.0
TXN002400,2026-08-11 04:00:05.441723,POSTED,250.0
TXN002401,2026-08-10 11:41:56.236031,POSTED,1000.0
TXN002402,2026-08-01 09:30:18.066415,POSTED,10000.0
TXN002403,2026-08-02 05:25:42.633716,POSTED,1500.0
TXN002404,2026-08-20 06:14:19.435398,POSTED,1000.0
TXN002405,2026-08-20 10:10:06.045779,POSTED,250.0
TXN002406,2026-09-03 16:02:02.660704,POSTED,5000.0
TXN002407,2026-08-26 05:42:21.305789,PENDING,1000.0
TXN002408,2026-08-11 06:36:58.743197,POSTED,750.0
TXN002409,2026-08-18 09:57:10.601778,PENDING,100.0
TXN002410,2026-08-01 12:30:51.719534,POSTED,1500.0
TXN002411,2026-09-03 06:01:11.311510,POSTED,750.0
TXN002412,2026-08-11 09:20:16.051708,PENDING,5000.0
TXN002413,2026-08-01 23:20:24.124720,PENDING,1000.0
TXN002414,2026-08-08 09:40:41.562215,POSTED,500.0
TXN002415,2026-08-22 11:43:57.028001,POSTED,100.0
TXN002416,2026-08-31 09:15:23.814376,POSTED,250.0
TXN002417,2026-08-09 19:20:49.002286,POSTED,500.0
TXN002418,2026-08-31 08:14:19.807902,POSTED,104.0
TXN002420,2026-08-09 17:51:09.653511,POSTED,100.0
TXN002421,2026-08-27 18:20:59.690364,POSTED,500.0
TXN002422,2026-08-02 06:40:18.071056,PENDING,1000.0
TXN002423,2026-08-11 13:06:13.678292,POSTED,1000.0
TXN002424,2026-08-19 02:28:53.458061,POSTED,5000.0
TXN002425,2026-08-01 08:09:46.826229,POSTED,1000.0
TXN002426,2026-08-05 17:44:14.490124,POSTED,100.0
TXN002427,2026-08-21 03:18:03.472823,PENDING,250.0
TXN002428,2026-08-31 22:16:21.116031,POSTED,2500.0
TXN002429,2026-08-29 23:43:02.923492,POSTED,750.0
TXN002430,2026-08-25 10:52:48.580858,POSTED,10000.0
TXN002431,2026-08-16 04:52:42.376264,POSTED,750.0
TXN002432,2026-08-29 00:19:23.226633,POSTED,2000.0
TXN002433,2026-08-24 02:44:20.955510,POSTED,750.0
TXN002434,2026-08-13 13:44:59.125089,POSTED,750.0
TXN002435,2026-08-17 07:56:39.829625,POSTED,25000.0
TXN002436,2026-08-01 02:17:32.639842,POSTED,100.0
TXN002437,2026-09-01 14:58:21.024057,POSTED,500.0
TXN002438,2026-08-11 13:03:26.049845,POSTED,2000.0
TXN002439,2026-08-31 11:43:45.136462,POSTED,500.0
TXN002440,2026-08-06 23:46:47.419081,POSTED,500.0
TXN002441,2026-08-24 08:52:54.155949,POSTED,2000.0
TXN002442,2026-08-21 14:57:58.503323,POSTED,250.0
TXN002443,2026-08-18 20:47:39.651328,POSTED,1500.0
TXN002444,2026-08-04 11:06:31.449307,PENDING,750.0
TXN002445,2026-08-27 11:54:55.539249,POSTED,1500.0
TXN002446,2026-08-13 07:59:01.687840,POSTED,100.0
TXN002447,2026-08-24 06:56:56.936235,PENDING,500.0
TXN002448,2026-09-03 10:12:25.080595,POSTED,250.0
TXN002449,2026-08-06 19:11:15.990792,PENDING,750.0
TXN002450,2026-08-21 19:09:36.891639,POSTED,500.0
TXN002451,2026-08-03 12:30:12.101815,POSTED,500.0
TXN002452,2026-08-07 20:23:12.610903,POSTED,1500.0
TXN002453,2026-08-26 02:34:00.361239,POSTED,2622.0
TXN002454,2026-08-15 04:59:05.672144,POSTED,2500.0
TXN002455,2026-08-19 21:01:17.689710,POSTED,1000.0
TXN002456,2026-08-07 06:40:24.044983,POSTED,2500.0
TXN002457,2026-08-02 20:37:06.411488,PENDING,250.0
TXN002458,2026-08-03 10:14:33.906792,POSTED,2000.0
TXN002459,2026-08-02 16:59:15.622698,POSTED,250.0
TXN002461,2026-08-06 19:49:23.034675,POSTED,250.0
TXN002462,2026-08-22 07:10:59.439934,POSTED,250.0
TXN002463,2026-08-07 07:30:39.207037,PENDING,1500.0
TXN002464,2026-08-02 21:32:17.594972,POSTED,1500.0
TXN002465,2026-08-30 07:21:38.653405,POSTED,500.0
TXN002466,2026-08-02 02:14:21.845883,PENDING,5000.0
TXN002467,2026-08-12 02:20:28.665910,PENDING,1500.0
TXN002468,2026-08-15 19:55:20.750575,POSTED,2500.0
TXN002469,2026-08-22 17:09:03.980278,POSTED,500.0
TXN002470,2026-08-26 09:50:26.884791,POSTED,500.0
TXN002471,2026-08-06 23:09:01.958158,POSTED,100.0
TXN002472,2026-09-03 07:46:54.608687,POSTED,250.0
TXN002473,2026-08-19 22:25:29.600834,POSTED,1500.0
TXN002474,2026-09-04 08:33:48.355308,POSTED,500.0
TXN002475,2026-08-06 11:42:22.038363,POSTED,100.0
TXN002476,2026-08-12 06:11:07.822776,POSTED,25000.0
TXN002477,2026-08-21 12:54:41.109382,PENDING,250.0
TXN002478,2026-08-30 07:48:14.432638,POSTED,100.0
TXN002480,2026-08-12 04:17:44.732547,POSTED,750.0
TXN002482,2026-08-01 00:30:03.575332,POSTED,500.0
TXN002483,2026-09-04 07:10:50.181992,POSTED,750.0
TXN002484,2026-08-31 21:27:00.413842,POSTED,2000.0
TXN002485,2026-08-29 01:25:36.275634,POSTED,2500.0
TXN002486,2026-08-05 23:25:00.644781,POSTED,750.0
TXN002487,2026-08-29 16:10:17.378501,POSTED,500.0
TXN002488,2026-09-04 11:44:09.665756,POSTED,2500.0
TXN002489,2026-08-18 13:52:19.581549,POSTED,100.0
TXN002490,2026-08-09 09:02:51.154158,POSTED,500.0
TXN002491,2026-08-16 16:09:31.531666,POSTED,2500.0
TXN002492,2026-08-15 13:52:09.892681,POSTED,500.0
TXN002493,2026-08-26 22:23:01.315928,PENDING,250.0
TXN002494,2026-08-01 11:04:51.619886,POSTED,100.0
TXN002495,2026-08-27 21:58:18.421414,POSTED,500.0
TXN002496,2026-08-18 11:53:18.926658,PENDING,500.0
TXN002497,2026-08-23 07:38:55.599436,POSTED,100.0
TXN002498,2026-08-01 07:04:09.765706,POSTED,100.0
TXN002499,2026-09-04 10:51:36.930006,POSTED,10000.0
TXN002501,2026-08-30 13:06:39.767250,POSTED,1500.0
TXN002502,2026-08-08 00:39:04.158401,POSTED,500.0
TXN002503,2026-08-14 12:53:42.861293,POSTED,1500.0
TXN002504,2026-08-10 13:45:03.565287,POSTED,500.0
TXN002505,2026-09-01 19:11:24.255315,POSTED,100.0
TXN002506,2026-08-12 06:14:57.283226,POSTED,5000.0
TXN002507,2026-08-05 01:29:35.644727,POSTED,1500.0
TXN002508,2026-08-14 02:47:28.806418,POSTED,1441.0
TXN002509,2026-08-01 23:33:29.915827,POSTED,500.0
TXN002510,2026-08-25 19:46:51.132154,POSTED,100.0
TXN002511,2026-08-20 03:25:37.516271,POSTED,1000.0
TXN002512,2026-08-26 21:32:25.115247,POSTED,100.0
TXN002514,2026-08-08 13:52:13.030312,POSTED,250.0
TXN002515,2026-08-21 18:19:02.619646,POSTED,2000.0
TXN002516,2026-08-03 22:43:17.749788,POSTED,500.0
TXN002517,2026-08-28 18:22:11.559864,POSTED,2000.0
TXN002518,2026-08-21 07:49:01.065752,POSTED,500.0
TXN002519,2026-08-20 05:40:58.999741,POSTED,500.0
TXN002520,2026-08-27 07:40:54.630689,PENDING,25000.0
TXN002521,2026-08-23 07:52:32.833173,PENDING,750.0
TXN002522,2026-08-04 14:27:59.491362,PENDING,1000.0
TXN002523,2026-08-18 00:55:48.798589,POSTED,10000.0
TXN002524,2026-09-04 21:36:20.449353,POSTED,1976.0
TXN002525,2026-08-19 03:58:01.769319,PENDING,750.0
TXN002526,2026-08-15 06:25:39.974114,POSTED,5000.0
TXN002527,2026-08-31 00:21:51.398733,POSTED,1500.0
TXN002528,2026-08-16 09:37:12.814018,POSTED,100.0
TXN002529,2026-09-02 17:31:20.525330,POSTED,1000.0
TXN002530,2026-08-27 03:43:23.084904,POSTED,2000.0
TXN002532,2026-08-15 18:23:46.679856,PENDING,1000.0
TXN002533,2026-09-03 21:22:18.014801,PENDING,1500.0
TXN002534,2026-08-15 23:03:04.517634,POSTED,1000.0
TXN002535,2026-09-02 13:51:13.860363,POSTED,10000.0
TXN002536,2026-08-22 00:58:14.318937,POSTED,250.0
TXN002537,2026-08-16 14:07:32.921811,POSTED,750.0
TXN002538,2026-08-16 12:15:03.991177,POSTED,2500.0
TXN002539,2026-09-02 17:14:07.179509,POSTED,100.0
TXN002540,2026-08-19 18:09:56.457136,PENDING,100.0
TXN002542,2026-08-22 15:55:26.971306,POSTED,100.0
TXN002543,2026-08-16 06:59:31.618835,POSTED,103.0
TXN002544,2026-08-29 03:40:38.395423,POSTED,500.0
TXN002545,2026-08-09 21:05:58.898686,POSTED,2000.0
TXN002546,2026-08-30 12:51:14.877680,POSTED,100.0
TXN002547,2026-08-02 09:02:34.533686,POSTED,250.0
TXN002548,2026-08-09 17:47:55.040540,PENDING,2500.0
TXN002549,2026-08-21 02:09:57.503260,PENDING,2500.0
TXN002550,2026-08-22 01:22:35.587784,POSTED,10000.0
TXN002551,2026-08-11 03:21:30.791906,PENDING,500.0
TXN002552,2026-08-14 20:22:00.130482,POSTED,500.0
TXN002553,2026-08-29 13:03:56.375964,PENDING,25000.0
TXN002554,2026-08-19 00:35:22.104617,POSTED,1950.0
TXN002555,2026-08-03 17:52:13.149140,POSTED,1000.0
TXN002556,2026-08-06 11:40:54.570399,POSTED,1000.0
TXN002557,2026-08-20 14:54:17.169907,POSTED,100.0
TXN002558,2026-08-02 11:12:26.059117,POSTED,1500.0
TXN002559,2026-08-20 18:33:40.342347,POSTED,1500.0
TXN002560,2026-08-02 04:47:10.333776,POSTED,2000.0
TXN002561,2026-08-15 01:28:12.387945,POSTED,500.0
TXN002562,2026-08-26 18:27:31.190310,POSTED,500.0
TXN002563,2026-08-29 21:49:09.821300,POSTED,750.0
TXN002564,2026-08-16 03:41:27.052702,POSTED,250.0
TXN002565,2026-09-04 23:43:23.029722,POSTED,250.0
TXN002567,2026-09-03 00:58:46.383888,POSTED,1021.0
TXN002569,2026-08-24 13:57:03.561959,POSTED,750.0
TXN002570,2026-09-02 13:47:59.382480,PENDING,1000.0
TXN002571,2026-08-31 05:46:22.166115,POSTED,2500.0
TXN002572,2026-09-03 08:13:41.708100,PENDING,5000.0
TXN002573,2026-08-06 08:30:07.156621,POSTED,1500.0
TXN002574,2026-08-26 09:44:37.259011,POSTED,250.0
TXN002575,2026-08-13 11:47:58.446830,POSTED,1500.0
TXN002576,2026-08-19 17:26:37.978938,PENDING,250.0
TXN002578,2026-08-23 02:43:07.588524,POSTED,2000.0
TXN002579,2026-08-14 20:21:37.159149,PENDING,1500.0
TXN002580,2026-08-14 22:54:32.024249,POSTED,250.0
TXN002581,2026-08-09 01:38:31.448408,POSTED,250.0
TXN002582,2026-09-02 13:00:27.829060,PENDING,2500.0
TXN002583,2026-08-24 07:11:33.453927,PENDING,100.0
TXN002584,2026-08-06 04:17:53.626304,POSTED,2500.0
TXN002586,2026-08-20 15:26:41.031054,POSTED,10000.0
TXN002587,2026-08-09 08:12:45.609483,POSTED,250.0
TXN002588,2026-09-01 22:43:46.551809,PENDING,2000.0
TXN002589,2026-08-12 06:18:13.291275,PENDING,10000.0
TXN002590,2026-08-17 21:19:42.926849,POSTED,245.0
TXN002591,2026-08-18 12:09:50.789701,POSTED,750.0
TXN002592,2026-08-24 22:06:59.263200,POSTED,250.0
TXN002594,2026-08-30 09:46:21.304447,POSTED,1500.0
TXN002595,2026-09-03 06:41:03.053801,POSTED,750.0
TXN002596,2026-08-05 15:56:25.758514,PENDING,1500.0
TXN002597,2026-09-01 12:49:57.087283,POSTED,2000.0
TXN002598,2026-08-20 16:22:53.733193,POSTED,750.0
TXN002599,2026-08-27 11:32:36.726520,POSTED,100.0
TXN002600,2026-08-15 00:48:52.369012,POSTED,250.0
TXN002601,2026-08-01 22:50:30.959536,POSTED,1500.0
TXN002602,2026-08-31 07:12:08.025700,POSTED,500.0
TXN002604,2026-08-11 23:31:02.012054,PENDING,250.0
TXN002605,2026-08-18 14:43:39.876215,POSTED,250.0
TXN002606,2026-08-26 06:17:08.151751,POSTED,250.0
TXN002607,2026-08-09 08:12:22.889027,POSTED,2500.0
TXN002608,2026-09-04 23:31:49.787536,POSTED,10000.0
TXN002609,2026-08-02 10:19:58.801572,PENDING,500.0
TXN002610,2026-08-21 18:02:11.762737,PENDING,2000.0
TXN002611,2026-08-09 09:25:31.522578,POSTED,250.0
TXN002612,2026-08-19 22:28:24.008752,POSTED,1500.0
TXN002613,2026-08-08 09:47:41.075087,PENDING,2000.0
TXN002616,2026-08-02 21:59:01.857724,PENDING,100.0
TXN002617,2026-08-18 07:22:32.505423,POSTED,500.0
TXN002618,2026-08-28 12:25:18.454442,PENDING,10000.0
TXN002619,2026-08-13 16:52:59.177299,POSTED,1500.0
TXN002620,2026-09-01 17:40:28.329861,POSTED,250.0
TXN002621,2026-08-26 05:38:18.684055,POSTED,250.0
TXN002622,2026-09-02 13:48:47.964095,POSTED,500.0
TXN002623,2026-08-20 16:51:37.007868,POSTED,250.0
TXN002624,2026-08-03 10:13:11.524425,POSTED,5000.0
TXN002625,2026-08-26 06:57:06.581487,POSTED,479.0
TXN002626,2026-08-06 10:51:37.355034,POSTED,250.0
TXN002627,2026-08-04 01:46:18.927297,PENDING,750.0
TXN002628,2026-08-29 02:34:39.997278,POSTED,250.0
TXN002629,2026-08-01 22:37:25.393359,POSTED,5000.0
TXN002630,2026-08-29 20:45:59.418418,PENDING,250.0
TXN002631,2026-08-20 17:45:58.312345,POSTED,1500.0
TXN002632,2026-08-31 09:44:03.266166,POSTED,2000.0
TXN002633,2026-08-30 18:24:31.451030,POSTED,5000.0
TXN002634,2026-08-10 02:20:08.496739,PENDING,100.0
TXN002635,2026-08-15 01:41:37.372588,POSTED,2000.0
TXN002636,2026-08-14 12:51:55.974859,POSTED,1500.0
TXN002637,2026-08-17 23:26:27.647104,PENDING,500.0
TXN002638,2026-08-19 11:12:16.222808,PENDING,1000.0
TXN002639,2026-08-26 15:14:31.698874,POSTED,500.0
TXN002640,2026-09-03 09:43:26.914926,POSTED,25000.0
TXN002641,2026-08-23 08:25:21.700954,PENDING,250.0
TXN002642,2026-08-28 14:46:31.834303,POSTED,5000.0
TXN002643,2026-08-10 23:17:17.184703,PENDING,250.0
TXN002644,2026-08-08 07:22:01.186848,POSTED,100.0
TXN002645,2026-08-13 10:45:38.558873,PENDING,2500.0
TXN002648,2026-08-22 06:45:56.967763,POSTED,500.0
TXN002649,2026-08-23 18:09:22.883862,POSTED,2000.0
TXN002650,2026-08-07 20:35:59.627989,POSTED,2000.0
TXN002651,2026-08-04 23:28:23.319380,POSTED,250.0
TXN002652,2026-08-12 06:01:29.232470,POSTED,1000.0
TXN002653,2026-08-06 05:43:26.120874,POSTED,2000.0
TXN002654,2026-08-11 20:26:10.450619,POSTED,1000.0
TXN002655,2026-08-29 03:03:12.191825,POSTED,1000.0
TXN002656,2026-08-05 13:59:03.812163,POSTED,750.0
TXN002657,2026-09-01 17:07:37.601428,POSTED,2000.0
TXN002658,2026-08-05 03:25:25.287796,POSTED,500.0
TXN002659,2026-08-15 19:24:49.509852,POSTED,750.0
TXN002660,2026-09-02 08:01:55.942097,POSTED,250.0
TXN002661,2026-08-29 05:46:27.728499,POSTED,250.0
TXN002662,2026-08-29 11:58:40.453542,POSTED,5000.0
TXN002663,2026-08-22 03:15:28.513025,POSTED,1000.0
TXN002664,2026-09-04 10:33:11.739319,POSTED,500.0
TXN002665,2026-08-09 12:08:53.301723,POSTED,2000.0
TXN002666,2026-08-13 03:47:17.482691,POSTED,250.0
TXN002667,2026-08-31 21:05:19.282116,PENDING,750.0
TXN002668,2026-08-31 15:49:14.432761,POSTED,5000.0
TXN002669,2026-09-02 17:47:11.779357,PENDING,2000.0
TXN002670,2026-08-08 08:12:39.859331,POSTED,100.0
TXN002671,2026-09-03 08:57:40.286503,PENDING,500.0
TXN002672,2026-08-20 23:23:42.262671,POSTED,1500.0
TXN002674,2026-09-02 18:55:11.969504,POSTED,100.0
TXN002675,2026-08-23 01:03:37.784216,POSTED,250.0
TXN002676,2026-08-04 02:58:39.837285,PENDING,5000.0
TXN002677,2026-09-03 06:33:18.399293,POSTED,750.0
TXN002678,2026-08-12 02:06:22.820158,POSTED,750.0
TXN002679,2026-08-23 10:25:29.478504,POSTED,5000.0
TXN002680,2026-08-03 22:19:41.616975,POSTED,750.0
TXN002681,2026-08-03 20:00:56.574175,POSTED,1500.0
TXN002683,2026-08-14 19:44:38.968971,POSTED,5000.0
TXN002684,2026-09-03 04:53:04.297126,POSTED,769.0
TXN002685,2026-08-26 21:27:13.745164,POSTED,750.0
TXN002686,2026-08-13 19:56:45.285491,POSTED,250.0
TXN002687,2026-08-22 11:13:37.839402,POSTED,100.0
TXN002688,2026-08-10 18:55:03.210356,PENDING,1000.0
TXN002689,2026-08-20 18:16:22.324853,PENDING,25000.0
TXN002690,2026-08-08 10:20:48.135574,PENDING,2000.0
TXN002691,2026-08-01 00:56:15.627882,POSTED,500.0
TXN002692,2026-08-09 20:14:18.781692,POSTED,1000.0
TXN002693,2026-08-25 11:37:01.375550,POSTED,1000.0
TXN002694,2026-08-15 23:10:43.699523,POSTED,5000.0
TXN002695,2026-08-08 01:09:09.830798,POSTED,2500.0
TXN002696,2026-09-03 18:05:43.265930,POSTED,5000.0
TXN002698,2026-08-22 03:45:51.427410,PENDING,250.0
TXN002699,2026-08-14 18:50:05.187156,POSTED,100.0
TXN002700,2026-08-02 21:18:14.953452,POSTED,500.0
TXN002701,2026-08-09 10:21:38.633323,POSTED,250.0
TXN002703,2026-08-14 17:27:15.791806,PENDING,250.0
TXN002704,2026-09-02 03:33:53.892574,POSTED,2500.0
TXN002705,2026-08-28 02:40:31.482660,PENDING,750.0
TXN002706,2026-08-15 04:23:09.606002,PENDING,250.0
TXN002707,2026-08-22 20:43:12.413674,PENDING,250.0
TXN002708,2026-08-19 06:30:32.078677,POSTED,1000.0
TXN002709,2026-08-14 20:00:01.858614,POSTED,2000.0
TXN002710,2026-08-11 18:37:39.093054,POSTED,2000.0
TXN002711,2026-08-25 20:34:40.479581,POSTED,2500.0
TXN002712,2026-09-03 06:43:16.679990,POSTED,1500.0
TXN002713,2026-08-14 10:48:52.240030,POSTED,5000.0
TXN002714,2026-08-10 09:10:39.949524,POSTED,250.0
TXN002715,2026-08-05 15:37:33.813118,PENDING,25000.0
TXN002716,2026-08-23 14:23:42.013204,POSTED,250.0
TXN002717,2026-08-23 14:37:13.807833,PENDING,2000.0
TXN002718,2026-08-03 21:53:09.645388,PENDING,250.0
TXN002719,2026-08-10 19:57:00.105395,POSTED,2000.0
TXN002720,2026-08-15 19:00:16.863851,POSTED,1500.0
TXN002721,2026-08-14 18:46:13.526879,POSTED,250.0
TXN002722,2026-08-29 00:18:48.869114,POSTED,250.0
TXN002723,2026-08-28 07:18:15.611023,PENDING,100.0
TXN002724,2026-08-28 05:35:54.762813,POSTED,750.0
TXN002725,2026-08-31 18:51:43.658647,PENDING,2500.0
TXN002726,2026-08-16 05:30:16.065865,POSTED,2000.0
TXN002728,2026-08-16 06:55:51.487801,POSTED,1500.0
TXN002729,2026-08-08 15:32:33.583005,POSTED,1000.0
TXN002730,2026-08-12 09:48:12.785878,PENDING,5000.0
TXN002731,2026-09-04 23:48:29.438305,POSTED,1500.0
TXN002732,2026-08-30 07:47:09.694864,POSTED,500.0
TXN002733,2026-08-13 13:55:44.140104,POSTED,100.0
TXN002734,2026-08-17 01:46:32.946330,PENDING,500.0
TXN002736,2026-08-31 14:17:40.921516,POSTED,1000.0
TXN002737,2026-08-11 12:20:40.961963,POSTED,250.0
TXN002739,2026-08-31 12:13:27.495452,POSTED,750.0
TXN002740,2026-08-25 01:51:58.049722,POSTED,1000.0
TXN002741,2026-08-23 22:23:08.956021,POSTED,750.0
TXN002742,2026-08-08 03:30:04.930454,POSTED,500.0
TXN002743,2026-08-10 13:43:50.840860,POSTED,10000.0
TXN002745,2026-09-04 21:53:53.689623,POSTED,500.0
TXN002746,2026-08-19 13:41:28.578457,POSTED,100.0
TXN002747,2026-08-16 00:26:59.212465,POSTED,5000.0
TXN002748,2026-08-14 07:45:24.903266,PENDING,1500.0
TXN002749,2026-08-20 16:34:37.212228,POSTED,1000.0
TXN002751,2026-08-30 03:18:40.815300,POSTED,5000.0
TXN002752,2026-08-16 12:54:16.211743,POSTED,1500.0
TXN002753,2026-08-17 00:19:49.232033,POSTED,509.0
TXN002754,2026-08-24 08:07:33.422243,PENDING,100.0
TXN002755,2026-08-23 15:36:27.346105,POSTED,750.0
TXN002756,2026-08-03 07:55:56.930464,POSTED,2500.0
TXN002757,2026-08-01 08:03:27.638867,POSTED,2500.0
TXN002758,2026-08-08 04:43:08.275952,POSTED,250.0
TXN002759,2026-08-26 22:16:31.386546,PENDING,750.0
TXN002760,2026-08-16 07:23:44.922213,POSTED,250.0
TXN002761,2026-08-29 09:39:47.045606,POSTED,250.0
TXN002762,2026-08-25 22:42:25.288840,POSTED,25000.0
TXN002763,2026-09-02 19:29:33.573908,POSTED,100.0
TXN002764,2026-09-02 22:21:44.539624,POSTED,750.0
TXN002765,2026-08-08 18:43:25.135695,PENDING,2500.0
TXN002766,2026-08-05 10:39:54.233242,POSTED,1000.0
TXN002767,2026-08-27 13:36:11.313121,POSTED,500.0
TXN002768,2026-08-29 04:47:21.522100,POSTED,250.0
TXN002769,2026-08-15 19:56:17.484340,POSTED,1000.0
TXN002771,2026-08-08 02:03:24.572788,POSTED,100.0
TXN002772,2026-08-21 16:48:32.831354,POSTED,750.0
TXN002773,2026-08-05 15:22:50.597787,POSTED,500.0
TXN002774,2026-09-04 21:49:31.425685,PENDING,750.0
TXN002775,2026-08-30 07:17:41.469837,PENDING,250.0
TXN002776,2026-08-27 11:51:28.048329,POSTED,100.0
TXN002777,2026-08-11 12:03:24.828881,POSTED,2500.0
TXN002778,2026-09-02 00:32:02.207674,PENDING,500.0
TXN002779,2026-08-21 02:00:43.842270,POSTED,1500.0
TXN002780,2026-08-26 22:01:02.090712,POSTED,2000.0
TXN002781,2026-08-28 15:09:16.334815,POSTED,750.0
TXN002782,2026-09-02 22:48:37.196027,PENDING,2000.0
TXN002783,2026-08-23 11:18:54.589552,POSTED,994.0
TXN002784,2026-08-13 22:26:39.606983,PENDING,2000.0
TXN002785,2026-08-13 05:50:16.214828,POSTED,750.0
TXN002787,2026-08-13 16:26:37.938348,POSTED,5000.0
TXN002789,2026-08-28 21:39:13.119528,PENDING,2500.0
TXN002790,2026-08-11 21:23:59.429852,POSTED,500.0
TXN002792,2026-08-14 13:34:27.855501,POSTED,1000.0
TXN002793,2026-08-02 20:54:57.072637,POSTED,250.0
TXN002794,2026-08-17 15:51:25.056347,PENDING,2500.0
TXN002795,2026-08-10 13:30:09.470173,POSTED,2000.0
TXN002796,2026-08-22 00:41:42.409038,PENDING,100.0
TXN002797,2026-08-14 22:22:35.010751,PENDING,5000.0
TXN002798,2026-08-15 04:41:34.603101,POSTED,250.0
TXN002799,2026-08-26 20:44:59.128404,PENDING,2000.0
TXN002800,2026-08-28 12:49:50.767097,POSTED,1000.0
TXN002801,2026-08-16 09:43:51.583542,POSTED,250.0
TXN002802,2026-08-12 23:53:30.444267,POSTED,1500.0
TXN002804,2026-08-13 17:59:36.090835,POSTED,500.0
TXN002805,2026-08-11 09:23:01.802641,POSTED,750.0
TXN002806,2026-08-10 23:13:32.546681,PENDING,250.0
TXN002807,2026-08-02 06:10:56.831503,POSTED,500.0
TXN002808,2026-08-18 11:31:56.145153,PENDING,100.0
TXN002809,2026-08-07 01:13:10.217574,PENDING,2500.0
TXN002810,2026-08-01 09:09:47.300685,POSTED,100.0
TXN002811,2026-08-06 23:47:32.222411,POSTED,250.0
TXN002812,2026-09-04 13:58:53.302400,POSTED,2500.0
TXN002813,2026-08-07 11:44:12.108403,POSTED,250.0
TXN002814,2026-08-24 14:44:56.837256,POSTED,2000.0
TXN002815,2026-08-10 06:41:58.571031,PENDING,500.0
TXN002816,2026-08-30 22:30:17.296060,PENDING,500.0
TXN002817,2026-08-12 19:43:41.172252,PENDING,1000.0
TXN002819,2026-09-04 14:08:07.600336,POSTED,500.0
TXN002821,2026-08-24 21:19:42.640568,PENDING,25000.0
TXN002822,2026-08-21 22:57:20.797528,POSTED,250.0
TXN002823,2026-08-06 22:15:26.756370,POSTED,500.0
TXN002824,2026-08-10 16:22:02.004562,POSTED,1500.0
TXN002825,2026-08-29 11:06:39.792351,POSTED,100.0
TXN002826,2026-08-29 15:21:40.165670,POSTED,2000.0
TXN002827,2026-08-03 20:09:19.466378,POSTED,966.0
TXN002828,2026-08-11 09:49:10.019089,POSTED,247.0
TXN002829,2026-08-15 03:13:53.766974,POSTED,1500.0
TXN002830,2026-08-28 21:21:20.421215,POSTED,1000.0
TXN002831,2026-09-01 17:19:29.011033,POSTED,500.0
TXN002832,2026-08-23 20:57:58.790121,POSTED,1500.0
TXN002833,2026-08-09 00:43:03.032314,POSTED,750.0
TXN002834,2026-09-02 15:04:54.527194,POSTED,250.0
TXN002835,2026-08-13 19:39:50.457689,POSTED,2500.0
TXN002836,2026-08-14 21:46:03.700104,PENDING,250.0
TXN002837,2026-08-08 15:07:07.488680,POSTED,250.0
TXN002839,2026-08-27 12:23:35.957331,POSTED,500.0
TXN002840,2026-08-31 11:20:17.562676,PENDING,500.0
TXN002841,2026-08-22 23:51:23.232352,POSTED,2000.0
TXN002842,2026-08-02 23:38:09.396175,POSTED,1500.0
TXN002843,2026-08-08 19:29:49.429404,PENDING,10000.0
TXN002844,2026-08-16 06:35:31.351573,POSTED,100.0
TXN002847,2026-08-04 20:50:55.062292,POSTED,750.0
TXN002848,2026-08-18 14:02:24.781067,POSTED,2500.0
TXN002849,2026-08-25 14:57:26.334656,POSTED,100.0
TXN002850,2026-08-15 04:13:09.326245,POSTED,1500.0
TXN002851,2026-08-13 09:30:41.155225,PENDING,100.0
TXN002852,2026-09-01 16:56:57.218847,POSTED,1500.0
TXN002853,2026-08-25 14:13:18.595574,POSTED,100.0
TXN002854,2026-09-02 12:19:44.748362,POSTED,2000.0
TXN002856,2026-08-18 21:43:50.821203,POSTED,25000.0
TXN002857,2026-09-02 06:32:35.507946,POSTED,1500.0
TXN002858,2026-08-02 16:28:58.501842,PENDING,2000.0
TXN002859,2026-08-05 08:40:29.933318,PENDING,5000.0
TXN002860,2026-08-14 10:10:30.229620,PENDING,250.0
TXN002861,2026-08-24 17:21:58.464067,POSTED,5000.0
TXN002862,2026-08-24 13:22:11.259145,POSTED,5000.0
TXN002863,2026-08-04 08:12:05.061277,PENDING,250.0
TXN002864,2026-08-07 15:05:24.240722,POSTED,2000.0
TXN002866,2026-08-16 12:35:45.271386,POSTED,250.0
TXN002867,2026-08-26 20:57:50.876269,POSTED,2000.0
TXN002868,2026-08-24 07:32:57.297262,POSTED,1000.0
TXN002870,2026-08-10 14:01:05.027185,POSTED,500.0
TXN002871,2026-08-26 19:35:58.840651,POSTED,100.0
TXN002872,2026-09-04 01:04:34.399732,POSTED,2607.0
TXN002873,2026-08-17 10:51:34.120588,POSTED,750.0
TXN002874,2026-08-04 13:05:16.852818,POSTED,100.0
TXN002875,2026-08-10 18:02:30.210936,POSTED,2500.0
TXN002876,2026-08-03 11:50:19.565144,POSTED,1000.0
TXN002877,2026-08-05 22:38:05.167345,POSTED,750.0
TXN002878,2026-08-23 06:45:35.257054,POSTED,750.0
TXN002879,2026-08-20 19:45:10.627269,POSTED,2000.0
TXN002881,2026-08-05 23:37:31.671425,POSTED,5000.0
TXN002882,2026-08-17 14:09:11.296497,POSTED,250.0
TXN002883,2026-08-28 23:21:47.270238,POSTED,500.0
TXN002884,2026-08-31 21:28:10.246940,POSTED,1000.0
TXN002885,2026-08-26 03:06:07.093747,POSTED,100.0
TXN002886,2026-09-02 22:40:17.463253,POSTED,5000.0
TXN002887,2026-08-29 00:28:45.523519,POSTED,10000.0
TXN002888,2026-08-14 06:53:22.059518,POSTED,5000.0
TXN002890,2026-08-27 00:25:27.136129,POSTED,250.0
TXN002891,2026-08-04 21:07:28.729198,POSTED,500.0
TXN002892,2026-08-14 01:04:46.669492,PENDING,100.0
TXN002894,2026-08-28 19:06:35.239643,PENDING,500.0
TXN002895,2026-08-17 19:54:32.783780,POSTED,100.0
TXN002896,2026-09-01 20:09:47.603411,POSTED,500.0
TXN002897,2026-08-05 19:42:55.557548,POSTED,250.0
TXN002898,2026-08-28 09:51:46.431656,POSTED,1500.0
TXN002900,2026-09-01 09:08:04.028692,PENDING,750.0
TXN002901,2026-08-31 11:57:27.371428,POSTED,500.0
TXN002902,2026-09-03 22:48:50.676891,POSTED,750.0
TXN002903,2026-08-06 02:54:26.159293,POSTED,750.0
TXN002904,2026-08-01 19:41:11.866330,POSTED,252.0
TXN002905,2026-08-15 23:58:32.413063,POSTED,1000.0
TXN002906,2026-08-16 23:19:25.753112,POSTED,2000.0
TXN002907,2026-08-24 01:53:28.592696,POSTED,5000.0
TXN002909,2026-09-03 13:09:21.320797,PENDING,1500.0
TXN002910,2026-08-03 06:25:10.942807,POSTED,2500.0
TXN002911,2026-08-16 07:01:30.591129,POSTED,1000.0
TXN002912,2026-08-11 06:21:22.771676,POSTED,1500.0
TXN002913,2026-08-12 21:01:07.767095,POSTED,250.0
TXN002914,2026-08-10 20:59:47.660996,PENDING,1000.0
TXN002915,2026-08-17 02:19:27.511652,POSTED,1000.0
TXN002916,2026-08-16 11:10:48.130637,PENDING,2500.0
TXN002918,2026-08-29 22:14:26.128396,POSTED,100.0
TXN002919,2026-08-11 20:28:01.261538,POSTED,250.0
TXN002920,2026-08-21 16:39:30.018626,POSTED,10000.0
TXN002921,2026-08-29 00:09:06.580751,PENDING,750.0
TXN002922,2026-08-21 00:32:00.994295,POSTED,1500.0
TXN002923,2026-08-30 19:51:33.482891,POSTED,500.0
TXN002924,2026-08-01 16:14:12.877093,POSTED,2500.0
TXN002925,2026-08-04 23:21:17.304503,POSTED,100.0
TXN002926,2026-08-27 05:12:02.035438,POSTED,750.0
TXN002927,2026-08-20 02:39:08.543937,POSTED,2500.0
TXN002928,2026-08-07 09:36:29.856109,POSTED,750.0
TXN002929,2026-08-28 01:04:27.656064,POSTED,5000.0
TXN002930,2026-08-05 16:27:00.820952,POSTED,750.0
TXN002931,2026-08-03 17:48:06.131454,POSTED,2000.0
TXN002932,2026-08-14 16:22:47.129022,PENDING,500.0
TXN002934,2026-08-10 02:30:04.093857,PENDING,1000.0
TXN002935,2026-08-26 17:54:54.816024,POSTED,2500.0
TXN002936,2026-08-25 05:27:57.851474,POSTED,2000.0
TXN002937,2026-08-24 16:27:00.535019,POSTED,250.0
TXN002938,2026-08-25 05:29:31.604984,POSTED,1000.0
TXN002939,2026-09-02 19:25:12.854434,POSTED,750.0
TXN002940,2026-09-04 12:00:40.610520,POSTED,2500.0
TXN002941,2026-08-16 18:47:55.625240,POSTED,1500.0
TXN002942,2026-08-17 16:46:07.135332,PENDING,1000.0
TXN002943,2026-08-20 15:57:13.885238,PENDING,100.0
TXN002944,2026-08-16 12:32:38.584141,POSTED,1000.0
TXN002945,2026-08-19 17:32:46.528009,POSTED,500.0
TXN002946,2026-08-18 17:37:05.921181,POSTED,500.0
TXN002947,2026-08-16 13:16:12.391513,POSTED,750.0
TXN002948,2026-08-19 09:20:28.053097,POSTED,250.0
TXN002949,2026-08-03 08:39:51.827646,PENDING,500.0
TXN002950,2026-08-10 09:09:37.662279,PENDING,1000.0
TXN002951,2026-09-03 12:18:28.961526,POSTED,500.0
TXN002952,2026-08-13 11:26:05.795492,POSTED,750.0
TXN002953,2026-08-22 05:58:33.630363,POSTED,1500.0
TXN002954,2026-08-21 13:00:10.019689,POSTED,100.0
TXN002955,2026-08-27 14:51:49.670299,POSTED,100.0
TXN002957,2026-08-22 12:36:45.689131,POSTED,5000.0
TXN002958,2026-08-08 07:15:48.168665,POSTED,100.0
TXN002959,2026-08-15 10:33:18.880747,POSTED,1500.0
TXN002960,2026-08-14 18:27:37.082970,POSTED,1500.0
TXN002961,2026-08-17 18:02:58.372363,POSTED,750.0
TXN002962,2026-08-19 06:37:21.712377,POSTED,750.0
TXN002963,2026-09-03 12:03:42.276693,POSTED,1500.0
TXN002964,2026-08-24 15:27:04.298668,PENDING,500.0
TXN002965,2026-08-24 06:17:03.240924,POSTED,250.0
TXN002966,2026-08-10 14:18:31.426716,POSTED,1000.0
TXN002967,2026-09-01 06:18:17.998208,POSTED,10000.0
TXN002968,2026-08-01 12:04:03.159440,POSTED,750.0
TXN002969,2026-08-07 12:36:57.731567,POSTED,500.0
TXN002970,2026-08-22 03:24:53.385674,POSTED,750.0
TXN002971,2026-08-25 14:21:35.704693,POSTED,100.0
TXN002972,2026-08-12 01:50:57.045877,POSTED,2000.0
TXN002973,2026-08-22 20:57:04.088886,POSTED,2500.0
TXN002974,2026-08-07 05:32:06.611406,POSTED,100.0
TXN002975,2026-08-03 20:40:38.302300,POSTED,100.0
TXN002976,2026-08-16 13:17:14.045941,POSTED,5000.0
TXN002977,2026-08-14 18:44:42.507247,POSTED,1500.0
TXN002978,2026-08-14 12:45:33.433173,PENDING,250.0
TXN002979,2026-09-03 01:55:24.542861,PENDING,1000.0
TXN002980,2026-08-09 21:11:25.497739,POSTED,100.0
TXN002981,2026-08-29 18:37:12.435540,PENDING,500.0
TXN002982,2026-08-09 22:58:11.422625,PENDING,1500.0
TXN002983,2026-09-04 03:14:21.681510,POSTED,500.0
TXN002985,2026-08-03 02:57:11.145965,POSTED,250.0
TXN002986,2026-08-09 22:47:11.184855,PENDING,250.0
TXN002987,2026-08-09 01:33:23.418242,POSTED,5000.0
TXN002988,2026-08-31 08:27:19.664382,POSTED,10000.0
TXN002989,2026-08-19 09:45:19.651964,POSTED,1500.0
TXN002990,2026-08-21 02:50:15.904757,PENDING,5000.0
TXN002991,2026-08-23 08:22:26.355962,POSTED,100.0
TXN002992,2026-08-20 01:25:56.816001,POSTED,1002.0
TXN002993,2026-09-01 10:50:53.236259,POSTED,10000.0
TXN002995,2026-08-04 08:36:36.013103,POSTED,250.0
TXN002996,2026-08-27 08:23:18.700830,POSTED,250.0
TXN002997,2026-08-08 08:26:22.686053,POSTED,250.0
TXN002999,2026-08-22 12:26:00.101711,POSTED,2500.0
TXN003000,2026-08-07 07:11:14.462634,POSTED,5000.0
TXN003001,2026-08-24 02:37:01.885421,POSTED,750.0
TXN003002,2026-09-01 17:43:34.205080,POSTED,25000.0
TXN003003,2026-08-25 04:14:24.364126,POSTED,250.0
TXN003004,2026-08-06 15:36:28.102730,POSTED,1000.0
TXN003005,2026-08-20 03:16:37.044031,PENDING,25000.0
TXN003006,2026-08-24 21:09:17.530373,POSTED,100.0
TXN003007,2026-08-19 21:41:31.710705,POSTED,250.0
TXN003008,2026-08-24 18:00:40.919895,POSTED,500.0
TXN003009,2026-08-26 00:52:54.680790,POSTED,250.0
TXN003010,2026-08-21 17:31:11.855577,POSTED,1000.0
TXN003011,2026-08-11 20:52:33.674455,PENDING,500.0
TXN003012,2026-08-22 14:56:04.690418,POSTED,2000.0
TXN003013,2026-08-11 10:21:06.752520,PENDING,1000.0
TXN003014,2026-08-16 16:00:07.837419,PENDING,25000.0
TXN003015,2026-09-04 14:20:40.391035,POSTED,2500.0
TXN003016,2026-08-08 07:31:24.012116,PENDING,250.0
TXN003017,2026-09-04 04:05:25.313911,POSTED,10000.0
TXN003018,2026-08-02 19:01:08.784469,POSTED,2500.0
TXN003019,2026-08-14 13:10:44.515195,POSTED,2500.0
TXN003020,2026-08-04 10:48:16.976802,POSTED,1000.0
TXN003021,2026-08-08 03:49:16.666333,POSTED,750.0
TXN003022,2026-08-31 06:15:12.584443,POSTED,500.0
TXN003024,2026-08-12 08:26:15.445943,PENDING,1000.0
TXN003025,2026-08-21 11:00:21.096580,POSTED,500.0
TXN003026,2026-08-31 02:26:04.396404,POSTED,250.0
TXN003027,2026-08-04 21:30:47.338829,POSTED,100.0
TXN003028,2026-08-28 19:52:11.482338,POSTED,750.0
TXN003029,2026-08-19 08:43:56.226218,POSTED,1000.0
TXN003030,2026-08-01 03:36:59.964550,POSTED,1000.0
TXN003031,2026-08-01 16:37:59.090458,POSTED,10000.0
TXN003032,2026-08-02 12:01:36.419298,POSTED,100.0
TXN003033,2026-08-24 00:14:38.345496,POSTED,10000.0
TXN003034,2026-08-17 19:59:57.728085,PENDING,1500.0
TXN003035,2026-08-24 17:20:35.971544,POSTED,750.0
TXN003036,2026-08-07 08:32:14.884775,POSTED,750.0
TXN003037,2026-08-08 07:28:03.182892,POSTED,100.0
TXN003038,2026-08-17 04:48:51.370243,POSTED,100.0
TXN003039,2026-08-10 02:56:25.539431,PENDING,500.0
TXN003040,2026-08-12 22:26:47.698232,POSTED,1000.0
TXN003041,2026-09-02 02:54:11.679152,POSTED,500.0
TXN003042,2026-09-04 09:37:29.734658,POSTED,100.0
TXN003043,2026-08-01 05:22:20.067240,POSTED,750.0
TXN003044,2026-08-08 22:46:17.159832,POSTED,750.0
TXN003045,2026-08-14 15:49:55.346208,PENDING,5000.0
TXN003046,2026-08-08 17:17:06.694434,POSTED,1500.0
TXN003047,2026-08-23 21:12:57.706639,POSTED,750.0
TXN003048,2026-08-30 17:06:38.559206,POSTED,100.0
TXN003049,2026-09-04 17:32:43.392645,POSTED,500.0
TXN003050,2026-08-29 01:19:14.844885,POSTED,500.0
TXN003051,2026-08-15 11:32:45.777587,POSTED,966.0
TXN003052,2026-08-05 04:42:29.098677,POSTED,750.0
TXN003053,2026-08-16 05:30:51.040929,POSTED,500.0
TXN003054,2026-08-14 05:42:54.426714,POSTED,750.0
TXN003055,2026-08-03 01:33:18.018170,POSTED,1500.0
TXN003056,2026-08-30 15:07:10.319852,POSTED,250.0
TXN003057,2026-08-19 21:54:12.563388,POSTED,750.0
TXN003058,2026-08-10 13:59:14.814311,POSTED,2500.0
TXN003059,2026-08-06 06:49:15.515572,POSTED,500.0
TXN003060,2026-08-25 18:13:06.887117,POSTED,2000.0
TXN003061,2026-08-13 00:35:38.587094,PENDING,100.0
TXN003062,2026-09-04 10:06:04.662001,POSTED,2500.0
TXN003063,2026-08-23 08:28:34.018504,POSTED,100.0
TXN003064,2026-08-23 21:24:45.212628,POSTED,1500.0
TXN003065,2026-08-11 20:52:51.837775,POSTED,1000.0
TXN003066,2026-08-01 05:16:09.720068,POSTED,2500.0
TXN003067,2026-08-05 16:40:09.809793,PENDING,1000.0
TXN003068,2026-09-04 04:49:03.021051,POSTED,100.0
TXN003069,2026-09-01 12:08:07.828451,POSTED,750.0
TXN003070,2026-08-05 22:30:15.349415,PENDING,1000.0
TXN003071,2026-08-01 19:26:12.595446,POSTED,10000.0
TXN003072,2026-08-06 15:03:40.499414,POSTED,100.0
TXN003074,2026-08-22 21:58:28.950198,POSTED,750.0
TXN003075,2026-09-03 16:03:11.694757,POSTED,5000.0
TXN003076,2026-09-03 20:18:40.483433,POSTED,500.0
TXN003078,2026-09-01 03:14:54.751445,POSTED,1500.0
TXN003079,2026-08-18 10:39:33.814689,POSTED,2500.0
TXN003080,2026-08-13 04:38:44.640245,POSTED,2500.0
TXN003081,2026-08-23 11:26:16.844879,POSTED,500.0
TXN003082,2026-08-19 06:21:53.018333,POSTED,750.0
TXN003083,2026-08-18 22:23:35.115377,PENDING,100.0
TXN003084,2026-08-10 18:02:16.231211,POSTED,250.0
TXN003085,2026-08-22 14:20:26.524037,POSTED,250.0
TXN003086,2026-08-26 23:48:04.443101,POSTED,2500.0
TXN003087,2026-08-11 19:27:31.503785,PENDING,2000.0
TXN003089,2026-09-04 22:19:22.364863,PENDING,100.0
TXN003091,2026-08-18 03:30:24.162066,PENDING,100.0
TXN003092,2026-08-12 23:30:43.581758,PENDING,750.0
TXN003094,2026-08-30 22:44:13.938238,PENDING,5000.0
TXN003095,2026-08-06 05:00:53.801487,POSTED,500.0
TXN003096,2026-08-18 13:59:33.436307,POSTED,750.0
TXN003098,2026-08-23 03:44:42.868639,POSTED,100.0
TXN003099,2026-08-03 17:48:28.949981,POSTED,1500.0
TXN003100,2026-09-03 17:35:37.482564,POSTED,750.0
TXN003101,2026-08-26 19:00:51.929238,POSTED,1000.0
TXN003102,2026-08-14 07:26:22.337580,POSTED,500.0
TXN003103,2026-08-06 21:28:44.233793,POSTED,1500.0
TXN003104,2026-08-26 23:58:14.127292,PENDING,500.0
TXN003105,2026-08-20 08:51:02.927390,POSTED,1500.0
TXN003106,2026-09-02 07:03:40.215573,POSTED,1500.0
TXN003107,2026-08-21 09:00:45.968596,POSTED,25000.0
TXN003108,2026-08-06 13:14:20.166994,PENDING,100.0
TXN003109,2026-08-01 19:13:29.898040,POSTED,2000.0
TXN003110,2026-08-07 09:06:32.335845,POSTED,500.0
TXN003111,2026-08-10 09:40:54.217467,PENDING,250.0
TXN003112,2026-08-13 20:36:43.816233,POSTED,500.0
TXN003113,2026-08-19 12:45:55.371549,POSTED,2000.0
TXN003114,2026-08-12 05:20:25.618007,POSTED,250.0
TXN003115,2026-08-24 09:42:48.388236,POSTED,2000.0
TXN003116,2026-08-12 03:58:44.970791,POSTED,100.0
TXN003117,2026-08-26 04:35:49.474790,PENDING,750.0
TXN003118,2026-08-05 19:59:05.149236,POSTED,500.0
TXN003119,2026-08-23 07:53:04.905438,POSTED,500.0
TXN003120,2026-08-02 15:41:03.747014,POSTED,2500.0
TXN003121,2026-08-12 05:39:50.767873,PENDING,1000.0
TXN003122,2026-08-07 06:36:57.138811,POSTED,5000.0
TXN003123,2026-08-29 14:31:44.620603,PENDING,2000.0
TXN003124,2026-08-22 00:39:25.463200,POSTED,2500.0
TXN003125,2026-09-02 17:51:56.822804,POSTED,250.0
TXN003126,2026-08-17 19:26:41.704872,POSTED,250.0
TXN003127,2026-08-08 00:17:34.590814,POSTED,1000.0
TXN003128,2026-08-29 07:31:03.917922,POSTED,750.0
TXN003130,2026-08-27 20:40:02.550637,POSTED,250.0
TXN003131,2026-08-07 10:25:19.560542,POSTED,2500.0
TXN003132,2026-08-28 12:04:05.962000,POSTED,100.0
TXN003133,2026-08-16 04:29:21.422437,POSTED,500.0
TXN003134,2026-08-23 02:21:28.249514,POSTED,25000.0
TXN003135,2026-08-09 01:56:12.847118,PENDING,5000.0
TXN003136,2026-08-09 22:06:43.022330,POSTED,1500.0
TXN003137,2026-08-31 09:20:15.916248,POSTED,2000.0
TXN003138,2026-08-09 16:48:51.398652,POSTED,750.0
TXN003139,2026-08-01 09:48:55.895074,POSTED,500.0
TXN003140,2026-08-09 14:26:01.251477,PENDING,2500.0
TXN003141,2026-08-31 01:35:48.904499,POSTED,1000.0
TXN003142,2026-08-24 17:44:59.053780,POSTED,1500.0
TXN003143,2026-08-11 23:43:40.875877,POSTED,1500.0
TXN003145,2026-08-05 11:51:32.650507,POSTED,5000.0
TXN003146,2026-08-30 20:04:06.259266,POSTED,25000.0
TXN003148,2026-08-17 20:04:37.488641,POSTED,2500.0
TXN003149,2026-08-28 09:40:11.463260,PENDING,2000.0
TXN003150,2026-08-17 18:17:56.469442,POSTED,10000.0
TXN003151,2026-08-24 13:16:34.282952,POSTED,500.0
TXN003152,2026-09-04 17:17:42.083211,POSTED,1500.0
TXN003153,2026-08-15 15:41:58.241223,PENDING,2000.0
TXN003154,2026-09-02 22:49:37.941707,PENDING,250.0
TXN003155,2026-08-23 03:21:48.672789,POSTED,2500.0
TXN003156,2026-08-10 09:50:29.543519,POSTED,500.0
TXN003158,2026-08-31 16:03:52.043048,POSTED,25000.0
TXN003159,2026-08-24 21:07:54.935651,POSTED,750.0
TXN003160,2026-08-03 19:01:19.717193,POSTED,500.0
TXN003163,2026-08-20 16:08:28.339833,POSTED,250.0
TXN003164,2026-08-02 19:10:30.272760,POSTED,1500.0
TXN003165,2026-08-30 06:07:34.043662,PENDING,1000.0
TXN003166,2026-08-09 17:49:55.074470,POSTED,100.0
TXN003167,2026-08-01 08:18:39.942042,PENDING,25000.0
TXN003168,2026-08-01 18:55:08.809909,POSTED,2500.0
TXN003170,2026-08-04 11:05:15.977545,PENDING,250.0
TXN003171,2026-08-05 06:34:16.432416,POSTED,250.0
TXN003172,2026-09-03 01:19:39.426602,POSTED,1500.0
TXN003173,2026-08-03 22:49:31.075852,POSTED,100.0
TXN003175,2026-08-23 21:09:04.063710,POSTED,250.0
TXN003176,2026-08-26 06:56:46.776003,PENDING,1500.0
TXN003177,2026-08-23 00:16:13.467980,PENDING,100.0
TXN003178,2026-08-30 03:15:24.198515,PENDING,1000.0
TXN003179,2026-08-31 20:54:41.103508,POSTED,2000.0
TXN003180,2026-08-01 00:54:57.628034,POSTED,100.0
TXN003181,2026-08-06 22:41:47.598928,PENDING,500.0
TXN003182,2026-08-19 18:49:02.106851,POSTED,1000.0
TXN003183,2026-08-05 07:52:00.404472,POSTED,1500.0
TXN003184,2026-09-02 10:20:02.755351,POSTED,1500.0
TXN003185,2026-08-06 09:00:58.366468,POSTED,100.0
TXN003186,2026-08-17 18:56:42.744667,POSTED,1500.0
TXN003187,2026-08-15 16:53:48.544649,POSTED,750.0
TXN003188,2026-08-27 17:27:35.139461,PENDING,1000.0
TXN003189,2026-08-05 19:58:23.762475,POSTED,100.0
TXN003190,2026-08-01 20:01:28.057121,POSTED,100.0
TXN003191,2026-08-11 05:55:47.921805,POSTED,2500.0
TXN003192,2026-08-10 04:14:41.218057,POSTED,500.0
TXN003193,2026-08-30 08:42:28.225412,POSTED,250.0
TXN003194,2026-08-06 08:54:03.386938,POSTED,500.0
TXN003195,2026-08-22 15:50:54.497217,POSTED,1000.0
TXN003196,2026-08-28 17:39:44.385674,POSTED,10000.0
TXN003197,2026-08-04 12:32:36.216387,POSTED,1017.0
TXN003198,2026-09-02 23:45:11.121159,POSTED,250.0
TXN003199,2026-08-24 07:06:29.901188,POSTED,100.0
TXN003200,2026-08-19 10:38:45.884943,PENDING,100.0
TXN003201,2026-08-24 05:22:49.773290,POSTED,1000.0
TXN003202,2026-08-24 20:51:43.838611,PENDING,100.0
TXN003204,2026-09-03 11:11:01.061756,PENDING,1000.0
TXN003205,2026-08-18 14:46:08.079617,POSTED,1500.0
TXN003207,2026-08-28 09:30:05.073265,POSTED,500.0
TXN003208,2026-08-28 02:18:38.859351,PENDING,1000.0
TXN003209,2026-08-12 23:14:09.978295,PENDING,250.0
TXN003210,2026-08-29 02:50:57.165875,POSTED,500.0
TXN003211,2026-09-01 03:06:14.847003,POSTED,1000.0
TXN003212,2026-09-01 13:55:05.991756,POSTED,100.0
TXN003213,2026-08-18 23:23:54.143201,PENDING,750.0
TXN003214,2026-09-03 15:20:05.796434,POSTED,250.0
TXN003215,2026-08-15 17:40:18.447701,POSTED,2500.0
TXN003216,2026-08-20 23:54:12.406040,PENDING,1000.0
TXN003217,2026-08-28 08:15:33.294288,POSTED,2500.0
TXN003218,2026-08-29 10:17:17.855684,POSTED,750.0
TXN003219,2026-08-15 04:49:28.440417,PENDING,25000.0
TXN003220,2026-08-26 06:08:09.432310,POSTED,750.0
TXN003221,2026-08-26 16:46:29.918772,POSTED,1500.0
TXN003222,2026-08-22 19:57:24.234956,POSTED,1000.0
TXN003223,2026-08-29 12:08:45.452334,POSTED,500.0
TXN003225,2026-08-15 03:36:02.712746,POSTED,250.0
TXN003227,2026-08-05 07:17:01.364063,PENDING,250.0
TXN003229,2026-08-30 09:15:55.944003,PENDING,250.0
TXN003230,2026-08-25 11:38:02.088723,POSTED,750.0
TXN003231,2026-08-03 08:38:11.576626,POSTED,1000.0
TXN003232,2026-08-13 01:47:46.038826,POSTED,750.0
TXN003233,2026-08-24 16:28:07.300047,PENDING,500.0
TXN003234,2026-08-28 11:06:09.659675,POSTED,1000.0
TXN003235,2026-08-27 06:23:10.239674,POSTED,100.0
TXN003236,2026-08-15 13:24:30.831422,POSTED,2500.0
TXN003237,2026-08-04 08:20:38.823270,POSTED,2000.0
TXN003238,2026-08-26 16:17:26.530506,POSTED,250.0
TXN003239,2026-08-01 15:44:15.555479,POSTED,2000.0
TXN003240,2026-08-13 22:21:00.215804,POSTED,5000.0
TXN003241,2026-09-02 20:37:42.158791,POSTED,500.0
TXN003242,2026-08-30 23:40:28.358717,PENDING,750.0
TXN003243,2026-08-08 18:26:39.939883,POSTED,1000.0
TXN003245,2026-08-17 02:14:46.982747,POSTED,500.0
TXN003246,2026-08-07 02:07:04.429719,PENDING,500.0
TXN003247,2026-09-02 05:39:36.179497,POSTED,500.0
TXN003248,2026-08-04 20:09:59.746168,POSTED,2000.0
TXN003249,2026-08-15 15:10:53.964393,POSTED,500.0
TXN003250,2026-08-15 19:20:42.555634,POSTED,1500.0
TXN003251,2026-08-13 20:17:03.763679,POSTED,500.0
TXN003252,2026-08-21 08:04:18.156355,POSTED,2500.0
TXN003253,2026-09-02 16:14:21.061191,POSTED,100.0
TXN003254,2026-08-07 05:01:54.804953,POSTED,2000.0
TXN003255,2026-09-02 11:04:36.694222,PENDING,250.0
TXN003256,2026-08-20 19:56:13.003810,POSTED,2500.0
TXN003257,2026-08-28 13:34:58.802545,POSTED,1000.0
TXN003258,2026-09-03 14:07:57.270650,POSTED,2000.0
TXN003259,2026-08-26 14:28:20.967063,PENDING,100.0
TXN003260,2026-08-25 05:31:09.962304,POSTED,2000.0
TXN003261,2026-09-03 16:40:20.454478,PENDING,100.0
TXN003262,2026-08-05 17:39:53.590231,PENDING,2000.0
TXN003263,2026-08-10 07:26:54.872290,POSTED,250.0
TXN003264,2026-08-14 04:42:38.389173,POSTED,1500.0
TXN003265,2026-08-05 05:48:52.256130,POSTED,250.0
TXN003267,2026-08-11 01:57:11.987166,POSTED,750.0
TXN003268,2026-08-15 11:45:03.039173,POSTED,500.0
TXN003269,2026-08-14 21:34:35.470020,PENDING,10000.0
TXN003270,2026-08-17 11:27:51.731210,PENDING,2000.0
TXN003271,2026-08-19 16:45:53.296024,POSTED,100.0
TXN003272,2026-08-11 00:04:41.573227,POSTED,5000.0
TXN003273,2026-08-19 19:46:13.429212,POSTED,1000.0
TXN003274,2026-08-08 06:56:54.123832,PENDING,100.0
TXN003275,2026-08-08 13:10:44.072542,POSTED,100.0
TXN003276,2026-08-03 21:47:24.492309,POSTED,750.0
TXN003277,2026-08-06 07:09:03.165421,POSTED,750.0
TXN003278,2026-08-20 12:41:26.188781,POSTED,1500.0
TXN003279,2026-08-03 11:02:51.974511,PENDING,250.0
TXN003280,2026-08-27 17:40:39.286067,POSTED,1500.0
TXN003281,2026-09-01 10:31:43.938121,PENDING,10000.0
TXN003282,2026-08-01 03:51:59.111763,POSTED,2000.0
TXN003283,2026-08-29 15:03:19.924565,POSTED,500.0
TXN003284,2026-08-08 17:58:41.441436,PENDING,1500.0
TXN003285,2026-08-24 07:36:47.926914,POSTED,100.0
TXN003286,2026-08-26 18:55:03.480439,POSTED,1000.0
TXN003287,2026-08-19 18:35:25.898531,POSTED,1500.0
TXN003288,2026-08-24 07:59:23.348249,PENDING,25000.0
TXN003289,2026-08-03 05:12:34.079843,POSTED,2000.0
TXN003290,2026-08-17 07:31:31.490143,POSTED,1000.0
TXN003291,2026-09-04 12:58:30.697665,POSTED,250.0
TXN003292,2026-08-01 14:10:42.099233,POSTED,5000.0
TXN003293,2026-08-14 21:42:11.999427,POSTED,2000.0
TXN003294,2026-08-14 23:01:48.271873,POSTED,100.0
TXN003295,2026-08-02 14:17:38.699365,POSTED,100.0
TXN003296,2026-08-10 01:58:35.316380,POSTED,2000.0
TXN003297,2026-08-28 09:02:35.103885,POSTED,5000.0
TXN003298,2026-08-15 08:05:01.855161,POSTED,750.0
TXN003299,2026-08-05 06:46:03.422725,POSTED,5000.0
TXN003300,2026-09-03 14:36:59.651958,POSTED,1500.0
TXN003301,2026-09-02 18:39:03.408632,POSTED,750.0
TXN003302,2026-08-04 16:52:31.475160,POSTED,2500.0
TXN003303,2026-08-22 11:27:25.270934,POSTED,750.0
TXN003304,2026-08-23 12:05:32.246701,POSTED,750.0
TXN003305,2026-08-25 19:18:08.890822,POSTED,500.0
TXN003306,2026-08-14 19:19:23.228943,POSTED,5000.0
TXN003307,2026-08-21 20:30:42.107161,POSTED,1000.0
TXN003308,2026-09-01 18:01:04.871904,POSTED,1500.0
TXN003309,2026-08-14 20:47:29.836530,PENDING,1500.0
TXN003310,2026-08-12 22:45:35.352164,POSTED,5000.0
TXN003311,2026-08-13 12:28:17.124433,POSTED,1000.0
TXN003312,2026-08-28 16:40:36.419129,POSTED,500.0
TXN003313,2026-08-30 10:00:33.737683,POSTED,1000.0
TXN003314,2026-08-20 16:34:07.218094,POSTED,500.0
TXN003315,2026-08-29 11:51:55.962425,POSTED,968.0
TXN003316,2026-08-26 08:05:11.345312,POSTED,250.0
TXN003317,2026-08-23 13:26:01.952023,POSTED,250.0
TXN003318,2026-09-01 09:42:17.893726,POSTED,250.0
TXN003319,2026-08-21 22:25:29.141529,POSTED,1500.0
TXN003320,2026-08-14 14:49:23.311474,POSTED,2500.0
TXN003321,2026-08-28 22:15:08.353551,POSTED,500.0
TXN003322,2026-08-15 13:52:14.239617,POSTED,1000.0
TXN003323,2026-09-02 17:16:22.079629,PENDING,750.0
TXN003324,2026-08-12 03:10:19.335041,POSTED,2000.0
TXN003325,2026-08-08 00:31:10.621654,POSTED,750.0
TXN003327,2026-08-21 08:48:04.135470,POSTED,2000.0
TXN003331,2026-08-19 08:07:33.875252,POSTED,2500.0
TXN003332,2026-08-17 18:51:53.004737,POSTED,500.0
TXN003333,2026-08-19 09:55:25.868985,POSTED,1000.0
TXN003334,2026-08-26 20:35:00.824915,POSTED,250.0
TXN003335,2026-08-13 11:22:15.370059,POSTED,250.0
TXN003336,2026-08-09 04:35:24.354408,POSTED,750.0
TXN003337,2026-08-31 02:38:15.970041,POSTED,1563.0
TXN003338,2026-08-03 08:48:34.548913,POSTED,500.0
TXN003339,2026-08-31 06:23:32.937407,POSTED,1500.0
TXN003340,2026-08-11 21:49:17.931553,POSTED,250.0
TXN003341,2026-08-07 10:14:52.671182,POSTED,2500.0
TXN003342,2026-08-07 06:07:17.120602,POSTED,500.0
TXN003343,2026-08-13 08:39:19.195390,POSTED,500.0
TXN003345,2026-08-31 03:41:27.498080,POSTED,1500.0
TXN003346,2026-08-18 22:15:58.561267,POSTED,2000.0
TXN003347,2026-08-29 13:34:59.218731,POSTED,1500.0
TXN003348,2026-08-02 00:50:28.911554,PENDING,2500.0
TXN003349,2026-08-11 04:10:36.651091,POSTED,2500.0
TXN003350,2026-08-23 12:32:34.434489,POSTED,100.0
TXN003351,2026-08-13 07:28:56.298514,POSTED,1000.0
TXN003352,2026-09-03 06:25:06.999871,POSTED,750.0
TXN003353,2026-08-02 10:27:41.585674,POSTED,500.0
TXN003354,2026-08-29 18:54:00.021746,POSTED,250.0
TXN003355,2026-08-15 15:35:01.628454,POSTED,10000.0
TXN003356,2026-08-21 17:51:55.818217,POSTED,5000.0
TXN003357,2026-09-04 21:58:28.965175,POSTED,250.0
TXN003358,2026-09-02 01:28:57.998591,POSTED,250.0
TXN003359,2026-08-31 23:37:00.067611,POSTED,1500.0
TXN003360,2026-08-17 17:45:54.345914,POSTED,750.0
TXN003361,2026-08-25 13:21:55.096335,PENDING,2000.0
TXN003362,2026-08-06 14:10:01.065544,POSTED,1000.0
TXN003364,2026-08-01 17:28:08.855147,POSTED,5000.0
TXN003365,2026-08-25 00:16:25.478370,PENDING,250.0
TXN003366,2026-08-19 17:13:20.570817,POSTED,500.0
TXN003367,2026-08-22 13:15:00.664646,POSTED,989.0
TXN003368,2026-08-11 15:17:32.474550,POSTED,250.0
TXN003369,2026-08-25 20:31:14.892827,POSTED,100.0
TXN003370,2026-08-14 01:00:46.745826,POSTED,500.0
TXN003371,2026-08-12 23:30:39.586281,POSTED,250.0
TXN003372,2026-08-24 09:59:26.246025,PENDING,1000.0
TXN003373,2026-08-14 10:53:39.578491,PENDING,750.0
TXN003374,2026-08-12 10:40:07.272616,PENDING,750.0
TXN003375,2026-08-05 00:33:33.637147,POSTED,750.0
TXN003376,2026-08-30 05:12:24.172853,PENDING,1000.0
TXN003377,2026-08-26 02:09:03.443074,POSTED,250.0
TXN003378,2026-08-26 07:37:28.013382,PENDING,2500.0
TXN003379,2026-08-06 03:24:16.179619,POSTED,10000.0
TXN003380,2026-08-15 14:50:13.181839,POSTED,500.0
TXN003382,2026-08-31 09:06:15.983697,POSTED,1500.0
TXN003383,2026-08-25 07:32:42.413737,POSTED,250.0
TXN003384,2026-08-19 13:49:42.580399,POSTED,5000.0
TXN003385,2026-08-22 20:13:15.111231,POSTED,25000.0
TXN003386,2026-08-15 20:29:29.401837,POSTED,2000.0
TXN003387,2026-09-03 15:36:08.853561,PENDING,750.0
TXN003388,2026-09-03 19:39:13.902914,POSTED,1000.0
TXN003389,2026-08-13 19:02:08.589499,PENDING,10000.0
TXN003390,2026-08-17 16:03:02.088061,POSTED,25000.0
TXN003391,2026-08-18 03:48:31.117690,POSTED,1500.0
TXN003392,2026-08-03 12:54:26.141707,POSTED,2500.0
TXN003393,2026-08-05 00:58:53.582647,POSTED,250.0
TXN003394,2026-08-25 21:27:01.712462,PENDING,10000.0
TXN003395,2026-08-03 23:17:58.381083,POSTED,1000.0
TXN003396,2026-08-15 05:52:27.598308,POSTED,5000.0
TXN003397,2026-08-29 20:12:03.755795,PENDING,250.0
TXN003398,2026-08-11 22:13:36.293942,POSTED,250.0
TXN003399,2026-08-09 05:40:59.162341,POSTED,750.0
TXN003400,2026-09-01 17:51:31.618747,PENDING,750.0
TXN003401,2026-08-12 11:54:48.465943,POSTED,250.0
TXN003402,2026-08-28 05:01:23.706905,POSTED,500.0
TXN003403,2026-09-02 15:40:58.552042,POSTED,1500.0
TXN003404,2026-08-17 11:03:23.174898,POSTED,5000.0
TXN003405,2026-08-29 23:55:41.450205,POSTED,2000.0
TXN003406,2026-08-05 08:23:30.082462,POSTED,10000.0
TXN003407,2026-08-20 16:55:16.568473,POSTED,250.0
TXN003408,2026-08-23 18:53:19.718487,PENDING,100.0
TXN003410,2026-08-13 15:47:40.404315,POSTED,250.0
TXN003411,2026-09-01 04:25:11.353641,POSTED,250.0
TXN003413,2026-08-17 19:47:56.424978,POSTED,10000.0
TXN003414,2026-08-13 15:06:12.884740,POSTED,750.0
TXN003415,2026-08-19 11:28:59.022494,POSTED,97.0
TXN003416,2026-08-16 03:31:12.186079,POSTED,100.0
TXN003417,2026-08-26 01:07:34.691112,PENDING,1000.0
TXN003418,2026-08-11 22:27:38.975779,POSTED,250.0
TXN003419,2026-08-26 19:43:07.752487,POSTED,1500.0
TXN003420,2026-08-10 08:43:06.295473,POSTED,250.0
TXN003421,2026-08-22 23:22:28.235984,PENDING,2500.0
TXN003422,2026-08-11 06:19:46.032862,POSTED,25000.0
TXN003423,2026-08-09 00:47:20.654513,POSTED,100.0
TXN003424,2026-08-20 17:36:32.220458,PENDING,250.0
TXN003425,2026-08-11 20:49:38.068594,POSTED,500.0
TXN003426,2026-08-27 15:30:13.668945,POSTED,250.0
TXN003427,2026-08-14 17:38:53.131379,PENDING,500.0
TXN003428,2026-08-11 16:40:29.174294,POSTED,25000.0
TXN003429,2026-08-25 00:32:32.995578,POSTED,500.0
TXN003430,2026-08-02 21:46:04.105947,POSTED,100.0
TXN003431,2026-08-19 00:25:22.155628,POSTED,100.0
TXN003432,2026-08-22 12:34:21.501729,PENDING,750.0
TXN003433,2026-08-17 07:00:27.836056,PENDING,1500.0
TXN003434,2026-08-02 02:46:48.650277,PENDING,250.0
TXN003435,2026-08-05 10:48:49.545165,POSTED,2000.0
TXN003436,2026-08-16 20:05:56.294153,POSTED,2000.0
TXN003437,2026-08-21 09:51:08.105116,PENDING,2000.0
TXN003438,2026-08-21 09:14:43.353155,POSTED,5000.0
TXN003439,2026-08-09 11:54:32.784713,POSTED,100.0
TXN003440,2026-08-19 11:55:33.538544,POSTED,1500.0
TXN003441,2026-08-14 04:23:35.423354,POSTED,2500.0
TXN003442,2026-08-21 06:18:37.026513,POSTED,250.0
TXN003443,2026-08-27 15:41:28.064447,PENDING,5000.0
TXN003444,2026-08-07 02:16:48.384852,PENDING,250.0
TXN003445,2026-08-19 15:37:30.182762,PENDING,250.0
TXN003446,2026-08-13 23:03:22.023175,POSTED,10000.0
TXN003447,2026-08-29 13:34:09.507899,POSTED,750.0
TXN003448,2026-08-15 15:19:53.536328,POSTED,250.0
TXN003449,2026-08-17 04:11:13.902950,POSTED,750.0
TXN003450,2026-08-07 22:21:36.433029,PENDING,1000.0
TXN003451,2026-08-26 05:48:41.340268,PENDING,2500.0
TXN003452,2026-08-28 23:55:51.227730,POSTED,750.0
TXN003453,2026-08-04 18:45:05.263845,POSTED,1000.0
TXN003454,2026-08-12 11:27:11.969249,POSTED,500.0
TXN003455,2026-09-02 07:48:34.333548,POSTED,100.0
TXN003456,2026-08-12 12:29:43.724640,POSTED,2500.0
TXN003457,2026-08-04 00:03:50.529513,PENDING,2000.0
TXN003458,2026-08-25 05:25:53.994785,POSTED,250.0
TXN003459,2026-08-18 21:31:03.776913,POSTED,750.0
TXN003460,2026-08-02 16:09:01.540642,POSTED,500.0
TXN003461,2026-08-12 10:17:35.311863,POSTED,750.0
TXN003462,2026-08-14 07:37:52.487741,POSTED,4763.0
TXN003463,2026-08-09 15:07:34.263843,POSTED,250.0
TXN003464,2026-08-15 12:44:06.959023,POSTED,100.0
TXN003465,2026-08-18 09:32:55.437515,POSTED,1500.0
TXN003467,2026-08-12 20:45:06.836860,PENDING,100.0
TXN003468,2026-08-15 16:27:13.857321,POSTED,2000.0
TXN003470,2026-09-02 09:36:46.792473,POSTED,100.0
TXN003471,2026-08-10 00:51:26.131369,POSTED,1500.0
TXN003472,2026-08-23 22:41:36.451895,POSTED,5000.0
TXN003474,2026-08-05 07:08:26.126112,POSTED,100.0
TXN003475,2026-08-31 16:22:47.587943,PENDING,1500.0
TXN003477,2026-08-22 11:17:53.766295,PENDING,750.0
TXN003478,2026-08-16 00:46:29.596966,POSTED,100.0
TXN003479,2026-08-06 00:46:08.216863,PENDING,250.0
TXN003480,2026-08-14 18:39:00.844715,POSTED,1000.0
TXN003481,2026-09-02 03:19:15.494746,POSTED,1500.0
TXN003482,2026-08-01 07:20:04.711369,POSTED,750.0
TXN003483,2026-08-30 20:20:22.119241,PENDING,750.0
TXN003484,2026-08-16 18:24:44.491902,POSTED,2000.0
TXN003486,2026-08-23 12:32:09.899551,POSTED,250.0
TXN003487,2026-08-29 02:32:54.054146,POSTED,750.0
TXN003488,2026-08-14 11:46:36.326409,POSTED,500.0
TXN003489,2026-08-25 21:23:44.522194,POSTED,250.0
TXN003490,2026-08-22 18:36:41.673319,POSTED,100.0
TXN003491,2026-08-21 12:23:37.633919,POSTED,2500.0
TXN003492,2026-08-30 21:44:00.549355,POSTED,1000.0
TXN003493,2026-08-10 05:20:45.136998,PENDING,5000.0
TXN003494,2026-08-21 15:30:42.223947,POSTED,500.0
TXN003495,2026-08-31 04:06:59.232039,POSTED,500.0
TXN003496,2026-09-02 11:39:32.014717,POSTED,1000.0
TXN003497,2026-08-31 04:51:51.121716,PENDING,1500.0
TXN003498,2026-08-16 10:29:28.794266,PENDING,2500.0
TXN003499,2026-09-04 03:17:59.060975,PENDING,10000.0
TXN003500,2026-08-24 15:12:02.523627,POSTED,1500.0
TXN003501,2026-08-01 22:58:21.367439,POSTED,500.0
TXN003502,2026-08-20 09:18:49.157772,POSTED,250.0
TXN003503,2026-08-16 18:18:23.609604,POSTED,750.0
TXN003504,2026-08-24 05:32:36.771510,POSTED,250.0
TXN003506,2026-08-27 18:10:39.637199,POSTED,250.0
TXN003507,2026-08-20 19:28:39.857827,POSTED,500.0
TXN003508,2026-09-01 17:08:54.940830,POSTED,2500.0
TXN003509,2026-08-01 04:15:20.004815,POSTED,250.0
TXN003510,2026-09-03 06:29:31.505317,POSTED,250.0
TXN003511,2026-08-19 14:07:51.557708,PENDING,2500.0
TXN003512,2026-08-14 00:50:17.999515,POSTED,100.0
TXN003513,2026-08-09 04:35:26.461961,POSTED,1000.0
TXN003514,2026-08-14 00:01:48.203651,PENDING,5000.0
TXN003515,2026-08-22 08:48:38.535931,POSTED,100.0
TXN003516,2026-08-20 06:59:44.848822,POSTED,2000.0
TXN003517,2026-08-11 09:03:48.724537,POSTED,750.0
TXN003518,2026-08-02 18:56:15.361605,PENDING,250.0
TXN003519,2026-08-25 17:03:47.085225,POSTED,750.0
TXN003520,2026-08-15 20:41:21.201377,POSTED,250.0
TXN003521,2026-08-25 03:26:35.218866,POSTED,1500.0
TXN003522,2026-09-04 22:41:01.124417,POSTED,500.0
TXN003523,2026-08-29 22:36:07.713652,POSTED,500.0
TXN003524,2026-08-03 11:55:40.592246,POSTED,750.0
TXN003525,2026-08-18 20:18:22.120363,PENDING,1500.0
TXN003526,2026-08-31 21:26:40.132685,POSTED,100.0
TXN003527,2026-08-03 10:17:46.314116,POSTED,250.0
TXN003528,2026-08-19 23:28:41.131010,PENDING,100.0
TXN003529,2026-08-14 16:43:36.826159,POSTED,100.0
TXN003531,2026-08-21 06:48:53.012669,POSTED,500.0
TXN003532,2026-08-08 16:40:53.536672,POSTED,2500.0
TXN003533,2026-08-01 04:59:49.637966,POSTED,1500.0
TXN003534,2026-09-02 16:05:07.654173,POSTED,1000.0
TXN003535,2026-09-03 11:34:58.423148,POSTED,500.0
TXN003536,2026-08-24 00:21:39.144707,POSTED,500.0
TXN003537,2026-08-24 13:20:07.960269,PENDING,2000.0
TXN003538,2026-08-27 20:07:18.727634,POSTED,250.0
TXN003539,2026-09-02 12:50:59.416614,POSTED,250.0
TXN003540,2026-08-13 15:08:10.128303,POSTED,750.0
TXN003542,2026-08-03 10:15:05.251877,POSTED,1000.0
TXN003543,2026-09-01 13:59:28.638390,POSTED,1500.0
TXN003544,2026-08-13 22:54:45.495861,POSTED,750.0
TXN003545,2026-08-12 03:20:42.646928,POSTED,1500.0
TXN003546,2026-08-02 18:51:22.315013,POSTED,1000.0
TXN003547,2026-09-04 18:10:17.967655,POSTED,5000.0
TXN003548,2026-08-13 12:42:16.677075,PENDING,750.0
TXN003549,2026-09-04 02:21:44.345231,POSTED,1500.0
TXN003550,2026-08-27 10:49:57.824325,PENDING,250.0
TXN003551,2026-09-01 12:54:35.897950,POSTED,100.0
TXN003552,2026-08-21 09:33:48.912981,POSTED,250.0
TXN003553,2026-08-19 22:54:38.737094,POSTED,2000.0
TXN003554,2026-08-03 09:17:41.507255,POSTED,1000.0
TXN003556,2026-08-07 08:45:00.352826,POSTED,100.0
TXN003558,2026-09-03 15:18:32.083173,POSTED,2500.0
TXN003559,2026-08-02 14:48:04.636508,POSTED,750.0
TXN003560,2026-08-12 01:52:56.356756,POSTED,250.0
TXN003561,2026-08-07 16:47:24.069151,POSTED,100.0
TXN003562,2026-08-25 11:22:05.433239,PENDING,1000.0
TXN003563,2026-09-02 14:28:33.271853,PENDING,250.0
TXN003564,2026-08-21 22:00:10.333099,POSTED,1500.0
TXN003565,2026-08-01 16:27:30.320521,PENDING,250.0
TXN003566,2026-08-01 11:41:15.128650,POSTED,100.0
TXN003567,2026-08-12 08:19:42.804428,POSTED,500.0
TXN003568,2026-08-19 14:52:28.615144,POSTED,100.0
TXN003569,2026-08-11 15:55:12.684151,POSTED,1000.0
TXN003570,2026-08-31 15:04:28.359203,POSTED,5000.0
TXN003571,2026-08-10 07:42:45.359214,POSTED,250.0
TXN003572,2026-08-26 05:28:13.531519,POSTED,1500.0
TXN003573,2026-08-11 05:57:15.198027,POSTED,1000.0
TXN003574,2026-08-02 08:47:56.542532,POSTED,1500.0
TXN003575,2026-08-28 20:25:06.111444,POSTED,250.0
TXN003576,2026-08-05 21:12:54.059435,PENDING,10000.0
TXN003577,2026-08-21 02:42:15.632968,PENDING,750.0
TXN003578,2026-08-03 10:19:49.172847,POSTED,750.0
TXN003579,2026-08-20 18:00:49.380744,POSTED,1000.0
TXN003580,2026-08-06 04:46:13.777200,PENDING,250.0
TXN003581,2026-08-02 03:34:54.030788,POSTED,10000.0
TXN003582,2026-08-19 18:19:42.882895,POSTED,500.0
TXN003583,2026-08-19 06:42:36.454055,POSTED,1500.0
TXN003584,2026-08-01 17:18:58.917935,POSTED,100.0
TXN003585,2026-08-04 01:02:52.880841,POSTED,5000.0
TXN003586,2026-08-11 06:12:57.661982,POSTED,1000.0
TXN003587,2026-08-18 13:31:13.543043,POSTED,1500.0
TXN003588,2026-08-07 02:16:24.718498,POSTED,750.0
TXN003590,2026-08-26 19:42:21.259474,POSTED,1000.0
TXN003591,2026-08-18 20:17:48.075317,PENDING,5000.0
TXN003592,2026-08-09 17:54:29.719866,POSTED,500.0
TXN003593,2026-08-18 14:11:41.407297,POSTED,500.0
TXN003594,2026-08-28 04:31:00.087662,POSTED,100.0
TXN003595,2026-08-08 20:27:50.125656,PENDING,1000.0
TXN003596,2026-08-31 23:08:35.622879,POSTED,250.0
TXN003597,2026-08-11 23:03:51.272005,POSTED,500.0
TXN003598,2026-09-04 00:44:46.349584,POSTED,250.0
TXN003599,2026-08-10 01:41:27.258073,POSTED,500.0
TXN003600,2026-08-13 18:53:02.868242,POSTED,10000.0
TXN003601,2026-08-18 06:11:36.374782,PENDING,1500.0
TXN003602,2026-09-01 09:25:07.190633,PENDING,100.0
TXN003603,2026-08-04 05:01:01.905501,POSTED,250.0
TXN003604,2026-08-12 10:06:44.723090,POSTED,1500.0
TXN003605,2026-08-05 19:51:29.835839,POSTED,250.0
TXN003606,2026-08-25 02:13:56.184499,POSTED,1500.0
TXN003607,2026-08-08 22:27:55.484806,POSTED,250.0
TXN003608,2026-08-07 09:33:10.971185,POSTED,1000.0
TXN003609,2026-08-14 21:19:56.634250,POSTED,750.0
TXN003611,2026-08-25 14:14:51.443473,POSTED,100.0
TXN003612,2026-08-19 06:35:34.850522,POSTED,2000.0
TXN003613,2026-08-29 20:05:10.451938,POSTED,2500.0
TXN003614,2026-09-04 21:05:33.016412,POSTED,500.0
TXN003615,2026-08-03 11:55:27.701707,PENDING,2500.0
TXN003616,2026-09-01 05:44:38.194067,POSTED,1000.0
TXN003617,2026-08-16 19:43:33.456393,POSTED,2500.0
TXN003618,2026-08-26 12:33:13.709967,POSTED,500.0
TXN003619,2026-08-12 12:09:21.384467,POSTED,100.0
TXN003620,2026-08-15 16:49:34.971828,POSTED,1000.0
TXN003621,2026-08-17 11:47:44.953655,POSTED,1500.0
TXN003622,2026-08-06 04:44:23.951281,POSTED,5000.0
TXN003623,2026-08-12 22:17:45.529013,POSTED,500.0
TXN003624,2026-08-03 08:51:39.259752,POSTED,2500.0
TXN003625,2026-08-20 05:44:58.440873,POSTED,1500.0
TXN003626,2026-08-15 02:29:09.883845,PENDING,1500.0
TXN003627,2026-09-01 16:43:36.249986,POSTED,2000.0
TXN003628,2026-09-02 19:35:25.319473,POSTED,250.0
TXN003629,2026-08-14 12:19:57.493307,PENDING,2000.0
TXN003630,2026-08-07 21:17:42.853913,POSTED,250.0
TXN003631,2026-08-12 19:49:28.662399,POSTED,1000.0
TXN003632,2026-09-03 17:27:53.908246,PENDING,1500.0
TXN003633,2026-08-14 10:07:16.259211,POSTED,500.0
TXN003634,2026-08-25 09:40:22.549357,POSTED,1500.0
TXN003636,2026-08-25 17:18:22.341879,PENDING,2000.0
TXN003637,2026-08-03 20:29:13.849740,POSTED,250.0
TXN003638,2026-08-08 14:22:15.673001,PENDING,1500.0
TXN003639,2026-08-02 02:21:47.309618,PENDING,1500.0
TXN003640,2026-08-16 04:45:38.065314,PENDING,2500.0
TXN003641,2026-08-21 04:43:40.217301,POSTED,750.0
TXN003642,2026-08-08 05:23:38.559568,POSTED,1000.0
TXN003643,2026-08-03 22:53:52.690522,PENDING,100.0
TXN003644,2026-08-21 15:13:52.809639,POSTED,2500.0
TXN003645,2026-08-11 21:56:59.963351,POSTED,100.0
TXN003646,2026-08-26 19:38:18.400027,POSTED,1475.0
TXN003647,2026-08-27 18:13:34.041285,POSTED,750.0
TXN003648,2026-08-29 15:41:32.227599,POSTED,500.0
TXN003649,2026-09-01 14:40:29.895977,POSTED,250.0
TXN003650,2026-08-27 06:25:19.256391,PENDING,500.0
TXN003651,2026-08-07 01:16:26.157073,POSTED,500.0
TXN003653,2026-08-04 15:03:03.872986,POSTED,250.0
TXN003654,2026-08-18 01:00:46.343131,POSTED,500.0
TXN003656,2026-08-23 23:47:49.380749,PENDING,2000.0
TXN003657,2026-08-25 10:26:30.000274,POSTED,500.0
TXN003658,2026-08-15 02:50:42.361030,POSTED,500.0
TXN003659,2026-09-04 14:29:58.076598,POSTED,750.0
TXN003660,2026-08-19 16:40:44.740795,POSTED,250.0
TXN003661,2026-08-24 17:55:26.609135,POSTED,2000.0
TXN003662,2026-08-27 22:51:00.827779,POSTED,100.0
TXN003663,2026-08-01 18:22:13.141539,PENDING,500.0
TXN003664,2026-08-02 08:06:32.068956,POSTED,10000.0
TXN003665,2026-08-27 19:31:22.679527,PENDING,500.0
TXN003666,2026-08-05 09:45:47.249200,POSTED,100.0
TXN003667,2026-08-22 05:59:18.682504,POSTED,750.0
TXN003668,2026-08-09 05:45:46.275020,POSTED,10000.0
TXN003669,2026-08-25 19:12:49.812075,POSTED,250.0
TXN003670,2026-08-06 18:09:06.426085,POSTED,750.0
TXN003671,2026-08-14 02:32:54.409858,PENDING,500.0
TXN003673,2026-08-12 09:39:18.223347,POSTED,500.0
TXN003674,2026-08-18 15:50:56.050228,POSTED,750.0
TXN003675,2026-09-01 14:52:09.972607,POSTED,750.0
TXN003676,2026-08-12 13:21:28.617869,POSTED,5000.0
TXN003677,2026-08-02 21:48:55.608754,POSTED,750.0
TXN003678,2026-09-04 07:52:08.918446,POSTED,2500.0
TXN003679,2026-08-21 23:09:04.831990,POSTED,1565.0
TXN003682,2026-08-31 19:43:08.781945,POSTED,2000.0
TXN003683,2026-08-29 06:05:21.584337,POSTED,100.0
TXN003684,2026-08-26 08:50:10.839195,POSTED,500.0
TXN003685,2026-08-31 18:34:17.528094,POSTED,1000.0
TXN003686,2026-08-15 06:58:59.440814,PENDING,2000.0
TXN003687,2026-08-09 19:46:41.223943,POSTED,2500.0
TXN003688,2026-08-09 16:05:00.891991,POSTED,742.0
TXN003689,2026-08-19 21:07:32.979158,POSTED,250.0
TXN003690,2026-08-07 11:27:22.924108,PENDING,1500.0
TXN003691,2026-08-11 15:15:49.817868,POSTED,100.0
TXN003692,2026-08-04 10:13:19.282108,POSTED,500.0
TXN003693,2026-08-09 04:33:26.354508,POSTED,750.0
TXN003694,2026-08-03 08:03:51.725090,POSTED,1500.0
TXN003695,2026-08-17 10:10:22.256254,PENDING,500.0
TXN003696,2026-08-20 04:06:02.920243,POSTED,1000.0
TXN003697,2026-08-04 10:24:57.114718,POSTED,1000.0
TXN003698,2026-08-07 07:30:39.959728,POSTED,100.0
TXN003699,2026-09-02 10:15:11.218969,PENDING,1000.0
TXN003700,2026-08-17 14:46:09.769951,POSTED,250.0
TXN003701,2026-08-26 01:15:00.925402,POSTED,1000.0
TXN003702,2026-08-18 02:13:04.396637,POSTED,1500.0
TXN003703,2026-08-27 20:01:28.467975,POSTED,500.0
TXN003704,2026-08-04 13:25:02.375119,POSTED,1500.0
TXN003705,2026-08-13 11:33:01.062909,PENDING,1000.0
TXN003706,2026-08-29 03:49:03.461035,POSTED,1000.0
TXN003707,2026-08-16 12:44:37.663720,POSTED,1000.0
TXN003708,2026-08-03 20:30:22.779476,POSTED,96.0
TXN003709,2026-08-12 03:04:43.297418,POSTED,250.0
TXN003710,2026-09-03 17:50:29.284832,POSTED,1000.0
TXN003711,2026-08-27 16:56:15.207831,POSTED,500.0
TXN003712,2026-08-29 14:46:14.274615,PENDING,250.0
TXN003714,2026-08-21 11:46:33.215372,POSTED,2000.0
TXN003715,2026-08-03 18:05:35.372464,POSTED,100.0
TXN003716,2026-08-21 17:40:56.977351,POSTED,750.0
TXN003717,2026-08-18 16:23:55.997253,POSTED,500.0
TXN003718,2026-08-28 23:13:38.071732,POSTED,100.0
TXN003719,2026-08-11 23:54:17.545775,PENDING,1500.0
TXN003720,2026-08-26 13:19:41.810430,POSTED,750.0
TXN003721,2026-08-29 18:39:31.681817,POSTED,2000.0
TXN003722,2026-08-27 06:04:31.581382,POSTED,100.0
TXN003723,2026-08-10 17:04:04.077288,POSTED,500.0
TXN003725,2026-08-10 08:41:33.801784,POSTED,1500.0
TXN003726,2026-08-04 07:58:09.287564,POSTED,101.0
TXN003727,2026-08-21 03:24:18.279181,POSTED,500.0
TXN003728,2026-08-25 12:51:29.568039,PENDING,5000.0
TXN003729,2026-08-26 21:24:46.083394,PENDING,100.0
TXN003730,2026-08-02 14:28:05.050193,POSTED,500.0
TXN003731,2026-08-07 21:58:56.680580,POSTED,100.0
TXN003732,2026-08-12 10:39:26.944570,POSTED,1000.0
TXN003733,2026-09-03 01:37:53.877201,POSTED,250.0
TXN003734,2026-08-29 23:19:56.695154,PENDING,500.0
TXN003736,2026-08-07 19:15:53.615081,POSTED,1500.0
TXN003737,2026-08-05 08:22:28.739928,PENDING,500.0
TXN003738,2026-09-04 10:32:16.607444,PENDING,2000.0
TXN003739,2026-08-24 04:04:43.459722,PENDING,2500.0
TXN003741,2026-08-03 09:31:19.656014,POSTED,500.0
TXN003742,2026-08-02 09:00:07.066101,POSTED,750.0
TXN003743,2026-09-02 22:30:58.828700,PENDING,500.0
TXN003744,2026-09-02 10:27:24.573891,PENDING,500.0
TXN003745,2026-08-03 14:24:29.092015,POSTED,1500.0
TXN003746,2026-08-15 07:48:02.380559,POSTED,100.0
TXN003747,2026-08-12 20:16:21.957405,POSTED,2000.0
TXN003748,2026-08-12 12:16:26.070976,POSTED,1000.0
TXN003749,2026-09-02 15:27:37.532573,PENDING,1500.0
TXN003751,2026-08-22 12:41:52.397207,POSTED,250.0
TXN003752,2026-08-20 22:12:44.592739,POSTED,1000.0
TXN003753,2026-08-05 09:55:56.575847,POSTED,10000.0
TXN003754,2026-08-21 04:09:06.779161,PENDING,1000.0
TXN003755,2026-08-18 15:40:08.114574,PENDING,2000.0
TXN003756,2026-08-22 12:27:37.582858,PENDING,100.0
TXN003757,2026-08-09 07:47:33.232469,PENDING,1500.0
TXN003759,2026-08-25 10:41:07.268895,POSTED,1000.0
TXN003760,2026-09-02 02:47:42.621479,POSTED,500.0
TXN003761,2026-08-30 20:08:06.740256,PENDING,10000.0
TXN003763,2026-08-14 18:02:43.341510,POSTED,100.0
TXN003764,2026-08-28 02:03:58.758166,POSTED,10000.0
TXN003765,2026-08-27 20:23:07.655192,POSTED,10000.0
TXN003766,2026-08-01 09:27:02.657976,POSTED,500.0
TXN003767,2026-08-01 04:57:46.627600,PENDING,250.0
TXN003768,2026-09-03 04:32:40.710764,PENDING,1500.0
TXN003769,2026-08-27 01:25:50.018472,PENDING,1500.0
TXN003770,2026-09-03 18:10:54.859100,POSTED,750.0
TXN003771,2026-08-23 08:09:00.814062,POSTED,1500.0
TXN003773,2026-08-19 18:59:37.104710,POSTED,750.0
TXN003774,2026-08-05 12:30:32.454694,POSTED,250.0
TXN003775,2026-08-01 09:35:57.155312,POSTED,1000.0
TXN003776,2026-08-20 10:32:49.037393,POSTED,1000.0
TXN003777,2026-08-29 13:32:48.285797,PENDING,100.0
TXN003778,2026-09-03 15:44:24.848143,POSTED,483.0
TXN003779,2026-08-13 15:52:50.501795,POSTED,1500.0
TXN003780,2026-08-07 09:47:36.926467,POSTED,2500.0
TXN003781,2026-08-10 21:07:53.875369,POSTED,1500.0
TXN003782,2026-08-20 14:17:05.763507,PENDING,5000.0
TXN003783,2026-08-14 04:17:12.489553,POSTED,500.0
TXN003784,2026-08-10 15:44:54.083489,PENDING,1500.0
TXN003785,2026-08-26 19:30:27.624859,POSTED,4877.0
TXN003786,2026-09-01 17:51:38.751073,POSTED,250.0
TXN003787,2026-08-06 13:34:32.737152,POSTED,500.0
TXN003788,2026-08-12 08:54:19.738204,POSTED,750.0
TXN003789,2026-08-07 10:08:34.955656,POSTED,10000.0
TXN003790,2026-09-01 20:36:50.198641,PENDING,500.0
TXN003791,2026-08-04 02:03:18.783643,PENDING,2500.0
TXN003792,2026-08-16 20:16:39.408190,PENDING,250.0
TXN003793,2026-08-06 23:23:50.071148,POSTED,500.0
TXN003794,2026-08-07 03:52:03.718832,POSTED,1500.0
TXN003795,2026-08-12 18:05:57.251065,POSTED,25000.0
TXN003796,2026-08-26 17:40:03.039885,POSTED,750.0
TXN003797,2026-08-07 21:18:52.572177,PENDING,1500.0
TXN003798,2026-08-15 16:07:32.002955,POSTED,25214.0
TXN003799,2026-08-05 03:03:29.943482,POSTED,1000.0
TXN003801,2026-08-23 05:46:25.882353,POSTED,2000.0
TXN003802,2026-08-10 19:29:12.397397,POSTED,1500.0
TXN003803,2026-08-03 11:29:07.619501,POSTED,250.0
TXN003804,2026-08-31 09:27:59.925898,POSTED,5000.0
TXN003805,2026-08-21 17:23:35.857318,POSTED,500.0
TXN003806,2026-08-02 03:40:17.460470,POSTED,250.0
TXN003807,2026-08-17 15:58:59.956354,POSTED,2000.0
TXN003808,2026-08-11 01:06:14.978285,PENDING,1500.0
TXN003809,2026-08-18 08:53:57.787035,POSTED,750.0
TXN003810,2026-08-14 16:39:59.598170,POSTED,500.0
TXN003811,2026-09-02 07:48:13.352200,POSTED,1000.0
TXN003812,2026-08-18 05:18:33.898683,PENDING,2500.0
TXN003813,2026-08-14 10:42:43.793423,POSTED,250.0
TXN003814,2026-08-21 10:19:44.670374,POSTED,750.0
TXN003815,2026-08-08 05:29:58.225664,PENDING,1500.0
TXN003816,2026-08-04 17:45:04.455189,POSTED,500.0
TXN003817,2026-08-15 07:00:28.924939,POSTED,500.0
TXN003818,2026-08-20 03:47:36.226758,POSTED,250.0
TXN003819,2026-08-19 17:46:34.585401,POSTED,1500.0
TXN003821,2026-08-07 02:19:53.852309,PENDING,1000.0
TXN003822,2026-08-18 00:59:10.882120,PENDING,2500.0
TXN003823,2026-08-06 03:04:29.854245,POSTED,2500.0
TXN003824,2026-08-09 17:16:48.399819,POSTED,2545.0
TXN003825,2026-09-01 09:22:31.148315,POSTED,250.0
TXN003826,2026-09-01 20:01:43.777449,POSTED,100.0
TXN003827,2026-08-08 04:02:47.523950,PENDING,1000.0
TXN003828,2026-09-04 09:04:39.072895,POSTED,100.0
TXN003829,2026-08-29 11:50:27.616824,POSTED,100.0
TXN003830,2026-08-24 04:42:22.150471,POSTED,750.0
TXN003831,2026-08-19 11:23:49.824458,POSTED,250.0
TXN003832,2026-08-08 22:33:08.121989,POSTED,750.0
TXN003833,2026-08-06 21:17:21.282066,POSTED,2500.0
TXN003834,2026-08-11 17:35:52.580293,PENDING,25000.0
TXN003835,2026-08-28 01:34:45.510669,POSTED,500.0
TXN003836,2026-09-02 12:35:17.118163,POSTED,1000.0
TXN003837,2026-08-14 06:30:32.485422,POSTED,500.0
TXN003838,2026-08-15 23:31:36.761248,POSTED,250.0
TXN003839,2026-08-23 20:09:04.735604,POSTED,100.0
TXN003840,2026-08-25 11:30:59.880995,PENDING,250.0
TXN003841,2026-08-27 17:14:25.972880,PENDING,100.0
TXN003842,2026-08-02 01:32:20.187293,PENDING,2500.0
TXN003843,2026-08-16 22:40:01.705347,POSTED,1000.0
TXN003844,2026-08-22 17:38:47.926892,POSTED,1500.0
TXN003845,2026-08-12 11:33:47.071928,PENDING,2500.0
TXN003846,2026-08-05 09:33:57.566630,PENDING,1000.0
TXN003847,2026-08-19 15:31:48.013912,POSTED,2500.0
TXN003848,2026-08-25 13:20:41.948348,POSTED,500.0
TXN003849,2026-08-27 15:58:24.890183,POSTED,100.0
TXN003851,2026-09-03 11:20:55.703111,POSTED,250.0
TXN003852,2026-08-05 08:52:12.680693,POSTED,750.0
TXN003853,2026-08-08 13:30:24.691042,POSTED,1000.0
TXN003854,2026-08-15 16:11:58.386045,POSTED,2500.0
TXN003855,2026-08-29 03:43:00.941760,POSTED,100.0
TXN003856,2026-08-22 11:44:54.895445,POSTED,250.0
TXN003857,2026-08-03 13:52:47.292245,POSTED,100.0
TXN003858,2026-08-09 05:48:25.902166,POSTED,1528.0
TXN003859,2026-08-31 06:05:43.764630,POSTED,750.0
TXN003860,2026-08-02 16:59:00.727300,POSTED,500.0
TXN003861,2026-08-25 03:37:19.844752,POSTED,1000.0
TXN003862,2026-08-25 15:43:09.167662,PENDING,500.0
TXN003863,2026-08-06 18:49:07.034029,POSTED,2000.0
TXN003864,2026-08-15 01:47:08.575805,PENDING,500.0
TXN003865,2026-08-15 09:14:00.761078,POSTED,250.0
TXN003866,2026-08-08 17:07:16.782448,POSTED,100.0
TXN003867,2026-08-28 16:04:05.003116,PENDING,100.0
TXN003868,2026-08-17 00:19:15.109980,POSTED,250.0
TXN003869,2026-08-09 14:18:43.967031,POSTED,1000.0
TXN003870,2026-08-10 23:49:39.095348,POSTED,750.0
TXN003871,2026-09-04 01:32:15.583578,POSTED,750.0
TXN003872,2026-08-27 17:04:12.026031,POSTED,10000.0
TXN003873,2026-08-30 05:45:48.214118,POSTED,5000.0
TXN003874,2026-08-30 09:48:43.305209,PENDING,5000.0
TXN003875,2026-08-31 23:47:59.935077,POSTED,1000.0
TXN003876,2026-08-26 06:56:45.888910,POSTED,750.0
TXN003877,2026-08-13 17:12:37.318097,POSTED,500.0
TXN003878,2026-08-24 04:00:53.422181,PENDING,250.0
TXN003879,2026-09-03 01:41:07.222991,POSTED,250.0
TXN003880,2026-08-14 07:30:29.127893,POSTED,1000.0
TXN003881,2026-08-25 18:36:30.506069,POSTED,250.0
TXN003882,2026-08-30 16:17:00.608873,POSTED,1000.0
TXN003883,2026-09-01 05:56:58.884840,PENDING,2500.0
TXN003884,2026-09-02 03:04:38.926465,POSTED,1500.0
TXN003885,2026-08-26 17:57:46.204334,POSTED,1500.0
TXN003886,2026-08-29 10:35:24.511723,POSTED,1000.0
TXN003887,2026-08-12 17:35:36.543625,POSTED,100.0
TXN003888,2026-08-11 08:27:31.529901,POSTED,750.0
TXN003889,2026-08-22 13:10:27.949443,POSTED,773.0
TXN003890,2026-08-18 10:21:09.665698,PENDING,500.0
TXN003891,2026-08-14 15:37:47.987384,PENDING,100.0
TXN003892,2026-08-15 11:51:53.226164,PENDING,2500.0
TXN003893,2026-08-20 23:54:19.455774,POSTED,1000.0
TXN003894,2026-08-26 16:49:39.204771,PENDING,250.0
TXN003895,2026-08-24 13:21:24.496196,POSTED,100.0
TXN003896,2026-08-25 03:41:10.394544,PENDING,1500.0
TXN003897,2026-08-15 00:15:36.925111,PENDING,1000.0
TXN003898,2026-09-01 23:34:00.622228,PENDING,250.0
TXN003899,2026-08-08 09:02:16.316927,POSTED,10000.0
TXN003900,2026-08-22 09:41:31.956812,POSTED,2000.0
TXN003901,2026-08-02 00:46:29.337982,POSTED,5000.0
TXN003902,2026-08-15 09:34:49.172773,POSTED,500.0
TXN003903,2026-09-01 06:38:43.130524,POSTED,1000.0
TXN003904,2026-08-19 04:25:49.258934,POSTED,250.0
TXN003905,2026-08-12 08:00:03.662816,PENDING,500.0
TXN003906,2026-08-02 18:16:19.679309,POSTED,750.0
TXN003907,2026-08-10 20:39:43.242856,POSTED,1000.0
TXN003908,2026-08-11 00:45:48.652031,POSTED,2000.0
TXN003909,2026-08-29 13:09:19.018311,POSTED,1000.0
TXN003910,2026-08-24 16:42:51.949655,POSTED,500.0
TXN003911,2026-08-27 03:02:29.942896,PENDING,2000.0
TXN003912,2026-08-20 15:03:36.911636,POSTED,2500.0
TXN003913,2026-08-20 20:06:30.922397,POSTED,250.0
TXN003914,2026-08-07 14:23:26.450469,POSTED,100.0
TXN003915,2026-08-07 16:28:53.794786,PENDING,10000.0
TXN003916,2026-08-28 10:20:27.007942,POSTED,2500.0
TXN003918,2026-08-01 03:25:51.004720,POSTED,100.0
TXN003919,2026-08-23 10:43:59.334222,POSTED,1000.0
TXN003920,2026-08-29 15:52:50.012876,POSTED,25000.0
TXN003921,2026-08-11 16:54:38.312926,POSTED,500.0
TXN003922,2026-09-04 15:12:00.142774,POSTED,250.0
TXN003923,2026-08-13 09:34:33.857179,PENDING,1000.0
TXN003924,2026-08-07 19:08:39.705197,POSTED,250.0
TXN003925,2026-08-26 01:10:46.812532,PENDING,500.0
TXN003927,2026-08-04 21:19:54.249825,POSTED,100.0
TXN003928,2026-08-25 11:44:53.414876,POSTED,1500.0
TXN003929,2026-08-04 19:44:04.562646,POSTED,5000.0
TXN003930,2026-08-03 03:03:34.718434,POSTED,500.0
TXN003931,2026-08-27 11:51:25.369055,POSTED,1000.0
TXN003932,2026-08-31 14:23:23.973828,POSTED,500.0
TXN003933,2026-08-15 08:20:19.431422,POSTED,2000.0
TXN003934,2026-08-31 12:01:18.654692,POSTED,250.0
TXN003936,2026-08-03 12:48:59.705461,POSTED,1500.0
TXN003937,2026-08-23 23:01:31.042245,PENDING,750.0
TXN003938,2026-08-05 11:10:48.440732,POSTED,250.0
TXN003939,2026-09-01 22:55:52.763366,POSTED,100.0
TXN003940,2026-08-30 00:57:10.391761,POSTED,250.0
TXN003941,2026-08-27 17:33:51.664001,POSTED,2500.0
TXN003942,2026-08-04 12:04:57.434039,POSTED,2500.0
TXN003943,2026-08-26 07:44:03.970651,POSTED,250.0
TXN003944,2026-08-10 20:11:52.601742,PENDING,1000.0
TXN003945,2026-08-12 00:13:11.724551,POSTED,1500.0
TXN003947,2026-08-19 02:52:15.786034,POSTED,2500.0
TXN003948,2026-08-04 12:16:11.044466,POSTED,100.0
TXN003949,2026-08-03 08:21:48.281451,POSTED,25000.0
TXN003950,2026-09-04 23:40:08.439621,POSTED,2500.0
TXN003951,2026-08-13 00:51:52.647885,POSTED,100.0
TXN003952,2026-08-27 00:22:38.045719,POSTED,500.0
TXN003953,2026-08-24 20:13:31.191974,PENDING,500.0
TXN003954,2026-08-04 03:21:38.019560,POSTED,500.0
TXN003955,2026-08-06 09:11:51.396020,POSTED,2000.0
TXN003956,2026-08-13 09:04:45.634756,POSTED,2000.0
TXN003957,2026-08-24 00:47:04.093966,POSTED,2000.0
TXN003958,2026-08-17 04:01:59.663767,POSTED,2000.0
TXN003959,2026-08-12 01:02:40.936342,POSTED,100.0
TXN003960,2026-08-21 22:22:49.071012,POSTED,750.0
TXN003961,2026-08-26 07:09:32.796236,POSTED,750.0
TXN003962,2026-09-01 11:21:34.511468,PENDING,100.0
TXN003963,2026-08-25 10:23:01.899444,POSTED,10000.0
TXN003964,2026-08-09 04:58:53.091436,POSTED,500.0
TXN003965,2026-08-03 04:50:49.398558,POSTED,100.0
TXN003966,2026-09-01 02:48:54.788307,POSTED,25000.0
TXN003967,2026-08-15 13:45:24.924621,PENDING,2000.0
TXN003968,2026-08-11 19:02:58.785295,POSTED,500.0
TXN003969,2026-09-02 10:22:51.114444,POSTED,500.0
TXN003970,2026-08-17 20:07:50.571491,POSTED,2500.0
TXN003971,2026-08-22 05:07:21.364662,POSTED,500.0
TXN003972,2026-09-02 22:14:20.134682,PENDING,750.0
TXN003973,2026-08-13 16:55:49.161152,POSTED,10000.0
TXN003974,2026-08-04 07:06:37.791551,POSTED,750.0
TXN003975,2026-08-16 10:37:48.202425,POSTED,2500.0
TXN003976,2026-08-07 07:12:54.765314,POSTED,100.0
TXN003977,2026-08-02 02:31:42.039845,POSTED,100.0
TXN003979,2026-09-04 16:36:13.584105,POSTED,10000.0
TXN003980,2026-08-31 11:43:07.711205,POSTED,100.0
TXN003981,2026-08-17 20:52:46.730749,POSTED,1000.0
TXN003983,2026-08-12 20:53:13.204822,POSTED,1500.0
TXN003984,2026-08-21 17:07:28.603441,POSTED,750.0
TXN003985,2026-08-07 13:47:18.510943,POSTED,2500.0
TXN003986,2026-09-02 05:46:01.838443,POSTED,100.0
TXN003987,2026-08-22 06:46:38.000787,POSTED,100.0
TXN003988,2026-08-10 19:03:33.532669,POSTED,2500.0
TXN003989,2026-08-25 20:03:40.567167,POSTED,1500.0
TXN003990,2026-08-04 15:21:51.939548,POSTED,2000.0
TXN003991,2026-08-30 06:48:09.358543,POSTED,25000.0
TXN003992,2026-08-20 05:38:29.497742,POSTED,1000.0
TXN003993,2026-08-10 19:08:47.252994,POSTED,1500.0
TXN003994,2026-09-02 09:40:23.257892,POSTED,250.0
TXN003995,2026-08-25 20:50:57.050257,PENDING,500.0
TXN003996,2026-08-17 14:40:29.747473,PENDING,1500.0
TXN003997,2026-09-03 16:22:39.580115,POSTED,1000.0
TXN003998,2026-08-15 16:33:54.523692,POSTED,500.0
TXN003999,2026-08-18 19:46:51.096145,POSTED,1500.0
TXN004000,2026-08-02 01:18:36.606179,POSTED,2500.0
TXN004001,2026-08-06 19:09:41.667945,POSTED,750.0
TXN004003,2026-08-14 21:29:04.924148,PENDING,2000.0
TXN004004,2026-08-19 05:21:38.246861,POSTED,1486.0
TXN004005,2026-08-04 08:05:08.396874,POSTED,1500.0
TXN004007,2026-08-07 06:03:59.811484,POSTED,10000.0
TXN004008,2026-08-25 13:04:09.795537,POSTED,500.0
TXN004009,2026-08-01 04:32:40.304483,POSTED,500.0
TXN004010,2026-08-28 16:22:26.283191,PENDING,2000.0
TXN004011,2026-08-04 12:40:07.328453,POSTED,500.0
TXN004012,2026-08-09 13:24:39.658536,POSTED,1000.0
TXN004013,2026-08-08 14:46:06.872222,POSTED,25000.0
TXN004014,2026-08-28 03:19:09.135016,POSTED,500.0
TXN004015,2026-08-21 08:14:20.471719,POSTED,500.0
TXN004016,2026-08-05 08:50:38.391006,PENDING,250.0
TXN004017,2026-08-13 07:25:31.640892,POSTED,250.0
TXN004018,2026-09-02 07:55:26.674118,POSTED,5183.0
TXN004019,2026-09-01 16:55:03.261591,PENDING,10000.0
TXN004020,2026-08-19 02:00:11.472039,POSTED,1000.0
TXN004021,2026-08-29 20:56:54.473404,POSTED,1000.0
TXN004022,2026-08-30 06:18:10.174090,PENDING,2000.0
TXN004023,2026-08-19 07:35:54.423937,PENDING,100.0
TXN004024,2026-08-06 17:43:29.799011,POSTED,500.0
TXN004025,2026-08-11 18:51:47.996582,POSTED,2500.0
TXN004026,2026-09-04 20:30:58.682804,POSTED,5000.0
TXN004027,2026-08-06 06:46:01.771973,POSTED,2500.0
TXN004029,2026-08-04 22:01:29.151242,PENDING,500.0
TXN004030,2026-08-20 14:21:04.836339,PENDING,100.0
TXN004031,2026-08-30 16:52:33.816130,POSTED,2500.0
TXN004032,2026-08-27 20:08:00.063356,POSTED,10000.0
TXN004033,2026-08-14 21:37:44.136851,POSTED,500.0
TXN004034,2026-08-24 01:07:58.445122,POSTED,2000.0
TXN004036,2026-08-29 00:10:02.006175,PENDING,500.0
TXN004037,2026-08-27 08:16:17.855559,POSTED,2500.0
TXN004038,2026-08-19 17:28:33.037462,POSTED,500.0
TXN004039,2026-08-19 03:27:30.913404,PENDING,100.0
TXN004040,2026-08-29 00:59:32.858858,POSTED,2488.0
TXN004041,2026-08-17 20:46:18.414684,POSTED,100.0
TXN004042,2026-08-23 08:04:57.848869,POSTED,1000.0
TXN004043,2026-08-17 01:17:43.935322,PENDING,100.0
TXN004044,2026-08-29 12:56:32.049621,POSTED,500.0
TXN004045,2026-08-13 13:35:27.089688,POSTED,500.0
TXN004046,2026-08-25 05:23:08.409192,POSTED,500.0
TXN004047,2026-08-03 03:24:12.828562,POSTED,1000.0
TXN004048,2026-08-11 15:01:25.072292,POSTED,1500.0
TXN004049,2026-08-07 10:28:26.655157,POSTED,750.0
TXN004050,2026-09-01 02:01:10.542553,POSTED,1000.0
TXN004051,2026-08-20 19:05:53.581180,POSTED,1000.0
TXN004053,2026-09-03 11:43:37.056751,PENDING,100.0
TXN004054,2026-08-08 10:43:48.925674,POSTED,2000.0
TXN004055,2026-08-22 19:49:07.945626,POSTED,500.0
TXN004056,2026-08-26 02:15:29.500307,PENDING,1000.0
TXN004057,2026-08-18 16:52:44.681423,POSTED,1000.0
TXN004058,2026-08-01 17:25:52.852521,PENDING,500.0
TXN004059,2026-08-25 08:24:55.471003,POSTED,750.0
TXN004060,2026-08-01 06:57:39.145343,POSTED,500.0
TXN004061,2026-08-28 15:24:31.236497,POSTED,2500.0
TXN004062,2026-08-14 11:52:21.123140,PENDING,500.0
TXN004063,2026-08-27 01:08:47.547301,POSTED,1000.0
TXN004064,2026-08-25 01:30:31.152950,POSTED,2500.0
TXN004065,2026-08-03 12:22:53.888943,PENDING,100.0
TXN004066,2026-08-21 03:52:36.921290,POSTED,10000.0
TXN004067,2026-08-28 15:53:14.632718,POSTED,500.0
TXN004068,2026-08-22 14:16:32.309456,PENDING,250.0
TXN004069,2026-08-27 07:21:33.365283,POSTED,250.0
TXN004070,2026-08-14 19:35:24.291472,POSTED,100.0
TXN004071,2026-08-08 01:31:14.304721,PENDING,1000.0
TXN004072,2026-08-26 18:35:09.383471,PENDING,2500.0
TXN004073,2026-08-22 09:17:54.854541,POSTED,1500.0
TXN004074,2026-08-19 10:34:55.817202,POSTED,5000.0
TXN004075,2026-08-09 01:11:19.155408,POSTED,2500.0
TXN004076,2026-08-29 21:03:06.146837,PENDING,1500.0
TXN004077,2026-08-25 05:58:35.470693,POSTED,1000.0
TXN004078,2026-08-06 09:06:59.598996,PENDING,1000.0
TXN004080,2026-08-14 18:10:53.355087,PENDING,250.0
TXN004083,2026-08-16 05:35:42.105073,POSTED,2000.0
TXN004084,2026-08-01 05:45:02.584684,POSTED,990.0
TXN004085,2026-08-21 03:13:39.112361,POSTED,96.0
TXN004086,2026-08-04 21:31:08.323860,POSTED,500.0
TXN004087,2026-08-06 10:57:57.334898,POSTED,2000.0
TXN004088,2026-08-25 11:35:46.145876,POSTED,250.0
TXN004089,2026-08-19 16:51:11.122054,PENDING,1500.0
TXN004090,2026-08-13 22:52:38.406127,POSTED,1500.0
TXN004091,2026-08-12 09:21:17.536970,POSTED,250.0
TXN004092,2026-08-03 15:14:51.309151,POSTED,500.0
TXN004093,2026-08-18 09:31:20.398116,POSTED,1000.0
TXN004094,2026-08-05 17:05:09.772296,PENDING,500.0
TXN004095,2026-08-12 14:43:57.342094,POSTED,250.0
TXN004096,2026-09-01 09:57:21.889333,PENDING,250.0
TXN004097,2026-08-26 10:30:37.971598,POSTED,500.0
TXN004098,2026-08-28 10:42:42.944390,PENDING,100.0
TXN004099,2026-08-18 11:26:34.284838,POSTED,500.0
TXN004100,2026-08-08 16:36:38.941891,POSTED,5000.0
TXN004102,2026-08-23 04:17:48.831140,POSTED,1500.0
TXN004103,2026-08-18 03:18:06.263992,POSTED,2000.0
TXN004104,2026-08-08 00:07:46.811795,POSTED,1000.0
TXN004105,2026-08-10 13:26:31.009042,POSTED,2500.0
TXN004106,2026-09-03 07:54:29.995127,POSTED,491.0
TXN004107,2026-08-23 19:37:59.672201,PENDING,500.0
TXN004108,2026-08-02 09:56:20.755175,POSTED,100.0
TXN004109,2026-08-26 11:33:09.852460,PENDING,250.0
TXN004110,2026-08-21 04:49:54.772684,POSTED,2000.0
TXN004111,2026-08-05 03:15:14.383063,POSTED,100.0
TXN004112,2026-09-01 16:02:23.358236,POSTED,2000.0
TXN004113,2026-08-15 06:46:53.767181,POSTED,500.0
TXN004114,2026-08-10 02:40:11.247918,POSTED,100.0
TXN004115,2026-08-17 03:44:09.864461,POSTED,250.0
TXN004116,2026-08-04 17:46:15.810100,PENDING,1000.0
TXN004117,2026-08-04 10:29:46.518747,POSTED,5000.0
TXN004118,2026-08-22 02:42:23.727994,POSTED,500.0
TXN004119,2026-08-30 23:36:49.260235,POSTED,1500.0
TXN004120,2026-08-15 00:49:51.594769,POSTED,1500.0
TXN004121,2026-08-29 03:57:11.734396,POSTED,500.0
TXN004122,2026-08-02 19:17:43.863520,POSTED,750.0
TXN004123,2026-08-23 04:54:14.665567,POSTED,2500.0
TXN004124,2026-08-24 00:56:15.317671,POSTED,100.0
TXN004125,2026-08-02 04:24:22.439649,PENDING,100.0
TXN004126,2026-09-04 05:44:47.131602,POSTED,1000.0
TXN004127,2026-08-03 07:04:57.338294,POSTED,750.0
TXN004128,2026-08-18 15:54:15.838970,POSTED,100.0
TXN004130,2026-08-02 02:36:46.627527,POSTED,2000.0
TXN004131,2026-08-25 05:56:02.466898,POSTED,100.0
TXN004133,2026-08-25 23:37:05.285294,PENDING,500.0
TXN004134,2026-09-04 19:15:11.701486,POSTED,1500.0
TXN004135,2026-08-22 19:21:02.791023,POSTED,2000.0
TXN004136,2026-08-14 13:48:51.888700,PENDING,1500.0
TXN004137,2026-08-14 08:55:33.116913,POSTED,250.0
TXN004138,2026-08-09 11:59:03.209447,PENDING,500.0
TXN004139,2026-08-26 19:16:34.478328,POSTED,250.0
TXN004140,2026-08-22 14:43:39.446614,POSTED,1000.0
TXN004142,2026-08-13 19:29:41.701246,POSTED,2000.0
TXN004143,2026-08-13 15:49:38.001792,PENDING,250.0
TXN004145,2026-08-13 20:21:40.773334,POSTED,250.0
TXN004146,2026-08-16 17:11:40.922971,PENDING,2500.0
TXN004148,2026-08-31 23:31:27.045080,POSTED,250.0
TXN004149,2026-08-27 15:39:24.904612,POSTED,250.0
TXN004150,2026-08-27 04:38:32.664810,POSTED,1000.0
TXN004151,2026-08-20 17:13:06.451157,PENDING,10000.0
TXN004152,2026-08-15 11:17:57.756637,POSTED,1000.0
TXN004153,2026-08-18 12:22:50.559123,POSTED,100.0
TXN004154,2026-08-04 09:29:30.682815,POSTED,2000.0
TXN004156,2026-08-16 06:02:56.884206,POSTED,100.0
TXN004157,2026-08-14 21:47:48.206729,PENDING,750.0
TXN004158,2026-08-20 06:13:46.308605,POSTED,250.0
TXN004159,2026-09-02 12:13:38.233269,POSTED,250.0
TXN004160,2026-08-31 16:16:21.328921,POSTED,250.0
TXN004161,2026-08-05 18:57:21.180279,POSTED,100.0
TXN004162,2026-08-09 01:28:21.138604,POSTED,250.0
TXN004163,2026-08-20 15:49:04.618450,POSTED,750.0
TXN004164,2026-08-22 17:02:07.788226,POSTED,250.0
TXN004165,2026-08-22 20:06:51.954214,PENDING,250.0
TXN004166,2026-09-01 09:25:51.266189,POSTED,5159.0
TXN004167,2026-08-18 01:02:18.435502,POSTED,1500.0
TXN004168,2026-08-29 23:06:58.073150,POSTED,2000.0
TXN004169,2026-08-18 01:39:27.582285,POSTED,1000.0
TXN004170,2026-08-04 21:40:30.275689,POSTED,750.0
TXN004171,2026-08-05 07:29:51.550913,POSTED,500.0
TXN004172,2026-08-17 09:53:41.206516,POSTED,100.0
TXN004173,2026-09-04 11:14:54.351364,PENDING,1000.0
TXN004174,2026-08-04 03:54:22.542263,POSTED,1500.0
TXN004175,2026-08-15 17:02:39.952234,POSTED,500.0
TXN004176,2026-08-31 12:44:17.013443,POSTED,100.0
TXN004177,2026-08-16 17:16:12.992086,POSTED,2500.0
TXN004178,2026-08-25 14:59:59.017239,POSTED,500.0
TXN004179,2026-08-23 11:14:52.029173,POSTED,1500.0
TXN004180,2026-08-20 12:11:27.145000,POSTED,1000.0
TXN004181,2026-08-25 01:29:51.102974,PENDING,2500.0
TXN004182,2026-08-05 17:27:51.310593,PENDING,2500.0
TXN004183,2026-08-15 06:49:43.750976,POSTED,1000.0
TXN004184,2026-08-17 02:06:28.871956,POSTED,250.0
TXN004185,2026-08-05 23:49:31.989072,POSTED,100.0
TXN004186,2026-09-01 00:48:42.554670,POSTED,250.0
TXN004187,2026-08-17 05:46:04.325535,POSTED,500.0
TXN004188,2026-08-04 01:02:31.083057,PENDING,100.0
TXN004189,2026-08-26 01:25:24.995825,POSTED,25000.0
TXN004190,2026-08-25 00:11:51.384779,POSTED,500.0
TXN004191,2026-08-15 05:13:05.708139,POSTED,1000.0
TXN004192,2026-09-03 17:43:22.540416,PENDING,1500.0
TXN004193,2026-08-09 15:57:24.522108,PENDING,25000.0
TXN004194,2026-08-24 08:54:15.722743,POSTED,750.0
TXN004196,2026-08-22 05:39:30.222350,PENDING,2000.0
TXN004198,2026-08-14 06:48:52.856972,POSTED,10000.0
TXN004199,2026-08-05 18:18:09.389298,POSTED,1000.0
TXN004200,2026-09-03 03:25:51.864544,PENDING,2000.0
TXN004201,2026-08-27 04:09:54.808209,POSTED,2500.0
TXN004203,2026-08-19 10:33:37.067059,PENDING,1000.0
TXN004204,2026-08-20 10:31:08.738697,PENDING,1000.0
TXN004205,2026-08-08 13:58:43.075462,PENDING,100.0
TXN004206,2026-08-05 23:06:22.270319,POSTED,500.0
TXN004207,2026-09-01 18:07:45.325561,POSTED,96.0
TXN004208,2026-08-04 09:14:54.663169,PENDING,25000.0
TXN004209,2026-08-01 11:56:08.732740,POSTED,1000.0
TXN004210,2026-08-12 04:37:39.364692,PENDING,100.0
TXN004211,2026-08-24 20:08:22.373134,POSTED,250.0
TXN004212,2026-08-26 00:28:03.489866,PENDING,250.0
TXN004213,2026-08-22 11:22:57.484968,PENDING,750.0
TXN004214,2026-09-04 22:41:10.249936,POSTED,1000.0
TXN004215,2026-08-16 18:36:27.283020,POSTED,5000.0
TXN004216,2026-08-31 21:15:00.857314,POSTED,250.0
TXN004218,2026-08-10 23:58:39.398721,POSTED,2500.0
TXN004219,2026-08-13 09:08:04.499118,POSTED,507.0
TXN004220,2026-09-04 03:02:29.119227,PENDING,1500.0
TXN004221,2026-09-02 20:01:48.312569,POSTED,10000.0
TXN004223,2026-08-21 14:48:27.030621,PENDING,100.0
TXN004224,2026-08-15 10:39:03.988800,POSTED,100.0
TXN004225,2026-08-18 01:51:05.863917,PENDING,250.0
TXN004226,2026-08-09 17:24:11.405894,POSTED,250.0
TXN004227,2026-08-31 19:09:00.459090,PENDING,10000.0
TXN004228,2026-08-27 15:27:04.258196,PENDING,500.0
TXN004229,2026-08-18 03:58:35.954618,PENDING,250.0
TXN004230,2026-09-02 21:08:51.882470,POSTED,250.0
TXN004231,2026-08-03 19:50:27.754977,PENDING,500.0
TXN004232,2026-08-04 18:11:26.790423,POSTED,2500.0
TXN004233,2026-08-16 20:25:42.198495,POSTED,750.0
TXN004234,2026-08-18 00:39:54.442672,POSTED,2003.0
TXN004235,2026-08-09 13:00:06.667957,PENDING,1000.0
TXN004236,2026-08-10 22:47:39.977963,POSTED,250.0
TXN004237,2026-08-31 19:06:27.099578,PENDING,2500.0
TXN004238,2026-08-02 23:16:17.518173,POSTED,250.0
TXN004239,2026-08-29 13:03:03.790943,POSTED,500.0
TXN004240,2026-08-13 08:10:02.636847,POSTED,750.0
TXN004241,2026-08-28 08:38:06.740269,POSTED,2500.0
TXN004242,2026-08-12 09:43:17.202559,POSTED,1500.0
TXN004243,2026-08-03 03:22:16.468974,POSTED,1500.0
TXN004244,2026-08-26 14:30:11.213525,POSTED,5000.0
TXN004245,2026-08-05 10:42:47.470125,POSTED,500.0
TXN004246,2026-08-27 13:08:44.237873,PENDING,2000.0
TXN004247,2026-08-16 16:40:57.654419,PENDING,1500.0
TXN004248,2026-08-06 02:41:19.968215,POSTED,1000.0
TXN004249,2026-08-15 22:02:28.805452,POSTED,250.0
TXN004250,2026-09-04 22:29:12.797854,POSTED,250.0
TXN004251,2026-09-02 11:05:40.893642,POSTED,100.0
TXN004252,2026-09-04 23:02:27.626810,POSTED,2000.0
TXN004253,2026-08-27 00:42:53.223195,POSTED,2000.0
TXN004254,2026-08-08 06:43:44.099786,PENDING,2000.0
TXN004255,2026-08-30 22:53:49.610000,PENDING,250.0
TXN004256,2026-09-01 20:25:16.440551,PENDING,25000.0
TXN004257,2026-08-26 10:06:26.488094,POSTED,1000.0
TXN004258,2026-08-14 19:45:08.721535,POSTED,5000.0
TXN004259,2026-08-03 16:40:00.218038,PENDING,2500.0
TXN004260,2026-08-25 04:33:36.117332,POSTED,2500.0
TXN004261,2026-08-28 16:48:13.890251,POSTED,500.0
TXN004262,2026-08-13 02:49:13.068734,POSTED,2500.0
TXN004263,2026-08-10 14:47:24.678418,POSTED,100.0
TXN004264,2026-08-26 20:44:23.072516,PENDING,500.0
TXN004265,2026-08-15 15:14:11.811483,PENDING,250.0
TXN004266,2026-08-30 06:23:45.489679,POSTED,100.0
TXN004267,2026-08-21 17:49:14.227072,POSTED,1000.0
TXN004268,2026-08-25 14:11:53.981811,POSTED,500.0
TXN004269,2026-09-04 08:11:35.604654,POSTED,1500.0
TXN004270,2026-08-30 18:00:57.226506,POSTED,955.0
TXN004271,2026-08-05 19:56:28.745805,POSTED,500.0
TXN004272,2026-08-20 16:38:28.222451,PENDING,2000.0
TXN004273,2026-08-10 01:28:49.077902,POSTED,100.0
TXN004274,2026-08-07 10:14:35.369386,POSTED,2536.0
TXN004275,2026-08-27 07:02:26.749199,POSTED,500.0
TXN004276,2026-08-04 07:05:32.602995,POSTED,5000.0
TXN004277,2026-08-23 10:54:31.076821,POSTED,250.0
TXN004278,2026-08-25 14:58:33.987764,POSTED,2000.0
TXN004279,2026-08-01 03:52:22.972298,POSTED,1500.0
TXN004280,2026-08-13 12:00:19.321376,POSTED,2000.0
TXN004281,2026-08-01 23:47:44.846724,POSTED,1500.0
TXN004282,2026-08-25 19:22:13.197769,PENDING,1000.0
TXN004283,2026-08-28 19:31:20.150938,POSTED,1500.0
TXN004284,2026-08-24 06:13:09.654125,POSTED,100.0
TXN004286,2026-08-27 05:35:18.021451,PENDING,1000.0
TXN004288,2026-08-22 17:52:00.665301,POSTED,2500.0
TXN004289,2026-08-27 15:03:13.602295,PENDING,1500.0
TXN004290,2026-08-01 19:19:04.860769,PENDING,750.0
TXN004291,2026-08-16 21:30:53.856193,PENDING,1500.0
TXN004292,2026-09-02 18:32:24.285641,POSTED,500.0
TXN004293,2026-08-08 07:35:02.416209,POSTED,750.0
TXN004294,2026-08-08 04:31:06.081531,POSTED,25000.0
TXN004296,2026-08-09 13:28:51.565293,POSTED,10000.0
TXN004298,2026-08-13 01:09:53.228362,POSTED,2500.0
TXN004299,2026-08-25 07:18:32.724134,PENDING,1000.0
TXN004300,2026-08-02 05:41:41.001536,POSTED,1500.0
TXN004302,2026-08-07 18:55:38.517555,POSTED,500.0
TXN004305,2026-08-31 03:13:31.384416,PENDING,1000.0
TXN004306,2026-08-22 00:53:20.883276,POSTED,1000.0
TXN004307,2026-08-23 18:32:39.688258,POSTED,500.0
TXN004308,2026-08-28 18:54:18.896403,POSTED,500.0
TXN004309,2026-08-01 08:56:50.644526,POSTED,5000.0
TXN004310,2026-08-16 21:05:29.929710,POSTED,2553.0
TXN004311,2026-08-30 13:48:54.627839,PENDING,1500.0
TXN004312,2026-08-15 18:03:55.923642,POSTED,1000.0
TXN004313,2026-08-01 18:54:56.818116,POSTED,250.0
TXN004314,2026-08-12 17:54:48.301488,POSTED,2000.0
TXN004315,2026-08-12 22:13:27.984343,POSTED,100.0
TXN004316,2026-08-02 22:57:16.713176,POSTED,1500.0
TXN004318,2026-08-12 15:04:52.055493,POSTED,2500.0
TXN004319,2026-08-16 17:50:18.528408,POSTED,1500.0
TXN004320,2026-08-20 20:35:49.269020,POSTED,1500.0
TXN004321,2026-09-04 22:42:45.257712,POSTED,750.0
TXN004322,2026-08-23 22:37:04.298797,POSTED,250.0
TXN004323,2026-09-01 21:25:58.226445,POSTED,5000.0
TXN004324,2026-08-14 09:45:10.918282,POSTED,246.0
TXN004325,2026-08-18 21:08:08.284034,POSTED,250.0
TXN004326,2026-08-29 12:51:06.378338,PENDING,25000.0
TXN004327,2026-08-13 15:57:26.670823,POSTED,1000.0
TXN004329,2026-08-22 18:57:13.011574,POSTED,1500.0
TXN004330,2026-08-13 12:06:23.004433,POSTED,500.0
TXN004332,2026-08-26 01:35:32.969162,POSTED,500.0
TXN004333,2026-08-28 23:20:45.990947,POSTED,2000.0
TXN004334,2026-08-05 16:15:00.168921,POSTED,2500.0
TXN004336,2026-08-31 03:52:32.446736,POSTED,500.0
TXN004337,2026-08-25 14:14:30.719735,POSTED,250.0
TXN004338,2026-08-03 18:30:06.519488,POSTED,500.0
TXN004339,2026-08-12 11:48:37.002680,PENDING,100.0
TXN004340,2026-09-01 03:20:10.917764,POSTED,100.0
TXN004341,2026-08-27 14:33:05.533897,POSTED,500.0
TXN004342,2026-08-04 14:19:20.397682,PENDING,2000.0
TXN004343,2026-08-11 09:22:41.241959,POSTED,750.0
TXN004344,2026-08-25 19:09:20.749506,POSTED,1000.0
TXN004345,2026-08-06 07:09:53.355168,POSTED,100.0
TXN004346,2026-08-08 17:08:15.311948,POSTED,250.0
TXN004347,2026-08-28 17:04:54.963751,PENDING,500.0
TXN004348,2026-08-30 12:22:55.786112,POSTED,1500.0
TXN004349,2026-08-28 15:58:28.603613,POSTED,250.0
TXN004350,2026-08-11 06:30:30.810857,POSTED,1500.0
TXN004351,2026-08-25 14:35:32.628922,POSTED,1000.0
TXN004352,2026-08-14 20:21:03.540395,POSTED,500.0
TXN004353,2026-08-15 21:55:25.239842,PENDING,250.0
TXN004354,2026-08-24 20:33:18.556394,POSTED,250.0
TXN004355,2026-08-05 06:54:39.301207,POSTED,250.0
TXN004356,2026-08-29 20:32:45.015346,POSTED,100.0
TXN004357,2026-08-20 02:32:02.105539,POSTED,1000.0
TXN004358,2026-08-21 22:35:14.733637,PENDING,250.0
TXN004359,2026-09-03 21:18:47.751794,POSTED,750.0
TXN004360,2026-08-23 05:17:20.755289,PENDING,2500.0
TXN004361,2026-08-04 11:12:40.323907,PENDING,750.0
TXN004362,2026-08-24 19:33:58.532912,POSTED,1000.0
TXN004363,2026-08-02 11:29:30.822745,PENDING,10000.0
TXN004364,2026-08-26 20:24:43.201128,POSTED,2000.0
TXN004366,2026-08-17 21:19:52.958910,POSTED,2000.0
TXN004368,2026-08-16 04:04:06.278637,POSTED,500.0
TXN004369,2026-08-13 11:40:17.876261,POSTED,750.0
TXN004370,2026-08-14 17:02:19.164122,POSTED,100.0
TXN004371,2026-08-05 03:04:33.298749,POSTED,2041.0
TXN004372,2026-08-11 01:04:28.703398,POSTED,750.0
TXN004373,2026-09-01 19:31:53.592531,POSTED,2454.0
TXN004374,2026-08-28 09:04:27.267754,POSTED,2601.0
TXN004375,2026-08-02 21:22:10.324893,PENDING,5000.0
TXN004376,2026-09-04 14:58:26.628196,POSTED,100.0
TXN004377,2026-08-15 05:04:26.641909,POSTED,500.0
TXN004378,2026-08-09 13:43:02.411119,PENDING,2000.0
TXN004379,2026-08-04 06:58:39.770153,PENDING,500.0
TXN004380,2026-08-16 23:33:02.936981,PENDING,5000.0
TXN004381,2026-08-13 01:54:37.795544,PENDING,2500.0
TXN004382,2026-08-20 15:05:01.594652,POSTED,5000.0
TXN004383,2026-08-13 23:20:34.890096,POSTED,2000.0
TXN004384,2026-08-27 11:49:57.058454,POSTED,750.0
TXN004385,2026-08-25 04:23:27.261728,PENDING,2000.0
TXN004386,2026-08-06 22:42:06.406632,POSTED,1000.0
TXN004387,2026-08-01 06:52:50.152735,POSTED,2500.0
TXN004388,2026-09-01 13:03:20.808163,POSTED,10000.0
TXN004389,2026-08-29 06:53:59.213472,PENDING,1000.0
TXN004390,2026-08-24 03:26:36.535599,PENDING,100.0
TXN004391,2026-08-13 03:22:00.007683,POSTED,2500.0
TXN004392,2026-08-29 00:07:00.844107,POSTED,1500.0
TXN004393,2026-08-24 02:40:48.593668,POSTED,1500.0
TXN004394,2026-08-12 09:11:24.529522,POSTED,250.0
TXN004395,2026-08-31 19:43:15.445638,POSTED,500.0
TXN004396,2026-08-13 07:19:28.595003,POSTED,2000.0
TXN004397,2026-09-04 07:42:49.357566,POSTED,1000.0
TXN004398,2026-08-18 08:20:27.143015,POSTED,2500.0
TXN004399,2026-08-10 07:16:12.276511,POSTED,1000.0
TXN004400,2026-08-13 05:03:32.717948,POSTED,1000.0
TXN004401,2026-08-20 17:11:02.357482,PENDING,100.0
TXN004402,2026-08-13 05:24:43.742815,POSTED,1500.0
TXN004403,2026-08-04 05:37:44.322512,POSTED,750.0
TXN004404,2026-09-04 10:14:08.709679,POSTED,750.0
TXN004405,2026-08-18 22:01:30.428673,POSTED,2500.0
TXN004407,2026-08-18 09:59:53.857345,POSTED,25000.0
TXN004408,2026-08-10 21:50:53.201433,PENDING,250.0
TXN004409,2026-08-21 12:42:13.660989,POSTED,250.0
TXN004410,2026-08-31 08:55:20.431359,POSTED,500.0
TXN004411,2026-08-17 21:03:53.207455,POSTED,1500.0
TXN004412,2026-08-21 01:08:39.136282,PENDING,100.0
TXN004413,2026-08-02 23:07:21.419408,PENDING,5000.0
TXN004414,2026-08-19 03:10:06.585289,POSTED,1500.0
TXN004415,2026-08-19 18:09:36.269671,POSTED,100.0
TXN004416,2026-08-14 21:34:19.480471,POSTED,100.0
TXN004417,2026-08-08 14:01:39.971934,POSTED,2500.0
TXN004418,2026-08-02 05:41:33.901127,POSTED,1000.0
TXN004419,2026-08-06 06:37:20.904846,POSTED,750.0
TXN004420,2026-09-01 02:16:53.032440,POSTED,250.0
TXN004421,2026-09-01 21:52:14.856024,POSTED,1000.0
TXN004422,2026-08-29 00:16:47.254180,POSTED,1000.0
TXN004423,2026-09-03 14:01:52.774264,POSTED,250.0
TXN004424,2026-08-29 07:58:50.021361,POSTED,1500.0
TXN004425,2026-08-13 20:04:50.333754,POSTED,500.0
TXN004426,2026-09-01 18:52:12.042425,POSTED,2000.0
TXN004427,2026-08-22 00:26:45.338280,PENDING,1500.0
TXN004428,2026-08-13 20:10:09.419899,POSTED,100.0
TXN004429,2026-09-03 13:27:33.908277,PENDING,10000.0
TXN004430,2026-08-12 18:32:09.313906,POSTED,10000.0
TXN004431,2026-08-18 16:02:07.707555,PENDING,250.0
TXN004432,2026-08-23 12:03:17.955868,POSTED,500.0
TXN004433,2026-08-30 22:52:27.192179,PENDING,2000.0
TXN004434,2026-08-25 09:35:55.928504,POSTED,783.0
TXN004435,2026-08-18 05:22:13.495790,POSTED,1500.0
TXN004437,2026-08-23 13:07:24.041453,POSTED,1000.0
TXN004438,2026-08-24 01:12:40.983067,POSTED,1500.0
TXN004441,2026-08-08 19:32:47.211944,POSTED,250.0
TXN004442,2026-08-20 02:59:08.459955,POSTED,100.0
TXN004443,2026-08-23 08:27:08.072202,POSTED,750.0
TXN004444,2026-08-20 02:30:29.336555,PENDING,1000.0
TXN004446,2026-09-02 04:00:37.363160,PENDING,500.0
TXN004447,2026-08-17 09:16:34.931816,PENDING,750.0
TXN004448,2026-08-18 12:14:40.072176,PENDING,750.0
TXN004449,2026-08-16 11:38:00.030694,POSTED,100.0
TXN004450,2026-08-26 02:48:02.343877,POSTED,95.0
TXN004451,2026-09-03 16:03:37.854662,POSTED,2000.0
TXN004452,2026-08-02 21:38:38.744921,POSTED,5000.0
TXN004453,2026-08-06 14:13:20.171072,POSTED,5000.0
TXN004454,2026-08-05 22:48:40.751992,POSTED,5000.0
TXN004455,2026-08-07 13:09:47.757527,PENDING,1000.0
TXN004456,2026-08-26 15:04:25.236956,PENDING,100.0
TXN004457,2026-08-19 10:37:28.467749,POSTED,1000.0
TXN004458,2026-08-03 03:26:09.786651,PENDING,250.0
TXN004459,2026-09-04 17:32:31.351002,POSTED,2500.0
TXN004460,2026-08-18 16:51:57.392524,POSTED,100.0
TXN004461,2026-08-05 01:04:36.571273,POSTED,1441.0
TXN004462,2026-08-11 14:54:17.636032,POSTED,1000.0
TXN004463,2026-08-22 19:11:50.490405,POSTED,2500.0
TXN004465,2026-08-26 02:39:48.629487,POSTED,250.0
TXN004466,2026-08-25 11:27:52.552362,PENDING,2500.0
TXN004467,2026-08-26 23:19:08.367059,PENDING,1500.0
TXN004468,2026-08-30 08:14:26.026276,POSTED,250.0
TXN004469,2026-08-11 20:35:10.885475,POSTED,1000.0
TXN004470,2026-08-10 16:08:59.107689,POSTED,1000.0
TXN004471,2026-08-04 16:04:10.013458,POSTED,2500.0
TXN004472,2026-08-06 11:06:04.485130,POSTED,500.0
TXN004473,2026-08-31 11:47:07.072597,PENDING,250.0
TXN004474,2026-08-02 08:13:09.337993,POSTED,500.0
TXN004475,2026-08-09 23:37:54.584068,POSTED,2000.0
TXN004476,2026-09-01 10:30:49.262917,POSTED,2000.0
TXN004477,2026-08-03 16:44:32.216710,POSTED,2500.0
TXN004478,2026-08-20 21:58:51.649164,POSTED,2000.0
TXN004479,2026-08-05 15:58:31.497552,POSTED,1000.0
TXN004480,2026-08-03 08:51:30.260382,POSTED,750.0
TXN004481,2026-08-28 22:42:55.941444,POSTED,502.0
TXN004483,2026-09-03 05:32:32.957631,POSTED,2500.0
TXN004485,2026-08-15 13:56:19.738984,PENDING,1000.0
TXN004487,2026-08-05 17:14:20.624557,POSTED,100.0
TXN004488,2026-08-18 13:56:01.983865,POSTED,100.0
TXN004489,2026-08-18 22:15:42.306586,POSTED,750.0
TXN004490,2026-08-13 10:45:22.470422,POSTED,750.0
TXN004491,2026-08-24 15:26:44.412626,POSTED,1500.0
TXN004492,2026-08-24 00:39:11.750804,POSTED,100.0
TXN004493,2026-08-11 21:32:54.479314,PENDING,100.0
TXN004494,2026-09-01 02:42:44.761386,POSTED,100.0
TXN004495,2026-08-10 16:24:42.689642,POSTED,2563.0
TXN004496,2026-08-17 01:06:57.371186,PENDING,1500.0
TXN004497,2026-08-07 15:56:49.034561,POSTED,1000.0
TXN004498,2026-08-29 00:54:54.594775,POSTED,2500.0
TXN004499,2026-08-06 09:51:44.549485,PENDING,250.0
TXN004500,2026-09-03 23:21:01.621037,POSTED,1000.0
TXN004501,2026-08-04 16:11:10.808154,PENDING,2000.0
TXN004502,2026-09-02 03:04:03.808692,POSTED,100.0
TXN004503,2026-08-19 03:32:29.504354,POSTED,478.0
TXN004504,2026-08-26 00:11:17.151237,POSTED,500.0
TXN004505,2026-08-24 04:22:54.096908,POSTED,100.0
TXN004506,2026-08-11 05:16:41.677938,POSTED,1500.0
TXN004507,2026-08-09 18:53:16.717192,POSTED,1000.0
TXN004508,2026-09-03 06:19:27.507488,PENDING,1000.0
TXN004509,2026-08-27 10:46:18.810918,PENDING,750.0
TXN004510,2026-08-15 23:56:02.076180,POSTED,500.0
TXN004511,2026-08-05 12:10:23.517945,POSTED,1000.0
TXN004512,2026-08-29 07:13:01.138613,POSTED,500.0
TXN004513,2026-08-30 02:12:14.115768,POSTED,500.0
TXN004514,2026-08-17 11:47:03.314379,POSTED,2000.0
TXN004515,2026-08-05 00:59:38.932040,POSTED,1000.0
TXN004516,2026-08-03 08:30:27.144057,POSTED,2500.0
TXN004517,2026-08-25 18:08:05.567499,POSTED,5000.0
TXN004518,2026-08-14 06:29:17.793003,POSTED,2500.0
TXN004519,2026-08-18 15:03:55.568752,POSTED,255.0
TXN004520,2026-08-14 21:57:23.639641,POSTED,5000.0
TXN004521,2026-09-04 10:54:40.622344,PENDING,1000.0
TXN004522,2026-08-23 21:43:21.145800,POSTED,1000.0
TXN004523,2026-08-03 07:14:28.066823,POSTED,750.0
TXN004524,2026-08-07 00:16:01.493897,POSTED,500.0
TXN004525,2026-09-01 06:05:03.336434,POSTED,1000.0
TXN004526,2026-08-09 16:10:29.069652,POSTED,250.0
TXN004527,2026-08-15 00:45:16.341006,POSTED,750.0
TXN004529,2026-08-31 20:16:39.401897,POSTED,5000.0
TXN004530,2026-08-02 13:27:00.118334,POSTED,250.0
TXN004531,2026-08-13 18:22:56.608671,POSTED,1500.0
TXN004532,2026-08-20 18:59:16.617595,POSTED,500.0
TXN004533,2026-09-04 00:39:44.344613,POSTED,753.0
TXN004535,2026-08-15 09:22:12.180128,POSTED,5000.0
TXN004536,2026-08-11 13:06:04.177006,POSTED,500.0
TXN004537,2026-08-30 20:07:40.277994,POSTED,500.0
TXN004538,2026-08-19 01:03:11.793831,POSTED,100.0
TXN004539,2026-08-03 08:02:45.385150,POSTED,2500.0
TXN004540,2026-08-11 20:46:09.582031,POSTED,250.0
TXN004541,2026-08-18 05:13:48.608931,POSTED,1000.0
TXN004542,2026-09-03 23:15:21.000120,POSTED,100.0
TXN004543,2026-08-23 06:57:27.970690,POSTED,500.0
TXN004545,2026-08-30 07:14:55.135374,PENDING,750.0
TXN004546,2026-09-01 06:06:31.101455,POSTED,750.0
TXN004547,2026-08-27 11:43:04.719714,POSTED,1500.0
TXN004548,2026-08-14 16:31:08.231030,POSTED,5000.0
TXN004549,2026-08-26 15:36:49.449579,POSTED,2000.0
TXN004551,2026-08-19 01:08:07.286731,POSTED,750.0
TXN004552,2026-08-01 17:51:03.857645,POSTED,1500.0
TXN004553,2026-08-16 23:46:53.370918,POSTED,261.0
TXN004554,2026-08-17 03:32:34.053032,PENDING,10000.0
TXN004555,2026-09-02 03:18:25.433851,POSTED,250.0
TXN004556,2026-08-02 21:12:21.902823,POSTED,1000.0
TXN004557,2026-08-12 05:20:07.435815,PENDING,1000.0
TXN004558,2026-08-17 08:56:34.551828,POSTED,2000.0
TXN004559,2026-08-31 20:02:50.854206,POSTED,2500.0
TXN004561,2026-08-24 19:23:55.147080,PENDING,2000.0
TXN004562,2026-08-16 05:54:05.119694,PENDING,750.0
TXN004563,2026-08-13 06:25:20.734862,POSTED,100.0
TXN004564,2026-08-02 12:50:27.325269,POSTED,500.0
TXN004565,2026-08-06 18:06:00.389575,POSTED,500.0
TXN004566,2026-08-31 20:41:32.637102,POSTED,1500.0
TXN004567,2026-08-02 11:31:47.078664,POSTED,1000.0
TXN004568,2026-08-21 07:21:38.760278,POSTED,750.0
TXN004569,2026-08-21 10:47:30.476827,POSTED,250.0
TXN004570,2026-08-13 20:44:56.013016,POSTED,10000.0
TXN004571,2026-08-05 18:41:06.844822,POSTED,2500.0
TXN004572,2026-08-25 03:15:08.973732,PENDING,2000.0
TXN004573,2026-08-27 00:01:46.930876,POSTED,5000.0
TXN004574,2026-08-31 11:53:05.993163,POSTED,500.0
TXN004575,2026-08-24 01:51:45.264471,PENDING,10000.0
TXN004577,2026-08-15 20:14:43.766713,POSTED,1000.0
TXN004578,2026-08-15 22:34:23.236768,POSTED,2500.0
TXN004579,2026-08-03 09:01:07.573585,POSTED,1500.0
TXN004580,2026-08-09 06:30:46.759843,PENDING,25000.0
TXN004582,2026-08-07 15:18:35.412905,PENDING,250.0
TXN004583,2026-09-03 17:35:05.517780,POSTED,250.0
TXN004584,2026-08-12 21:00:50.180375,POSTED,1500.0
TXN004585,2026-08-08 16:50:22.534952,POSTED,250.0
TXN004586,2026-08-20 13:29:09.862042,POSTED,100.0
TXN004588,2026-08-09 06:05:52.959235,POSTED,1500.0
TXN004589,2026-08-03 06:54:08.536433,POSTED,100.0
TXN004590,2026-08-18 04:14:16.654562,PENDING,2000.0
TXN004591,2026-08-16 05:20:31.322290,POSTED,500.0
TXN004592,2026-08-06 03:11:33.748497,POSTED,1000.0
TXN004593,2026-08-24 15:29:44.002313,POSTED,500.0
TXN004594,2026-09-03 19:12:59.128898,POSTED,500.0
TXN004595,2026-08-20 01:26:41.255142,POSTED,1500.0
TXN004596,2026-08-12 22:27:14.238387,POSTED,500.0
TXN004599,2026-08-13 11:21:43.232762,POSTED,750.0
TXN004600,2026-08-06 15:22:58.619679,POSTED,100.0
TXN004601,2026-09-03 22:04:06.151452,POSTED,750.0
TXN004602,2026-08-26 16:32:46.337614,POSTED,1500.0
TXN004603,2026-08-22 00:09:52.871840,POSTED,750.0
TXN004604,2026-08-27 18:27:39.968703,PENDING,5000.0
TXN004605,2026-08-06 11:46:43.834006,POSTED,100.0
TXN004606,2026-08-09 14:14:08.682208,POSTED,500.0
TXN004607,2026-09-02 15:25:57.671884,POSTED,1000.0
TXN004609,2026-08-03 04:21:21.826930,POSTED,2500.0
TXN004610,2026-08-12 19:32:20.150404,PENDING,250.0
TXN004611,2026-08-23 02:22:05.762368,PENDING,1000.0
TXN004612,2026-08-26 06:18:10.337979,POSTED,500.0
TXN004613,2026-08-17 12:06:46.466442,PENDING,750.0
TXN004615,2026-08-10 19:35:43.574282,POSTED,2500.0
TXN004616,2026-08-10 07:19:15.561293,POSTED,250.0
TXN004617,2026-08-12 09:38:12.405535,POSTED,2500.0
TXN004618,2026-08-01 20:15:32.863632,POSTED,100.0
TXN004619,2026-08-06 04:57:24.911097,POSTED,250.0
TXN004620,2026-09-04 17:27:25.746256,POSTED,500.0
TXN004621,2026-08-18 14:08:44.209278,POSTED,2500.0
TXN004622,2026-08-30 04:54:25.771546,POSTED,1000.0
TXN004623,2026-08-11 11:02:25.005191,PENDING,1000.0
TXN004624,2026-09-02 06:14:30.864962,POSTED,750.0
TXN004625,2026-08-14 17:10:55.008637,POSTED,2000.0
TXN004626,2026-08-27 01:47:03.000681,PENDING,5000.0
TXN004627,2026-08-04 08:29:45.131199,PENDING,750.0
TXN004629,2026-08-26 15:15:04.564388,POSTED,1000.0
TXN004630,2026-09-04 16:07:23.287433,POSTED,5000.0
TXN004631,2026-08-21 12:12:05.244303,POSTED,750.0
TXN004632,2026-08-15 23:04:38.985866,POSTED,500.0
TXN004633,2026-08-04 05:01:10.623324,PENDING,2000.0
TXN004634,2026-08-06 21:52:18.840981,POSTED,10000.0
TXN004635,2026-08-14 09:00:22.824784,POSTED,750.0
TXN004637,2026-08-27 07:45:55.049372,PENDING,500.0
TXN004638,2026-08-10 13:57:55.593341,PENDING,100.0
TXN004639,2026-08-07 10:19:15.884121,POSTED,1500.0
TXN004640,2026-08-26 07:09:10.792861,PENDING,250.0
TXN004641,2026-08-25 18:17:30.528360,POSTED,1500.0
TXN004643,2026-09-03 00:08:16.331057,POSTED,250.0
TXN004644,2026-08-01 21:21:56.866488,POSTED,500.0
TXN004645,2026-08-10 18:14:22.971718,POSTED,750.0
TXN004646,2026-08-08 11:16:49.337926,POSTED,100.0
TXN004647,2026-08-19 18:15:15.246142,POSTED,2500.0
TXN004648,2026-08-23 08:50:56.285659,POSTED,5000.0
TXN004649,2026-08-17 23:46:50.911859,PENDING,1500.0
TXN004650,2026-08-17 06:00:19.087929,POSTED,1500.0
TXN004651,2026-08-31 14:39:41.043732,POSTED,100.0
TXN004653,2026-08-29 08:30:21.972258,POSTED,250.0
TXN004654,2026-08-31 19:55:56.773887,POSTED,500.0
TXN004655,2026-08-16 16:43:46.330835,PENDING,100.0
TXN004656,2026-09-03 03:40:21.346884,PENDING,1000.0
TXN004657,2026-08-04 23:46:30.217212,POSTED,5000.0
TXN004658,2026-08-20 14:12:04.897001,POSTED,250.0
TXN004659,2026-08-30 03:50:47.363461,PENDING,500.0
TXN004660,2026-08-25 01:43:32.390372,POSTED,5000.0
TXN004661,2026-08-23 15:14:28.455369,POSTED,750.0
TXN004662,2026-08-12 09:32:20.011760,PENDING,2000.0
TXN004664,2026-08-22 05:52:13.706292,POSTED,500.0
TXN004665,2026-08-29 06:55:42.048577,POSTED,2416.0
TXN004666,2026-08-25 14:48:15.533626,POSTED,250.0
TXN004667,2026-08-15 11:08:44.546877,POSTED,500.0
TXN004668,2026-08-18 19:16:01.301106,POSTED,5000.0
TXN004669,2026-08-16 19:06:50.974845,POSTED,500.0
TXN004670,2026-08-03 21:46:26.965345,POSTED,750.0
TXN004671,2026-08-03 08:18:53.417291,POSTED,2000.0
TXN004672,2026-08-08 13:03:24.415936,POSTED,2000.0
TXN004673,2026-09-01 23:18:56.003133,POSTED,2500.0
TXN004675,2026-08-24 04:27:27.475075,PENDING,1000.0
TXN004676,2026-08-18 12:20:36.314876,POSTED,5000.0
TXN004677,2026-09-04 22:58:22.763903,POSTED,2000.0
TXN004678,2026-09-04 13:37:25.944653,POSTED,1000.0
TXN004679,2026-08-15 11:34:55.699437,POSTED,250.0
TXN004680,2026-08-18 13:28:41.617449,POSTED,1500.0
TXN004681,2026-08-14 13:45:45.307591,POSTED,750.0
TXN004682,2026-08-03 03:20:07.621752,POSTED,25000.0
TXN004683,2026-08-23 21:25:24.125644,POSTED,100.0
TXN004684,2026-08-21 13:48:11.571665,PENDING,10000.0
TXN004685,2026-09-01 01:31:52.076382,POSTED,2526.0
TXN004686,2026-08-21 05:39:52.116900,POSTED,10000.0
TXN004687,2026-08-30 02:14:07.007594,POSTED,250.0
TXN004688,2026-08-25 23:43:52.805806,POSTED,100.0
TXN004689,2026-08-01 00:34:11.040681,POSTED,255.0
TXN004690,2026-08-30 15:23:51.400164,POSTED,5000.0
TXN004691,2026-08-12 16:24:34.889557,POSTED,500.0
TXN004693,2026-08-14 11:50:25.851356,POSTED,10000.0
TXN004694,2026-08-23 23:49:02.825471,POSTED,500.0
TXN004695,2026-08-04 15:29:49.594879,POSTED,750.0
TXN004698,2026-09-01 07:55:42.693474,POSTED,10000.0
TXN004699,2026-08-17 01:14:10.017290,POSTED,100.0
TXN004700,2026-08-26 12:13:08.509618,POSTED,250.0
TXN004701,2026-08-31 21:29:50.699588,PENDING,1000.0
TXN004702,2026-09-04 16:02:42.482087,POSTED,2500.0
TXN004703,2026-09-04 07:04:38.926288,POSTED,101.0
TXN004704,2026-08-10 03:19:25.326690,PENDING,1000.0
TXN004705,2026-09-04 03:26:57.602211,PENDING,2500.0
TXN004707,2026-08-13 21:46:18.197327,PENDING,100.0
TXN004709,2026-08-25 00:10:36.269022,POSTED,500.0
TXN004710,2026-08-05 04:50:59.466769,POSTED,500.0
TXN004711,2026-08-02 05:32:14.746427,POSTED,757.0
TXN004712,2026-08-24 23:16:28.024921,POSTED,1500.0
TXN004713,2026-08-09 03:57:19.024118,PENDING,5000.0
TXN004714,2026-08-26 06:34:57.176930,POSTED,1000.0
TXN004715,2026-08-22 15:50:59.132740,POSTED,2000.0
TXN004716,2026-08-15 07:38:49.724440,POSTED,500.0
TXN004717,2026-08-20 15:28:30.376867,POSTED,750.0
TXN004719,2026-08-17 09:40:25.985559,POSTED,2000.0
TXN004720,2026-08-23 07:00:02.032705,POSTED,2000.0
TXN004721,2026-08-26 00:34:49.619613,POSTED,500.0
TXN004722,2026-08-27 16:02:34.038043,POSTED,2000.0
TXN004723,2026-09-03 19:14:37.311094,POSTED,750.0
TXN004724,2026-08-16 05:37:53.258022,POSTED,500.0
TXN004725,2026-08-16 18:28:52.659558,POSTED,750.0
TXN004726,2026-08-31 00:56:10.772616,POSTED,100.0
TXN004727,2026-08-10 21:30:51.011088,POSTED,10000.0
TXN004728,2026-08-15 14:54:57.308849,PENDING,250.0
TXN004729,2026-08-13 06:16:09.170106,PENDING,500.0
TXN004730,2026-08-20 06:49:42.566573,PENDING,5000.0
TXN004731,2026-08-12 08:05:06.170106,POSTED,1000.0
TXN004732,2026-08-11 23:33:32.760526,POSTED,100.0
TXN004733,2026-08-29 14:19:22.108350,POSTED,1500.0
TXN004734,2026-08-12 15:19:22.471035,POSTED,500.0
TXN004735,2026-08-06 00:56:25.610046,PENDING,250.0
TXN004736,2026-08-03 10:20:28.909319,POSTED,2000.0
TXN004737,2026-08-31 02:03:34.472131,PENDING,250.0
TXN004738,2026-08-29 23:25:04.186209,PENDING,2000.0
TXN004739,2026-08-21 00:32:09.904490,POSTED,1000.0
TXN004740,2026-08-23 17:03:41.470739,POSTED,100.0
TXN004741,2026-08-11 01:38:52.363839,POSTED,5000.0
TXN004744,2026-08-30 07:00:42.173252,POSTED,10000.0
TXN004745,2026-08-04 17:20:57.237302,POSTED,2000.0
TXN004746,2026-08-03 20:54:20.273756,POSTED,100.0
TXN004747,2026-08-26 01:18:25.641709,POSTED,2407.0
TXN004748,2026-08-07 20:22:07.758720,POSTED,100.0
TXN004749,2026-08-10 11:07:46.720988,POSTED,5000.0
TXN004750,2026-08-08 05:29:48.831167,POSTED,500.0
TXN004751,2026-08-27 16:33:30.655198,POSTED,500.0
TXN004752,2026-08-01 16:12:45.006146,POSTED,500.0
TXN004753,2026-08-16 22:57:43.430946,POSTED,500.0
TXN004754,2026-08-20 08:10:38.916321,PENDING,25000.0
TXN004755,2026-08-27 23:46:23.252776,POSTED,1000.0
TXN004756,2026-08-10 08:27:08.852915,POSTED,1500.0
TXN004757,2026-09-04 07:28:25.291762,POSTED,1500.0
TXN004758,2026-08-06 06:56:21.923749,PENDING,250.0
TXN004759,2026-08-22 17:51:59.709663,POSTED,2519.0
TXN004760,2026-08-02 09:43:53.287095,POSTED,750.0
TXN004761,2026-08-07 21:06:06.027946,PENDING,2500.0
TXN004762,2026-08-31 22:24:34.398756,PENDING,500.0
TXN004764,2026-08-10 07:58:35.531436,POSTED,250.0
TXN004765,2026-08-09 18:29:22.550179,PENDING,250.0
TXN004766,2026-08-01 02:56:41.970120,PENDING,2000.0
TXN004767,2026-08-22 15:16:11.997997,POSTED,1500.0
TXN004768,2026-08-04 16:23:59.669638,POSTED,250.0
TXN004769,2026-08-08 20:25:15.555953,POSTED,2000.0
TXN004770,2026-08-29 05:20:28.601860,POSTED,500.0
TXN004771,2026-08-06 03:34:34.869737,POSTED,1000.0
TXN004772,2026-08-16 02:03:59.737397,POSTED,250.0
TXN004773,2026-08-24 10:03:55.958670,POSTED,250.0
TXN004774,2026-08-13 03:39:39.789125,POSTED,1000.0
TXN004775,2026-08-19 21:23:48.956653,POSTED,1000.0
TXN004776,2026-09-01 23:00:00.847823,PENDING,750.0
TXN004777,2026-08-04 12:17:15.229581,POSTED,250.0
TXN004778,2026-08-07 15:00:57.099188,POSTED,1500.0
TXN004779,2026-08-26 20:59:25.767391,PENDING,100.0
TXN004780,2026-08-07 08:12:51.495287,POSTED,500.0
TXN004781,2026-08-02 01:41:57.897436,POSTED,500.0
TXN004782,2026-09-03 22:18:23.564840,POSTED,2000.0
TXN004783,2026-08-14 23:09:47.379936,POSTED,1000.0
TXN004784,2026-08-22 06:16:49.462462,POSTED,500.0
TXN004785,2026-08-12 08:46:26.463725,POSTED,100.0
TXN004787,2026-08-17 05:45:28.533037,POSTED,500.0
TXN004788,2026-08-13 10:20:48.714824,POSTED,750.0
TXN004789,2026-08-06 02:39:11.521735,POSTED,500.0
TXN004790,2026-08-31 18:37:13.705655,POSTED,10000.0
TXN004791,2026-08-27 00:33:39.436532,PENDING,750.0
TXN004792,2026-08-04 02:09:31.829346,POSTED,2000.0
TXN004793,2026-08-23 03:35:56.505365,POSTED,500.0
TXN004794,2026-08-27 12:18:11.345443,POSTED,1500.0
TXN004795,2026-08-17 06:15:33.939991,POSTED,2070.0
TXN004796,2026-08-13 21:37:39.129633,POSTED,1000.0
TXN004797,2026-08-24 03:06:05.930487,POSTED,25000.0
TXN004798,2026-08-12 11:23:45.789588,POSTED,100.0
TXN004799,2026-08-03 19:35:55.042399,POSTED,750.0
TXN004800,2026-08-01 13:56:14.000406,PENDING,750.0
TXN004801,2026-08-02 07:31:43.320034,PENDING,500.0
TXN004802,2026-08-01 22:11:48.301080,POSTED,250.0
TXN004804,2026-08-26 10:26:14.385565,POSTED,1500.0
TXN004805,2026-08-29 22:40:31.054874,POSTED,1000.0
TXN004806,2026-08-08 04:59:36.136082,POSTED,2000.0
TXN004807,2026-08-31 23:01:51.602384,POSTED,750.0
TXN004808,2026-08-15 16:23:24.043537,POSTED,250.0
TXN004809,2026-09-02 04:14:30.054250,POSTED,1500.0
TXN004811,2026-08-15 08:41:17.162306,POSTED,1500.0
TXN004812,2026-08-06 09:23:15.862813,POSTED,1000.0
TXN004813,2026-08-21 15:26:15.866872,POSTED,500.0
TXN004814,2026-08-14 07:39:43.792800,POSTED,2000.0
TXN004815,2026-08-29 09:36:09.088638,POSTED,2500.0
TXN004816,2026-08-26 19:46:03.237249,POSTED,1000.0
TXN004817,2026-08-27 04:22:43.933016,POSTED,1000.0
TXN004818,2026-08-02 13:25:49.523573,POSTED,1000.0
TXN004819,2026-08-10 02:38:28.333443,POSTED,500.0
TXN004820,2026-08-01 06:47:23.668730,POSTED,250.0
TXN004822,2026-08-03 04:40:02.649210,POSTED,250.0
TXN004823,2026-08-14 02:10:12.011890,POSTED,25000.0
TXN004824,2026-08-14 08:43:34.081974,POSTED,250.0
TXN004825,2026-08-25 04:21:39.232952,POSTED,5000.0
TXN004826,2026-08-08 20:10:54.812288,POSTED,500.0
TXN004827,2026-08-07 19:19:08.224037,POSTED,2000.0
TXN004828,2026-08-11 03:52:16.069425,POSTED,250.0
TXN004829,2026-08-11 20:52:30.130942,POSTED,750.0
TXN004830,2026-08-05 09:57:06.141982,PENDING,750.0
TXN004831,2026-08-31 17:24:16.328141,POSTED,1500.0
TXN004832,2026-08-10 08:46:06.360777,POSTED,1000.0
TXN004833,2026-08-12 03:09:08.169138,POSTED,2568.0
TXN004834,2026-08-21 17:09:14.545405,POSTED,750.0
TXN004835,2026-08-07 00:24:57.789443,POSTED,100.0
TXN004836,2026-08-12 04:46:00.277971,POSTED,250.0
TXN004837,2026-08-14 01:16:16.925933,POSTED,10000.0
TXN004838,2026-09-01 09:52:40.260367,POSTED,2000.0
TXN004839,2026-08-08 18:04:34.587101,POSTED,250.0
TXN004840,2026-08-07 22:07:41.336644,POSTED,2000.0
TXN004841,2026-09-02 16:27:05.365554,POSTED,1000.0
TXN004842,2026-08-19 20:00:05.465583,PENDING,1500.0
TXN004843,2026-08-02 05:24:17.566388,POSTED,1000.0
TXN004844,2026-08-11 19:35:40.805078,POSTED,2000.0
TXN004845,2026-08-11 16:09:48.720213,PENDING,750.0
TXN004846,2026-08-20 20:33:12.216126,POSTED,100.0
TXN004847,2026-08-06 06:56:44.145192,PENDING,5000.0
TXN004848,2026-08-07 16:47:59.163637,POSTED,500.0
TXN004849,2026-08-12 02:09:37.271865,POSTED,10000.0
TXN004850,2026-08-12 10:21:39.666135,POSTED,1500.0
TXN004851,2026-08-27 00:40:11.961462,POSTED,1500.0
TXN004853,2026-08-27 23:00:49.971758,POSTED,500.0
TXN004854,2026-08-02 16:18:31.729442,PENDING,2500.0
TXN004855,2026-08-23 20:13:59.260628,PENDING,2000.0
TXN004856,2026-08-09 00:28:37.063098,PENDING,1000.0
TXN004857,2026-09-04 16:05:52.837922,POSTED,2500.0
TXN004858,2026-08-14 14:11:57.190500,PENDING,5000.0
TXN004859,2026-09-02 13:45:58.963473,POSTED,500.0
TXN004860,2026-08-23 22:30:14.478096,POSTED,250.0
TXN004861,2026-08-26 23:49:43.315472,POSTED,1500.0
TXN004862,2026-09-04 21:43:42.656827,POSTED,1500.0
TXN004863,2026-08-31 14:58:07.465887,PENDING,500.0
TXN004864,2026-08-14 10:21:44.485372,POSTED,1500.0
TXN004865,2026-08-19 23:26:05.668582,POSTED,250.0
TXN004866,2026-08-10 00:07:15.254310,PENDING,500.0
TXN004867,2026-08-06 20:46:47.620581,POSTED,2000.0
TXN004869,2026-08-18 00:41:33.102313,POSTED,500.0
TXN004870,2026-08-22 02:59:29.427340,POSTED,100.0
TXN004871,2026-08-14 02:41:50.661696,POSTED,1500.0
TXN004872,2026-08-30 14:27:52.202565,POSTED,250.0
TXN004873,2026-08-08 22:48:38.745112,POSTED,2000.0
TXN004874,2026-08-30 11:43:17.012045,PENDING,1000.0
TXN004875,2026-08-18 01:44:58.325878,POSTED,1008.0
TXN004876,2026-08-28 20:20:16.947104,PENDING,500.0
TXN004877,2026-08-10 19:28:48.864418,PENDING,2500.0
TXN004878,2026-08-04 07:03:41.516738,PENDING,2500.0
TXN004879,2026-09-01 00:54:58.827059,PENDING,500.0
TXN004880,2026-08-20 20:26:35.143064,PENDING,100.0
TXN004881,2026-08-06 06:11:32.511253,PENDING,250.0
TXN004882,2026-08-04 11:27:37.560167,POSTED,250.0
TXN004883,2026-08-27 04:57:58.486526,POSTED,1500.0
TXN004885,2026-08-15 01:01:12.029485,POSTED,500.0
TXN004886,2026-08-09 08:52:53.161828,POSTED,1000.0
TXN004887,2026-09-02 17:58:37.922340,POSTED,500.0
TXN004888,2026-08-09 19:39:16.462177,PENDING,1000.0
TXN004889,2026-08-24 05:00:32.027383,PENDING,2000.0
TXN004890,2026-09-04 06:29:01.533249,POSTED,750.0
TXN004891,2026-08-15 01:30:21.113439,POSTED,2000.0
TXN004892,2026-08-14 06:55:37.015926,POSTED,25000.0
TXN004893,2026-08-28 18:20:10.067068,POSTED,1000.0
TXN004894,2026-08-05 03:32:57.838596,POSTED,1500.0
TXN004895,2026-08-09 20:09:02.897511,POSTED,1000.0
TXN004896,2026-08-13 06:53:45.093308,POSTED,4799.0
TXN004897,2026-08-18 07:59:00.232635,POSTED,750.0
TXN004898,2026-08-14 16:44:53.856533,POSTED,500.0
TXN004899,2026-08-23 11:51:49.089056,POSTED,750.0
TXN004900,2026-08-09 17:37:53.433635,POSTED,1500.0
TXN004901,2026-08-09 04:31:49.096706,POSTED,100.0
TXN004902,2026-09-03 14:01:46.566034,POSTED,250.0
TXN004903,2026-08-30 10:32:58.807485,POSTED,750.0
TXN004904,2026-09-03 09:36:29.321154,POSTED,250.0
TXN004905,2026-08-12 20:43:42.555454,PENDING,1500.0
TXN004906,2026-08-12 06:13:56.381644,POSTED,500.0
TXN004907,2026-08-29 02:57:55.352310,POSTED,100.0
TXN004908,2026-08-16 09:13:16.419714,POSTED,500.0
TXN004909,2026-08-08 10:34:38.411132,POSTED,1000.0
TXN004910,2026-08-16 02:26:14.419237,POSTED,250.0
TXN004911,2026-08-24 02:19:31.454325,PENDING,10000.0
TXN004912,2026-08-09 17:02:42.737999,PENDING,100.0
TXN004913,2026-08-28 03:17:10.432483,PENDING,10000.0
TXN004914,2026-08-29 22:43:30.767313,POSTED,2500.0
TXN004915,2026-08-28 23:51:08.009043,POSTED,250.0
TXN004916,2026-09-02 03:04:46.741274,POSTED,1000.0
TXN004917,2026-08-07 16:30:41.015213,POSTED,500.0
TXN004918,2026-08-29 09:09:51.105635,POSTED,100.0
TXN004919,2026-08-28 02:34:46.365686,POSTED,250.0
TXN004920,2026-09-01 17:57:00.744604,POSTED,2000.0
TXN004921,2026-08-20 02:25:05.116334,POSTED,10000.0
TXN004922,2026-08-28 17:51:53.573596,POSTED,500.0
TXN004923,2026-08-30 22:04:12.861531,POSTED,100.0
TXN004924,2026-08-04 14:05:05.522366,POSTED,2000.0
TXN004925,2026-08-31 15:51:18.917679,POSTED,10000.0
TXN004926,2026-08-12 22:54:22.163821,PENDING,100.0
TXN004927,2026-08-21 02:20:10.551867,POSTED,2500.0
TXN004928,2026-08-04 21:47:32.769847,POSTED,2500.0
TXN004929,2026-09-04 20:55:57.880486,POSTED,500.0
TXN004930,2026-08-02 10:50:25.228934,POSTED,5000.0
TXN004931,2026-08-03 05:34:30.332422,POSTED,500.0
TXN004932,2026-09-02 18:30:01.454618,POSTED,250.0
TXN004933,2026-08-27 22:04:17.820032,POSTED,1500.0
TXN004935,2026-08-19 06:22:51.923485,PENDING,2000.0
TXN004936,2026-08-05 03:04:26.434972,POSTED,100.0
TXN004937,2026-08-19 21:10:40.093459,PENDING,1500.0
TXN004938,2026-08-24 00:18:43.870684,POSTED,1500.0
TXN004939,2026-08-03 20:08:39.783981,PENDING,250.0
TXN004940,2026-08-31 07:41:39.422589,POSTED,250.0
TXN004941,2026-09-04 18:45:39.333974,POSTED,10432.0
TXN004942,2026-08-26 18:09:49.915863,POSTED,250.0
TXN004943,2026-09-03 09:00:01.737348,POSTED,2000.0
TXN004944,2026-08-04 21:32:17.661465,POSTED,500.0
TXN004945,2026-08-19 12:11:12.898494,POSTED,2500.0
TXN004946,2026-08-28 14:10:07.441018,POSTED,250.0
TXN004947,2026-08-03 23:42:40.591394,POSTED,1000.0
TXN004948,2026-08-27 21:56:31.936635,POSTED,4755.0
TXN004949,2026-08-27 11:32:11.304156,POSTED,750.0
TXN004950,2026-08-14 18:49:57.472627,POSTED,100.0
TXN004951,2026-08-02 05:02:55.390154,POSTED,1000.0
TXN004952,2026-08-15 03:39:30.346064,PENDING,1500.0
TXN004953,2026-08-08 23:56:24.227326,POSTED,1000.0
TXN004954,2026-09-01 02:51:58.288251,POSTED,2500.0
TXN004955,2026-08-29 21:27:30.655822,POSTED,771.0
TXN004956,2026-09-01 19:07:29.973896,POSTED,970.0
TXN004957,2026-08-18 11:07:43.393368,POSTED,250.0
TXN004958,2026-08-03 12:57:55.240692,PENDING,750.0
TXN004960,2026-08-05 02:28:39.286247,PENDING,500.0
TXN004962,2026-08-31 21:34:42.984033,POSTED,500.0
TXN004963,2026-08-03 12:30:15.089641,POSTED,100.0
TXN004964,2026-08-09 11:44:31.716227,PENDING,2000.0
TXN004965,2026-08-10 08:10:34.586651,POSTED,5000.0
TXN004966,2026-08-28 08:24:56.317612,POSTED,250.0
TXN004967,2026-09-04 09:01:30.910824,POSTED,100.0
TXN004968,2026-08-20 07:39:24.854636,POSTED,250.0
TXN004969,2026-08-15 06:33:30.220495,POSTED,250.0
TXN004971,2026-08-11 22:05:55.471812,POSTED,2500.0
TXN004972,2026-08-17 14:28:33.467036,POSTED,100.0
TXN004973,2026-08-19 20:37:41.642817,POSTED,1500.0
TXN004974,2026-08-14 11:41:37.248828,POSTED,100.0
TXN004975,2026-08-02 22:24:26.453199,POSTED,250.0
TXN004976,2026-08-12 14:22:41.799553,PENDING,5000.0
TXN004977,2026-08-09 17:45:56.313240,POSTED,1500.0
TXN004980,2026-08-24 23:52:17.514454,POSTED,1000.0
TXN004981,2026-08-23 09:35:51.470168,POSTED,250.0
TXN004982,2026-08-12 09:23:49.472725,POSTED,2000.0
TXN004983,2026-08-22 19:48:08.310591,POSTED,1000.0
TXN004984,2026-08-22 04:55:09.836189,POSTED,250.0
TXN004985,2026-08-06 19:58:53.783885,POSTED,1000.0
TXN004986,2026-08-27 13:12:24.923095,POSTED,250.0
TXN004987,2026-08-05 03:29:24.202450,POSTED,100.0
TXN004988,2026-08-03 03:21:28.912945,PENDING,1000.0
TXN004989,2026-08-31 07:01:40.217138,PENDING,250.0
TXN004990,2026-08-14 22:32:02.225495,PENDING,100.0
TXN004991,2026-08-28 00:16:50.049491,POSTED,250.0
TXN004992,2026-09-04 16:26:39.620045,POSTED,500.0
TXN004993,2026-08-14 11:36:52.301106,PENDING,750.0
TXN004994,2026-08-17 15:34:02.591454,POSTED,1000.0
TXN004995,2026-08-21 09:42:20.797375,POSTED,750.0
TXN004996,2026-08-23 15:01:00.954043,POSTED,250.0
TXN004997,2026-09-03 12:21:10.849388,POSTED,500.0
TXN004998,2026-08-26 02:10:51.007701,POSTED,100.0
TXN004999,2026-08-17 18:31:32.573187,PENDING,1000.0
TXN005000,2026-08-19 09:15:20.573447,POSTED,10000.0
TXN005001,2026-08-12 16:05:28.296637,POSTED,250.0
TXN005002,2026-08-03 15:24:43.559703,POSTED,250.0
TXN005003,2026-08-26 02:28:49.181396,POSTED,500.0
TXN005004,2026-08-09 06:37:13.392982,POSTED,100.0
TXN005005,2026-08-05 22:27:36.216298,POSTED,500.0
TXN005006,2026-08-09 11:40:28.553627,POSTED,250.0
TXN005007,2026-08-10 08:58:47.766697,POSTED,2500.0
TXN005008,2026-08-09 11:43:49.696986,POSTED,1500.0
TXN005009,2026-08-03 12:59:59.173393,POSTED,1500.0
TXN005010,2026-08-23 14:05:37.626500,PENDING,500.0
TXN005011,2026-08-13 00:31:06.799301,POSTED,5000.0
TXN005012,2026-08-02 13:02:19.815746,POSTED,2500.0
TXN005013,2026-08-11 14:13:18.545057,POSTED,100.0
TXN005014,2026-08-23 08:43:03.961903,POSTED,1000.0
TXN005015,2026-08-01 15:43:41.574913,PENDING,1000.0
TXN005016,2026-08-07 04:52:25.971495,POSTED,1500.0
TXN005017,2026-08-10 07:07:38.984674,POSTED,500.0
TXN005018,2026-08-30 10:38:12.809581,POSTED,250.0
TXN005019,2026-08-20 02:29:59.117632,POSTED,1500.0
TXN005020,2026-08-27 01:51:15.183692,POSTED,1000.0
TXN005021,2026-08-28 07:52:25.907897,POSTED,250.0
TXN005022,2026-08-06 17:07:51.572210,POSTED,100.0
TXN005023,2026-08-20 20:28:52.053618,POSTED,5000.0
TXN005024,2026-08-29 12:29:37.964199,POSTED,500.0
TXN005025,2026-08-24 01:46:46.077035,POSTED,10000.0
TXN005026,2026-08-09 23:49:09.883671,POSTED,2500.0
TXN005027,2026-08-23 02:13:44.369683,PENDING,5000.0
TXN005028,2026-08-05 21:36:32.642571,POSTED,2500.0
TXN005029,2026-08-29 05:04:42.882046,POSTED,10000.0
TXN005030,2026-08-02 13:01:30.255696,POSTED,1000.0
TXN005031,2026-08-19 10:33:59.416279,POSTED,5000.0
TXN005032,2026-08-06 17:49:04.509601,POSTED,2500.0
TXN005033,2026-08-16 15:07:06.126171,POSTED,500.0
TXN005034,2026-08-23 20:38:03.150458,POSTED,100.0
TXN005036,2026-08-17 12:54:21.381775,POSTED,100.0
TXN005037,2026-08-02 20:19:39.530558,POSTED,1000.0
TXN005038,2026-08-09 03:30:06.814262,PENDING,250.0
TXN005040,2026-08-06 13:48:25.578076,POSTED,10000.0
TXN005041,2026-08-26 03:19:19.759138,POSTED,500.0
TXN005043,2026-08-24 00:32:57.490778,POSTED,5000.0
TXN005045,2026-08-24 03:48:50.561238,POSTED,5000.0
TXN005046,2026-08-11 11:52:43.401253,POSTED,2500.0
TXN005047,2026-08-25 11:39:50.001008,POSTED,250.0
TXN005049,2026-08-21 10:40:50.731331,PENDING,2500.0
TXN005050,2026-08-23 11:26:43.054859,POSTED,500.0
TXN005053,2026-08-19 01:10:36.433915,POSTED,10000.0
TXN005054,2026-08-29 20:40:35.650627,POSTED,250.0
TXN005055,2026-08-25 04:59:21.174358,POSTED,1000.0
TXN005056,2026-08-28 22:52:09.525501,POSTED,250.0
TXN005057,2026-08-07 10:19:20.125586,POSTED,500.0
TXN005058,2026-08-22 09:55:25.258713,POSTED,1500.0
TXN005059,2026-08-31 07:17:20.901580,POSTED,250.0
TXN005062,2026-08-24 10:08:55.506779,PENDING,2500.0
TXN005063,2026-08-24 18:02:33.064127,POSTED,250.0
TXN005065,2026-08-19 14:55:56.524672,POSTED,1500.0
TXN005066,2026-08-02 04:51:02.528011,POSTED,2500.0
TXN005067,2026-08-02 22:33:23.519778,POSTED,5000.0
TXN005068,2026-08-11 22:30:36.235443,POSTED,10000.0
TXN005069,2026-08-06 16:53:15.050144,POSTED,1000.0
TXN005070,2026-08-24 19:45:05.364075,POSTED,500.0
TXN005071,2026-08-10 03:45:36.654866,POSTED,1000.0
TXN005072,2026-08-22 20:04:44.016258,POSTED,5000.0
TXN005073,2026-08-26 12:38:54.753091,POSTED,1500.0
TXN005074,2026-08-16 13:49:40.943822,PENDING,2500.0
TXN005075,2026-08-02 19:37:55.046772,PENDING,1000.0
TXN005076,2026-08-07 03:21:15.735940,POSTED,10000.0
TXN005077,2026-08-25 00:20:08.741904,POSTED,1500.0
TXN005078,2026-08-25 06:32:50.020371,POSTED,500.0
TXN005079,2026-08-22 09:39:19.776176,POSTED,100.0
TXN005080,2026-08-09 05:40:04.445549,POSTED,1500.0
TXN005081,2026-08-19 00:17:15.540450,POSTED,1500.0
TXN005082,2026-08-16 01:24:59.521435,POSTED,1500.0
TXN005083,2026-08-14 07:44:11.724405,POSTED,2500.0
TXN005084,2026-08-30 09:13:23.940828,POSTED,1500.0
TXN005085,2026-08-27 16:07:54.764410,POSTED,500.0
TXN005086,2026-08-19 18:39:46.323514,POSTED,5000.0
TXN005087,2026-08-30 12:28:44.064108,PENDING,2500.0
TXN005088,2026-08-10 03:22:33.758535,POSTED,500.0
TXN005089,2026-08-02 03:06:40.942332,POSTED,1500.0
TXN005090,2026-08-23 09:02:11.219447,POSTED,500.0
TXN005091,2026-08-12 14:46:35.315499,POSTED,500.0
TXN005092,2026-08-23 11:39:52.189182,POSTED,10000.0
TXN005093,2026-08-05 11:12:19.912086,PENDING,1500.0
TXN005094,2026-08-24 18:32:40.797721,POSTED,5000.0
TXN005095,2026-08-06 04:35:09.966478,POSTED,100.0
TXN005096,2026-08-31 15:45:19.802954,PENDING,1000.0
TXN005097,2026-08-20 03:31:56.325288,POSTED,100.0
TXN005098,2026-08-31 00:55:33.384531,POSTED,2500.0
TXN005099,2026-08-20 01:10:43.443554,POSTED,250.0
TXN005100,2026-08-26 10:14:56.668310,POSTED,250.0
TXN005101,2026-08-03 04:45:43.962021,POSTED,1000.0
TXN005102,2026-08-26 08:31:45.026273,POSTED,500.0
TXN005103,2026-08-03 21:39:40.528441,POSTED,2500.0
TXN005104,2026-08-02 10:37:02.480253,POSTED,500.0
TXN005105,2026-08-16 22:34:57.877649,POSTED,5000.0
TXN005106,2026-08-03 20:55:23.488384,POSTED,5000.0
TXN005108,2026-08-09 09:21:16.530478,POSTED,10000.0
TXN005109,2026-08-21 15:42:33.289297,POSTED,2500.0
TXN005110,2026-08-20 05:15:11.010331,POSTED,250.0
TXN005112,2026-08-27 10:17:21.087633,POSTED,100.0
TXN005113,2026-08-25 17:21:02.919068,POSTED,500.0
TXN005114,2026-08-16 13:36:31.925303,POSTED,100.0
TXN005116,2026-08-08 23:08:25.224610,PENDING,1500.0
TXN005117,2026-08-21 23:16:05.245156,POSTED,2500.0
TXN005118,2026-08-10 12:16:49.931016,POSTED,5000.0
TXN005119,2026-08-23 16:30:05.078533,POSTED,1500.0
TXN005121,2026-08-01 22:22:10.839409,POSTED,1500.0
TXN005122,2026-08-18 09:14:20.064972,POSTED,250.0
TXN005123,2026-08-06 23:40:36.120544,POSTED,1000.0
TXN005124,2026-08-30 03:15:29.753950,POSTED,100.0
TXN005126,2026-08-06 04:33:39.914203,POSTED,10000.0
TXN005127,2026-08-03 15:19:39.974944,PENDING,2500.0
TXN005128,2026-08-28 07:12:36.690761,POSTED,100.0
TXN005129,2026-08-31 21:01:45.394595,POSTED,100.0
TXN005130,2026-08-11 00:18:05.349715,POSTED,100.0
TXN005131,2026-08-18 00:39:53.704669,POSTED,250.0
TXN005132,2026-08-12 20:37:38.982463,POSTED,2500.0
TXN005133,2026-08-27 09:18:03.396013,POSTED,100.0
TXN005134,2026-08-28 07:50:12.486711,POSTED,500.0
TXN005135,2026-08-21 01:32:36.744169,POSTED,1000.0
TXN005136,2026-08-17 19:17:24.128148,POSTED,500.0
TXN005137,2026-08-17 23:28:24.645979,POSTED,1000.0
TXN005138,2026-08-03 09:40:14.304392,POSTED,5000.0
TXN005139,2026-08-04 02:41:56.539457,POSTED,1000.0
TXN005140,2026-08-24 07:16:08.268175,POSTED,500.0
TXN005141,2026-08-02 02:17:10.827946,POSTED,1500.0
TXN005142,2026-08-26 12:42:05.002344,POSTED,10000.0
TXN005143,2026-08-01 19:58:54.083380,PENDING,5000.0
TXN005144,2026-08-25 12:07:49.292597,POSTED,2500.0
TXN005145,2026-08-09 10:04:05.433890,POSTED,1500.0
TXN005146,2026-08-27 07:20:06.373707,POSTED,250.0
TXN005147,2026-08-20 11:51:51.576647,PENDING,250.0
TXN005148,2026-08-05 13:14:35.190179,POSTED,2500.0
TXN005149,2026-08-15 13:44:07.059644,POSTED,10000.0
TXN005150,2026-08-23 10:54:04.190427,POSTED,1500.0
TXN005152,2026-08-21 02:35:29.645977,PENDING,250.0
TXN005153,2026-08-01 16:35:23.307253,POSTED,5000.0
TXN005154,2026-08-05 03:40:56.208165,POSTED,1500.0
TXN005156,2026-08-22 16:37:19.832795,POSTED,5000.0
TXN005157,2026-08-12 13:34:54.143107,POSTED,1500.0
TXN005158,2026-08-18 08:09:59.271838,POSTED,500.0
TXN005159,2026-08-03 17:55:57.502449,POSTED,1000.0
TXN005160,2026-08-16 03:05:27.304651,POSTED,10000.0
TXN005161,2026-08-30 07:36:13.008371,POSTED,10000.0
TXN005162,2026-08-05 06:22:24.712581,PENDING,250.0
TXN005163,2026-08-22 04:45:10.224804,POSTED,1000.0
TXN005164,2026-08-21 15:14:10.483237,PENDING,10000.0
TXN005165,2026-08-09 06:49:36.801939,POSTED,1500.0
TXN005166,2026-08-04 04:50:37.851075,POSTED,5000.0
TXN005167,2026-08-26 08:53:15.444432,PENDING,2500.0
TXN005168,2026-08-22 00:11:32.047494,POSTED,100.0
TXN005169,2026-08-13 18:34:32.010397,POSTED,1500.0
TXN005170,2026-08-03 17:11:48.916490,POSTED,500.0
TXN005171,2026-08-17 13:23:21.458140,POSTED,10000.0
TXN005173,2026-08-31 20:14:38.656602,POSTED,5000.0
TXN005174,2026-08-22 09:24:42.654329,POSTED,1500.0
TXN005175,2026-09-05 05:30:16.641820,POSTED,100.0
TXN005176,2026-08-10 23:35:51.038385,POSTED,2500.0
TXN005177,2026-08-29 03:33:16.941086,POSTED,10000.0
TXN005178,2026-08-01 21:39:22.088027,POSTED,1000.0
TXN005179,2026-08-17 19:54:17.802106,POSTED,2500.0
TXN005180,2026-08-03 08:36:44.456010,POSTED,1000.0
TXN005181,2026-08-24 12:47:11.076765,POSTED,1000.0
TXN005182,2026-08-01 04:16:43.123525,POSTED,5000.0
TXN005183,2026-08-30 00:47:06.599749,PENDING,250.0
TXN005184,2026-08-06 05:46:19.833608,POSTED,100.0
TXN005185,2026-08-10 12:50:17.801867,POSTED,1000.0
TXN005186,2026-08-11 11:12:04.040575,POSTED,10000.0
TXN005187,2026-08-28 19:04:03.128247,POSTED,100.0
TXN005188,2026-08-31 01:12:13.381818,POSTED,2500.0
TXN005189,2026-08-22 06:40:53.526721,POSTED,1000.0
TXN005190,2026-08-09 07:03:41.953873,POSTED,1500.0
TXN005191,2026-08-19 08:47:21.921888,PENDING,500.0
TXN005192,2026-08-20 09:42:55.030871,POSTED,1000.0
TXN005193,2026-08-08 02:53:57.219555,POSTED,5000.0
TXN005194,2026-08-20 07:44:10.550614,POSTED,1500.0
TXN005195,2026-08-16 17:08:27.524879,PENDING,1000.0
TXN005196,2026-08-07 23:41:21.143513,POSTED,100.0
TXN005197,2026-08-23 23:03:03.456628,POSTED,250.0
TXN005198,2026-08-09 01:43:26.953860,PENDING,100.0
TXN005199,2026-08-26 14:46:01.284173,POSTED,1000.0
TXN005200,2026-08-25 08:03:48.743836,PENDING,250.0
TXN005201,2026-08-01 11:40:00.158893,POSTED,2500.0
TXN005202,2026-08-27 17:28:20.689827,POSTED,1000.0
TXN005204,2026-08-18 02:31:37.962751,POSTED,2500.0
TXN005205,2026-08-09 21:08:55.294345,PENDING,1500.0
TXN005206,2026-08-26 05:59:29.124859,POSTED,2500.0
TXN005207,2026-08-04 15:30:44.064052,PENDING,250.0
TXN005208,2026-08-29 15:54:20.426811,POSTED,1500.0
TXN005209,2026-08-28 08:01:48.057807,POSTED,1000.0
TXN005210,2026-08-23 22:56:40.881825,POSTED,1000.0
TXN005211,2026-08-20 19:55:49.671561,POSTED,2500.0
TXN005212,2026-08-06 06:25:32.321637,POSTED,1500.0
TXN005213,2026-08-20 22:42:35.508022,POSTED,1500.0
TXN005214,2026-08-15 10:23:26.168907,POSTED,100.0
TXN005215,2026-08-22 22:52:28.989579,POSTED,500.0
TXN005216,2026-08-18 12:10:53.737384,PENDING,10000.0
TXN005217,2026-08-18 07:36:08.760644,POSTED,1000.0
TXN005218,2026-08-30 23:53:11.598013,PENDING,10000.0
TXN005220,2026-08-18 02:03:31.817087,POSTED,5000.0
TXN005221,2026-08-19 03:32:25.423496,POSTED,5000.0
TXN005222,2026-08-09 15:38:52.607451,POSTED,2500.0
TXN005223,2026-08-08 01:44:38.246389,POSTED,1500.0
TXN005224,2026-08-25 11:43:28.355371,POSTED,2500.0
TXN005225,2026-08-19 21:18:00.869828,POSTED,5000.0
TXN005228,2026-08-01 06:31:46.077768,POSTED,500.0
TXN005229,2026-08-03 06:18:31.542850,POSTED,500.0
TXN005230,2026-08-29 12:40:06.355760,POSTED,500.0
TXN005231,2026-08-06 17:49:05.875985,POSTED,500.0
TXN005232,2026-08-16 11:40:43.550841,POSTED,10000.0
TXN005233,2026-09-04 03:41:46.668408,POSTED,500.0
TXN005234,2026-08-02 19:05:42.366537,POSTED,100.0
TXN005235,2026-08-18 15:12:52.521466,POSTED,10000.0
TXN005236,2026-08-18 18:12:25.409243,POSTED,2500.0
TXN005237,2026-08-03 13:21:07.711772,POSTED,1000.0
TXN005238,2026-08-30 03:49:29.917610,POSTED,2500.0
TXN005239,2026-08-07 04:18:53.116633,PENDING,2500.0
TXN005240,2026-08-10 20:50:41.775084,POSTED,5000.0
TXN005241,2026-08-02 23:06:17.312267,PENDING,250.0
TXN005242,2026-08-31 01:56:07.881426,POSTED,1000.0
TXN005243,2026-08-27 06:41:50.556782,POSTED,1500.0
TXN005244,2026-08-13 21:18:18.023203,POSTED,100.0
TXN005246,2026-08-20 05:23:01.015818,POSTED,500.0
TXN005247,2026-08-17 19:51:41.041186,POSTED,1500.0
TXN005248,2026-08-25 23:18:09.321800,POSTED,500.0
TXN005249,2026-08-08 04:21:54.272407,POSTED,500.0
TXN005250,2026-08-16 16:48:55.949810,PENDING,2500.0
TXN005251,2026-08-07 13:09:49.670767,POSTED,250.0
TXN005252,2026-08-27 14:11:13.745391,POSTED,500.0
TXN005253,2026-08-18 02:16:06.383875,POSTED,10000.0
TXN005255,2026-08-14 04:08:58.421268,POSTED,10000.0
TXN005256,2026-08-20 14:12:58.110729,POSTED,5000.0
TXN005257,2026-08-21 20:41:45.424692,PENDING,1000.0
TXN005258,2026-08-05 05:30:22.864601,POSTED,1000.0
TXN005259,2026-08-03 23:30:16.562358,POSTED,500.0
TXN005260,2026-08-31 18:10:38.204117,PENDING,1000.0
TXN005261,2026-08-16 22:32:55.269058,POSTED,500.0
TXN005262,2026-08-18 22:41:27.133359,POSTED,1000.0
TXN005263,2026-08-26 02:11:37.272355,POSTED,250.0
TXN005265,2026-08-12 09:47:54.003124,POSTED,1500.0
TXN005266,2026-08-29 23:33:40.399449,POSTED,250.0
TXN005267,2026-08-13 18:48:12.545676,POSTED,250.0
TXN005268,2026-08-02 18:27:36.856726,POSTED,1500.0
TXN005269,2026-08-30 18:25:18.822832,POSTED,1000.0
TXN005270,2026-08-26 07:37:44.346908,POSTED,100.0
TXN005271,2026-08-07 12:31:22.708002,POSTED,1500.0
TXN005272,2026-08-31 09:43:21.599464,POSTED,10000.0
TXN005273,2026-08-29 06:39:57.932112,POSTED,250.0
TXN005274,2026-09-01 19:14:12.723175,POSTED,1000.0
TXN005275,2026-08-20 12:08:23.126382,POSTED,500.0
TXN005276,2026-08-31 23:41:15.610628,POSTED,5000.0
TXN005278,2026-08-09 23:09:25.427755,POSTED,500.0
TXN005279,2026-08-10 00:18:52.591471,POSTED,1500.0
TXN005280,2026-08-03 16:42:28.487012,POSTED,250.0
TXN005281,2026-08-29 04:12:14.451048,POSTED,100.0
TXN005282,2026-08-23 10:11:15.076238,POSTED,10000.0
TXN005283,2026-08-03 19:48:30.302295,POSTED,1000.0
TXN005284,2026-08-30 21:43:12.677236,POSTED,10000.0
TXN005285,2026-08-09 16:26:16.292731,PENDING,100.0
TXN005287,2026-08-19 16:15:15.624828,POSTED,2500.0
TXN005288,2026-08-10 04:11:40.356073,POSTED,10000.0
TXN005289,2026-08-11 15:19:52.748500,POSTED,10000.0
TXN005291,2026-08-08 04:56:41.266426,POSTED,500.0
TXN005292,2026-08-24 04:10:41.144922,POSTED,1000.0
TXN005293,2026-08-23 01:44:55.927019,POSTED,10000.0
TXN005294,2026-08-18 02:35:17.704960,POSTED,5000.0
TXN005297,2026-08-20 01:21:27.957789,POSTED,5000.0
TXN005298,2026-08-28 07:19:45.595424,PENDING,100.0
TXN005299,2026-08-15 00:21:43.833677,POSTED,10000.0
TXN005301,2026-08-25 16:10:14.795769,POSTED,10000.0
TXN005302,2026-08-05 12:22:16.676738,POSTED,250.0
TXN005303,2026-08-25 06:09:10.380602,POSTED,500.0
TXN005304,2026-08-18 06:41:04.039712,POSTED,5000.0
TXN005305,2026-08-23 01:58:10.089373,POSTED,1000.0
TXN005306,2026-08-13 17:02:24.393933,POSTED,10000.0
TXN005307,2026-08-14 22:28:08.708794,POSTED,5000.0
TXN005308,2026-08-24 10:42:25.067555,PENDING,250.0
TXN005309,2026-08-30 12:25:25.899382,POSTED,1000.0
TXN005310,2026-08-09 10:29:04.396020,PENDING,2500.0
TXN005311,2026-09-01 05:10:18.976445,POSTED,5000.0
TXN005312,2026-08-20 20:54:52.235088,PENDING,1000.0
TXN005314,2026-08-15 18:13:21.311422,POSTED,10000.0
TXN005315,2026-08-18 14:45:37.683787,POSTED,10000.0
TXN005316,2026-08-02 06:03:01.983307,POSTED,250.0
TXN005317,2026-08-23 05:11:00.726986,POSTED,100.0
TXN005318,2026-08-31 03:22:23.202195,POSTED,10000.0
TXN005320,2026-08-05 18:15:52.537608,POSTED,250.0
TXN005321,2026-08-14 22:12:53.580612,PENDING,10000.0
TXN005322,2026-08-24 06:53:15.501983,POSTED,1000.0
TXN005324,2026-08-22 15:45:20.448811,POSTED,100.0
TXN005325,2026-08-11 05:58:03.851127,POSTED,250.0
TXN005326,2026-08-28 10:47:21.229202,PENDING,1000.0
TXN005327,2026-08-20 11:55:00.110265,POSTED,2500.0
TXN005328,2026-08-24 21:09:05.072984,POSTED,250.0
TXN005329,2026-08-13 14:21:21.309259,POSTED,2500.0
TXN005331,2026-08-10 15:58:40.728718,POSTED,250.0
TXN005332,2026-08-15 08:59:34.312753,POSTED,100.0
TXN005333,2026-08-15 18:35:13.274240,POSTED,10000.0
TXN005335,2026-08-24 04:42:52.976123,POSTED,1000.0
TXN005336,2026-08-16 07:13:44.598792,POSTED,500.0
TXN005337,2026-08-08 21:42:28.432941,POSTED,100.0
TXN005338,2026-08-16 08:15:50.654664,POSTED,10000.0
TXN005339,2026-08-21 03:42:27.046996,POSTED,10000.0
TXN005340,2026-08-11 04:29:45.869915,POSTED,1000.0
TXN005341,2026-08-18 04:53:03.441452,PENDING,500.0
TXN005342,2026-08-20 04:12:36.135223,POSTED,5000.0
TXN005343,2026-08-13 01:01:33.495126,POSTED,1000.0
TXN005344,2026-08-04 15:14:16.770637,POSTED,500.0
TXN005345,2026-08-13 13:34:52.223256,POSTED,1500.0
TXN005346,2026-08-05 15:06:08.108304,POSTED,500.0
TXN005347,2026-08-13 21:07:28.586268,POSTED,2500.0
TXN005348,2026-08-04 12:20:41.055573,POSTED,250.0
TXN005351,2026-08-31 14:48:44.184160,POSTED,10000.0
TXN005352,2026-08-01 00:41:13.793368,POSTED,250.0
TXN005353,2026-08-08 19:55:38.524770,POSTED,1500.0
TXN005354,2026-08-26 22:39:35.606877,POSTED,100.0
TXN005355,2026-08-11 11:18:04.008157,POSTED,250.0
TXN005357,2026-08-04 15:49:57.013752,POSTED,5000.0
TXN005358,2026-08-14 15:17:03.290899,POSTED,250.0
TXN005359,2026-08-16 06:38:40.684278,POSTED,100.0
TXN005360,2026-08-01 13:43:30.765456,POSTED,500.0
TXN005361,2026-08-11 15:00:34.783316,POSTED,250.0
TXN005362,2026-08-14 08:50:46.458478,POSTED,10000.0
TXN005363,2026-08-30 22:57:34.721378,POSTED,5000.0
TXN005364,2026-08-19 14:06:16.334342,POSTED,250.0
TXN005365,2026-08-23 05:14:17.306398,POSTED,1500.0
TXN005366,2026-08-25 16:57:47.805274,PENDING,2500.0
TXN005367,2026-08-29 19:05:58.085901,PENDING,100.0
TXN005368,2026-08-14 05:40:08.961037,POSTED,1500.0
TXN005370,2026-08-28 03:42:12.018593,POSTED,10000.0
TXN005371,2026-08-04 00:12:56.173817,POSTED,100.0
TXN005372,2026-08-21 21:45:48.155958,POSTED,250.0
TXN005373,2026-08-14 02:05:15.106658,POSTED,1500.0
TXN005374,2026-08-23 18:48:08.187602,POSTED,10000.0
TXN005376,2026-08-22 07:14:12.624472,POSTED,10000.0
TXN005377,2026-08-29 07:27:33.466269,POSTED,2500.0
TXN005378,2026-08-26 23:41:00.162109,POSTED,1500.0
TXN005379,2026-08-06 07:36:16.794444,POSTED,10000.0
TXN005380,2026-08-08 20:10:39.851055,POSTED,100.0
TXN005381,2026-08-09 07:12:22.756461,POSTED,2500.0
TXN005382,2026-08-05 04:07:04.458231,POSTED,5000.0
TXN005383,2026-08-21 22:04:34.708839,POSTED,250.0
TXN005384,2026-08-24 17:55:37.102771,PENDING,1000.0
TXN005385,2026-08-26 18:40:55.641527,POSTED,10000.0
TXN005386,2026-08-09 15:42:08.751455,POSTED,2500.0
TXN005387,2026-08-05 07:37:34.633364,POSTED,1000.0
TXN005388,2026-08-09 22:50:35.457321,POSTED,5000.0
TXN005389,2026-08-05 20:36:55.706273,POSTED,2500.0
TXN005390,2026-08-22 06:33:09.110412,PENDING,10000.0
TXN005392,2026-09-01 01:03:54.680505,POSTED,1500.0
TXN005393,2026-08-21 02:30:53.629391,POSTED,5000.0
TXN005394,2026-08-07 20:52:42.257796,POSTED,5000.0
TXN005395,2026-08-18 09:04:42.900954,POSTED,100.0
TXN005397,2026-08-14 06:48:53.557261,POSTED,2500.0
TXN005398,2026-08-30 23:31:46.503574,POSTED,10000.0
TXN005400,2026-08-26 15:23:40.734875,POSTED,5000.0
TXN005401,2026-08-10 05:57:37.943109,POSTED,2500.0
TXN005402,2026-08-30 10:42:29.469406,POSTED,5000.0
TXN005403,2026-08-09 04:19:08.809117,POSTED,1000.0
TXN005404,2026-08-19 03:39:46.806002,POSTED,2500.0
TXN005405,2026-08-15 14:16:09.708123,POSTED,1000.0
TXN005406,2026-08-08 08:45:01.195000,POSTED,1500.0
TXN005407,2026-08-05 21:43:37.583013,POSTED,1000.0
TXN005408,2026-08-04 14:26:33.010710,POSTED,5000.0
TXN005409,2026-08-18 12:35:03.932631,POSTED,250.0
TXN005410,2026-08-14 06:56:55.643775,POSTED,1500.0
TXN005411,2026-08-31 05:24:53.973797,POSTED,100.0
TXN005412,2026-08-08 15:49:26.717484,POSTED,1500.0
TXN005414,2026-08-14 02:17:31.949015,PENDING,1000.0
TXN005415,2026-08-12 13:14:41.694614,POSTED,10000.0
TXN005416,2026-08-15 22:39:38.808131,PENDING,2500.0
TXN005417,2026-08-03 18:53:05.714593,POSTED,250.0
TXN005418,2026-08-01 11:29:07.360113,POSTED,1500.0
TXN005419,2026-08-12 18:14:11.619362,POSTED,5000.0
TXN005420,2026-08-02 22:26:08.491978,POSTED,250.0
TXN005421,2026-08-09 00:50:11.616114,POSTED,1500.0
TXN005422,2026-08-23 03:28:36.239633,POSTED,2500.0
TXN005423,2026-08-29 11:52:25.837602,POSTED,100.0
TXN005424,2026-08-11 20:53:52.962705,POSTED,100.0
TXN005425,2026-08-30 21:02:46.849198,POSTED,5000.0
TXN005426,2026-08-31 18:20:36.260716,POSTED,1500.0
TXN005427,2026-08-31 07:22:34.962397,POSTED,1000.0
TXN005428,2026-08-19 06:47:28.951388,PENDING,5000.0
TXN005429,2026-08-18 01:43:36.772376,POSTED,10000.0
TXN005430,2026-08-27 15:42:58.024570,POSTED,10000.0
TXN005432,2026-08-04 04:13:37.569678,POSTED,10000.0
TXN005433,2026-08-19 11:46:44.190284,POSTED,100.0
TXN005435,2026-08-15 08:59:20.240987,POSTED,250.0
TXN005436,2026-08-31 06:53:15.831786,POSTED,250.0
TXN005437,2026-08-27 11:24:40.744103,POSTED,5000.0
TXN005438,2026-08-28 17:20:34.830831,PENDING,2500.0
TXN005439,2026-08-22 17:15:26.923089,POSTED,10000.0
TXN005441,2026-08-27 23:03:19.958305,POSTED,1000.0
TXN005442,2026-08-25 09:47:52.983314,POSTED,1500.0
TXN005443,2026-08-20 07:07:18.874122,POSTED,1000.0
TXN005444,2026-08-04 17:45:53.044000,POSTED,250.0
TXN005445,2026-08-14 17:49:43.890360,POSTED,10000.0
TXN005446,2026-08-31 21:18:30.134040,POSTED,250.0
TXN005447,2026-08-17 20:53:59.691323,POSTED,2500.0
TXN005448,2026-08-11 13:28:23.418419,POSTED,2500.0
TXN005449,2026-08-21 14:04:36.234851,POSTED,1000.0
TXN005450,2026-08-15 20:35:31.282349,POSTED,250.0
TXN005451,2026-08-07 00:58:09.518425,POSTED,2500.0
TXN005452,2026-08-26 13:35:41.510093,PENDING,5000.0
TXN005453,2026-08-28 12:18:05.435679,POSTED,5000.0
TXN005455,2026-08-22 10:30:13.667082,POSTED,1000.0
TXN005457,2026-08-13 18:18:23.637590,POSTED,250.0
TXN005459,2026-08-22 06:05:43.164453,POSTED,100.0
TXN005460,2026-08-22 21:29:13.901138,POSTED,1500.0
TXN005461,2026-08-16 17:28:39.655828,POSTED,500.0
TXN005462,2026-08-17 09:50:34.897292,POSTED,1500.0
TXN005463,2026-08-12 08:16:48.428348,POSTED,100.0
TXN005464,2026-08-14 07:31:51.558068,POSTED,500.0
TXN005466,2026-08-09 16:50:52.418813,POSTED,5000.0
TXN005467,2026-08-31 05:26:24.662604,POSTED,1000.0
TXN005468,2026-08-30 01:33:33.528528,POSTED,2500.0
TXN005469,2026-08-06 00:13:56.252564,POSTED,5000.0
TXN005470,2026-08-06 08:03:34.842958,POSTED,250.0
TXN005471,2026-08-14 05:30:29.140108,POSTED,1500.0
TXN005472,2026-08-29 09:40:54.854508,POSTED,1500.0
TXN005473,2026-08-03 20:44:19.212667,POSTED,500.0
TXN005474,2026-08-01 11:53:50.880723,POSTED,5000.0
TXN005476,2026-08-11 01:36:47.137332,POSTED,100.0
TXN005477,2026-08-29 14:54:58.048789,POSTED,10000.0
TXN005478,2026-08-31 01:30:55.421565,POSTED,100.0
TXN005479,2026-08-16 12:44:44.029655,POSTED,10000.0
TXN005480,2026-08-11 05:15:21.365167,POSTED,10000.0
TXN005481,2026-08-31 06:40:58.861725,POSTED,1500.0
TXN005482,2026-08-15 12:34:08.813078,PENDING,5000.0
TXN005483,2026-08-26 04:53:51.271162,POSTED,1500.0
TXN005484,2026-08-21 02:04:59.674549,POSTED,5000.0
TXN005485,2026-08-27 14:03:15.667107,POSTED,2500.0
TXN005486,2026-08-16 20:29:23.140269,POSTED,1000.0
TXN005487,2026-08-14 06:53:24.270164,POSTED,10000.0
TXN005488,2026-08-22 04:58:31.880756,POSTED,5000.0
TXN005489,2026-08-19 18:16:40.450793,PENDING,250.0
TXN005490,2026-08-30 02:44:46.429061,POSTED,10000.0
TXN005491,2026-08-08 21:31:01.746908,POSTED,100.0
TXN005493,2026-08-25 00:50:06.629599,POSTED,250.0
TXN005494,2026-08-12 07:53:25.277612,PENDING,500.0
TXN005495,2026-08-05 13:50:57.413512,POSTED,10000.0
TXN005496,2026-08-10 06:11:18.603131,POSTED,10000.0
TXN005497,2026-08-30 09:20:57.680332,POSTED,5000.0
TXN005498,2026-08-13 07:52:47.982067,POSTED,1000.0
TXN005499,2026-08-08 14:42:15.300518,POSTED,1000.0
TXN005500,2026-08-15 05:21:03.598742,POSTED,5000.0
