transaction_id,amount,payment_method,bank_name,hour_of_day,gateway_latency,bank_latency,ledger_latency,retry_count,bank_recent_delay_rate,is_delayed,delay_minutes
TXN000001,1500,UPI,BANK_B,1,0.72,29.15,1.68,0,0.307,1,21.1
TXN000002,2500,WALLET,BANK_D,12,0.98,6.92,1.04,0,0.324,0,0.0
TXN000003,10000,NETBANKING,BANK_C,9,1.29,7.33,2.37,1,0.171,0,0.0
TXN000004,500,CARD,BANK_B,20,1.87,8.82,1.89,0,0.308,0,0.0
TXN000005,2500,CARD,BANK_D,7,1.83,4.34,2.23,0,0.286,0,0.0
TXN000006,250,CARD,BANK_C,21,1.67,7.58,0.54,0,0.134,0,0.0
TXN000007,100,CARD,BANK_A,21,2.08,1.79,1.67,0,0.228,0,0.0
TXN000008,100,CARD,BANK_D,15,2.01,5.52,0.72,0,0.223,0,0.0
TXN000009,1500,UPI,BANK_D,6,1.6,7.56,1.69,0,0.303,0,0.0
TXN000010,1500,UPI,BANK_A,3,1.22,6.03,2.48,0,0.242,0,0.0
TXN000011,1000,UPI,BANK_A,13,0.63,2.69,1.0,0,0.24,0,0.0
TXN000012,2000,UPI,BANK_D,22,0.94,5.49,1.05,0,0.263,0,0.0
TXN000013,1000,UPI,BANK_C,17,0.63,6.18,1.47,0,0.162,0,0.0
TXN000014,100,CARD,BANK_A,17,1.63,9.4,2.84,0,0.238,0,0.0
TXN000015,5000,CARD,BANK_D,23,0.67,7.59,1.78,0,0.206,0,0.0
TXN000016,750,NETBANKING,BANK_A,21,1.75,3.53,0.2,0,0.233,0,0.0
TXN000017,100,CARD,BANK_D,8,1.59,5.6,0.96,0,0.196,0,0.0
TXN000018,1500,UPI,BANK_A,1,2.09,4.75,0.82,0,0.172,0,0.0
TXN000019,2000,UPI,BANK_B,1,2.06,6.96,1.84,0,0.348,0,0.0
TXN000020,750,UPI,BANK_C,13,1.6,-1.0,-1.0,2,0.215,1,1.0
TXN000021,100,CARD,BANK_B,1,1.61,16.98,0.63,0,0.436,1,12.3
TXN000022,2500,UPI,BANK_B,23,0.96,7.61,1.61,0,0.35,0,0.0
TXN000023,250,UPI,BANK_A,0,0.27,5.88,1.16,0,0.159,0,0.0
TXN000024,1500,NETBANKING,BANK_A,0,1.21,5.18,3.0,0,0.247,0,0.0
TXN000025,100,UPI,BANK_D,8,1.61,-1.0,2.09,0,0.406,1,1.0
TXN000026,750,WALLET,BANK_C,3,1.69,9.01,1.27,0,0.117,0,0.0
TXN000027,2500,CARD,BANK_D,5,1.18,3.81,1.91,0,0.192,0,0.0
TXN000028,2000,UPI,BANK_B,6,3.24,3.07,1.63,0,0.367,0,0.0
TXN000029,5000,UPI,BANK_D,0,1.27,26.8,0.63,0,0.267,1,18.3
TXN000030,1500,UPI,BANK_B,16,1.71,6.13,2.0,0,0.314,0,0.0
TXN000031,250,UPI,BANK_D,6,1.73,4.09,0.89,0,0.34,0,0.0
TXN000032,2500,WALLET,BANK_C,11,1.66,6.13,1.71,2,0.145,0,0.0
TXN000033,750,CARD,BANK_D,0,1.61,6.74,1.63,0,0.192,0,0.0
TXN000034,500,UPI,BANK_B,20,1.46,3.37,1.67,0,0.415,0,0.0
TXN000035,1000,CARD,BANK_D,11,1.76,9.48,1.7,0,0.329,1,1.0
TXN000036,250,CARD,BANK_C,3,1.95,10.55,2.73,0,0.071,0,0.0
TXN000037,1000,WALLET,BANK_A,0,1.08,3.47,2.03,0,0.159,0,0.0
TXN000038,1000,CARD,BANK_A,23,0.2,6.76,2.07,0,0.241,0,0.0
TXN000039,100,CARD,BANK_A,14,2.39,6.92,2.85,0,0.191,0,0.0
TXN000040,2000,UPI,BANK_C,10,0.98,5.63,1.85,0,0.169,0,0.0
TXN000041,1500,UPI,BANK_C,9,1.01,-1.0,-1.0,0,0.151,1,1.7
TXN000042,100,CARD,BANK_D,7,1.38,20.0,3.6,0,0.285,1,11.1
TXN000043,750,NETBANKING,BANK_B,8,1.76,7.31,2.28,0,0.279,0,0.0
TXN000044,2500,NETBANKING,BANK_C,22,1.58,61.4,2.23,0,0.115,1,54.5
TXN000045,5000,NETBANKING,BANK_D,22,1.34,5.71,2.83,0,0.18,0,0.0
TXN000046,100,UPI,BANK_B,17,1.33,29.78,3.09,0,0.347,1,24.4
TXN000047,1000,CARD,BANK_C,1,1.14,2.3,1.11,0,0.132,0,0.0
TXN000048,100,WALLET,BANK_C,9,0.99,-1.0,-1.0,0,0.058,1,1.0
TXN000049,25000,UPI,BANK_D,10,1.76,5.53,2.33,0,0.298,0,0.0
TXN000050,1500,UPI,BANK_B,5,2.17,-1.0,1.87,0,0.448,1,1.0
TXN000051,500,UPI,BANK_D,17,1.7,5.94,2.31,0,0.238,0,0.0
TXN000052,100,CARD,BANK_C,2,2.66,8.76,1.04,0,0.167,0,0.0
TXN000053,500,CARD,BANK_C,20,1.23,-1.0,-1.0,0,0.15,1,1.0
TXN000054,2500,CARD,BANK_D,18,1.4,4.05,2.43,1,0.237,0,0.0
TXN000055,2500,UPI,BANK_A,12,1.33,7.13,1.69,0,0.267,0,0.0
TXN000056,2500,UPI,BANK_B,22,1.16,-1.0,-1.0,0,0.275,1,1.0
TXN000057,2000,WALLET,BANK_A,20,1.78,2.1,1.7,0,0.225,0,0.0
TXN000058,250,UPI,BANK_D,9,2.04,10.07,1.03,0,0.236,0,0.0
TXN000059,500,UPI,BANK_C,16,1.58,53.87,3.56,0,0.103,1,45.1
TXN000060,500,UPI,BANK_C,3,2.19,0.5,1.21,0,0.162,1,1.0
TXN000061,100,CARD,BANK_D,16,1.92,7.66,2.39,0,0.308,0,0.0
TXN000062,5000,NETBANKING,BANK_B,16,0.88,16.8,1.11,0,0.367,1,8.7
TXN000063,250,UPI,BANK_A,20,1.11,7.37,2.19,0,0.148,0,0.0
TXN000064,1000,UPI,BANK_A,14,2.25,5.37,2.36,1,0.1,0,0.0
TXN000065,100,NETBANKING,BANK_B,8,0.79,13.3,2.24,2,0.362,1,2.9
TXN000066,500,CARD,BANK_D,10,0.63,-1.0,-1.0,0,0.321,1,1.0
TXN000067,500,WALLET,BANK_A,17,1.12,4.41,2.54,0,0.258,0,0.0
TXN000068,100,UPI,BANK_A,14,0.65,7.12,1.19,0,0.156,0,0.0
TXN000069,250,UPI,BANK_C,4,1.52,30.42,1.38,0,0.123,1,23.4
TXN000070,250,CARD,BANK_D,8,3.03,4.99,11.76,0,0.266,1,3.1
TXN000071,100,UPI,BANK_B,17,1.92,11.13,37.06,0,0.343,1,28.4
TXN000072,1500,WALLET,BANK_C,2,1.27,10.62,1.83,0,0.233,0,0.0
TXN000073,100,UPI,BANK_B,17,2.23,5.19,0.31,0,0.349,0,0.0
TXN000074,2500,UPI,BANK_C,14,1.79,4.69,0.2,0,0.189,0,0.0
TXN000075,250,UPI,BANK_B,5,2.93,7.05,2.39,0,0.342,0,0.0
TXN000076,25000,CARD,BANK_A,22,1.2,4.91,1.52,0,0.26,0,0.0
TXN000077,10000,CARD,BANK_D,17,2.07,0.5,1.17,0,0.241,0,0.0
TXN000078,750,UPI,BANK_B,15,1.35,3.42,1.94,0,0.402,0,0.0
TXN000079,500,UPI,BANK_B,1,1.49,7.75,0.96,0,0.349,0,0.0
TXN000080,500,CARD,BANK_B,6,0.89,5.76,3.13,0,0.236,0,0.0
TXN000081,250,CARD,BANK_D,15,0.82,3.2,2.45,0,0.283,0,0.0
TXN000082,5000,UPI,BANK_D,15,1.98,1.95,0.2,0,0.33,0,0.0
TXN000083,2500,CARD,BANK_A,19,2.58,7.29,1.63,0,0.175,0,0.0
TXN000084,750,WALLET,BANK_D,19,2.18,3.7,2.86,0,0.312,0,0.0
TXN000085,500,UPI,BANK_D,19,1.7,1.54,2.08,0,0.252,0,0.0
TXN000086,1500,CARD,BANK_A,8,1.34,-1.0,-1.0,0,0.23,1,1.0
TXN000087,750,UPI,BANK_D,8,2.58,8.24,2.01,1,0.292,0,0.0
TXN000088,1000,CARD,BANK_A,6,0.75,7.28,39.7,0,0.214,1,28.1
TXN000089,2500,UPI,BANK_A,16,0.85,6.86,2.38,0,0.284,0,0.0
TXN000090,25000,NETBANKING,BANK_C,8,1.38,4.56,2.25,0,0.125,0,0.0
TXN000091,500,NETBANKING,BANK_C,9,0.82,4.8,3.44,0,0.092,0,0.0
TXN000092,2500,CARD,BANK_A,10,2.23,0.5,2.4,0,0.298,0,0.0
TXN000093,2500,WALLET,BANK_C,14,2.36,10.59,1.66,0,0.245,0,0.0
TXN000094,2500,CARD,BANK_A,22,3.41,8.13,1.29,0,0.268,0,0.0
TXN000095,250,CARD,BANK_B,16,1.51,-1.0,2.42,0,0.383,1,1.0
TXN000096,2000,UPI,BANK_B,17,0.69,4.98,1.42,1,0.348,0,0.0
TXN000097,10000,CARD,BANK_A,13,0.32,5.97,1.78,0,0.215,0,0.0
TXN000098,25000,WALLET,BANK_B,8,2.25,4.92,10.0,2,0.308,1,1.0
TXN000099,250,UPI,BANK_A,17,1.09,3.84,2.48,0,0.143,0,0.0
TXN000100,2000,NETBANKING,BANK_D,2,2.74,5.44,0.72,0,0.283,0,0.0
TXN000101,500,UPI,BANK_D,11,2.09,38.42,3.44,0,0.348,1,31.5
TXN000102,5000,UPI,BANK_A,11,2.63,5.58,2.41,1,0.208,0,0.0
TXN000103,10000,UPI,BANK_C,4,1.69,7.47,0.85,0,0.146,0,0.0
TXN000104,5000,UPI,BANK_D,0,2.22,6.72,1.64,0,0.297,0,0.0
TXN000105,2000,NETBANKING,BANK_C,8,1.79,32.56,1.29,0,0.126,1,27.3
TXN000106,2000,NETBANKING,BANK_A,8,0.9,5.73,1.96,0,0.152,0,0.0
TXN000107,750,UPI,BANK_D,4,1.44,6.56,2.62,0,0.23,0,0.0
TXN000108,1500,CARD,BANK_A,13,0.99,-1.0,-1.0,0,0.231,1,1.0
TXN000109,100,NETBANKING,BANK_B,3,1.32,4.79,2.87,0,0.424,0,0.0
TXN000110,500,CARD,BANK_D,5,1.57,6.33,2.82,0,0.277,0,0.0
TXN000111,750,UPI,BANK_C,22,1.9,5.06,2.76,0,0.169,0,0.0
TXN000112,2000,UPI,BANK_A,7,0.89,6.13,1.73,0,0.203,0,0.0
TXN000113,5000,CARD,BANK_A,14,0.24,5.09,0.2,0,0.222,0,0.0
TXN000114,10000,UPI,BANK_C,9,1.79,4.68,2.0,0,0.199,0,0.0
TXN000115,2500,WALLET,BANK_C,23,1.92,6.25,1.24,0,0.107,0,0.0
TXN000116,2500,WALLET,BANK_C,21,1.57,14.34,0.62,1,0.171,1,6.6
TXN000117,500,CARD,BANK_A,0,2.18,4.39,1.94,0,0.166,0,0.0
TXN000118,250,NETBANKING,BANK_D,4,1.36,13.66,1.09,0,0.346,1,6.1
TXN000119,25000,WALLET,BANK_A,20,1.76,6.15,2.11,0,0.2,0,0.0
TXN000120,250,NETBANKING,BANK_A,17,1.51,7.99,2.18,0,0.187,0,0.0
TXN000121,100,CARD,BANK_C,3,2.25,66.95,2.61,0,0.176,1,60.1
TXN000122,2500,NETBANKING,BANK_D,18,2.0,9.72,1.73,0,0.222,0,0.0
TXN000123,2500,UPI,BANK_B,9,1.71,3.53,40.4,0,0.313,1,32.4
TXN000124,1500,UPI,BANK_A,23,1.35,9.12,1.11,0,0.186,1,1.0
TXN000125,1500,UPI,BANK_A,10,1.45,6.01,3.72,0,0.104,0,0.0
TXN000126,2000,UPI,BANK_D,14,1.27,8.55,3.03,0,0.289,0,0.0
TXN000127,1500,UPI,BANK_A,3,1.5,72.09,0.2,0,0.161,1,61.3
TXN000128,1500,UPI,BANK_B,2,2.97,10.5,1.59,0,0.332,0,0.0
TXN000129,250,CARD,BANK_C,1,0.54,4.1,2.15,0,0.168,0,0.0
TXN000130,1000,UPI,BANK_D,13,1.49,2.56,1.68,0,0.298,0,0.0
TXN000131,750,NETBANKING,BANK_A,9,1.95,10.83,3.96,0,0.159,0,0.0
TXN000132,100,UPI,BANK_D,15,1.75,5.74,1.35,0,0.246,0,0.0
TXN000133,500,UPI,BANK_B,12,1.21,5.54,1.29,0,0.217,0,0.0
TXN000134,1000,UPI,BANK_C,23,1.47,9.23,2.41,0,0.189,0,0.0
TXN000135,500,UPI,BANK_D,1,1.17,3.19,0.82,1,0.284,0,0.0
TXN000136,250,CARD,BANK_D,14,2.43,9.19,1.0,0,0.364,0,0.0
TXN000137,1000,UPI,BANK_A,1,2.08,9.79,1.2,2,0.235,0,0.0
TXN000138,500,UPI,BANK_B,15,1.21,8.5,2.1,0,0.39,0,0.0
TXN000139,250,NETBANKING,BANK_A,23,1.89,7.48,3.54,0,0.292,0,0.0
TXN000140,1000,WALLET,BANK_D,13,2.47,6.91,1.78,0,0.34,0,0.0
TXN000141,750,CARD,BANK_A,20,0.7,5.94,59.04,0,0.228,1,52.7
TXN000142,750,NETBANKING,BANK_D,10,0.55,4.35,0.84,0,0.232,0,0.0
TXN000143,100,UPI,BANK_D,16,1.35,0.5,23.04,0,0.141,1,17.5
TXN000144,2000,UPI,BANK_B,9,1.84,10.59,1.8,0,0.369,0,0.0
TXN000145,250,CARD,BANK_B,23,0.56,6.57,2.97,0,0.365,0,0.0
TXN000146,250,UPI,BANK_B,12,2.03,6.68,2.41,0,0.443,0,0.0
TXN000147,2500,CARD,BANK_A,14,1.76,7.1,1.47,0,0.168,0,0.0
TXN000148,1500,UPI,BANK_B,6,1.35,-1.0,-1.0,0,0.368,1,1.0
TXN000149,1000,UPI,BANK_D,18,1.27,36.25,0.27,1,0.261,1,30.0
TXN000150,100,WALLET,BANK_B,22,2.0,7.01,0.39,1,0.349,0,0.0
TXN000151,1000,CARD,BANK_D,17,1.31,26.52,0.25,2,0.342,1,18.7
TXN000152,750,NETBANKING,BANK_B,0,1.78,1.32,3.86,1,0.38,0,0.0
TXN000153,10000,WALLET,BANK_A,16,1.38,4.77,1.42,0,0.255,0,0.0
TXN000154,1000,CARD,BANK_A,18,2.84,2.3,3.26,0,0.331,1,1.0
TXN000155,500,WALLET,BANK_B,7,1.73,9.5,2.18,0,0.304,0,0.0
TXN000156,1500,UPI,BANK_C,0,0.94,3.83,0.36,0,0.162,0,0.0
TXN000157,25000,UPI,BANK_D,22,1.1,6.9,0.61,0,0.352,0,0.0
TXN000158,25000,UPI,BANK_B,7,1.14,5.19,2.51,0,0.345,0,0.0
TXN000159,1000,UPI,BANK_D,23,2.57,31.22,2.96,0,0.237,1,21.8
TXN000160,750,NETBANKING,BANK_C,3,0.64,1.58,2.11,0,0.206,0,0.0
TXN000161,2500,CARD,BANK_B,17,0.63,5.02,3.71,0,0.372,0,0.0
TXN000162,2000,NETBANKING,BANK_A,6,2.03,2.57,2.33,0,0.229,0,0.0
TXN000163,1000,UPI,BANK_A,5,0.84,6.81,0.85,0,0.256,0,0.0
TXN000164,250,NETBANKING,BANK_A,8,1.37,7.25,0.2,0,0.218,0,0.0
TXN000165,250,UPI,BANK_A,12,0.3,1.79,2.21,0,0.184,0,0.0
TXN000166,2500,CARD,BANK_B,10,1.39,4.94,3.08,1,0.41,0,0.0
TXN000167,750,CARD,BANK_D,19,2.09,3.09,4.01,0,0.232,0,0.0
TXN000168,25000,NETBANKING,BANK_C,14,1.64,27.06,3.36,1,0.061,1,18.6
TXN000169,250,UPI,BANK_B,3,1.15,5.09,0.62,0,0.319,0,0.0
TXN000170,2000,UPI,BANK_A,5,1.58,3.96,0.85,0,0.173,0,0.0
TXN000171,250,WALLET,BANK_D,12,1.52,5.45,2.34,0,0.279,0,0.0
TXN000172,100,UPI,BANK_B,17,1.71,38.71,1.85,0,0.315,1,31.8
TXN000173,500,CARD,BANK_D,1,1.23,2.53,0.59,0,0.271,0,0.0
TXN000174,500,WALLET,BANK_A,12,2.45,3.33,1.95,0,0.277,0,0.0
TXN000175,250,UPI,BANK_D,7,1.62,5.46,1.62,0,0.294,0,0.0
TXN000176,250,UPI,BANK_B,13,0.43,6.81,1.24,1,0.379,0,0.0
TXN000177,250,NETBANKING,BANK_A,16,2.45,6.94,3.08,1,0.159,0,0.0
TXN000178,250,NETBANKING,BANK_D,13,0.44,8.43,2.01,0,0.27,0,0.0
TXN000179,2000,NETBANKING,BANK_D,19,0.2,-1.0,-1.0,0,0.274,1,1.0
TXN000180,2000,UPI,BANK_A,2,1.27,5.41,0.43,1,0.239,0,0.0
TXN000181,5000,CARD,BANK_C,10,2.58,29.53,1.3,2,0.15,1,22.0
TXN000182,10000,NETBANKING,BANK_C,9,1.36,1.96,2.99,1,0.168,0,0.0
TXN000183,1500,UPI,BANK_B,16,2.24,22.24,2.64,0,0.362,1,13.2
TXN000184,2000,WALLET,BANK_D,18,0.67,4.67,0.75,0,0.301,0,0.0
TXN000185,100,UPI,BANK_D,1,1.58,8.0,2.24,1,0.257,1,3.8
TXN000186,2000,UPI,BANK_A,1,1.88,5.72,0.99,0,0.226,0,0.0
TXN000187,250,UPI,BANK_D,22,0.66,5.01,3.92,0,0.233,1,1.0
TXN000188,2500,NETBANKING,BANK_A,1,1.37,2.4,1.48,0,0.266,0,0.0
TXN000189,250,UPI,BANK_B,21,2.39,7.27,0.69,0,0.384,0,0.0
TXN000190,500,UPI,BANK_D,18,1.04,4.45,27.12,0,0.335,1,18.0
TXN000191,1000,CARD,BANK_B,8,0.79,4.06,1.37,0,0.297,0,0.0
TXN000192,250,UPI,BANK_B,0,3.19,4.87,2.07,0,0.285,0,0.0
TXN000193,750,CARD,BANK_C,11,0.83,9.66,2.81,0,0.155,0,0.0
TXN000194,750,WALLET,BANK_B,6,1.68,8.54,0.34,1,0.35,0,0.0
TXN000195,100,NETBANKING,BANK_C,16,1.41,4.59,1.56,0,0.148,0,0.0
TXN000196,2000,CARD,BANK_B,10,1.79,6.0,2.04,0,0.398,0,0.0
TXN000197,250,UPI,BANK_C,0,1.22,59.97,2.93,0,0.137,1,52.9
TXN000198,1000,WALLET,BANK_B,3,1.9,8.15,53.71,0,0.339,1,44.0
TXN000199,1000,UPI,BANK_A,5,1.55,29.98,1.74,0,0.175,1,24.9
TXN000200,2500,UPI,BANK_B,14,0.28,6.08,0.88,0,0.331,0,0.0
TXN000201,500,UPI,BANK_B,22,1.79,4.27,1.83,0,0.402,0,0.0
TXN000202,750,CARD,BANK_A,13,2.11,6.72,2.16,0,0.21,0,0.0
TXN000203,250,CARD,BANK_C,6,1.13,3.42,0.94,0,0.24,1,1.5
TXN000204,500,UPI,BANK_C,14,1.56,0.98,2.27,0,0.097,0,0.0
TXN000205,100,NETBANKING,BANK_A,21,0.82,8.6,1.73,0,0.142,1,1.0
TXN000206,5000,UPI,BANK_A,20,1.86,5.67,2.62,0,0.162,0,0.0
TXN000207,5000,NETBANKING,BANK_C,22,1.83,0.5,3.19,1,0.02,0,0.0
TXN000208,1500,CARD,BANK_C,9,2.12,1.2,3.13,0,0.147,0,0.0
TXN000209,500,WALLET,BANK_A,15,0.47,4.99,1.14,0,0.285,0,0.0
TXN000210,2500,NETBANKING,BANK_C,5,1.02,2.81,2.09,0,0.089,0,0.0
TXN000211,1500,UPI,BANK_B,2,0.98,80.01,2.06,0,0.261,1,72.5
TXN000212,750,CARD,BANK_B,11,1.15,29.48,1.36,1,0.338,1,20.9
TXN000213,250,UPI,BANK_C,0,1.98,5.41,1.69,0,0.155,0,0.0
TXN000214,100,UPI,BANK_B,19,2.45,7.22,2.17,0,0.322,0,0.0
TXN000215,100,CARD,BANK_A,18,1.04,3.98,0.64,0,0.24,0,0.0
TXN000216,2000,UPI,BANK_D,1,1.68,-1.0,-1.0,0,0.391,1,1.0
TXN000217,250,UPI,BANK_D,3,2.17,5.76,0.89,0,0.339,0,0.0
TXN000218,750,CARD,BANK_A,5,1.6,5.93,1.34,0,0.249,0,0.0
TXN000219,250,CARD,BANK_D,23,0.7,-1.0,-1.0,0,0.15,1,1.1
TXN000220,250,CARD,BANK_D,4,1.26,6.28,2.74,0,0.257,0,0.0
TXN000221,500,CARD,BANK_B,5,2.65,4.09,0.62,0,0.3,0,0.0
TXN000222,500,UPI,BANK_A,12,0.77,8.9,4.86,0,0.238,0,0.0
TXN000223,1500,WALLET,BANK_A,5,0.63,43.5,2.27,0,0.205,1,36.3
TXN000224,5000,CARD,BANK_B,11,1.29,2.48,0.2,0,0.337,0,0.0
TXN000225,500,UPI,BANK_B,18,0.21,3.71,2.41,0,0.369,0,0.0
TXN000226,5000,NETBANKING,BANK_C,16,1.22,4.43,2.47,0,0.16,0,0.0
TXN000227,2000,NETBANKING,BANK_A,4,2.02,20.76,0.2,0,0.233,1,15.8
TXN000228,2000,CARD,BANK_A,4,2.34,3.38,1.2,0,0.231,0,0.0
TXN000229,250,UPI,BANK_C,16,1.34,6.16,2.11,0,0.161,0,0.0
TXN000230,500,UPI,BANK_C,14,1.48,6.48,4.21,0,0.124,0,0.0
TXN000231,10000,NETBANKING,BANK_D,23,1.69,4.0,1.65,0,0.292,0,0.0
TXN000232,250,NETBANKING,BANK_B,10,1.74,4.2,1.31,1,0.303,0,0.0
TXN000233,250,UPI,BANK_C,22,0.99,18.32,2.22,0,0.167,1,11.5
TXN000234,250,CARD,BANK_B,11,2.28,7.58,2.6,0,0.412,0,0.0
TXN000235,500,WALLET,BANK_C,3,0.85,5.25,0.78,0,0.167,0,0.0
TXN000236,100,CARD,BANK_C,8,2.77,6.59,0.2,0,0.1,0,0.0
TXN000237,500,NETBANKING,BANK_B,18,1.02,-1.0,-1.0,0,0.303,1,1.5
TXN000238,250,UPI,BANK_C,12,1.51,5.46,1.19,0,0.123,0,0.0
TXN000239,10000,UPI,BANK_B,13,1.23,31.94,2.61,0,0.39,1,23.1
TXN000240,1000,CARD,BANK_A,5,1.51,48.53,1.35,0,0.225,1,37.6
TXN000241,2500,NETBANKING,BANK_C,11,1.59,7.45,4.19,0,0.164,0,0.0
TXN000242,1500,UPI,BANK_D,20,0.87,5.9,1.91,0,0.235,0,0.0
TXN000243,1000,WALLET,BANK_A,18,1.8,4.45,0.42,0,0.183,0,0.0
TXN000244,2000,CARD,BANK_D,5,0.2,8.58,0.82,0,0.297,0,0.0
TXN000245,25000,CARD,BANK_C,10,1.58,5.51,2.48,0,0.189,0,0.0
TXN000246,5000,NETBANKING,BANK_D,8,0.85,7.58,2.91,0,0.286,0,0.0
TXN000247,1000,UPI,BANK_A,22,2.24,50.2,3.1,0,0.243,1,42.8
TXN000248,1000,NETBANKING,BANK_D,22,1.77,8.85,3.2,0,0.259,0,0.0
TXN000249,2500,UPI,BANK_D,4,0.68,-1.0,-1.0,0,0.235,1,1.0
TXN000250,2000,CARD,BANK_D,22,1.51,9.23,2.26,0,0.321,0,0.0
TXN000251,1500,CARD,BANK_A,0,1.33,7.01,4.23,0,0.206,0,0.0
TXN000252,250,UPI,BANK_C,16,1.81,0.5,3.47,0,0.158,0,0.0
TXN000253,250,NETBANKING,BANK_A,7,1.21,6.21,4.77,0,0.262,0,0.0
TXN000254,2000,UPI,BANK_D,17,0.72,-1.0,-1.0,0,0.232,1,1.6
TXN000255,1000,UPI,BANK_C,8,1.87,5.91,2.2,0,0.091,0,0.0
TXN000256,500,CARD,BANK_C,9,0.9,5.12,2.48,1,0.277,0,0.0
TXN000257,100,UPI,BANK_D,11,1.36,5.71,3.59,1,0.262,0,0.0
TXN000258,1000,UPI,BANK_A,5,0.69,-1.0,-1.0,0,0.143,1,1.6
TXN000259,1000,CARD,BANK_A,11,2.17,5.89,0.2,0,0.255,0,0.0
TXN000260,1000,CARD,BANK_B,20,1.39,4.39,2.59,0,0.328,0,0.0
TXN000261,1000,CARD,BANK_B,15,0.45,-1.0,-1.0,0,0.365,1,1.0
TXN000262,100,NETBANKING,BANK_C,18,0.48,2.4,3.11,0,0.218,0,0.0
TXN000263,2500,UPI,BANK_C,14,1.33,9.87,1.56,0,0.155,0,0.0
TXN000264,750,UPI,BANK_D,1,0.59,8.57,0.98,0,0.285,0,0.0
TXN000265,1000,NETBANKING,BANK_C,21,2.1,26.83,2.07,1,0.101,1,20.0
TXN000266,100,NETBANKING,BANK_C,10,1.96,8.05,1.46,0,0.13,0,0.0
TXN000267,1500,WALLET,BANK_A,15,1.14,-1.0,0.2,0,0.154,1,1.0
TXN000268,250,UPI,BANK_D,4,2.29,7.65,2.02,0,0.257,0,0.0
TXN000269,2500,WALLET,BANK_A,14,0.28,6.53,2.76,0,0.206,0,0.0
TXN000270,500,CARD,BANK_A,8,1.43,-1.0,-1.0,0,0.289,1,1.7
TXN000271,10000,CARD,BANK_D,3,1.96,4.1,3.09,0,0.391,0,0.0
TXN000272,1500,WALLET,BANK_B,23,1.65,8.52,2.48,0,0.411,0,0.0
TXN000273,1000,CARD,BANK_A,1,1.14,10.27,2.22,0,0.26,0,0.0
TXN000274,2500,CARD,BANK_C,6,0.47,5.46,3.78,0,0.139,0,0.0
TXN000275,100,UPI,BANK_C,19,2.15,23.12,3.15,0,0.162,1,16.2
TXN000276,500,CARD,BANK_D,8,1.87,7.58,40.76,1,0.264,1,33.6
TXN000277,250,NETBANKING,BANK_B,2,0.46,7.25,0.32,0,0.345,0,0.0
TXN000278,500,CARD,BANK_B,1,2.0,40.92,3.49,0,0.352,1,33.6
TXN000279,1000,UPI,BANK_C,14,1.76,-1.0,-1.0,0,0.264,1,1.0
TXN000280,1000,CARD,BANK_D,1,1.01,3.59,3.27,0,0.349,0,0.0
TXN000281,1000,CARD,BANK_D,14,1.55,9.53,2.31,1,0.311,0,0.0
TXN000282,2000,WALLET,BANK_A,16,1.01,39.14,2.29,0,0.272,1,27.3
TXN000283,500,NETBANKING,BANK_C,21,0.96,3.52,1.8,0,0.191,0,0.0
TXN000284,750,CARD,BANK_B,11,0.39,4.3,1.99,0,0.397,0,0.0
TXN000285,2000,CARD,BANK_A,22,1.63,23.03,1.84,0,0.293,1,17.7
TXN000286,5000,UPI,BANK_B,21,1.5,8.85,3.21,0,0.334,0,0.0
TXN000287,1000,NETBANKING,BANK_D,2,0.92,3.61,3.45,0,0.272,0,0.0
TXN000288,10000,UPI,BANK_C,11,0.36,9.22,1.17,0,0.149,0,0.0
TXN000289,750,UPI,BANK_B,11,0.9,39.5,1.65,0,0.329,1,28.6
TXN000290,100,UPI,BANK_C,6,1.91,9.59,1.54,0,0.174,0,0.0
TXN000291,1000,CARD,BANK_B,17,1.77,9.08,1.78,0,0.4,0,0.0
TXN000292,750,UPI,BANK_D,12,2.27,10.81,0.72,0,0.277,1,1.0
TXN000293,1500,NETBANKING,BANK_C,10,1.74,20.24,2.86,0,0.192,1,10.0
TXN000294,2500,UPI,BANK_A,15,1.43,-1.0,-1.0,1,0.216,1,1.4
TXN000295,250,CARD,BANK_C,23,2.12,3.28,2.18,0,0.214,0,0.0
TXN000296,1000,CARD,BANK_A,0,2.6,2.84,0.83,1,0.155,0,0.0
TXN000297,500,CARD,BANK_C,22,1.36,50.12,3.39,0,0.182,1,40.4
TXN000298,1500,UPI,BANK_C,12,1.22,5.58,2.75,0,0.17,0,0.0
TXN000299,1000,CARD,BANK_C,21,1.88,6.83,2.75,0,0.194,0,0.0
TXN000300,750,WALLET,BANK_D,20,1.08,-1.0,-1.0,0,0.321,1,3.5
TXN000301,1500,NETBANKING,BANK_D,22,1.24,12.59,2.56,0,0.257,0,0.0
TXN000302,250,UPI,BANK_D,14,2.14,6.96,2.09,0,0.281,0,0.0
TXN000303,500,UPI,BANK_B,12,1.03,4.71,3.1,0,0.384,0,0.0
TXN000304,100,CARD,BANK_A,2,2.08,8.19,1.02,0,0.177,0,0.0
TXN000305,100,CARD,BANK_D,0,1.16,4.41,1.64,0,0.259,0,0.0
TXN000306,100,UPI,BANK_A,15,1.95,8.11,0.46,0,0.235,0,0.0
TXN000307,250,UPI,BANK_C,10,0.5,-1.0,-1.0,1,0.199,1,1.0
TXN000308,500,CARD,BANK_C,16,2.22,6.19,1.83,1,0.205,0,0.0
TXN000309,1500,WALLET,BANK_B,20,1.13,7.97,2.98,0,0.342,0,0.0
TXN000310,1500,NETBANKING,BANK_D,4,1.58,5.15,1.11,1,0.207,0,0.0
TXN000311,1500,CARD,BANK_B,18,1.81,9.82,2.06,0,0.379,0,0.0
TXN000312,250,UPI,BANK_C,0,0.2,2.69,1.46,0,0.108,0,0.0
TXN000313,2000,UPI,BANK_A,8,1.68,7.28,2.14,1,0.2,0,0.0
TXN000314,100,UPI,BANK_C,11,1.12,4.34,1.34,0,0.089,0,0.0
TXN000315,500,UPI,BANK_D,0,0.66,8.55,1.46,0,0.26,0,0.0
TXN000316,2000,WALLET,BANK_D,16,1.21,10.72,2.0,0,0.168,0,0.0
TXN000317,100,UPI,BANK_C,5,2.05,4.2,2.22,0,0.086,0,0.0
TXN000318,1000,NETBANKING,BANK_A,20,0.69,25.2,1.25,0,0.279,1,18.9
TXN000319,2000,CARD,BANK_B,13,1.26,21.24,3.64,0,0.351,1,15.8
TXN000320,1500,NETBANKING,BANK_B,16,1.94,8.92,0.83,0,0.388,0,0.0
TXN000321,750,UPI,BANK_B,23,1.82,6.28,2.18,0,0.448,0,0.0
TXN000322,100,UPI,BANK_B,15,0.54,9.52,1.32,0,0.452,0,0.0
TXN000323,500,UPI,BANK_C,5,1.69,4.04,1.87,1,0.119,0,0.0
TXN000324,1500,NETBANKING,BANK_B,9,0.71,4.88,2.21,0,0.429,0,0.0
TXN000325,250,CARD,BANK_D,11,1.21,4.08,0.79,1,0.397,0,0.0
TXN000326,2000,UPI,BANK_C,17,0.57,5.34,1.54,0,0.051,0,0.0
TXN000327,100,UPI,BANK_A,18,1.25,6.3,2.99,0,0.192,0,0.0
TXN000328,2500,CARD,BANK_D,4,0.76,9.75,2.4,1,0.242,0,0.0
TXN000329,10000,UPI,BANK_A,22,1.0,6.68,1.9,0,0.249,0,0.0
TXN000330,5000,CARD,BANK_B,12,1.44,3.91,1.93,0,0.413,0,0.0
TXN000331,500,UPI,BANK_D,13,1.79,7.31,2.89,0,0.351,0,0.0
TXN000332,250,UPI,BANK_B,23,0.82,4.9,1.53,0,0.316,0,0.0
TXN000333,2500,CARD,BANK_C,15,1.33,6.01,2.26,0,0.172,0,0.0
TXN000334,1000,UPI,BANK_B,22,1.96,69.01,1.14,0,0.264,1,61.0
TXN000335,500,UPI,BANK_B,12,1.19,4.82,2.74,0,0.292,0,0.0
TXN000336,1000,UPI,BANK_A,0,2.06,13.73,3.83,3,0.187,1,8.4
TXN000337,1500,WALLET,BANK_C,11,1.22,-1.0,-1.0,0,0.152,1,1.0
TXN000338,750,UPI,BANK_D,22,2.23,-1.0,-1.0,0,0.294,1,1.6
TXN000339,100,UPI,BANK_A,0,1.7,6.46,2.69,0,0.247,0,0.0
TXN000340,2000,WALLET,BANK_C,22,1.9,4.33,2.05,1,0.119,0,0.0
TXN000341,500,UPI,BANK_C,23,2.68,5.53,5.03,0,0.139,0,0.0
TXN000342,500,UPI,BANK_D,4,2.57,6.6,2.27,0,0.235,0,0.0
TXN000343,750,CARD,BANK_D,7,1.34,2.36,1.3,0,0.277,0,0.0
TXN000344,500,UPI,BANK_A,0,0.97,-1.0,-1.0,0,0.161,1,1.0
TXN000345,2000,UPI,BANK_D,6,2.02,6.44,2.63,1,0.299,0,0.0
TXN000346,500,UPI,BANK_D,19,0.68,19.17,1.28,0,0.212,1,10.5
TXN000347,2000,UPI,BANK_A,20,0.72,5.48,3.02,1,0.199,0,0.0
TXN000348,1000,CARD,BANK_D,9,1.29,32.32,2.32,0,0.253,1,26.4
TXN000349,750,CARD,BANK_A,15,1.78,2.71,3.21,0,0.332,0,0.0
TXN000350,2000,WALLET,BANK_B,3,1.65,4.52,1.09,0,0.347,0,0.0
TXN000351,100,CARD,BANK_B,4,2.41,33.87,2.87,0,0.377,1,24.9
TXN000352,100,UPI,BANK_A,9,0.99,6.65,2.26,0,0.244,0,0.0
TXN000353,1000,NETBANKING,BANK_A,14,1.26,-1.0,-1.0,0,0.15,1,1.0
TXN000354,100,UPI,BANK_B,18,0.97,-1.0,-1.0,0,0.295,1,1.0
TXN000355,2500,UPI,BANK_B,17,1.48,5.22,1.18,0,0.404,0,0.0
TXN000356,100,UPI,BANK_A,7,2.08,9.01,1.23,0,0.307,1,1.0
TXN000357,500,CARD,BANK_A,15,0.68,8.68,1.59,0,0.169,0,0.0
TXN000358,750,UPI,BANK_C,9,1.77,5.85,1.56,1,0.158,0,0.0
TXN000359,10000,CARD,BANK_D,20,1.81,8.45,2.7,0,0.255,1,1.0
TXN000360,250,UPI,BANK_C,10,1.4,4.33,3.14,0,0.189,0,0.0
TXN000361,1500,CARD,BANK_D,11,1.67,7.46,2.06,0,0.246,0,0.0
TXN000362,750,UPI,BANK_D,14,1.53,5.3,1.75,0,0.304,0,0.0
TXN000363,2000,CARD,BANK_C,6,1.97,2.33,1.77,0,0.163,0,0.0
TXN000364,100,CARD,BANK_D,23,1.02,5.14,0.2,1,0.249,0,0.0
TXN000365,500,UPI,BANK_D,19,1.63,3.68,2.49,0,0.216,0,0.0
TXN000366,1500,UPI,BANK_C,4,0.58,2.31,27.99,0,0.12,1,20.0
TXN000367,5000,NETBANKING,BANK_B,18,2.63,39.97,1.93,1,0.349,1,32.8
TXN000368,500,CARD,BANK_D,18,1.02,18.58,2.58,0,0.235,1,11.8
TXN000369,5000,NETBANKING,BANK_D,22,2.13,2.21,0.75,1,0.315,0,0.0
TXN000370,2000,CARD,BANK_B,14,0.18,-1.0,-1.0,0,0.24,1,1.0
TXN000371,2000,UPI,BANK_B,4,1.57,8.36,2.14,0,0.411,0,0.0
TXN000372,1500,CARD,BANK_D,23,1.73,6.95,2.53,0,0.374,0,0.0
TXN000373,10000,WALLET,BANK_B,1,1.01,-1.0,-1.0,1,0.355,1,1.0
TXN000374,100,NETBANKING,BANK_C,23,1.28,8.77,1.67,0,0.129,0,0.0
TXN000375,100,UPI,BANK_C,3,2.66,7.8,3.46,0,0.108,0,0.0
TXN000376,2500,UPI,BANK_A,21,0.65,2.71,0.62,0,0.245,0,0.0
TXN000377,2500,UPI,BANK_D,20,1.32,66.43,2.55,1,0.311,1,55.8
TXN000378,1500,CARD,BANK_B,15,2.03,8.44,3.31,0,0.394,0,0.0
TXN000379,500,NETBANKING,BANK_D,23,0.77,3.61,1.72,0,0.292,0,0.0
TXN000380,2000,UPI,BANK_A,14,1.86,25.81,3.32,0,0.16,1,19.1
TXN000381,2000,CARD,BANK_D,14,0.88,7.28,0.61,0,0.249,0,0.0
TXN000382,2500,NETBANKING,BANK_D,20,1.46,50.19,2.66,1,0.282,1,40.7
TXN000383,250,UPI,BANK_B,11,0.71,2.15,1.89,0,0.428,0,0.0
TXN000384,250,UPI,BANK_C,22,2.06,5.16,2.86,0,0.109,0,0.0
TXN000385,2500,CARD,BANK_D,0,1.11,10.01,3.05,0,0.242,0,0.0
TXN000386,100,CARD,BANK_C,13,2.06,5.37,1.79,0,0.17,0,0.0
TXN000387,100,UPI,BANK_A,17,1.4,40.43,3.68,0,0.16,1,33.9
TXN000388,500,UPI,BANK_B,13,1.46,4.48,0.2,0,0.367,0,0.0
TXN000389,250,CARD,BANK_A,21,1.55,5.85,38.71,0,0.169,1,34.8
TXN000390,2000,UPI,BANK_A,9,1.77,5.06,4.49,1,0.199,0,0.0
TXN000391,250,CARD,BANK_C,19,0.67,9.65,2.07,0,0.19,0,0.0
TXN000392,1000,UPI,BANK_B,16,1.04,4.55,1.54,0,0.257,0,0.0
TXN000393,100,CARD,BANK_B,3,1.7,4.43,1.12,0,0.403,0,0.0
TXN000394,2000,WALLET,BANK_B,10,1.88,34.54,3.19,0,0.344,1,25.2
TXN000395,750,NETBANKING,BANK_D,5,0.69,2.11,3.66,0,0.275,0,0.0
TXN000396,1000,WALLET,BANK_D,15,2.32,-1.0,3.43,0,0.323,1,1.0
TXN000397,2500,UPI,BANK_A,12,0.96,6.01,2.01,0,0.24,0,0.0
TXN000398,750,UPI,BANK_A,12,0.84,1.66,2.14,0,0.244,0,0.0
TXN000399,25000,UPI,BANK_D,3,0.87,8.83,1.31,0,0.308,1,1.0
TXN000400,10000,WALLET,BANK_C,3,1.76,12.57,3.35,0,0.186,0,0.0
TXN000401,100,WALLET,BANK_D,19,1.08,26.51,0.94,0,0.277,1,16.1
TXN000402,250,CARD,BANK_D,7,1.39,7.49,1.86,0,0.266,0,0.0
TXN000403,500,UPI,BANK_A,13,0.98,34.92,2.44,0,0.234,1,27.8
TXN000404,2000,WALLET,BANK_A,10,2.33,6.57,2.63,0,0.234,0,0.0
TXN000405,1500,UPI,BANK_A,3,1.54,4.88,1.51,0,0.297,0,0.0
TXN000406,500,UPI,BANK_D,11,3.18,5.08,0.33,1,0.325,0,0.0
TXN000407,100,CARD,BANK_B,6,1.95,5.43,1.5,0,0.34,0,0.0
TXN000408,250,CARD,BANK_B,12,0.92,-1.0,-1.0,0,0.347,1,1.2
TXN000409,2000,UPI,BANK_B,12,1.24,2.64,2.42,0,0.377,0,0.0
TXN000410,500,WALLET,BANK_C,4,0.37,6.94,0.2,0,0.103,0,0.0
TXN000411,25000,UPI,BANK_B,5,2.57,4.77,1.52,0,0.427,0,0.0
TXN000412,750,CARD,BANK_A,5,0.87,9.52,1.95,1,0.209,1,1.0
TXN000413,1000,WALLET,BANK_A,8,1.44,7.01,2.27,0,0.205,0,0.0
TXN000414,500,CARD,BANK_B,9,0.77,-1.0,-1.0,0,0.428,1,1.0
TXN000415,2500,CARD,BANK_D,7,1.3,5.36,2.85,0,0.292,0,0.0
TXN000416,2500,UPI,BANK_B,12,1.04,9.58,2.28,0,0.379,0,0.0
TXN000417,1000,WALLET,BANK_D,5,1.68,10.63,2.09,0,0.163,0,0.0
TXN000418,100,CARD,BANK_C,10,1.05,2.62,1.65,0,0.155,0,0.0
TXN000419,2500,UPI,BANK_A,23,0.77,7.79,0.82,0,0.302,0,0.0
TXN000420,5000,WALLET,BANK_B,1,1.84,6.04,0.97,0,0.325,0,0.0
TXN000421,750,UPI,BANK_B,14,1.69,2.75,2.3,0,0.326,0,0.0
TXN000422,250,UPI,BANK_B,20,0.91,4.97,1.74,0,0.314,0,0.0
TXN000423,500,UPI,BANK_A,4,0.54,2.58,3.79,0,0.188,0,0.0
TXN000424,500,UPI,BANK_A,11,0.53,12.12,0.41,0,0.168,0,0.0
TXN000425,2500,UPI,BANK_A,13,0.27,-1.0,-1.0,0,0.208,1,1.0
TXN000426,250,CARD,BANK_C,15,1.31,3.25,2.67,0,0.151,0,0.0
TXN000427,1500,UPI,BANK_D,7,0.87,7.89,2.35,0,0.335,0,0.0
TXN000428,750,CARD,BANK_A,7,1.57,5.24,1.16,1,0.255,0,0.0
TXN000429,2500,UPI,BANK_B,1,1.48,21.46,4.38,0,0.33,1,13.3
TXN000430,1500,UPI,BANK_D,6,1.0,9.27,3.34,1,0.306,0,0.0
TXN000431,2000,UPI,BANK_C,8,0.88,-1.0,2.22,1,0.235,1,1.0
TXN000432,500,UPI,BANK_A,1,1.97,7.98,1.74,0,0.18,1,1.0
TXN000433,500,UPI,BANK_C,17,1.67,3.41,1.7,0,0.115,0,0.0
TXN000434,100,UPI,BANK_B,2,0.75,6.63,2.9,0,0.364,0,0.0
TXN000435,5000,CARD,BANK_D,14,1.0,8.92,2.36,0,0.293,0,0.0
TXN000436,5000,CARD,BANK_C,0,1.19,-1.0,-1.0,0,0.15,1,1.0
TXN000437,1000,UPI,BANK_B,5,1.11,33.71,1.83,1,0.289,1,26.1
TXN000438,750,CARD,BANK_B,1,2.82,5.96,1.31,0,0.341,0,0.0
TXN000439,750,UPI,BANK_D,13,1.41,5.59,1.43,0,0.271,0,0.0
TXN000440,250,CARD,BANK_C,11,1.84,6.94,2.87,0,0.186,0,0.0
TXN000441,5000,UPI,BANK_C,18,1.12,6.45,2.42,0,0.109,0,0.0
TXN000442,250,CARD,BANK_B,14,1.4,9.54,0.78,0,0.309,0,0.0
TXN000443,2000,UPI,BANK_B,2,2.02,51.17,1.63,0,0.349,1,45.2
TXN000444,5000,CARD,BANK_C,19,1.54,4.09,0.82,0,0.178,0,0.0
TXN000445,2500,CARD,BANK_A,17,1.03,-1.0,-1.0,0,0.181,1,1.0
TXN000446,2000,UPI,BANK_C,6,2.38,6.07,2.56,0,0.178,0,0.0
TXN000447,1500,UPI,BANK_C,7,2.08,4.23,1.27,0,0.118,0,0.0
TXN000448,1500,WALLET,BANK_B,18,2.11,5.24,1.79,0,0.301,0,0.0
TXN000449,1000,UPI,BANK_A,1,1.13,9.46,2.2,0,0.17,0,0.0
TXN000450,2500,UPI,BANK_D,21,1.27,9.55,0.2,0,0.285,0,0.0
TXN000451,2500,UPI,BANK_C,4,0.95,-1.0,-1.0,0,0.116,1,1.0
TXN000452,2500,CARD,BANK_A,11,0.7,2.68,2.53,0,0.153,0,0.0
TXN000453,2000,UPI,BANK_A,17,1.8,8.65,42.28,0,0.183,1,34.4
TXN000454,100,UPI,BANK_C,21,1.03,9.01,35.95,0,0.268,1,25.1
TXN000455,250,NETBANKING,BANK_D,6,2.1,8.05,2.58,1,0.23,0,0.0
TXN000456,500,NETBANKING,BANK_D,2,1.69,3.98,0.2,0,0.307,0,0.0
TXN000457,100,UPI,BANK_C,16,2.17,44.85,2.03,0,0.178,1,37.4
TXN000458,100,NETBANKING,BANK_C,12,1.79,10.3,1.61,0,0.231,0,0.0
TXN000459,100,CARD,BANK_D,3,1.74,10.88,1.33,0,0.325,0,0.0
TXN000460,100,WALLET,BANK_C,22,1.86,6.51,2.23,0,0.146,0,0.0
TXN000461,250,UPI,BANK_D,22,0.87,21.23,2.22,0,0.291,1,13.2
TXN000462,100,UPI,BANK_A,12,1.79,11.47,1.21,0,0.133,1,5.4
TXN000463,1000,UPI,BANK_A,5,0.61,-1.0,-1.0,0,0.186,1,1.7
TXN000464,500,UPI,BANK_D,5,0.74,3.29,2.39,0,0.372,0,0.0
TXN000465,100,NETBANKING,BANK_C,4,0.92,9.52,0.2,0,0.19,0,0.0
TXN000466,1500,UPI,BANK_B,19,1.42,7.03,1.56,0,0.271,0,0.0
TXN000467,2000,UPI,BANK_A,16,1.1,10.19,1.81,0,0.198,0,0.0
TXN000468,5000,CARD,BANK_D,0,1.66,11.23,2.34,0,0.161,0,0.0
TXN000469,2000,UPI,BANK_D,20,1.48,5.87,2.61,0,0.253,0,0.0
TXN000470,1000,UPI,BANK_A,0,1.57,3.67,1.56,0,0.272,0,0.0
TXN000471,500,NETBANKING,BANK_A,4,2.42,10.06,2.58,0,0.196,1,2.4
TXN000472,100,WALLET,BANK_B,22,1.21,4.6,39.3,0,0.237,1,29.5
TXN000473,1000,CARD,BANK_B,19,0.62,3.43,1.25,0,0.392,0,0.0
TXN000474,10000,UPI,BANK_A,6,1.28,4.51,0.2,0,0.268,0,0.0
TXN000475,1500,UPI,BANK_A,19,1.15,3.59,3.77,0,0.144,1,1.0
TXN000476,250,NETBANKING,BANK_D,10,1.08,7.81,1.62,1,0.266,0,0.0
TXN000477,100,WALLET,BANK_D,13,0.85,3.69,21.06,0,0.283,1,13.6
TXN000478,750,CARD,BANK_B,1,1.09,9.87,1.92,0,0.414,0,0.0
TXN000479,2500,CARD,BANK_B,16,1.42,7.87,1.25,0,0.342,0,0.0
TXN000480,500,UPI,BANK_A,10,2.19,7.91,0.58,0,0.185,0,0.0
TXN000481,2000,CARD,BANK_D,9,0.6,5.87,0.34,0,0.306,0,0.0
TXN000482,500,UPI,BANK_C,13,1.99,2.51,23.45,0,0.042,1,16.1
TXN000483,500,CARD,BANK_A,15,1.51,9.5,2.01,0,0.182,0,0.0
TXN000484,100,CARD,BANK_C,15,1.13,25.59,1.42,0,0.169,1,18.0
TXN000485,1000,UPI,BANK_D,13,1.49,25.17,4.43,0,0.295,1,15.5
TXN000486,750,UPI,BANK_B,19,1.65,23.35,2.76,0,0.361,1,16.1
TXN000487,1500,WALLET,BANK_C,12,0.87,7.07,1.68,1,0.238,0,0.0
TXN000488,500,UPI,BANK_B,21,1.21,0.62,2.24,0,0.325,0,0.0
TXN000489,250,NETBANKING,BANK_C,16,2.46,7.87,0.99,0,0.104,0,0.0
TXN000490,250,UPI,BANK_D,11,1.55,8.39,2.81,0,0.272,0,0.0
TXN000491,1000,UPI,BANK_B,10,1.69,5.66,35.9,0,0.291,1,30.0
TXN000492,100,CARD,BANK_B,7,1.67,10.49,0.5,0,0.35,0,0.0
TXN000493,500,UPI,BANK_C,6,0.39,3.58,2.56,2,0.151,0,0.0
TXN000494,2500,UPI,BANK_B,18,1.09,4.28,2.36,1,0.439,0,0.0
TXN000495,500,CARD,BANK_C,20,1.89,4.16,2.32,0,0.139,0,0.0
TXN000496,100,UPI,BANK_B,14,1.77,5.74,3.64,0,0.366,0,0.0
TXN000497,1500,NETBANKING,BANK_A,12,1.21,7.9,1.65,0,0.26,0,0.0
TXN000498,1000,CARD,BANK_A,17,2.4,1.73,1.54,0,0.262,0,0.0
TXN000499,250,UPI,BANK_D,10,1.95,8.17,1.64,0,0.297,0,0.0
TXN000500,1000,UPI,BANK_D,2,1.83,5.71,2.19,0,0.227,0,0.0
TXN000501,2000,UPI,BANK_A,1,1.25,4.33,1.45,0,0.303,0,0.0
TXN000502,2000,WALLET,BANK_C,12,1.47,6.17,2.85,0,0.242,0,0.0
TXN000503,100,UPI,BANK_A,9,0.44,13.91,1.1,0,0.236,1,3.6
TXN000504,5000,CARD,BANK_B,14,2.41,4.47,2.88,0,0.349,0,0.0
TXN000505,750,WALLET,BANK_B,16,1.36,3.64,2.99,0,0.371,0,0.0
TXN000506,100,UPI,BANK_B,5,1.13,3.64,0.38,0,0.332,0,0.0
TXN000507,25000,UPI,BANK_A,22,2.61,4.03,0.2,1,0.198,0,0.0
TXN000508,500,UPI,BANK_D,3,0.94,3.26,3.61,1,0.285,0,0.0
TXN000509,100,UPI,BANK_A,13,0.6,5.51,1.41,0,0.275,0,0.0
TXN000510,1500,CARD,BANK_D,13,1.93,5.77,3.08,0,0.28,0,0.0
TXN000511,1500,CARD,BANK_D,13,1.85,7.06,1.65,0,0.24,0,0.0
TXN000512,5000,NETBANKING,BANK_C,11,1.15,10.09,2.87,0,0.132,0,0.0
TXN000513,250,UPI,BANK_B,12,1.29,6.62,3.13,0,0.334,0,0.0
TXN000514,1500,UPI,BANK_D,4,2.85,0.5,1.61,0,0.28,0,0.0
TXN000515,750,WALLET,BANK_D,11,1.43,5.74,1.92,0,0.271,0,0.0
TXN000516,100,CARD,BANK_A,22,2.02,30.25,2.51,0,0.309,1,19.4
TXN000517,1000,CARD,BANK_A,2,1.61,13.14,2.3,0,0.3,0,0.0
TXN000518,2500,UPI,BANK_C,1,2.46,6.5,0.2,0,0.133,0,0.0
TXN000519,1500,UPI,BANK_A,0,1.46,6.08,1.65,0,0.281,0,0.0
TXN000520,2500,UPI,BANK_A,15,1.51,10.95,2.58,0,0.134,0,0.0
TXN000521,500,CARD,BANK_C,6,2.01,4.88,1.57,1,0.151,0,0.0
TXN000522,750,NETBANKING,BANK_D,17,2.69,4.49,1.43,0,0.277,0,0.0
TXN000523,250,NETBANKING,BANK_A,14,0.2,10.7,1.85,0,0.249,0,0.0
TXN000524,1000,UPI,BANK_A,9,1.11,4.87,32.05,1,0.126,1,26.6
TXN000525,25000,UPI,BANK_D,20,0.51,-1.0,-1.0,0,0.229,1,1.0
TXN000526,250,UPI,BANK_A,23,0.34,-1.0,-1.0,0,0.263,1,1.0
TXN000527,1000,UPI,BANK_A,7,1.38,11.09,0.24,0,0.208,0,0.0
TXN000528,2000,UPI,BANK_A,21,1.86,7.67,2.51,1,0.176,0,0.0
TXN000529,5000,UPI,BANK_A,21,0.79,6.45,0.65,0,0.16,0,0.0
TXN000530,750,UPI,BANK_A,19,0.84,4.65,2.27,0,0.189,0,0.0
TXN000531,2000,UPI,BANK_C,10,1.4,8.95,2.56,0,0.077,0,0.0
TXN000532,500,UPI,BANK_C,11,1.3,-1.0,-1.0,0,0.128,1,1.0
TXN000533,1000,NETBANKING,BANK_B,10,2.24,35.07,1.04,0,0.345,1,26.0
TXN000534,1000,UPI,BANK_C,6,1.56,1.68,34.38,0,0.199,1,26.9
TXN000535,500,UPI,BANK_A,6,2.17,8.99,2.32,0,0.295,0,0.0
TXN000536,1000,UPI,BANK_D,20,1.27,4.33,2.26,0,0.196,0,0.0
TXN000537,250,UPI,BANK_D,4,1.05,5.6,3.89,0,0.349,0,0.0
TXN000538,500,CARD,BANK_A,0,1.45,1.45,3.12,0,0.323,0,0.0
TXN000539,1500,UPI,BANK_B,11,1.88,6.64,1.51,0,0.318,0,0.0
TXN000540,5000,UPI,BANK_C,14,1.39,15.28,2.99,0,0.128,1,1.8
TXN000541,2500,CARD,BANK_B,15,1.62,1.72,3.9,1,0.278,0,0.0
TXN000542,750,UPI,BANK_B,5,0.56,5.84,1.44,0,0.316,0,0.0
TXN000543,2000,CARD,BANK_A,5,0.96,6.23,1.7,0,0.232,1,1.0
TXN000544,5000,UPI,BANK_C,13,0.74,2.47,3.67,1,0.168,0,0.0
TXN000545,2500,UPI,BANK_A,8,1.03,8.73,1.6,0,0.168,0,0.0
TXN000546,2500,CARD,BANK_C,18,0.37,8.9,44.85,0,0.147,1,39.4
TXN000547,750,CARD,BANK_C,5,0.83,6.01,1.18,0,0.169,0,0.0
TXN000548,2000,UPI,BANK_D,20,0.38,-1.0,-1.0,0,0.331,1,1.0
TXN000549,100,UPI,BANK_B,2,1.49,5.32,1.61,0,0.354,0,0.0
TXN000550,100,CARD,BANK_A,12,1.71,0.7,2.89,1,0.186,0,0.0
TXN000551,2500,CARD,BANK_C,9,1.52,7.04,2.07,1,0.192,0,0.0
TXN000552,250,CARD,BANK_B,10,1.93,9.26,1.02,0,0.313,0,0.0
TXN000553,5000,WALLET,BANK_A,4,1.5,7.27,1.75,0,0.274,0,0.0
TXN000554,100,CARD,BANK_B,0,2.13,5.66,2.04,0,0.309,0,0.0
TXN000555,5000,NETBANKING,BANK_B,11,1.36,6.03,2.8,0,0.432,0,0.0
TXN000556,250,CARD,BANK_B,20,1.6,2.44,1.67,0,0.346,0,0.0
TXN000557,2500,UPI,BANK_B,22,1.55,3.66,2.01,0,0.351,0,0.0
TXN000558,750,UPI,BANK_A,15,1.15,7.17,1.82,0,0.077,0,0.0
TXN000559,2500,UPI,BANK_C,14,1.5,2.74,3.63,1,0.146,0,0.0
TXN000560,1500,CARD,BANK_D,20,1.8,22.38,0.2,0,0.206,1,14.3
TXN000561,1000,NETBANKING,BANK_C,14,0.84,8.54,4.23,0,0.186,0,0.0
TXN000562,25000,CARD,BANK_C,2,2.77,40.54,0.26,0,0.117,1,31.2
TXN000563,25000,CARD,BANK_B,16,1.64,7.54,2.0,0,0.356,0,0.0
TXN000564,100,UPI,BANK_A,17,2.06,6.18,0.83,1,0.19,0,0.0
TXN000565,1000,UPI,BANK_B,3,1.36,2.33,1.0,1,0.33,0,0.0
TXN000566,1500,NETBANKING,BANK_B,10,1.82,4.22,1.22,0,0.41,0,0.0
TXN000567,100,UPI,BANK_D,7,1.74,8.53,2.39,0,0.282,0,0.0
TXN000568,5000,CARD,BANK_C,11,2.73,4.43,1.76,1,0.106,0,0.0
TXN000569,2500,WALLET,BANK_B,14,1.99,8.64,2.14,1,0.512,0,0.0
TXN000570,1500,CARD,BANK_D,18,2.53,9.7,2.79,0,0.217,0,0.0
TXN000571,250,UPI,BANK_C,3,2.04,32.47,2.53,0,0.145,1,22.5
TXN000572,750,CARD,BANK_A,19,2.17,15.05,2.59,1,0.128,1,5.7
TXN000573,1500,UPI,BANK_A,8,1.73,3.51,2.91,0,0.235,0,0.0
TXN000574,1500,UPI,BANK_C,14,1.79,19.92,2.34,0,0.155,1,16.8
TXN000575,5000,NETBANKING,BANK_A,5,1.04,3.98,2.99,0,0.28,0,0.0
TXN000576,750,UPI,BANK_D,0,1.93,3.54,0.97,0,0.305,0,0.0
TXN000577,2000,UPI,BANK_B,9,0.34,6.63,2.69,0,0.274,0,0.0
TXN000578,1000,UPI,BANK_A,4,1.01,7.32,2.56,0,0.239,0,0.0
TXN000579,1500,UPI,BANK_A,5,1.98,8.23,2.31,0,0.277,0,0.0
TXN000580,100,UPI,BANK_D,3,1.1,17.32,3.43,0,0.279,1,10.3
TXN000581,25000,CARD,BANK_C,1,1.5,8.17,0.2,0,0.147,0,0.0
TXN000582,500,NETBANKING,BANK_D,0,1.31,7.88,3.99,0,0.28,1,3.6
TXN000583,250,UPI,BANK_A,19,1.55,27.18,1.99,2,0.204,1,22.0
TXN000584,1000,NETBANKING,BANK_D,7,1.73,9.82,3.15,0,0.217,0,0.0
TXN000585,250,UPI,BANK_C,4,0.53,3.93,2.29,0,0.181,0,0.0
TXN000586,10000,UPI,BANK_B,13,2.21,5.22,2.73,0,0.284,0,0.0
TXN000587,1000,UPI,BANK_B,0,0.85,32.55,2.78,0,0.323,1,27.1
TXN000588,1000,WALLET,BANK_A,16,1.34,2.97,2.94,0,0.16,0,0.0
TXN000589,500,NETBANKING,BANK_B,1,1.56,8.52,4.29,0,0.275,0,0.0
TXN000590,250,WALLET,BANK_C,10,1.15,5.81,2.32,0,0.174,0,0.0
TXN000591,500,NETBANKING,BANK_A,18,1.08,1.99,1.97,0,0.285,0,0.0
TXN000592,1500,UPI,BANK_D,16,1.06,7.43,0.2,0,0.344,0,0.0
TXN000593,1000,NETBANKING,BANK_D,22,1.42,3.56,2.49,0,0.32,0,0.0
TXN000594,100,CARD,BANK_C,15,1.27,6.67,0.94,1,0.106,0,0.0
TXN000595,1500,UPI,BANK_C,8,0.81,-1.0,-1.0,0,0.19,1,2.8
TXN000596,100,CARD,BANK_C,16,1.35,8.0,1.79,0,0.189,1,1.0
TXN000597,500,UPI,BANK_B,9,1.2,8.0,0.91,0,0.354,1,1.0
TXN000598,1000,UPI,BANK_A,8,0.96,-1.0,-1.0,0,0.143,1,1.0
TXN000599,250,UPI,BANK_D,16,0.91,7.7,2.64,1,0.24,0,0.0
TXN000600,2000,UPI,BANK_C,7,1.36,27.66,1.28,0,0.148,1,20.9
TXN000601,2500,CARD,BANK_A,9,1.84,2.97,36.59,0,0.25,1,29.3
TXN000602,500,NETBANKING,BANK_D,5,0.9,7.8,1.84,1,0.308,0,0.0
TXN000603,2500,NETBANKING,BANK_A,23,1.15,2.64,3.62,0,0.344,0,0.0
TXN000604,100,NETBANKING,BANK_A,13,0.77,6.63,2.2,0,0.142,1,1.0
TXN000605,2000,CARD,BANK_B,5,0.99,8.57,2.39,0,0.375,0,0.0
TXN000606,100,UPI,BANK_D,13,1.97,47.19,1.01,0,0.289,1,39.3
TXN000607,500,WALLET,BANK_A,18,1.07,6.72,1.67,0,0.304,0,0.0
TXN000608,5000,CARD,BANK_D,8,1.37,6.25,2.23,0,0.303,0,0.0
TXN000609,10000,UPI,BANK_C,12,1.44,6.08,2.47,2,0.277,0,0.0
TXN000610,250,CARD,BANK_B,20,1.74,0.5,2.67,0,0.446,0,0.0
TXN000611,2000,UPI,BANK_A,12,0.2,7.12,3.15,0,0.238,0,0.0
TXN000612,1500,CARD,BANK_D,9,1.25,-1.0,-1.0,0,0.204,1,1.0
TXN000613,2500,CARD,BANK_D,12,1.97,7.5,1.45,0,0.271,0,0.0
TXN000614,1000,NETBANKING,BANK_D,5,1.65,5.34,2.29,0,0.33,0,0.0
TXN000615,750,CARD,BANK_D,18,1.17,31.48,2.03,0,0.264,1,22.9
TXN000616,1000,CARD,BANK_C,16,1.18,10.74,1.62,0,0.106,0,0.0
TXN000617,250,CARD,BANK_B,8,0.96,44.3,1.65,0,0.422,1,35.8
TXN000618,1500,UPI,BANK_A,2,0.39,5.3,3.14,0,0.25,0,0.0
TXN000619,500,UPI,BANK_A,6,1.6,4.01,2.87,0,0.063,0,0.0
TXN000620,2500,WALLET,BANK_B,15,1.22,37.33,2.47,0,0.39,1,29.6
TXN000621,100,CARD,BANK_B,7,1.17,8.87,0.66,0,0.242,0,0.0
TXN000622,1000,UPI,BANK_C,4,1.77,7.65,0.22,0,0.207,0,0.0
TXN000623,500,CARD,BANK_A,12,2.02,1.45,0.5,0,0.183,0,0.0
TXN000624,2500,UPI,BANK_A,2,0.98,6.6,1.15,0,0.211,0,0.0
TXN000625,2500,UPI,BANK_D,14,2.66,24.87,2.13,0,0.363,1,15.9
TXN000626,1000,CARD,BANK_A,20,2.17,12.35,38.81,0,0.229,1,31.0
TXN000627,2000,NETBANKING,BANK_A,15,1.47,10.42,2.54,1,0.174,0,0.0
TXN000628,2000,NETBANKING,BANK_B,23,0.9,6.98,4.27,1,0.36,0,0.0
TXN000629,1500,UPI,BANK_D,23,2.17,5.22,1.62,0,0.232,0,0.0
TXN000630,1500,UPI,BANK_C,23,1.84,8.21,2.77,0,0.129,0,0.0
TXN000631,1000,CARD,BANK_C,18,0.7,6.37,1.8,0,0.055,0,0.0
TXN000632,250,CARD,BANK_C,19,0.83,6.52,2.2,0,0.109,0,0.0
TXN000633,10000,WALLET,BANK_B,17,0.64,4.54,1.72,0,0.349,0,0.0
TXN000634,500,NETBANKING,BANK_D,18,1.84,5.91,3.01,0,0.334,0,0.0
TXN000635,10000,CARD,BANK_B,4,2.18,9.29,3.2,1,0.41,0,0.0
TXN000636,1000,UPI,BANK_B,20,0.51,5.28,3.32,0,0.373,0,0.0
TXN000637,1500,NETBANKING,BANK_A,23,0.73,8.78,28.97,0,0.284,1,19.7
TXN000638,2500,WALLET,BANK_C,12,1.97,-1.0,-1.0,0,0.249,1,1.0
TXN000639,500,UPI,BANK_D,2,1.35,10.56,2.03,0,0.364,1,3.7
TXN000640,100,CARD,BANK_D,17,1.17,5.59,2.14,0,0.366,0,0.0
TXN000641,750,CARD,BANK_D,21,2.47,6.51,2.57,0,0.272,0,0.0
TXN000642,2500,NETBANKING,BANK_D,18,1.32,5.39,3.71,0,0.416,0,0.0
TXN000643,500,UPI,BANK_B,16,1.85,6.43,2.53,0,0.315,0,0.0
TXN000644,500,CARD,BANK_D,18,1.96,6.61,2.61,0,0.188,0,0.0
TXN000645,750,NETBANKING,BANK_D,18,2.01,3.78,3.05,0,0.44,0,0.0
TXN000646,500,WALLET,BANK_B,22,1.38,6.32,1.09,0,0.389,0,0.0
TXN000647,750,NETBANKING,BANK_C,12,2.23,20.82,1.92,2,0.226,1,13.1
TXN000648,500,NETBANKING,BANK_B,15,1.5,5.01,1.44,0,0.322,0,0.0
TXN000649,500,UPI,BANK_D,22,1.92,0.5,2.57,0,0.272,0,0.0
TXN000650,500,UPI,BANK_A,13,0.9,-1.0,-1.0,0,0.172,1,1.0
TXN000651,100,UPI,BANK_D,7,1.64,5.87,2.86,0,0.31,0,0.0
TXN000652,1500,NETBANKING,BANK_C,17,0.96,-1.0,-1.0,0,0.185,1,1.0
TXN000653,5000,UPI,BANK_B,4,0.59,8.66,1.83,0,0.345,0,0.0
TXN000654,500,CARD,BANK_C,4,1.8,6.22,1.36,0,0.193,0,0.0
TXN000655,500,CARD,BANK_D,18,1.32,40.46,1.7,0,0.24,1,33.6
TXN000656,250,CARD,BANK_B,8,1.11,-1.0,-1.0,0,0.394,1,1.0
TXN000657,500,UPI,BANK_C,4,0.78,10.97,1.9,0,0.182,0,0.0
TXN000658,500,CARD,BANK_A,8,0.98,6.39,2.5,0,0.302,0,0.0
TXN000659,1500,CARD,BANK_A,21,0.85,2.67,2.8,0,0.235,0,0.0
TXN000660,750,UPI,BANK_B,23,0.63,3.97,0.2,0,0.368,0,0.0
TXN000661,100,UPI,BANK_B,21,2.59,4.29,2.22,0,0.286,0,0.0
TXN000662,250,NETBANKING,BANK_C,22,0.99,8.5,1.96,0,0.134,0,0.0
TXN000663,500,UPI,BANK_D,12,2.97,9.26,1.28,1,0.266,0,0.0
TXN000664,1500,UPI,BANK_C,22,0.71,3.18,1.52,0,0.128,0,0.0
TXN000665,1000,UPI,BANK_D,10,0.63,7.95,2.49,0,0.344,0,0.0
TXN000666,500,UPI,BANK_A,21,1.94,27.82,0.94,0,0.213,1,15.6
TXN000667,5000,WALLET,BANK_D,23,0.62,-1.0,-1.0,1,0.246,1,1.0
TXN000668,750,UPI,BANK_D,3,1.02,10.56,1.8,1,0.385,1,6.1
TXN000669,10000,UPI,BANK_B,14,0.55,-1.0,-1.0,0,0.326,1,1.0
TXN000670,250,CARD,BANK_C,0,1.63,-1.0,-1.0,0,0.058,1,2.7
TXN000671,500,NETBANKING,BANK_C,6,1.7,4.08,2.03,0,0.02,0,0.0
TXN000672,500,UPI,BANK_B,23,1.2,-1.0,-1.0,0,0.361,1,1.0
TXN000673,1000,CARD,BANK_B,22,1.37,4.86,33.33,1,0.378,1,27.0
TXN000674,750,UPI,BANK_B,23,1.0,6.36,1.81,0,0.347,0,0.0
TXN000675,250,UPI,BANK_C,3,1.12,9.03,46.93,0,0.188,1,39.3
TXN000676,750,NETBANKING,BANK_B,4,2.39,5.21,2.02,0,0.388,0,0.0
TXN000677,10000,UPI,BANK_A,11,1.42,6.03,45.38,0,0.31,1,37.2
TXN000678,1000,NETBANKING,BANK_B,10,1.18,38.22,1.97,0,0.411,1,29.3
TXN000679,1500,WALLET,BANK_A,7,0.9,-1.0,-1.0,0,0.256,1,1.0
TXN000680,750,CARD,BANK_D,12,1.51,-1.0,-1.0,0,0.252,1,1.0
TXN000681,100,NETBANKING,BANK_B,19,1.76,8.83,1.92,0,0.34,0,0.0
TXN000682,1000,UPI,BANK_C,1,1.43,7.86,3.65,0,0.199,0,0.0
TXN000683,2000,WALLET,BANK_C,7,1.67,2.8,3.23,0,0.102,0,0.0
TXN000684,750,UPI,BANK_A,23,1.16,17.69,0.2,0,0.226,1,7.2
TXN000685,1500,UPI,BANK_A,20,0.37,-1.0,-1.0,0,0.325,1,2.0
TXN000686,25000,UPI,BANK_A,6,2.23,6.2,41.6,0,0.317,1,37.1
TXN000687,1500,CARD,BANK_D,9,1.2,30.52,4.56,2,0.258,1,22.3
TXN000688,100,UPI,BANK_B,16,0.43,13.42,0.2,0,0.282,1,6.2
TXN000689,100,NETBANKING,BANK_D,1,0.91,8.97,2.35,1,0.268,0,0.0
TXN000690,750,NETBANKING,BANK_A,5,1.15,9.89,1.81,0,0.26,0,0.0
TXN000691,500,UPI,BANK_D,16,1.34,6.09,1.48,1,0.263,0,0.0
TXN000692,750,CARD,BANK_D,18,2.77,43.24,2.13,0,0.287,1,33.9
TXN000693,250,WALLET,BANK_C,3,0.96,7.82,0.83,0,0.176,0,0.0
TXN000694,100,UPI,BANK_A,9,1.46,2.5,39.62,0,0.316,1,31.6
TXN000695,5000,UPI,BANK_A,3,2.15,3.61,2.02,0,0.151,0,0.0
TXN000696,1500,CARD,BANK_A,15,1.11,10.4,35.88,0,0.204,1,25.9
TXN000697,250,CARD,BANK_C,5,1.44,27.68,2.64,0,0.16,1,14.3
TXN000698,2000,CARD,BANK_B,5,2.25,5.34,1.1,1,0.36,0,0.0
TXN000699,250,UPI,BANK_D,12,2.16,7.96,3.42,0,0.31,0,0.0
TXN000700,750,CARD,BANK_B,23,2.47,5.98,1.55,0,0.423,0,0.0
TXN000701,500,UPI,BANK_C,7,1.1,6.32,2.27,0,0.131,0,0.0
TXN000702,1500,UPI,BANK_B,11,1.55,2.91,2.67,0,0.357,0,0.0
TXN000703,500,CARD,BANK_B,18,0.9,1.65,1.13,0,0.348,0,0.0
TXN000704,5000,UPI,BANK_B,21,1.3,10.31,2.66,0,0.322,0,0.0
TXN000705,10000,UPI,BANK_A,23,1.25,3.26,1.96,0,0.226,0,0.0
TXN000706,2000,UPI,BANK_C,1,2.25,41.04,4.8,0,0.158,1,34.6
TXN000707,750,CARD,BANK_A,19,1.09,7.03,1.86,1,0.124,0,0.0
TXN000708,5000,UPI,BANK_B,8,1.95,37.65,2.61,1,0.405,1,30.1
TXN000709,250,UPI,BANK_C,0,1.32,8.88,3.57,0,0.077,0,0.0
TXN000710,250,CARD,BANK_D,7,0.56,7.62,2.68,0,0.333,0,0.0
TXN000711,2500,CARD,BANK_A,22,0.93,6.01,0.91,0,0.207,0,0.0
TXN000712,750,UPI,BANK_A,12,1.23,5.59,1.99,0,0.133,0,0.0
TXN000713,2000,CARD,BANK_D,21,0.89,24.66,0.76,0,0.343,1,15.2
TXN000714,100,UPI,BANK_B,2,0.44,1.99,2.49,0,0.253,0,0.0
TXN000715,2000,UPI,BANK_B,11,1.67,4.38,2.04,1,0.369,0,0.0
TXN000716,5000,UPI,BANK_B,16,1.36,5.64,0.99,0,0.413,0,0.0
TXN000717,1000,UPI,BANK_A,4,0.69,26.69,1.94,0,0.189,1,19.9
TXN000718,500,CARD,BANK_B,7,1.85,6.2,1.97,0,0.405,0,0.0
TXN000719,500,NETBANKING,BANK_A,14,0.96,-1.0,-1.0,0,0.214,1,1.0
TXN000720,1000,NETBANKING,BANK_D,15,1.29,4.87,0.66,0,0.284,0,0.0
TXN000721,10000,NETBANKING,BANK_D,10,1.83,5.4,28.2,0,0.25,1,18.1
TXN000722,250,UPI,BANK_D,4,1.99,4.81,1.16,0,0.225,0,0.0
TXN000723,100,CARD,BANK_B,12,2.68,12.11,0.2,1,0.345,0,0.0
TXN000724,100,UPI,BANK_D,16,0.95,18.62,2.51,2,0.38,1,7.3
TXN000725,250,UPI,BANK_D,8,2.56,7.45,0.48,0,0.211,0,0.0
TXN000726,500,UPI,BANK_A,6,2.4,10.55,1.75,0,0.242,0,0.0
TXN000727,1000,UPI,BANK_B,22,1.22,5.19,2.95,0,0.311,0,0.0
TXN000728,500,UPI,BANK_C,16,1.21,5.14,2.8,0,0.225,0,0.0
TXN000729,500,CARD,BANK_C,11,0.81,4.91,2.25,0,0.054,0,0.0
TXN000730,500,CARD,BANK_D,12,1.78,0.5,3.11,0,0.269,0,0.0
TXN000731,500,WALLET,BANK_A,2,0.68,7.49,2.68,0,0.309,0,0.0
TXN000732,500,WALLET,BANK_C,6,1.03,41.32,2.53,0,0.135,1,34.0
TXN000733,2000,NETBANKING,BANK_C,5,1.02,7.5,1.94,0,0.174,0,0.0
TXN000734,250,WALLET,BANK_C,12,1.27,5.25,3.38,0,0.132,0,0.0
TXN000735,500,UPI,BANK_C,20,1.81,11.18,2.03,0,0.137,0,0.0
TXN000736,1500,CARD,BANK_B,20,1.26,-1.0,-1.0,1,0.292,1,1.0
TXN000737,1000,UPI,BANK_D,11,0.63,4.44,2.74,0,0.261,0,0.0
TXN000738,1000,CARD,BANK_D,8,1.29,6.96,0.43,0,0.356,0,0.0
TXN000739,100,CARD,BANK_C,11,1.23,-1.0,-1.0,0,0.189,1,1.0
TXN000740,500,NETBANKING,BANK_A,17,1.65,6.11,1.46,0,0.217,0,0.0
TXN000741,750,WALLET,BANK_C,8,2.14,6.68,3.17,0,0.051,0,0.0
TXN000742,1000,WALLET,BANK_D,2,1.17,-1.0,-1.0,0,0.3,1,1.0
TXN000743,100,CARD,BANK_D,20,1.03,7.86,1.94,1,0.264,0,0.0
TXN000744,25000,CARD,BANK_C,9,2.63,5.96,0.71,1,0.129,0,0.0
TXN000745,250,UPI,BANK_B,14,1.49,2.76,3.55,0,0.354,0,0.0
TXN000746,250,CARD,BANK_A,23,0.63,10.26,1.9,0,0.213,1,1.9
TXN000747,500,UPI,BANK_B,9,1.57,6.35,1.77,1,0.331,1,1.6
TXN000748,100,UPI,BANK_A,13,2.1,3.37,1.63,0,0.151,0,0.0
TXN000749,500,CARD,BANK_D,14,0.32,-1.0,-1.0,0,0.207,1,1.0
TXN000750,2000,UPI,BANK_B,10,1.96,34.61,2.04,0,0.466,1,26.7
TXN000751,750,UPI,BANK_D,11,0.99,5.41,1.58,0,0.263,0,0.0
TXN000752,100,UPI,BANK_A,5,1.48,3.55,0.65,0,0.209,0,0.0
TXN000753,500,CARD,BANK_D,21,1.61,9.6,1.56,0,0.244,0,0.0
TXN000754,1500,NETBANKING,BANK_C,9,1.16,31.24,2.14,0,0.248,1,25.6
TXN000755,750,WALLET,BANK_D,2,2.07,7.77,1.79,0,0.278,0,0.0
TXN000756,250,UPI,BANK_B,16,2.53,5.45,2.46,0,0.423,0,0.0
TXN000757,1500,UPI,BANK_D,19,1.63,40.83,0.83,0,0.352,1,32.2
TXN000758,2000,CARD,BANK_D,7,2.47,41.61,1.55,0,0.226,1,31.2
TXN000759,500,NETBANKING,BANK_A,14,1.18,6.84,1.72,0,0.222,0,0.0
TXN000760,500,CARD,BANK_A,17,1.78,2.35,1.11,0,0.184,0,0.0
TXN000761,500,UPI,BANK_B,3,1.3,5.56,0.55,0,0.32,0,0.0
TXN000762,1000,CARD,BANK_B,11,1.79,3.98,2.09,0,0.356,0,0.0
TXN000763,500,CARD,BANK_A,2,1.4,-1.0,-1.0,0,0.23,1,2.6
TXN000764,1000,UPI,BANK_D,1,1.26,4.85,0.79,0,0.308,0,0.0
TXN000765,500,CARD,BANK_D,1,0.21,11.05,1.57,0,0.287,0,0.0
TXN000766,500,UPI,BANK_C,22,2.56,7.31,3.96,0,0.195,0,0.0
TXN000767,500,CARD,BANK_C,8,2.14,4.28,2.63,0,0.137,0,0.0
TXN000768,25000,NETBANKING,BANK_A,6,0.89,-1.0,-1.0,1,0.202,1,1.9
TXN000769,1000,NETBANKING,BANK_B,9,0.95,6.84,3.23,0,0.402,0,0.0
TXN000770,100,NETBANKING,BANK_D,3,1.12,8.09,34.49,0,0.196,1,24.4
TXN000771,250,WALLET,BANK_B,17,1.47,5.57,39.56,0,0.284,1,34.0
TXN000772,250,UPI,BANK_C,12,1.03,-1.0,-1.0,1,0.101,1,1.1
TXN000773,2500,UPI,BANK_A,8,1.62,3.14,1.64,0,0.15,0,0.0
TXN000774,1500,CARD,BANK_A,23,1.27,4.6,1.23,1,0.227,1,1.0
TXN000775,1000,UPI,BANK_A,2,1.17,14.23,2.42,0,0.151,0,0.0
TXN000776,500,UPI,BANK_C,6,1.84,8.43,2.43,1,0.128,0,0.0
TXN000777,500,UPI,BANK_A,23,1.63,6.63,2.14,0,0.157,0,0.0
TXN000778,500,WALLET,BANK_A,3,1.9,6.42,0.63,1,0.31,0,0.0
TXN000779,250,UPI,BANK_A,6,1.77,5.73,2.62,1,0.224,0,0.0
TXN000780,2000,CARD,BANK_C,18,1.13,7.78,1.09,1,0.121,0,0.0
TXN000781,2500,WALLET,BANK_B,10,2.25,5.29,1.81,0,0.392,1,1.7
TXN000782,5000,UPI,BANK_C,6,2.27,7.91,1.31,0,0.152,0,0.0
TXN000783,100,UPI,BANK_D,3,0.61,2.09,1.63,0,0.276,0,0.0
TXN000784,1000,WALLET,BANK_A,22,1.85,5.54,1.21,0,0.226,0,0.0
TXN000785,250,CARD,BANK_D,14,2.14,-1.0,1.32,0,0.339,1,1.0
TXN000786,100,NETBANKING,BANK_C,3,0.93,7.05,0.2,0,0.094,0,0.0
TXN000787,1000,WALLET,BANK_C,15,1.22,3.59,1.9,1,0.155,0,0.0
TXN000788,250,UPI,BANK_B,12,2.21,8.83,1.58,1,0.378,0,0.0
TXN000789,750,CARD,BANK_B,22,2.62,7.18,2.57,0,0.384,0,0.0
TXN000790,2000,CARD,BANK_C,14,1.35,-1.0,-1.0,0,0.103,1,2.3
TXN000791,250,WALLET,BANK_B,2,1.26,11.62,1.39,0,0.307,1,7.2
TXN000792,500,CARD,BANK_A,19,1.35,6.12,2.07,0,0.228,0,0.0
TXN000793,100,NETBANKING,BANK_B,6,1.69,1.46,1.27,0,0.336,0,0.0
TXN000794,1500,UPI,BANK_C,13,0.79,-1.0,-1.0,0,0.142,1,1.0
TXN000795,10000,CARD,BANK_C,17,2.0,9.3,3.39,0,0.184,0,0.0
TXN000796,750,CARD,BANK_B,1,2.68,5.61,3.34,1,0.435,0,0.0
TXN000797,250,UPI,BANK_B,15,1.38,6.13,2.56,0,0.257,0,0.0
TXN000798,500,UPI,BANK_C,14,0.23,6.14,2.2,1,0.098,0,0.0
TXN000799,1000,CARD,BANK_B,3,1.26,4.84,3.24,0,0.348,0,0.0
TXN000800,250,CARD,BANK_C,10,1.91,7.52,18.44,0,0.14,1,8.7
TXN000801,750,UPI,BANK_A,5,1.46,4.62,2.08,0,0.212,1,2.2
TXN000802,100,UPI,BANK_A,13,1.73,-1.0,-1.0,2,0.249,1,1.0
TXN000803,250,CARD,BANK_D,5,0.95,53.24,1.73,1,0.251,1,41.5
TXN000804,1500,NETBANKING,BANK_C,11,2.05,1.62,0.68,0,0.139,0,0.0
TXN000805,2000,NETBANKING,BANK_A,11,1.83,6.5,2.21,0,0.148,0,0.0
TXN000806,2000,UPI,BANK_B,2,2.31,9.61,2.75,0,0.301,0,0.0
TXN000807,500,UPI,BANK_C,19,0.46,-1.0,-1.0,0,0.176,1,1.0
TXN000808,2500,CARD,BANK_C,13,2.18,28.07,0.2,0,0.188,1,17.9
TXN000809,500,UPI,BANK_C,0,1.11,5.87,2.35,0,0.142,0,0.0
TXN000810,250,CARD,BANK_C,16,1.26,8.1,2.15,0,0.189,0,0.0
TXN000811,750,UPI,BANK_B,6,0.89,29.63,0.2,1,0.398,1,20.5
TXN000812,250,CARD,BANK_C,17,2.08,5.47,1.83,1,0.083,0,0.0
TXN000813,1500,WALLET,BANK_B,21,1.34,7.66,1.49,0,0.241,1,1.9
TXN000814,500,UPI,BANK_A,19,0.4,4.0,1.25,0,0.181,0,0.0
TXN000815,1000,CARD,BANK_D,14,1.42,7.98,1.83,0,0.302,0,0.0
TXN000816,750,UPI,BANK_B,7,1.19,9.72,1.54,0,0.371,0,0.0
TXN000817,750,NETBANKING,BANK_D,22,2.43,7.05,2.45,0,0.436,0,0.0
TXN000818,1000,UPI,BANK_B,7,1.26,4.53,0.61,0,0.43,0,0.0
TXN000819,750,UPI,BANK_C,20,1.91,29.21,2.67,0,0.158,1,22.7
TXN000820,1500,CARD,BANK_A,22,1.13,20.73,1.65,0,0.147,1,11.7
TXN000821,100,WALLET,BANK_C,5,1.88,4.6,2.45,0,0.149,0,0.0
TXN000822,1500,CARD,BANK_B,3,2.15,8.35,2.67,0,0.261,0,0.0
TXN000823,750,WALLET,BANK_B,22,2.69,3.61,3.15,0,0.356,0,0.0
TXN000824,500,CARD,BANK_D,19,2.06,6.64,0.52,1,0.323,0,0.0
TXN000825,1000,UPI,BANK_D,10,2.61,5.96,1.92,0,0.26,0,0.0
TXN000826,750,NETBANKING,BANK_D,9,2.0,5.36,3.37,0,0.317,0,0.0
TXN000827,1500,UPI,BANK_D,14,1.69,1.78,1.81,0,0.265,0,0.0
TXN000828,1000,CARD,BANK_C,16,1.47,34.37,2.66,3,0.132,1,26.8
TXN000829,1500,WALLET,BANK_D,10,0.2,9.44,1.86,0,0.186,0,0.0
TXN000830,2500,UPI,BANK_C,1,0.58,-1.0,-1.0,0,0.129,1,1.0
TXN000831,250,UPI,BANK_A,23,0.98,4.64,3.07,0,0.213,0,0.0
TXN000832,250,UPI,BANK_C,15,2.12,22.55,2.03,0,0.14,1,12.0
TXN000833,1500,CARD,BANK_C,16,1.43,1.34,1.25,0,0.074,0,0.0
TXN000834,10000,NETBANKING,BANK_A,22,0.82,7.85,2.82,1,0.267,0,0.0
TXN000835,1500,UPI,BANK_A,18,1.37,0.5,1.7,0,0.225,0,0.0
TXN000836,100,CARD,BANK_C,12,2.12,9.7,1.3,1,0.114,0,0.0
TXN000837,2500,CARD,BANK_B,13,0.72,6.43,2.55,0,0.247,0,0.0
TXN000838,2500,WALLET,BANK_B,13,0.85,6.12,1.87,0,0.425,1,1.0
TXN000839,750,UPI,BANK_D,13,1.14,7.42,0.2,0,0.302,0,0.0
TXN000840,250,UPI,BANK_C,12,0.8,4.28,2.19,0,0.048,0,0.0
TXN000841,500,WALLET,BANK_A,15,1.18,1.16,2.13,0,0.172,0,0.0
TXN000842,500,CARD,BANK_D,16,0.63,30.21,1.94,0,0.253,1,24.7
TXN000843,750,NETBANKING,BANK_A,11,0.85,5.84,2.35,0,0.233,0,0.0
TXN000844,2500,NETBANKING,BANK_A,20,1.37,7.49,1.67,0,0.202,0,0.0
TXN000845,2000,WALLET,BANK_D,13,0.78,5.27,1.1,0,0.308,1,1.0
TXN000846,750,UPI,BANK_A,6,0.74,6.98,2.11,0,0.239,0,0.0
TXN000847,1000,CARD,BANK_D,3,0.2,33.84,0.96,0,0.35,1,26.8
TXN000848,2000,UPI,BANK_D,9,1.5,7.68,1.81,0,0.338,0,0.0
TXN000849,750,UPI,BANK_B,9,2.22,3.03,0.69,0,0.413,0,0.0
TXN000850,100,UPI,BANK_C,13,2.05,8.49,2.58,1,0.17,0,0.0
TXN000851,5000,CARD,BANK_B,20,0.48,24.5,1.26,0,0.351,1,16.8
TXN000852,5000,CARD,BANK_C,4,1.28,3.31,1.95,0,0.194,1,1.0
TXN000853,250,WALLET,BANK_C,13,1.5,34.41,1.59,0,0.109,1,27.4
TXN000854,750,WALLET,BANK_B,5,0.81,2.31,1.38,0,0.281,0,0.0
TXN000855,250,CARD,BANK_A,4,1.14,10.13,1.26,0,0.154,0,0.0
TXN000856,25000,UPI,BANK_D,10,2.15,4.7,1.26,0,0.317,0,0.0
TXN000857,2000,UPI,BANK_D,21,1.34,5.59,0.31,0,0.225,0,0.0
TXN000858,250,UPI,BANK_C,12,2.17,3.93,0.33,1,0.132,0,0.0
TXN000859,1000,UPI,BANK_A,23,0.58,-1.0,-1.0,0,0.265,1,1.0
TXN000860,750,CARD,BANK_A,8,1.86,7.92,1.91,0,0.246,0,0.0
TXN000861,2000,UPI,BANK_D,17,1.53,4.97,3.28,0,0.209,0,0.0
TXN000862,250,UPI,BANK_B,8,1.42,6.84,2.68,0,0.34,0,0.0
TXN000863,2500,WALLET,BANK_A,13,0.94,5.54,2.63,0,0.179,0,0.0
TXN000864,1500,UPI,BANK_A,6,2.45,5.67,3.73,0,0.189,0,0.0
TXN000865,100,CARD,BANK_D,9,1.71,6.37,1.93,1,0.277,0,0.0
TXN000866,500,UPI,BANK_C,9,0.65,4.54,1.49,1,0.252,0,0.0
TXN000867,5000,WALLET,BANK_B,9,1.36,9.04,1.55,0,0.36,0,0.0
TXN000868,1000,UPI,BANK_C,19,1.74,24.55,2.15,0,0.108,1,14.1
TXN000869,1000,CARD,BANK_B,18,2.4,8.28,2.75,1,0.303,1,1.0
TXN000870,250,UPI,BANK_A,5,1.82,30.73,2.54,0,0.262,1,23.1
TXN000871,2500,WALLET,BANK_B,6,1.22,6.32,2.76,0,0.247,0,0.0
TXN000872,500,WALLET,BANK_A,19,1.72,8.21,2.22,1,0.248,0,0.0
TXN000873,2500,UPI,BANK_D,13,2.33,4.98,1.05,0,0.344,0,0.0
TXN000874,1500,NETBANKING,BANK_B,21,2.48,7.77,0.62,2,0.36,0,0.0
TXN000875,500,CARD,BANK_D,8,2.99,14.14,1.01,2,0.27,1,3.7
TXN000876,250,UPI,BANK_B,14,2.23,16.06,2.69,0,0.355,0,0.0
TXN000877,1500,UPI,BANK_D,19,2.57,9.12,1.84,0,0.22,0,0.0
TXN000878,100,NETBANKING,BANK_A,15,0.2,3.94,1.89,0,0.257,0,0.0
TXN000879,250,UPI,BANK_C,14,0.83,2.62,2.76,0,0.163,0,0.0
TXN000880,5000,UPI,BANK_D,21,2.29,8.15,1.31,1,0.239,0,0.0
TXN000881,1000,UPI,BANK_C,22,0.87,7.69,2.45,0,0.225,0,0.0
TXN000882,1500,CARD,BANK_C,7,1.43,5.9,1.76,0,0.172,0,0.0
TXN000883,2500,WALLET,BANK_D,21,1.71,3.45,1.81,0,0.193,0,0.0
TXN000884,250,UPI,BANK_A,0,1.92,11.47,47.93,1,0.163,1,39.9
TXN000885,1000,UPI,BANK_B,1,1.44,7.21,0.76,0,0.316,0,0.0
TXN000886,750,UPI,BANK_B,8,1.75,7.36,1.87,0,0.289,0,0.0
TXN000887,1000,UPI,BANK_A,23,2.52,7.4,1.44,0,0.275,0,0.0
TXN000888,25000,NETBANKING,BANK_B,2,1.72,1.74,2.5,0,0.309,0,0.0
TXN000889,1500,UPI,BANK_C,7,1.5,26.63,2.59,1,0.086,1,16.6
TXN000890,500,NETBANKING,BANK_C,2,0.75,-1.0,-1.0,0,0.239,1,1.0
TXN000891,250,NETBANKING,BANK_B,3,1.77,5.76,2.25,1,0.354,0,0.0
TXN000892,2000,UPI,BANK_A,1,0.79,19.01,2.4,1,0.228,1,14.0
TXN000893,100,CARD,BANK_D,12,2.29,6.47,1.33,0,0.272,0,0.0
TXN000894,2500,WALLET,BANK_D,14,1.06,6.48,2.27,0,0.202,0,0.0
TXN000895,500,CARD,BANK_C,1,2.3,3.05,1.66,0,0.183,0,0.0
TXN000896,250,UPI,BANK_C,23,1.32,3.52,1.69,0,0.186,0,0.0
TXN000897,2000,CARD,BANK_B,23,1.93,35.57,0.99,0,0.317,1,29.1
TXN000898,1000,NETBANKING,BANK_D,10,1.86,3.82,1.93,0,0.267,0,0.0
TXN000899,1000,UPI,BANK_A,22,1.69,15.43,2.52,0,0.251,1,4.6
TXN000900,10000,CARD,BANK_B,8,1.02,4.48,2.45,0,0.374,0,0.0
TXN000901,10000,UPI,BANK_C,15,0.39,7.69,1.43,0,0.177,0,0.0
TXN000902,250,UPI,BANK_A,4,2.84,10.08,3.28,1,0.216,0,0.0
TXN000903,500,UPI,BANK_A,10,0.76,4.53,0.2,1,0.267,0,0.0
TXN000904,2000,CARD,BANK_C,18,1.3,8.1,0.73,0,0.112,0,0.0
TXN000905,250,UPI,BANK_D,7,1.01,5.25,45.48,1,0.292,1,36.5
TXN000906,2000,WALLET,BANK_B,10,1.77,4.82,2.13,0,0.419,0,0.0
TXN000907,500,CARD,BANK_D,12,2.65,1.1,1.9,0,0.353,0,0.0
TXN000908,1000,CARD,BANK_A,11,1.77,9.32,1.64,0,0.183,0,0.0
TXN000909,500,UPI,BANK_D,16,1.8,3.14,2.77,0,0.256,0,0.0
TXN000910,250,CARD,BANK_A,18,1.95,6.27,0.34,0,0.27,0,0.0
TXN000911,1500,CARD,BANK_A,12,1.89,5.24,2.94,0,0.211,0,0.0
TXN000912,500,UPI,BANK_C,23,1.47,7.33,2.05,1,0.156,0,0.0
TXN000913,250,CARD,BANK_D,9,1.4,6.77,2.85,0,0.317,0,0.0
TXN000914,500,UPI,BANK_C,13,2.38,6.66,2.71,0,0.188,0,0.0
TXN000915,500,UPI,BANK_A,6,1.19,11.76,2.5,1,0.236,1,3.2
TXN000916,1500,WALLET,BANK_D,15,1.59,29.85,1.75,0,0.31,1,23.3
TXN000917,1500,UPI,BANK_B,10,1.19,54.47,3.5,0,0.268,1,46.9
TXN000918,250,NETBANKING,BANK_B,14,1.56,29.75,3.14,0,0.414,1,21.9
TXN000919,750,UPI,BANK_A,17,2.73,7.15,2.69,0,0.199,0,0.0
TXN000920,750,UPI,BANK_C,0,1.52,6.52,1.25,0,0.078,0,0.0
TXN000921,1500,UPI,BANK_B,13,0.67,-1.0,-1.0,0,0.331,1,1.0
TXN000922,750,UPI,BANK_B,2,1.5,6.24,2.4,0,0.323,0,0.0
TXN000923,250,UPI,BANK_D,17,1.47,12.19,1.81,0,0.308,0,0.0
TXN000924,1000,UPI,BANK_A,11,1.15,6.81,4.03,0,0.281,0,0.0
TXN000925,2000,CARD,BANK_D,23,2.39,4.07,1.52,0,0.389,0,0.0
TXN000926,250,UPI,BANK_A,10,2.07,9.39,0.96,0,0.202,0,0.0
TXN000927,2000,UPI,BANK_C,18,1.63,2.98,1.1,1,0.156,0,0.0
TXN000928,750,CARD,BANK_A,6,0.32,18.9,0.2,0,0.13,1,11.7
TXN000929,1000,CARD,BANK_A,2,0.91,3.02,1.89,0,0.281,0,0.0
TXN000930,1000,CARD,BANK_C,13,1.01,6.2,1.8,0,0.143,0,0.0
TXN000931,2000,UPI,BANK_D,10,1.74,8.07,1.44,0,0.277,0,0.0
TXN000932,10000,WALLET,BANK_B,12,2.81,23.47,1.5,1,0.355,1,14.7
TXN000933,2500,CARD,BANK_D,19,2.29,5.53,2.82,1,0.225,0,0.0
TXN000934,500,UPI,BANK_C,21,1.61,9.74,1.25,0,0.202,0,0.0
TXN000935,1000,UPI,BANK_B,3,1.06,8.2,3.73,0,0.321,0,0.0
TXN000936,250,UPI,BANK_A,5,1.23,17.85,1.9,1,0.158,1,9.9
TXN000937,2500,UPI,BANK_D,20,1.91,5.08,2.29,0,0.289,0,0.0
TXN000938,2500,CARD,BANK_A,8,1.81,4.97,2.04,0,0.258,0,0.0
TXN000939,1500,CARD,BANK_D,4,0.2,5.18,0.65,1,0.291,0,0.0
TXN000940,1500,NETBANKING,BANK_A,14,1.64,2.72,1.44,0,0.201,0,0.0
TXN000941,250,UPI,BANK_A,9,1.88,8.92,1.67,1,0.28,0,0.0
TXN000942,500,UPI,BANK_B,8,1.14,4.81,1.78,0,0.379,0,0.0
TXN000943,2000,NETBANKING,BANK_C,7,1.55,4.15,3.24,0,0.121,0,0.0
TXN000944,500,WALLET,BANK_C,13,0.95,-1.0,-1.0,0,0.198,1,1.0
TXN000945,250,WALLET,BANK_C,17,1.9,27.79,2.28,0,0.137,1,19.5
TXN000946,1500,UPI,BANK_B,8,1.76,6.02,0.47,0,0.285,0,0.0
TXN000947,1500,UPI,BANK_A,19,0.2,1.44,2.0,0,0.319,0,0.0
TXN000948,250,UPI,BANK_A,14,1.29,4.27,3.42,0,0.222,0,0.0
TXN000949,500,UPI,BANK_B,21,1.58,23.45,2.0,0,0.398,1,14.6
TXN000950,1000,NETBANKING,BANK_A,14,0.81,6.75,2.14,0,0.217,0,0.0
TXN000951,500,UPI,BANK_B,19,2.48,10.22,0.64,0,0.333,0,0.0
TXN000952,750,UPI,BANK_D,3,2.33,9.03,48.9,0,0.263,1,41.8
TXN000953,2500,CARD,BANK_A,14,2.5,4.13,1.74,0,0.238,0,0.0
TXN000954,25000,UPI,BANK_D,21,1.23,27.2,0.75,1,0.206,1,18.9
TXN000955,500,WALLET,BANK_C,5,1.62,7.75,0.22,1,0.184,0,0.0
TXN000956,500,UPI,BANK_B,12,0.51,6.33,1.59,0,0.275,0,0.0
TXN000957,1000,UPI,BANK_B,15,2.16,5.62,0.2,1,0.37,0,0.0
TXN000958,5000,NETBANKING,BANK_D,7,2.66,15.25,0.85,0,0.258,1,9.1
TXN000959,500,UPI,BANK_D,13,2.73,5.94,3.4,0,0.325,0,0.0
TXN000960,750,UPI,BANK_C,20,1.83,5.7,0.97,0,0.163,0,0.0
TXN000961,750,CARD,BANK_A,5,1.61,18.86,3.57,0,0.31,1,11.8
TXN000962,10000,CARD,BANK_C,10,1.93,2.91,2.71,0,0.179,0,0.0
TXN000963,2000,UPI,BANK_C,19,2.77,2.18,0.57,0,0.178,0,0.0
TXN000964,1000,UPI,BANK_D,13,0.38,35.02,0.45,0,0.306,1,24.5
TXN000965,1000,UPI,BANK_D,8,0.84,-1.0,-1.0,0,0.325,1,1.2
TXN000966,750,CARD,BANK_C,6,1.32,4.27,2.89,0,0.079,0,0.0
TXN000967,1500,UPI,BANK_B,11,2.31,9.37,0.83,0,0.224,0,0.0
TXN000968,750,WALLET,BANK_B,15,1.28,4.96,3.15,1,0.415,0,0.0
TXN000969,750,CARD,BANK_A,19,0.26,8.59,1.82,0,0.156,0,0.0
TXN000970,5000,UPI,BANK_C,14,1.3,5.26,2.36,1,0.094,0,0.0
TXN000971,2000,WALLET,BANK_B,5,1.54,6.52,0.2,1,0.32,0,0.0
TXN000972,750,UPI,BANK_C,19,2.27,4.36,0.2,0,0.1,0,0.0
TXN000973,500,UPI,BANK_C,4,1.5,27.17,0.36,3,0.222,1,16.0
TXN000974,100,UPI,BANK_B,19,2.21,12.82,2.48,0,0.318,0,0.0
TXN000975,1500,UPI,BANK_A,16,1.89,31.86,1.8,3,0.189,1,24.0
TXN000976,5000,CARD,BANK_D,13,2.19,18.36,2.53,0,0.3,1,8.9
TXN000977,250,UPI,BANK_B,14,2.21,7.91,3.76,0,0.278,0,0.0
TXN000978,1500,UPI,BANK_C,5,0.81,4.72,2.1,0,0.141,0,0.0
TXN000979,100,WALLET,BANK_D,15,1.3,3.65,2.47,0,0.303,0,0.0
TXN000980,100,NETBANKING,BANK_D,10,2.04,10.83,2.43,0,0.326,1,1.5
TXN000981,25000,WALLET,BANK_D,18,0.2,8.48,3.06,0,0.226,1,1.0
TXN000982,1500,NETBANKING,BANK_C,15,1.33,10.69,1.61,0,0.167,0,0.0
TXN000983,500,NETBANKING,BANK_A,12,1.61,8.69,0.21,0,0.193,0,0.0
TXN000984,250,CARD,BANK_C,16,2.37,7.14,1.24,0,0.158,0,0.0
TXN000985,100,NETBANKING,BANK_B,0,1.43,7.36,2.83,0,0.374,0,0.0
TXN000986,100,UPI,BANK_B,15,1.75,5.82,1.18,0,0.37,0,0.0
TXN000987,1000,UPI,BANK_C,14,1.17,27.7,2.6,0,0.155,1,21.6
TXN000988,2500,UPI,BANK_B,16,1.27,5.74,0.99,0,0.257,0,0.0
TXN000989,25000,UPI,BANK_A,22,1.86,4.96,1.06,0,0.224,0,0.0
TXN000990,250,NETBANKING,BANK_C,6,1.78,6.5,2.11,0,0.234,0,0.0
TXN000991,1000,WALLET,BANK_D,10,1.32,10.15,2.47,0,0.236,0,0.0
TXN000992,5000,CARD,BANK_D,4,1.62,4.73,4.36,0,0.292,0,0.0
TXN000993,1000,NETBANKING,BANK_C,1,1.23,8.62,3.57,0,0.111,0,0.0
TXN000994,1500,CARD,BANK_C,19,1.17,1.09,0.7,0,0.15,0,0.0
TXN000995,500,CARD,BANK_B,19,0.38,-1.0,-1.0,0,0.302,1,1.0
TXN000996,100,WALLET,BANK_A,22,2.19,0.5,1.56,0,0.218,0,0.0
TXN000997,2500,CARD,BANK_C,0,0.65,9.22,2.15,0,0.125,0,0.0
TXN000998,750,NETBANKING,BANK_A,5,1.04,2.96,1.18,0,0.163,0,0.0
TXN000999,1000,CARD,BANK_C,4,1.78,6.02,2.82,0,0.186,0,0.0
TXN001000,250,UPI,BANK_B,1,1.97,5.94,1.51,0,0.338,0,0.0
TXN001001,250,WALLET,BANK_C,1,1.88,7.68,1.07,0,0.087,0,0.0
TXN001002,500,UPI,BANK_C,2,2.35,2.47,4.35,1,0.073,0,0.0
TXN001003,2000,CARD,BANK_D,3,1.38,37.36,2.43,0,0.335,1,28.7
TXN001004,100,CARD,BANK_C,6,0.69,7.32,13.67,0,0.158,1,8.5
TXN001005,1000,UPI,BANK_A,22,1.62,1.79,0.36,0,0.164,0,0.0
TXN001006,2000,UPI,BANK_C,10,1.43,3.64,2.39,0,0.147,0,0.0
TXN001007,100,CARD,BANK_D,13,0.72,7.22,1.2,0,0.317,1,1.0
TXN001008,750,WALLET,BANK_D,2,0.38,2.46,1.49,1,0.389,0,0.0
TXN001009,1000,UPI,BANK_D,8,1.17,-1.0,-1.0,0,0.256,1,1.0
TXN001010,1000,UPI,BANK_B,16,1.68,3.65,2.16,0,0.326,1,1.0
TXN001011,1000,UPI,BANK_C,19,2.45,7.04,1.62,0,0.157,0,0.0
TXN001012,500,CARD,BANK_C,1,1.2,5.11,1.43,0,0.298,0,0.0
TXN001013,100,CARD,BANK_A,0,1.09,9.2,2.74,0,0.211,0,0.0
TXN001014,1500,UPI,BANK_D,15,1.4,45.83,2.25,0,0.307,1,39.6
TXN001015,250,CARD,BANK_D,8,1.08,6.96,1.93,0,0.265,0,0.0
TXN001016,5000,UPI,BANK_B,18,3.04,35.56,1.28,0,0.308,1,27.5
TXN001017,1500,UPI,BANK_C,4,0.17,-1.0,-1.0,1,0.074,1,3.0
TXN001018,2000,CARD,BANK_D,10,1.38,-1.0,2.71,1,0.239,1,1.0
TXN001019,100,NETBANKING,BANK_B,19,1.49,3.1,0.7,1,0.306,0,0.0
TXN001020,1500,UPI,BANK_B,8,1.92,20.95,1.11,0,0.4,1,12.2
TXN001021,2500,UPI,BANK_D,23,2.28,32.78,1.14,0,0.239,1,23.6
TXN001022,500,CARD,BANK_C,16,2.29,9.01,1.58,0,0.232,1,1.0
TXN001023,100,UPI,BANK_C,9,2.6,5.53,0.59,0,0.112,0,0.0
TXN001024,1000,UPI,BANK_D,16,0.53,-1.0,-1.0,0,0.215,1,1.0
TXN001025,10000,UPI,BANK_B,12,1.47,6.33,1.58,0,0.377,0,0.0
TXN001026,500,NETBANKING,BANK_B,5,1.49,1.43,2.11,0,0.266,0,0.0
TXN001027,1500,UPI,BANK_D,16,1.05,17.01,3.83,1,0.327,1,9.0
TXN001028,500,UPI,BANK_B,4,2.47,-1.0,1.54,1,0.382,1,1.0
TXN001029,1000,UPI,BANK_A,2,1.78,7.6,1.77,0,0.267,0,0.0
TXN001030,2500,WALLET,BANK_D,5,0.57,3.43,0.2,0,0.271,0,0.0
TXN001031,100,NETBANKING,BANK_A,13,1.04,4.43,2.0,0,0.188,0,0.0
TXN001032,500,UPI,BANK_B,21,1.22,7.5,3.14,0,0.485,0,0.0
TXN001033,2000,CARD,BANK_C,11,1.25,0.5,2.12,0,0.141,0,0.0
TXN001034,250,UPI,BANK_C,4,1.88,5.38,2.92,1,0.052,0,0.0
TXN001035,100,UPI,BANK_A,9,2.42,5.08,3.34,0,0.168,0,0.0
TXN001036,100,CARD,BANK_A,10,2.14,5.85,35.67,0,0.187,1,28.7
TXN001037,100,UPI,BANK_D,7,2.46,4.89,1.53,0,0.195,0,0.0
TXN001038,5000,UPI,BANK_D,10,1.56,8.39,2.73,0,0.336,0,0.0
TXN001039,100,NETBANKING,BANK_B,13,1.11,-1.0,-1.0,0,0.414,1,3.1
TXN001040,1000,UPI,BANK_B,22,1.17,6.53,2.05,0,0.374,0,0.0
TXN001041,500,CARD,BANK_C,13,2.62,7.83,3.68,0,0.158,0,0.0
TXN001042,750,UPI,BANK_A,19,0.83,7.32,2.01,0,0.202,0,0.0
TXN001043,100,WALLET,BANK_D,14,0.82,2.78,2.95,0,0.211,0,0.0
TXN001044,250,UPI,BANK_C,11,1.94,7.77,4.25,0,0.033,0,0.0
TXN001045,5000,UPI,BANK_C,8,1.58,25.53,1.48,0,0.164,1,16.4
TXN001046,5000,CARD,BANK_C,2,0.48,27.96,4.9,0,0.122,1,22.5
TXN001047,2500,UPI,BANK_A,9,1.45,28.21,3.14,0,0.135,1,18.7
TXN001048,2500,UPI,BANK_C,12,2.13,7.55,4.41,0,0.121,0,0.0
TXN001049,2000,UPI,BANK_C,6,1.18,9.52,2.59,0,0.148,0,0.0
TXN001050,500,UPI,BANK_A,6,1.3,1.79,2.84,0,0.158,0,0.0
TXN001051,2000,UPI,BANK_C,15,1.78,6.13,3.34,0,0.109,0,0.0
TXN001052,750,CARD,BANK_C,9,2.24,2.84,4.34,0,0.108,0,0.0
TXN001053,100,WALLET,BANK_A,16,3.2,4.76,1.51,0,0.268,0,0.0
TXN001054,500,WALLET,BANK_B,12,2.04,1.91,1.2,0,0.35,0,0.0
TXN001055,25000,UPI,BANK_A,13,0.76,10.25,1.2,0,0.307,0,0.0
TXN001056,500,UPI,BANK_C,4,2.16,8.31,0.78,0,0.135,0,0.0
TXN001057,1500,CARD,BANK_A,18,1.22,7.3,1.78,0,0.232,0,0.0
TXN001058,500,UPI,BANK_A,17,1.37,22.18,1.35,2,0.228,1,17.9
TXN001059,250,UPI,BANK_C,9,1.94,11.58,0.21,0,0.14,1,3.4
TXN001060,1000,NETBANKING,BANK_A,18,0.7,6.97,0.2,0,0.237,0,0.0
TXN001061,100,CARD,BANK_B,18,0.6,1.76,2.12,0,0.378,0,0.0
TXN001062,100,CARD,BANK_B,1,1.24,9.43,1.15,2,0.503,1,1.2
TXN001063,750,NETBANKING,BANK_A,21,2.01,16.4,1.81,1,0.15,1,7.5
TXN001064,500,CARD,BANK_C,18,1.35,1.7,2.54,0,0.115,0,0.0
TXN001065,250,CARD,BANK_B,0,0.94,-1.0,-1.0,0,0.322,1,1.0
TXN001066,750,NETBANKING,BANK_C,16,1.04,6.54,2.15,0,0.056,0,0.0
TXN001067,250,UPI,BANK_D,23,2.27,7.03,0.8,0,0.241,0,0.0
TXN001068,5000,UPI,BANK_D,10,0.87,0.84,1.1,0,0.355,0,0.0
TXN001069,5000,UPI,BANK_A,6,0.56,4.57,52.22,0,0.183,1,42.1
TXN001070,100,UPI,BANK_A,13,1.42,5.9,3.53,1,0.193,0,0.0
TXN001071,1500,CARD,BANK_B,8,3.16,14.96,1.94,0,0.288,1,9.4
TXN001072,100,CARD,BANK_A,5,1.76,3.56,0.35,0,0.233,0,0.0
TXN001073,500,UPI,BANK_B,7,1.84,8.18,2.76,0,0.332,0,0.0
TXN001074,100,UPI,BANK_C,20,1.64,6.45,1.95,2,0.189,0,0.0
TXN001075,1500,UPI,BANK_A,16,0.89,6.71,33.84,0,0.201,1,21.6
TXN001076,100,UPI,BANK_B,13,2.11,0.5,3.73,0,0.382,0,0.0
TXN001077,100,UPI,BANK_A,12,2.14,5.78,1.76,1,0.246,0,0.0
TXN001078,1500,UPI,BANK_C,2,1.4,8.74,1.85,0,0.144,1,1.0
TXN001079,1500,UPI,BANK_A,18,0.92,6.0,2.95,0,0.266,0,0.0
TXN001080,1500,CARD,BANK_C,4,0.4,23.24,2.7,0,0.231,1,14.0
TXN001081,500,NETBANKING,BANK_B,17,2.04,2.32,1.71,0,0.391,0,0.0
TXN001082,500,UPI,BANK_D,19,2.02,5.52,2.4,0,0.317,0,0.0
TXN001083,500,WALLET,BANK_C,20,1.38,25.8,2.42,0,0.123,1,17.8
TXN001084,250,WALLET,BANK_A,7,1.81,30.89,2.6,0,0.324,1,24.0
TXN001085,500,NETBANKING,BANK_D,3,1.56,9.13,3.54,0,0.305,0,0.0
TXN001086,750,CARD,BANK_A,13,1.81,48.46,1.81,1,0.219,1,38.1
TXN001087,500,NETBANKING,BANK_C,14,1.74,6.86,1.2,0,0.039,0,0.0
TXN001088,1000,CARD,BANK_B,9,1.59,11.89,2.75,1,0.357,0,0.0
TXN001089,25000,CARD,BANK_C,0,2.42,6.98,2.14,0,0.072,0,0.0
TXN001090,250,NETBANKING,BANK_D,9,2.33,5.82,0.24,0,0.234,0,0.0
TXN001091,2500,NETBANKING,BANK_D,13,1.55,8.66,1.64,0,0.432,0,0.0
TXN001092,2000,UPI,BANK_B,1,0.36,7.49,0.65,1,0.465,1,1.2
TXN001093,1000,UPI,BANK_B,5,1.99,23.61,4.25,0,0.299,1,16.4
TXN001094,250,NETBANKING,BANK_C,22,0.14,-1.0,-1.0,0,0.12,1,1.0
TXN001095,250,CARD,BANK_A,13,1.98,3.14,0.2,0,0.242,0,0.0
TXN001096,100,UPI,BANK_D,6,2.0,6.49,1.56,0,0.285,0,0.0
TXN001097,250,CARD,BANK_D,1,1.08,8.55,2.76,0,0.318,0,0.0
TXN001098,500,UPI,BANK_A,21,0.96,4.21,1.95,1,0.133,0,0.0
TXN001099,1500,UPI,BANK_A,8,1.37,6.1,1.66,0,0.217,0,0.0
TXN001100,750,UPI,BANK_C,19,1.38,4.83,2.42,0,0.077,0,0.0
TXN001101,750,UPI,BANK_D,13,1.21,8.22,0.8,0,0.276,0,0.0
TXN001102,500,UPI,BANK_A,7,1.04,7.32,2.87,1,0.191,0,0.0
TXN001103,1000,WALLET,BANK_B,15,0.2,10.41,1.2,0,0.338,0,0.0
TXN001104,250,NETBANKING,BANK_B,15,1.4,6.91,2.31,0,0.326,0,0.0
TXN001105,100,WALLET,BANK_C,3,1.5,3.64,1.95,0,0.134,0,0.0
TXN001106,1000,UPI,BANK_D,6,2.33,6.2,2.81,0,0.331,0,0.0
TXN001107,10000,UPI,BANK_D,8,1.95,4.84,1.8,0,0.274,0,0.0
TXN001108,1000,UPI,BANK_B,18,0.68,7.68,1.28,0,0.332,0,0.0
TXN001109,1500,UPI,BANK_A,8,2.7,8.01,26.01,0,0.248,1,15.2
TXN001110,100,CARD,BANK_D,23,1.77,22.53,2.63,0,0.258,1,13.5
TXN001111,1000,UPI,BANK_B,20,1.36,8.61,1.66,2,0.307,0,0.0
TXN001112,750,CARD,BANK_A,19,1.8,17.53,1.61,1,0.27,1,11.2
TXN001113,10000,CARD,BANK_A,11,1.36,33.96,3.26,1,0.19,1,23.2
TXN001114,5000,CARD,BANK_A,12,1.79,5.6,1.35,0,0.207,0,0.0
TXN001115,2500,NETBANKING,BANK_D,2,1.9,7.0,1.96,0,0.263,0,0.0
TXN001116,500,NETBANKING,BANK_C,22,1.05,5.58,2.83,1,0.177,0,0.0
TXN001117,250,UPI,BANK_C,20,1.75,27.26,0.62,0,0.126,1,21.0
TXN001118,250,WALLET,BANK_D,5,1.21,10.43,2.14,0,0.24,0,0.0
TXN001119,750,UPI,BANK_A,19,0.2,5.77,3.03,0,0.301,0,0.0
TXN001120,5000,WALLET,BANK_D,18,2.51,6.11,1.88,0,0.36,0,0.0
TXN001121,1500,UPI,BANK_A,20,1.88,6.69,1.02,1,0.266,0,0.0
TXN001122,100,UPI,BANK_B,14,1.23,4.31,0.36,0,0.354,0,0.0
TXN001123,10000,UPI,BANK_C,13,1.82,4.73,2.46,1,0.169,0,0.0
TXN001124,750,UPI,BANK_B,9,0.63,4.98,1.63,0,0.415,0,0.0
TXN001125,250,UPI,BANK_B,17,1.94,8.98,1.87,0,0.268,0,0.0
TXN001126,250,NETBANKING,BANK_D,17,1.12,33.36,3.03,0,0.229,1,23.1
TXN001127,5000,NETBANKING,BANK_B,4,1.5,8.55,1.33,0,0.259,0,0.0
TXN001128,2500,NETBANKING,BANK_B,15,1.87,43.44,0.27,0,0.31,1,32.9
TXN001129,100,NETBANKING,BANK_C,3,1.49,3.96,2.27,0,0.138,0,0.0
TXN001130,250,CARD,BANK_C,7,2.3,7.15,1.49,0,0.202,0,0.0
TXN001131,250,CARD,BANK_D,6,1.44,5.35,2.29,0,0.306,0,0.0
TXN001132,100,UPI,BANK_B,10,2.5,4.65,2.97,0,0.364,0,0.0
TXN001133,100,CARD,BANK_D,15,1.57,8.81,51.62,0,0.301,1,42.8
TXN001134,2000,WALLET,BANK_D,22,1.31,5.57,4.11,0,0.188,0,0.0
TXN001135,500,UPI,BANK_D,22,1.93,6.47,3.09,0,0.343,0,0.0
TXN001136,5000,WALLET,BANK_C,20,0.56,0.94,2.07,0,0.165,0,0.0
TXN001137,2000,UPI,BANK_C,18,0.86,7.15,2.67,0,0.123,0,0.0
TXN001138,750,NETBANKING,BANK_A,4,2.53,0.69,2.13,0,0.291,0,0.0
TXN001139,100,UPI,BANK_B,5,0.28,-1.0,-1.0,0,0.376,1,1.0
TXN001140,250,CARD,BANK_D,11,0.72,3.62,2.55,0,0.294,0,0.0
TXN001141,500,UPI,BANK_D,2,1.61,2.13,1.43,0,0.33,0,0.0
TXN001142,2000,UPI,BANK_D,5,2.55,3.08,2.67,0,0.333,0,0.0
TXN001143,1500,UPI,BANK_B,22,2.27,7.31,1.84,0,0.356,0,0.0
TXN001144,500,CARD,BANK_C,2,1.91,3.89,0.98,0,0.134,0,0.0
TXN001145,2000,UPI,BANK_B,6,1.09,4.01,2.3,0,0.342,0,0.0
TXN001146,1000,UPI,BANK_D,2,1.28,5.75,2.86,0,0.329,0,0.0
TXN001147,2000,UPI,BANK_D,13,2.3,5.2,2.51,0,0.314,0,0.0
TXN001148,750,WALLET,BANK_A,1,1.42,8.72,2.93,0,0.147,0,0.0
TXN001149,2000,UPI,BANK_D,7,1.62,8.64,2.48,0,0.207,0,0.0
TXN001150,500,NETBANKING,BANK_D,7,2.56,8.12,3.41,0,0.292,0,0.0
TXN001151,2000,UPI,BANK_B,3,1.69,15.0,2.06,1,0.234,1,3.6
TXN001152,2000,CARD,BANK_C,19,2.66,7.26,2.3,1,0.162,0,0.0
TXN001153,2000,UPI,BANK_C,14,1.03,16.39,3.84,2,0.127,1,7.0
TXN001154,2500,WALLET,BANK_B,21,1.76,8.41,1.93,0,0.331,0,0.0
TXN001155,1000,NETBANKING,BANK_B,18,1.18,7.72,0.54,0,0.327,0,0.0
TXN001156,10000,WALLET,BANK_D,3,2.41,-1.0,-1.0,0,0.307,1,2.0
TXN001157,10000,WALLET,BANK_B,6,2.1,38.16,1.46,1,0.316,1,25.9
TXN001158,750,UPI,BANK_B,2,1.85,6.4,2.52,1,0.373,0,0.0
TXN001159,750,UPI,BANK_B,12,0.92,3.97,1.56,0,0.359,0,0.0
TXN001160,250,CARD,BANK_C,7,1.4,5.67,4.32,0,0.24,0,0.0
TXN001161,2500,UPI,BANK_D,19,1.36,5.54,2.25,0,0.313,0,0.0
TXN001162,10000,NETBANKING,BANK_B,18,1.89,5.16,0.2,0,0.347,0,0.0
TXN001163,1500,NETBANKING,BANK_A,21,0.93,6.19,2.55,0,0.226,0,0.0
TXN001164,5000,UPI,BANK_D,9,1.9,6.87,2.64,1,0.314,0,0.0
TXN001165,250,UPI,BANK_A,14,1.8,-1.0,-1.0,1,0.245,1,1.0
TXN001166,500,WALLET,BANK_D,13,2.6,25.05,2.09,0,0.194,1,18.6
TXN001167,500,UPI,BANK_B,2,0.88,8.82,2.03,1,0.322,0,0.0
TXN001168,1000,UPI,BANK_B,10,1.28,4.11,2.16,0,0.362,0,0.0
TXN001169,10000,UPI,BANK_B,5,0.95,3.35,3.06,0,0.33,0,0.0
TXN001170,2000,UPI,BANK_D,14,1.15,8.65,1.15,0,0.347,0,0.0
TXN001171,2500,CARD,BANK_C,10,0.1,-1.0,-1.0,0,0.125,1,1.0
TXN001172,1500,UPI,BANK_C,3,2.39,20.6,1.28,0,0.076,1,10.3
TXN001173,750,NETBANKING,BANK_B,3,1.46,5.35,0.7,0,0.385,0,0.0
TXN001174,250,CARD,BANK_B,10,1.62,6.35,1.32,0,0.409,0,0.0
TXN001175,500,WALLET,BANK_B,4,0.38,4.69,0.69,0,0.339,0,0.0
TXN001176,2000,WALLET,BANK_A,1,0.79,4.82,3.56,1,0.256,0,0.0
TXN001177,250,UPI,BANK_D,23,0.53,-1.0,-1.0,0,0.261,1,2.8
TXN001178,250,UPI,BANK_A,15,1.14,5.35,2.01,0,0.181,0,0.0
TXN001179,1500,UPI,BANK_A,6,1.01,8.74,2.07,0,0.212,0,0.0
TXN001180,100,NETBANKING,BANK_D,6,1.25,-1.0,-1.0,0,0.274,1,1.0
TXN001181,5000,CARD,BANK_D,19,1.3,3.53,3.78,0,0.312,0,0.0
TXN001182,750,WALLET,BANK_A,21,1.74,7.84,1.22,0,0.147,0,0.0
TXN001183,100,CARD,BANK_B,4,2.69,1.14,4.27,0,0.338,0,0.0
TXN001184,250,UPI,BANK_A,6,0.34,6.18,2.85,0,0.208,0,0.0
TXN001185,250,UPI,BANK_C,17,1.53,6.25,2.07,0,0.02,0,0.0
TXN001186,750,UPI,BANK_D,19,1.36,3.48,1.34,0,0.377,0,0.0
TXN001187,100,WALLET,BANK_A,0,2.12,9.0,2.05,0,0.116,0,0.0
TXN001188,100,NETBANKING,BANK_C,6,0.92,3.5,3.84,0,0.244,0,0.0
TXN001189,750,CARD,BANK_C,12,0.58,7.16,2.54,0,0.176,0,0.0
TXN001190,250,CARD,BANK_A,19,1.12,6.68,2.67,0,0.231,0,0.0
TXN001191,100,CARD,BANK_D,6,1.75,8.45,1.14,0,0.251,0,0.0
TXN001192,250,UPI,BANK_B,4,2.2,8.78,2.03,0,0.306,0,0.0
TXN001193,10000,UPI,BANK_B,12,2.39,3.7,41.98,1,0.481,1,35.5
TXN001194,2500,CARD,BANK_A,5,1.5,3.35,38.75,0,0.232,1,32.7
TXN001195,2500,UPI,BANK_C,9,1.66,2.49,1.44,0,0.158,0,0.0
TXN001196,500,UPI,BANK_A,12,0.63,7.07,0.92,0,0.217,0,0.0
TXN001197,500,UPI,BANK_C,8,0.92,11.26,47.8,0,0.13,1,40.5
TXN001198,100,UPI,BANK_A,13,1.61,6.86,3.09,0,0.243,0,0.0
TXN001199,1500,UPI,BANK_B,7,1.11,4.18,3.22,0,0.327,0,0.0
TXN001200,250,UPI,BANK_C,17,1.64,6.56,3.16,0,0.242,0,0.0
TXN001201,2500,CARD,BANK_A,12,1.85,35.4,2.62,0,0.259,1,27.2
TXN001202,250,UPI,BANK_C,14,1.65,7.3,0.59,1,0.125,0,0.0
TXN001203,750,UPI,BANK_A,9,1.53,6.98,1.15,0,0.208,0,0.0
TXN001204,750,UPI,BANK_B,16,0.71,5.13,3.66,0,0.281,0,0.0
TXN001205,2000,WALLET,BANK_B,12,1.76,10.24,1.47,0,0.312,0,0.0
TXN001206,250,CARD,BANK_A,22,2.14,4.73,2.4,0,0.14,0,0.0
TXN001207,5000,NETBANKING,BANK_A,12,1.42,14.0,1.08,0,0.278,0,0.0
TXN001208,100,UPI,BANK_A,1,2.16,22.9,2.33,1,0.146,1,16.5
TXN001209,2500,NETBANKING,BANK_A,0,1.31,3.82,2.33,0,0.205,0,0.0
TXN001210,1500,UPI,BANK_B,22,1.76,8.0,1.4,0,0.41,1,1.0
TXN001211,100,NETBANKING,BANK_D,19,1.56,4.94,1.57,0,0.229,0,0.0
TXN001212,500,NETBANKING,BANK_B,6,1.96,36.77,2.3,0,0.459,1,30.0
TXN001213,1000,NETBANKING,BANK_A,8,0.95,21.45,1.68,0,0.156,1,15.9
TXN001214,100,CARD,BANK_A,4,1.78,2.21,1.16,0,0.225,0,0.0
TXN001215,500,CARD,BANK_A,23,0.9,22.67,2.14,0,0.151,1,14.1
TXN001216,500,NETBANKING,BANK_C,16,1.91,2.92,2.06,0,0.11,0,0.0
TXN001217,250,UPI,BANK_D,7,1.74,23.28,1.68,0,0.341,1,14.8
TXN001218,2000,CARD,BANK_B,8,1.77,8.07,0.3,0,0.269,0,0.0
TXN001219,250,CARD,BANK_C,9,1.09,4.59,1.88,0,0.222,0,0.0
TXN001220,1000,CARD,BANK_D,23,1.27,5.68,1.02,0,0.271,0,0.0
TXN001221,750,CARD,BANK_B,13,2.64,2.07,0.8,0,0.319,0,0.0
TXN001222,250,UPI,BANK_D,13,2.18,8.0,3.35,0,0.3,0,0.0
TXN001223,5000,UPI,BANK_B,2,0.84,64.21,2.46,0,0.318,1,57.2
TXN001224,500,UPI,BANK_A,6,2.93,11.79,0.76,1,0.308,1,4.2
TXN001225,500,CARD,BANK_D,0,1.11,9.17,0.39,0,0.269,1,1.3
TXN001226,100,UPI,BANK_D,8,0.97,49.56,0.63,0,0.299,1,41.8
TXN001227,250,NETBANKING,BANK_B,9,1.33,45.13,1.05,0,0.292,1,39.3
TXN001228,500,NETBANKING,BANK_A,23,1.13,7.32,0.92,0,0.225,0,0.0
TXN001229,750,UPI,BANK_D,15,0.79,4.35,1.07,0,0.214,0,0.0
TXN001230,1000,UPI,BANK_D,4,1.04,9.74,1.14,0,0.305,0,0.0
TXN001231,1000,CARD,BANK_A,1,1.02,8.44,1.57,0,0.227,0,0.0
TXN001232,500,NETBANKING,BANK_A,6,1.78,42.64,1.07,0,0.169,1,35.0
TXN001233,1000,UPI,BANK_B,7,1.45,1.85,0.94,0,0.403,0,0.0
TXN001234,500,UPI,BANK_D,12,0.81,8.5,0.2,0,0.238,0,0.0
TXN001235,1500,CARD,BANK_D,12,0.69,6.66,2.49,0,0.236,0,0.0
TXN001236,2000,CARD,BANK_C,22,0.64,-1.0,-1.0,0,0.148,1,2.3
TXN001237,1000,UPI,BANK_B,6,1.78,0.5,1.02,0,0.419,0,0.0
TXN001238,2500,NETBANKING,BANK_B,6,1.16,11.2,1.14,0,0.31,0,0.0
TXN001239,100,UPI,BANK_C,8,1.85,3.7,0.78,0,0.208,0,0.0
TXN001240,100,WALLET,BANK_B,10,0.83,2.9,0.2,0,0.295,0,0.0
TXN001241,25000,UPI,BANK_D,4,1.81,5.41,2.4,0,0.294,0,0.0
TXN001242,100,NETBANKING,BANK_B,5,1.02,32.02,0.62,0,0.367,1,21.8
TXN001243,750,UPI,BANK_C,14,1.2,8.03,3.02,0,0.147,0,0.0
TXN001244,500,UPI,BANK_A,12,1.44,3.95,2.38,0,0.218,0,0.0
TXN001245,5000,UPI,BANK_B,3,2.29,4.69,2.19,0,0.345,0,0.0
TXN001246,2000,UPI,BANK_C,19,1.49,4.97,2.79,0,0.11,0,0.0
TXN001247,500,CARD,BANK_C,20,0.84,-1.0,-1.0,0,0.122,1,1.0
TXN001248,1500,CARD,BANK_B,14,0.36,-1.0,-1.0,0,0.424,1,1.0
TXN001249,25000,WALLET,BANK_C,19,1.7,7.35,2.74,0,0.113,0,0.0
TXN001250,2000,UPI,BANK_C,12,1.11,16.15,3.15,0,0.151,1,7.2
TXN001251,750,CARD,BANK_C,3,1.29,7.43,2.19,0,0.155,0,0.0
TXN001252,1000,NETBANKING,BANK_D,7,3.03,6.15,2.2,0,0.28,1,1.0
TXN001253,2500,UPI,BANK_A,10,1.98,7.6,0.26,0,0.18,0,0.0
TXN001254,2500,WALLET,BANK_B,5,2.12,-1.0,-1.0,0,0.4,1,1.0
TXN001255,1000,UPI,BANK_B,2,1.56,5.96,0.87,0,0.316,0,0.0
TXN001256,1000,CARD,BANK_A,4,1.9,2.77,1.7,0,0.313,0,0.0
TXN001257,100,NETBANKING,BANK_C,11,1.24,6.17,2.08,0,0.145,0,0.0
TXN001258,750,UPI,BANK_A,11,1.36,-1.0,-1.0,0,0.186,1,1.0
TXN001259,2500,CARD,BANK_B,23,1.42,1.4,2.72,0,0.357,0,0.0
TXN001260,750,WALLET,BANK_D,12,1.79,6.07,0.78,0,0.209,0,0.0
TXN001261,1500,CARD,BANK_C,7,1.05,6.66,2.04,0,0.16,0,0.0
TXN001262,25000,NETBANKING,BANK_D,12,1.06,5.01,4.07,0,0.213,0,0.0
TXN001263,250,CARD,BANK_C,10,1.36,8.04,3.81,0,0.22,0,0.0
TXN001264,1500,NETBANKING,BANK_C,10,1.59,37.29,2.94,0,0.148,1,29.7
TXN001265,100,UPI,BANK_A,12,1.67,10.7,2.57,0,0.292,0,0.0
TXN001266,100,UPI,BANK_B,6,1.9,-1.0,2.22,0,0.32,1,1.0
TXN001267,250,UPI,BANK_A,4,1.0,4.34,2.56,0,0.202,0,0.0
TXN001268,500,NETBANKING,BANK_A,4,1.18,4.37,3.91,0,0.124,0,0.0
TXN001269,100,UPI,BANK_D,11,0.2,5.21,1.91,1,0.212,0,0.0
TXN001270,2500,UPI,BANK_B,12,2.28,-1.0,-1.0,0,0.404,1,1.5
TXN001271,750,UPI,BANK_B,18,1.71,1.45,2.29,0,0.273,0,0.0
TXN001272,250,CARD,BANK_A,23,1.61,3.74,2.9,0,0.216,0,0.0
TXN001273,1000,CARD,BANK_D,1,1.02,4.64,1.01,0,0.247,0,0.0
TXN001274,1000,UPI,BANK_D,7,1.37,8.64,1.39,0,0.251,0,0.0
TXN001275,5000,UPI,BANK_C,0,2.26,9.33,0.35,0,0.182,0,0.0
TXN001276,250,UPI,BANK_C,7,0.98,4.54,0.3,1,0.134,0,0.0
TXN001277,750,WALLET,BANK_C,19,1.76,5.95,0.92,1,0.117,0,0.0
TXN001278,1000,NETBANKING,BANK_B,20,1.9,6.01,65.63,0,0.366,1,56.9
TXN001279,500,UPI,BANK_A,19,0.8,7.07,1.53,0,0.211,0,0.0
TXN001280,1500,CARD,BANK_D,4,1.2,6.84,2.84,0,0.304,0,0.0
TXN001281,1000,UPI,BANK_A,21,0.16,-1.0,-1.0,0,0.152,1,1.0
TXN001282,250,CARD,BANK_B,14,1.24,3.23,0.56,2,0.364,0,0.0
TXN001283,2000,UPI,BANK_B,10,1.51,8.46,2.12,1,0.356,0,0.0
TXN001284,250,NETBANKING,BANK_B,7,1.86,5.5,3.03,0,0.335,0,0.0
TXN001285,2500,NETBANKING,BANK_A,10,2.71,8.18,3.54,0,0.143,0,0.0
TXN001286,1000,UPI,BANK_C,20,2.19,82.31,3.28,0,0.161,1,76.5
TXN001287,2500,CARD,BANK_C,22,2.16,8.93,1.15,0,0.137,0,0.0
TXN001288,500,UPI,BANK_C,22,1.56,11.82,2.32,0,0.145,0,0.0
TXN001289,100,UPI,BANK_D,3,0.54,5.82,0.2,0,0.263,0,0.0
TXN001290,1000,UPI,BANK_A,14,1.51,6.15,1.1,0,0.233,0,0.0
TXN001291,500,UPI,BANK_D,12,1.33,4.94,1.03,0,0.314,0,0.0
TXN001292,750,UPI,BANK_A,23,1.22,8.18,2.2,0,0.298,0,0.0
TXN001293,250,UPI,BANK_D,6,0.8,-1.0,-1.0,0,0.28,1,3.1
TXN001294,100,UPI,BANK_C,8,1.84,2.54,2.16,1,0.158,1,5.7
TXN001295,1000,NETBANKING,BANK_C,12,1.7,33.85,2.63,0,0.158,1,25.9
TXN001296,5000,UPI,BANK_C,16,1.01,5.64,2.75,0,0.061,0,0.0
TXN001297,1500,UPI,BANK_A,9,1.26,5.35,2.31,0,0.155,0,0.0
TXN001298,250,UPI,BANK_C,21,1.25,4.95,2.28,0,0.144,0,0.0
TXN001299,10000,WALLET,BANK_B,5,0.76,2.53,2.18,0,0.312,0,0.0
TXN001300,1500,CARD,BANK_C,9,1.68,5.47,0.2,0,0.093,0,0.0
TXN001301,750,UPI,BANK_C,1,1.49,7.86,3.07,1,0.173,0,0.0
TXN001302,750,WALLET,BANK_C,9,1.18,8.25,2.75,0,0.174,0,0.0
TXN001303,750,NETBANKING,BANK_B,13,0.28,6.64,1.44,0,0.379,0,0.0
TXN001304,1000,UPI,BANK_A,2,1.8,8.47,2.15,0,0.156,0,0.0
TXN001305,1000,CARD,BANK_C,4,0.2,6.16,2.93,0,0.141,0,0.0
TXN001306,5000,UPI,BANK_D,11,1.47,3.66,3.12,0,0.203,0,0.0
TXN001307,250,WALLET,BANK_D,17,1.97,11.69,3.41,2,0.289,0,0.0
TXN001308,1000,UPI,BANK_C,2,0.75,5.6,1.77,0,0.087,1,1.0
TXN001309,250,NETBANKING,BANK_A,19,1.73,9.48,25.64,0,0.268,1,17.8
TXN001310,2000,NETBANKING,BANK_B,8,1.52,7.39,0.81,0,0.35,0,0.0
TXN001311,100,UPI,BANK_C,13,1.77,4.79,2.28,0,0.111,0,0.0
TXN001312,250,CARD,BANK_C,13,0.89,-1.0,-1.0,0,0.176,1,1.0
TXN001313,10000,CARD,BANK_C,23,1.37,-1.0,2.21,1,0.143,1,1.0
TXN001314,1500,UPI,BANK_C,1,0.9,7.93,0.6,2,0.202,0,0.0
TXN001315,100,UPI,BANK_B,1,1.06,5.68,1.51,0,0.257,0,0.0
TXN001316,1500,UPI,BANK_B,11,0.72,6.33,1.42,0,0.324,0,0.0
TXN001317,2500,CARD,BANK_D,10,0.49,-1.0,-1.0,0,0.324,1,1.0
TXN001318,100,UPI,BANK_B,16,1.17,2.96,3.32,0,0.396,0,0.0
TXN001319,250,UPI,BANK_D,15,1.05,-1.0,-1.0,0,0.229,1,1.0
TXN001320,2500,CARD,BANK_C,18,1.98,37.93,1.78,1,0.128,1,31.0
TXN001321,250,UPI,BANK_B,0,0.42,5.3,50.46,0,0.341,1,42.0
TXN001322,100,UPI,BANK_D,18,1.57,4.03,1.52,0,0.257,0,0.0
TXN001323,100,NETBANKING,BANK_A,21,1.58,4.48,1.88,0,0.117,0,0.0
TXN001324,250,UPI,BANK_B,15,2.1,8.73,1.07,0,0.324,0,0.0
TXN001325,1500,CARD,BANK_B,9,1.14,9.41,2.0,0,0.307,0,0.0
TXN001326,1000,WALLET,BANK_A,4,1.04,7.65,1.13,0,0.261,0,0.0
TXN001327,2500,UPI,BANK_B,12,2.63,5.07,2.53,0,0.351,0,0.0
TXN001328,500,CARD,BANK_B,18,0.96,8.54,2.1,0,0.339,0,0.0
TXN001329,500,CARD,BANK_A,21,1.15,3.69,3.31,0,0.313,0,0.0
TXN001330,250,WALLET,BANK_D,0,1.73,4.18,0.2,0,0.262,0,0.0
TXN001331,1000,UPI,BANK_A,5,1.57,1.71,1.28,0,0.265,0,0.0
TXN001332,2500,NETBANKING,BANK_A,9,2.46,6.33,3.69,0,0.159,0,0.0
TXN001333,1500,CARD,BANK_D,17,1.1,3.94,2.02,1,0.278,0,0.0
TXN001334,1500,UPI,BANK_A,16,1.51,8.95,2.56,0,0.316,1,1.7
TXN001335,2000,WALLET,BANK_C,6,1.83,7.91,0.65,0,0.162,0,0.0
TXN001336,500,UPI,BANK_A,18,1.98,2.45,0.2,0,0.265,0,0.0
TXN001337,750,NETBANKING,BANK_C,9,1.34,2.82,2.31,0,0.127,0,0.0
TXN001338,250,UPI,BANK_C,8,1.61,6.59,10.0,0,0.157,1,3.3
TXN001339,5000,UPI,BANK_A,13,0.66,3.68,2.53,0,0.189,0,0.0
TXN001340,1500,UPI,BANK_A,8,1.36,5.49,1.35,0,0.228,0,0.0
TXN001341,100,UPI,BANK_A,8,2.58,4.24,0.2,0,0.256,0,0.0
TXN001342,750,UPI,BANK_A,4,1.24,5.01,2.09,0,0.282,0,0.0
TXN001343,750,WALLET,BANK_A,4,1.98,5.94,2.2,0,0.185,0,0.0
TXN001344,1500,CARD,BANK_A,10,0.82,1.69,1.66,0,0.292,0,0.0
TXN001345,1500,CARD,BANK_B,2,1.1,6.45,2.17,0,0.297,0,0.0
TXN001346,100,UPI,BANK_D,7,2.01,2.93,2.58,0,0.246,0,0.0
TXN001347,250,WALLET,BANK_C,11,1.79,10.33,2.69,0,0.083,0,0.0
TXN001348,250,CARD,BANK_D,21,0.98,3.97,1.82,0,0.379,0,0.0
TXN001349,5000,UPI,BANK_A,21,0.96,5.09,1.21,0,0.235,0,0.0
TXN001350,500,UPI,BANK_C,8,1.94,7.7,1.53,0,0.211,0,0.0
TXN001351,1000,UPI,BANK_C,9,0.93,5.64,2.84,0,0.125,0,0.0
TXN001352,100,UPI,BANK_D,13,1.37,8.33,0.74,0,0.226,0,0.0
TXN001353,1500,CARD,BANK_C,18,1.15,6.4,1.55,0,0.132,0,0.0
TXN001354,1000,UPI,BANK_D,18,1.85,5.85,1.37,1,0.256,0,0.0
TXN001355,250,UPI,BANK_C,6,0.64,5.48,2.81,1,0.139,0,0.0
TXN001356,500,UPI,BANK_D,5,1.98,5.32,1.88,1,0.268,0,0.0
TXN001357,2500,CARD,BANK_D,8,2.53,6.23,3.08,0,0.301,0,0.0
TXN001358,250,UPI,BANK_D,11,1.49,0.5,3.68,1,0.265,0,0.0
TXN001359,1000,UPI,BANK_C,6,1.09,8.59,4.03,0,0.131,1,2.8
TXN001360,100,WALLET,BANK_B,1,1.24,8.14,3.09,0,0.353,0,0.0
TXN001361,2500,UPI,BANK_A,11,1.34,6.6,2.42,0,0.233,0,0.0
TXN001362,500,UPI,BANK_D,2,1.83,8.2,1.8,0,0.337,0,0.0
TXN001363,2500,CARD,BANK_B,3,1.96,9.35,1.68,1,0.392,0,0.0
TXN001364,100,NETBANKING,BANK_A,17,1.19,-1.0,-1.0,0,0.179,1,1.0
TXN001365,1500,UPI,BANK_A,11,1.98,24.96,2.18,0,0.153,1,17.5
TXN001366,500,UPI,BANK_B,18,1.45,8.22,1.92,0,0.431,0,0.0
TXN001367,5000,CARD,BANK_D,11,2.66,1.77,3.72,0,0.284,0,0.0
TXN001368,1000,UPI,BANK_C,21,2.62,3.78,4.12,0,0.169,0,0.0
TXN001369,500,UPI,BANK_B,17,1.34,3.31,2.75,0,0.339,0,0.0
TXN001370,250,UPI,BANK_D,1,1.58,5.87,0.86,0,0.266,0,0.0
TXN001371,500,UPI,BANK_A,6,1.35,11.49,2.16,1,0.206,1,6.6
TXN001372,100,UPI,BANK_C,22,1.02,12.5,2.32,0,0.173,0,0.0
TXN001373,2000,CARD,BANK_A,5,0.49,3.14,1.75,0,0.288,0,0.0
TXN001374,250,UPI,BANK_A,23,1.94,6.4,2.92,0,0.215,1,1.0
TXN001375,500,NETBANKING,BANK_C,1,1.3,1.29,1.63,0,0.201,0,0.0
TXN001376,500,UPI,BANK_B,12,2.47,11.17,2.16,0,0.48,0,0.0
TXN001377,500,CARD,BANK_C,17,1.33,3.85,1.1,0,0.207,0,0.0
TXN001378,750,UPI,BANK_C,20,1.91,6.16,3.87,0,0.248,0,0.0
TXN001379,5000,UPI,BANK_D,8,0.61,1.69,3.08,0,0.202,0,0.0
TXN001380,2000,CARD,BANK_B,15,2.27,9.5,1.09,0,0.333,0,0.0
TXN001381,500,UPI,BANK_A,9,1.15,34.33,1.79,0,0.173,1,25.7
TXN001382,500,CARD,BANK_C,15,1.65,-1.0,-1.0,0,0.15,1,1.0
TXN001383,250,UPI,BANK_C,8,0.35,8.91,1.8,0,0.251,0,0.0
TXN001384,500,UPI,BANK_B,23,1.91,66.7,2.9,0,0.474,1,58.8
TXN001385,750,UPI,BANK_B,3,1.6,23.12,1.55,0,0.374,1,13.5
TXN001386,500,UPI,BANK_D,20,0.57,13.57,3.48,0,0.347,0,0.0
TXN001387,100,UPI,BANK_D,12,2.3,35.57,1.03,0,0.317,1,26.9
TXN001388,1000,CARD,BANK_C,10,1.11,4.62,0.87,0,0.072,0,0.0
TXN001389,1500,CARD,BANK_D,8,0.4,5.32,3.65,0,0.308,0,0.0
TXN001390,2500,UPI,BANK_A,10,1.47,4.66,2.0,0,0.192,0,0.0
TXN001391,750,WALLET,BANK_A,7,2.1,5.56,2.16,0,0.258,0,0.0
TXN001392,750,NETBANKING,BANK_B,12,1.74,10.72,2.72,1,0.348,1,1.4
TXN001393,250,UPI,BANK_A,8,2.64,7.01,1.95,1,0.145,0,0.0
TXN001394,10000,UPI,BANK_B,5,0.93,3.87,3.28,0,0.432,0,0.0
TXN001395,100,UPI,BANK_D,7,1.78,3.84,1.36,0,0.244,0,0.0
TXN001396,2500,CARD,BANK_D,11,1.34,4.5,2.0,0,0.252,0,0.0
TXN001397,500,UPI,BANK_B,17,1.24,7.91,0.23,1,0.429,0,0.0
TXN001398,5000,NETBANKING,BANK_A,13,0.88,5.38,2.7,0,0.191,0,0.0
TXN001399,500,UPI,BANK_D,9,1.0,4.36,0.2,0,0.229,0,0.0
TXN001400,2000,CARD,BANK_B,20,2.21,7.54,0.7,0,0.318,0,0.0
TXN001401,250,UPI,BANK_D,17,1.86,8.19,0.45,0,0.283,0,0.0
TXN001402,500,NETBANKING,BANK_C,10,2.2,6.82,0.52,0,0.174,0,0.0
TXN001403,250,NETBANKING,BANK_A,15,0.84,8.83,1.82,0,0.213,0,0.0
TXN001404,500,UPI,BANK_D,8,1.63,4.11,2.86,0,0.307,0,0.0
TXN001405,1000,WALLET,BANK_A,20,1.48,0.5,0.46,0,0.279,0,0.0
TXN001406,1000,WALLET,BANK_A,20,1.62,5.14,3.55,1,0.211,0,0.0
TXN001407,750,UPI,BANK_B,23,1.21,6.82,3.51,0,0.357,0,0.0
TXN001408,250,UPI,BANK_A,0,1.38,7.37,2.79,0,0.226,0,0.0
TXN001409,500,UPI,BANK_A,9,1.58,34.42,1.11,0,0.235,1,26.8
TXN001410,5000,CARD,BANK_A,15,1.06,51.24,2.07,0,0.248,1,41.6
TXN001411,100,CARD,BANK_B,7,0.91,8.87,1.59,1,0.282,0,0.0
TXN001412,2500,UPI,BANK_D,16,2.94,1.69,1.18,0,0.267,0,0.0
TXN001413,1000,CARD,BANK_A,3,0.47,-1.0,-1.0,0,0.295,1,1.0
TXN001414,10000,UPI,BANK_A,12,0.84,5.26,1.41,0,0.188,0,0.0
TXN001415,100,UPI,BANK_D,21,1.91,5.48,1.52,0,0.24,0,0.0
TXN001416,750,NETBANKING,BANK_A,2,1.22,30.55,1.39,0,0.19,1,25.1
TXN001417,2500,WALLET,BANK_C,18,2.86,5.33,2.26,0,0.245,0,0.0
TXN001418,500,UPI,BANK_A,7,1.99,1.98,2.6,0,0.246,0,0.0
TXN001419,250,UPI,BANK_D,3,1.22,3.14,1.43,0,0.278,0,0.0
TXN001420,500,UPI,BANK_B,18,2.48,6.46,1.09,0,0.259,0,0.0
TXN001421,10000,CARD,BANK_A,5,2.28,28.15,0.2,1,0.246,1,17.6
TXN001422,2000,UPI,BANK_B,5,1.59,5.09,0.94,0,0.349,0,0.0
TXN001423,500,UPI,BANK_B,8,1.28,2.39,40.72,0,0.375,1,33.0
TXN001424,100,CARD,BANK_B,22,1.33,3.66,3.08,0,0.295,0,0.0
TXN001425,250,UPI,BANK_C,0,0.51,-1.0,-1.0,0,0.19,1,1.0
TXN001426,1500,CARD,BANK_C,18,1.08,7.43,1.78,0,0.16,0,0.0
TXN001427,500,NETBANKING,BANK_D,14,2.44,8.52,2.29,0,0.242,0,0.0
TXN001428,750,CARD,BANK_C,6,1.31,3.49,1.22,0,0.123,0,0.0
TXN001429,250,UPI,BANK_B,3,1.9,5.14,2.9,0,0.286,0,0.0
TXN001430,750,NETBANKING,BANK_A,11,0.5,4.09,2.59,0,0.172,0,0.0
TXN001431,1000,NETBANKING,BANK_D,3,2.12,9.12,4.01,0,0.199,0,0.0
TXN001432,100,NETBANKING,BANK_B,12,2.45,8.61,3.06,0,0.329,0,0.0
TXN001433,100,WALLET,BANK_D,8,2.28,4.42,0.2,1,0.33,0,0.0
TXN001434,250,UPI,BANK_B,0,1.85,7.37,1.21,0,0.365,0,0.0
TXN001435,1500,NETBANKING,BANK_A,10,1.06,50.2,1.47,0,0.231,1,44.5
TXN001436,2500,UPI,BANK_A,23,1.09,7.19,2.35,0,0.167,0,0.0
TXN001437,2500,WALLET,BANK_A,2,1.18,4.63,2.16,0,0.21,0,0.0
TXN001438,2000,CARD,BANK_B,0,1.66,15.05,2.18,2,0.409,1,12.1
TXN001439,1000,UPI,BANK_C,18,1.17,15.11,0.84,0,0.146,1,8.0
TXN001440,5000,UPI,BANK_C,10,0.25,10.13,1.64,3,0.142,1,5.9
TXN001441,1000,CARD,BANK_A,1,0.5,-1.0,-1.0,0,0.257,1,4.2
TXN001442,750,NETBANKING,BANK_D,21,1.99,7.49,1.98,0,0.221,0,0.0
TXN001443,2500,UPI,BANK_D,21,0.72,5.17,1.69,0,0.377,0,0.0
TXN001444,2000,CARD,BANK_A,21,1.11,24.98,0.95,0,0.273,1,17.1
TXN001445,750,WALLET,BANK_B,23,0.42,7.58,1.31,0,0.326,0,0.0
TXN001446,1000,UPI,BANK_A,12,1.48,20.88,0.2,1,0.183,1,14.8
TXN001447,500,CARD,BANK_C,23,0.77,52.79,1.75,0,0.065,1,49.2
TXN001448,500,CARD,BANK_A,11,1.56,9.46,0.2,0,0.178,0,0.0
TXN001449,250,UPI,BANK_B,10,1.98,8.66,1.34,0,0.481,0,0.0
TXN001450,2000,UPI,BANK_A,11,1.83,4.51,3.5,0,0.267,0,0.0
TXN001451,1500,UPI,BANK_B,3,1.52,11.47,0.2,2,0.251,1,4.0
TXN001452,25000,CARD,BANK_A,16,1.76,5.44,1.74,0,0.154,0,0.0
TXN001453,2500,UPI,BANK_C,12,1.35,1.37,1.24,0,0.145,0,0.0
TXN001454,1500,CARD,BANK_C,1,1.5,2.72,3.24,0,0.194,0,0.0
TXN001455,2500,CARD,BANK_C,7,1.88,0.5,2.45,0,0.121,0,0.0
TXN001456,750,UPI,BANK_C,23,1.72,7.44,3.5,0,0.171,0,0.0
TXN001457,10000,UPI,BANK_C,7,1.76,6.64,2.02,0,0.258,0,0.0
TXN001458,1000,NETBANKING,BANK_B,15,1.17,7.44,2.09,0,0.299,0,0.0
TXN001459,250,CARD,BANK_C,6,1.08,-1.0,-1.0,0,0.157,1,1.0
TXN001460,100,UPI,BANK_C,6,1.72,9.18,1.15,0,0.133,0,0.0
TXN001461,100,CARD,BANK_C,18,1.69,3.36,3.29,0,0.197,0,0.0
TXN001462,750,CARD,BANK_B,10,1.02,-1.0,-1.0,1,0.333,1,1.0
TXN001463,2500,WALLET,BANK_C,15,1.29,65.34,2.2,0,0.143,1,57.7
TXN001464,2500,UPI,BANK_D,22,1.15,4.82,1.48,0,0.283,0,0.0
TXN001465,1000,CARD,BANK_A,4,2.44,5.59,3.3,0,0.219,0,0.0
TXN001466,250,CARD,BANK_C,1,1.82,4.71,2.33,0,0.199,0,0.0
TXN001467,2500,NETBANKING,BANK_A,20,1.08,4.94,3.02,0,0.227,0,0.0
TXN001468,2500,UPI,BANK_B,21,1.25,5.22,1.76,1,0.396,1,4.4
TXN001469,750,CARD,BANK_C,7,0.32,5.41,1.43,0,0.16,0,0.0
TXN001470,750,NETBANKING,BANK_B,0,1.52,7.44,3.84,0,0.255,1,1.0
TXN001471,100,CARD,BANK_C,19,0.95,7.53,3.37,1,0.095,0,0.0
TXN001472,25000,NETBANKING,BANK_B,14,1.15,8.84,1.22,0,0.309,0,0.0
TXN001473,25000,CARD,BANK_B,1,1.57,24.38,2.44,0,0.433,1,18.9
TXN001474,750,CARD,BANK_A,9,1.39,36.42,2.95,0,0.23,1,31.6
TXN001475,250,UPI,BANK_C,17,1.99,16.21,1.5,0,0.21,1,7.3
TXN001476,2500,NETBANKING,BANK_D,12,0.48,6.3,1.98,1,0.337,1,1.0
TXN001477,10000,CARD,BANK_C,10,2.13,3.4,26.73,0,0.159,1,17.4
TXN001478,2000,UPI,BANK_D,22,2.17,2.22,2.35,0,0.349,0,0.0
TXN001479,10000,NETBANKING,BANK_B,13,0.88,1.32,1.85,0,0.287,0,0.0
TXN001480,500,CARD,BANK_D,16,1.74,5.04,0.2,0,0.361,0,0.0
TXN001481,250,CARD,BANK_B,16,2.78,9.84,1.49,0,0.314,0,0.0
TXN001482,2000,NETBANKING,BANK_B,16,1.39,6.09,2.25,1,0.41,0,0.0
TXN001483,1500,CARD,BANK_A,17,1.23,12.86,1.89,0,0.134,1,8.6
TXN001484,250,UPI,BANK_B,4,0.67,39.98,1.02,0,0.455,1,31.0
TXN001485,1500,CARD,BANK_C,23,1.68,10.82,1.24,1,0.125,0,0.0
TXN001486,10000,UPI,BANK_B,6,1.63,9.16,1.76,0,0.349,0,0.0
TXN001487,250,UPI,BANK_B,8,1.55,2.25,0.2,0,0.413,0,0.0
TXN001488,1500,CARD,BANK_C,0,2.54,22.41,2.67,0,0.144,1,14.8
TXN001489,750,UPI,BANK_B,6,1.73,5.96,3.37,0,0.365,0,0.0
TXN001490,250,UPI,BANK_B,9,1.82,4.89,2.44,0,0.361,0,0.0
TXN001491,5000,NETBANKING,BANK_A,2,2.4,7.95,2.54,0,0.245,0,0.0
TXN001492,250,UPI,BANK_B,21,2.65,8.74,27.49,0,0.245,1,24.2
TXN001493,100,UPI,BANK_C,1,1.34,4.22,1.69,0,0.134,0,0.0
TXN001494,500,CARD,BANK_B,21,1.69,7.33,2.73,0,0.378,0,0.0
TXN001495,750,CARD,BANK_A,6,0.2,27.93,2.5,0,0.255,1,19.8
TXN001496,2500,NETBANKING,BANK_B,21,1.21,5.28,2.57,0,0.34,0,0.0
TXN001497,500,WALLET,BANK_D,18,0.98,9.36,3.92,0,0.249,0,0.0
TXN001498,1500,CARD,BANK_C,16,2.09,3.6,1.93,0,0.109,0,0.0
TXN001499,1000,NETBANKING,BANK_A,6,2.4,13.37,1.71,0,0.297,1,4.3
TXN001500,1000,CARD,BANK_C,7,1.98,5.25,1.45,0,0.186,0,0.0
TXN001501,2000,NETBANKING,BANK_B,1,0.69,-1.0,-1.0,0,0.355,1,1.0
TXN001502,1000,UPI,BANK_A,18,1.86,5.73,2.89,0,0.223,0,0.0
TXN001503,2000,UPI,BANK_D,19,1.23,21.38,1.29,1,0.249,1,13.5
TXN001504,750,UPI,BANK_B,20,1.03,-1.0,-1.0,0,0.279,1,1.0
TXN001505,2000,UPI,BANK_D,17,2.06,5.25,2.99,0,0.311,0,0.0
TXN001506,1000,WALLET,BANK_D,10,1.0,6.76,3.31,0,0.342,0,0.0
TXN001507,1000,CARD,BANK_A,23,1.2,10.76,2.11,0,0.247,0,0.0
TXN001508,750,UPI,BANK_A,5,0.93,-1.0,-1.0,0,0.193,1,1.6
TXN001509,2500,CARD,BANK_D,18,1.81,6.75,1.38,0,0.273,0,0.0
TXN001510,1500,UPI,BANK_C,0,1.42,73.28,2.89,0,0.223,1,68.1
TXN001511,250,CARD,BANK_A,12,0.82,2.75,1.89,0,0.203,0,0.0
TXN001512,750,NETBANKING,BANK_A,23,2.71,7.14,1.3,1,0.252,0,0.0
TXN001513,5000,UPI,BANK_B,21,1.98,7.28,3.83,0,0.384,0,0.0
TXN001514,750,NETBANKING,BANK_B,1,0.89,10.01,2.37,1,0.331,0,0.0
TXN001515,500,NETBANKING,BANK_C,16,0.44,4.97,3.28,0,0.163,0,0.0
TXN001516,100,CARD,BANK_C,12,0.88,4.87,2.64,0,0.215,0,0.0
TXN001517,500,CARD,BANK_A,1,1.67,5.72,2.1,0,0.211,0,0.0
TXN001518,100,NETBANKING,BANK_B,17,1.11,26.12,2.44,2,0.395,1,17.3
TXN001519,250,CARD,BANK_C,13,1.43,4.82,2.0,1,0.168,0,0.0
TXN001520,500,WALLET,BANK_D,8,1.96,-1.0,-1.0,1,0.319,1,1.0
TXN001521,750,CARD,BANK_D,9,0.63,8.61,1.78,0,0.206,1,1.0
TXN001522,750,CARD,BANK_C,18,0.31,6.92,2.08,1,0.124,0,0.0
TXN001523,2500,UPI,BANK_C,19,1.08,-1.0,-1.0,0,0.187,1,1.0
TXN001524,500,UPI,BANK_A,9,2.21,6.77,1.63,0,0.135,0,0.0
TXN001525,250,CARD,BANK_C,11,1.3,3.65,18.04,1,0.07,1,5.8
TXN001526,500,UPI,BANK_B,11,2.07,6.04,1.7,0,0.357,0,0.0
TXN001527,1500,CARD,BANK_D,0,1.24,6.01,2.46,0,0.194,0,0.0
TXN001528,1000,CARD,BANK_C,23,1.73,3.94,2.24,0,0.101,0,0.0
TXN001529,250,UPI,BANK_C,5,1.39,-1.0,-1.0,0,0.207,1,1.2
TXN001530,1500,UPI,BANK_A,20,1.15,7.0,0.68,0,0.249,0,0.0
TXN001531,500,UPI,BANK_B,3,1.83,7.47,1.49,0,0.32,0,0.0
TXN001532,500,CARD,BANK_A,20,0.94,34.65,1.39,0,0.259,1,25.3
TXN001533,2500,CARD,BANK_B,22,1.6,11.71,0.2,0,0.364,1,1.8
TXN001534,2500,WALLET,BANK_A,2,1.37,5.73,2.84,0,0.221,0,0.0
TXN001535,1500,WALLET,BANK_A,21,1.29,9.75,1.66,0,0.292,1,1.0
TXN001536,10000,UPI,BANK_C,0,1.21,5.67,2.94,0,0.176,0,0.0
TXN001537,500,UPI,BANK_C,9,1.99,4.44,1.28,1,0.139,0,0.0
TXN001538,2500,WALLET,BANK_D,0,1.99,28.52,2.4,0,0.304,1,21.7
TXN001539,2000,UPI,BANK_A,19,1.91,6.87,0.66,0,0.208,0,0.0
TXN001540,25000,CARD,BANK_C,13,0.58,5.42,1.67,0,0.144,0,0.0
TXN001541,500,WALLET,BANK_A,6,2.34,0.89,4.44,0,0.201,0,0.0
TXN001542,2000,UPI,BANK_D,16,1.97,4.94,1.18,0,0.307,0,0.0
TXN001543,750,UPI,BANK_B,13,0.66,-1.0,-1.0,2,0.373,1,1.0
TXN001544,2000,UPI,BANK_C,7,2.38,4.0,0.88,0,0.161,0,0.0
TXN001545,1500,UPI,BANK_B,14,2.26,25.09,2.27,1,0.322,1,19.3
TXN001546,250,CARD,BANK_C,5,1.34,2.42,0.2,0,0.293,0,0.0
TXN001547,1500,NETBANKING,BANK_D,7,2.55,7.65,1.24,0,0.219,0,0.0
TXN001548,1000,CARD,BANK_D,19,1.46,6.66,0.72,0,0.3,0,0.0
TXN001549,500,UPI,BANK_A,6,0.75,-1.0,-1.0,0,0.175,1,1.0
TXN001550,100,UPI,BANK_D,9,2.44,8.23,3.62,0,0.281,0,0.0
TXN001551,750,CARD,BANK_C,15,2.47,5.68,3.33,0,0.071,0,0.0
TXN001552,1000,CARD,BANK_C,19,1.99,8.18,1.29,0,0.115,0,0.0
TXN001553,2000,CARD,BANK_C,5,1.46,7.52,0.2,1,0.119,0,0.0
TXN001554,100,NETBANKING,BANK_B,1,1.21,26.74,2.41,0,0.427,1,17.8
TXN001555,1500,CARD,BANK_C,23,1.45,8.03,1.5,0,0.097,0,0.0
TXN001556,250,CARD,BANK_C,3,2.17,4.19,2.47,0,0.122,0,0.0
TXN001557,500,CARD,BANK_D,4,0.59,11.28,2.33,1,0.239,0,0.0
TXN001558,750,UPI,BANK_D,5,0.39,5.48,0.87,0,0.243,0,0.0
TXN001559,500,CARD,BANK_D,16,0.67,5.65,1.66,0,0.25,0,0.0
TXN001560,750,NETBANKING,BANK_D,12,0.92,-1.0,3.47,1,0.219,1,1.0
TXN001561,100,UPI,BANK_D,1,1.52,27.45,4.06,0,0.322,1,21.9
TXN001562,500,CARD,BANK_C,16,1.15,5.39,1.03,0,0.203,0,0.0
TXN001563,5000,NETBANKING,BANK_B,16,1.09,0.67,0.59,0,0.313,0,0.0
TXN001564,2500,UPI,BANK_B,5,1.03,5.66,1.95,0,0.405,0,0.0
TXN001565,100,CARD,BANK_D,21,0.25,9.36,2.5,0,0.243,0,0.0
TXN001566,750,CARD,BANK_B,15,1.11,6.34,1.33,0,0.346,0,0.0
TXN001567,750,UPI,BANK_A,9,1.04,6.62,15.57,0,0.167,1,8.9
TXN001568,2000,WALLET,BANK_A,19,1.84,9.56,1.79,0,0.237,0,0.0
TXN001569,2500,NETBANKING,BANK_A,3,2.18,9.36,1.41,0,0.183,0,0.0
TXN001570,1000,UPI,BANK_D,17,1.17,9.91,0.54,0,0.363,0,0.0
TXN001571,1500,CARD,BANK_A,0,0.92,2.08,4.42,0,0.174,0,0.0
TXN001572,1500,CARD,BANK_C,7,1.78,5.03,2.02,0,0.128,0,0.0
TXN001573,1000,CARD,BANK_A,10,1.96,3.67,0.81,1,0.212,0,0.0
TXN001574,100,UPI,BANK_C,19,1.23,8.89,2.45,0,0.192,0,0.0
TXN001575,750,NETBANKING,BANK_B,19,1.1,8.12,2.71,1,0.446,0,0.0
TXN001576,2500,UPI,BANK_B,1,1.79,2.47,2.79,0,0.36,0,0.0
TXN001577,1500,UPI,BANK_A,16,1.62,11.55,2.06,0,0.192,0,0.0
TXN001578,2000,NETBANKING,BANK_A,16,0.42,5.09,1.93,0,0.279,0,0.0
TXN001579,2000,CARD,BANK_B,10,1.74,7.06,0.74,0,0.403,0,0.0
TXN001580,1000,WALLET,BANK_C,22,1.28,7.62,2.28,0,0.2,0,0.0
TXN001581,750,UPI,BANK_B,21,2.58,10.89,2.84,0,0.356,0,0.0
TXN001582,1500,CARD,BANK_A,7,0.95,-1.0,-1.0,0,0.22,1,1.0
TXN001583,100,UPI,BANK_B,16,2.1,6.83,1.47,1,0.336,0,0.0
TXN001584,750,CARD,BANK_B,21,0.63,30.81,0.9,1,0.335,1,21.6
TXN001585,1500,WALLET,BANK_D,23,0.1,-1.0,-1.0,1,0.368,1,1.0
TXN001586,250,UPI,BANK_D,8,0.92,9.45,2.66,0,0.297,1,5.0
TXN001587,250,CARD,BANK_B,15,1.24,34.88,2.24,0,0.309,1,27.9
TXN001588,2500,UPI,BANK_D,12,1.34,8.87,3.4,0,0.273,1,1.8
TXN001589,1500,NETBANKING,BANK_D,13,1.7,9.02,2.16,0,0.235,0,0.0
TXN001590,2500,UPI,BANK_B,19,1.73,6.35,1.55,0,0.299,0,0.0
TXN001591,750,UPI,BANK_D,20,1.7,23.78,1.79,0,0.351,1,18.1
TXN001592,1000,CARD,BANK_D,19,1.02,39.48,2.06,0,0.319,1,33.6
TXN001593,250,CARD,BANK_D,2,0.56,25.47,2.21,2,0.264,1,15.6
TXN001594,1000,UPI,BANK_D,20,0.45,9.37,35.19,0,0.157,1,25.0
TXN001595,500,UPI,BANK_B,14,1.62,5.36,1.58,0,0.371,0,0.0
TXN001596,2000,CARD,BANK_D,10,2.94,10.13,3.68,0,0.24,0,0.0
TXN001597,2000,CARD,BANK_A,15,0.85,7.02,0.84,0,0.31,0,0.0
TXN001598,500,NETBANKING,BANK_D,5,1.23,4.71,1.09,2,0.217,0,0.0
TXN001599,250,UPI,BANK_A,21,0.61,4.92,2.71,0,0.237,0,0.0
TXN001600,100,UPI,BANK_B,12,1.5,4.69,1.44,0,0.297,0,0.0
TXN001601,1000,NETBANKING,BANK_B,10,1.81,4.47,0.35,1,0.304,0,0.0
TXN001602,100,UPI,BANK_B,3,2.46,32.73,1.77,1,0.347,1,27.2
TXN001603,250,UPI,BANK_B,4,1.54,4.23,0.92,0,0.371,0,0.0
TXN001604,500,CARD,BANK_B,12,0.79,7.88,2.19,0,0.363,0,0.0
TXN001605,250,CARD,BANK_B,8,1.18,7.02,3.26,0,0.407,0,0.0
TXN001606,250,NETBANKING,BANK_D,10,1.06,4.51,1.38,0,0.253,0,0.0
TXN001607,100,WALLET,BANK_A,6,0.8,42.31,3.39,0,0.2,1,33.5
TXN001608,2000,UPI,BANK_C,4,2.88,5.35,35.79,0,0.137,1,26.5
TXN001609,750,UPI,BANK_A,17,1.92,27.91,2.23,0,0.27,1,19.4
TXN001610,2000,UPI,BANK_C,17,0.81,-1.0,-1.0,0,0.122,1,1.0
TXN001611,1000,CARD,BANK_D,4,0.35,9.49,0.54,0,0.249,1,2.2
TXN001612,1000,UPI,BANK_D,7,1.27,35.38,2.85,0,0.332,1,23.7
TXN001613,500,UPI,BANK_D,19,1.22,5.42,0.53,1,0.352,0,0.0
TXN001614,500,UPI,BANK_B,18,0.81,8.78,1.91,0,0.303,0,0.0
TXN001615,10000,NETBANKING,BANK_A,2,1.63,20.88,2.96,0,0.237,1,14.9
TXN001616,500,NETBANKING,BANK_A,18,2.52,5.41,2.36,0,0.279,0,0.0
TXN001617,100,UPI,BANK_A,11,1.2,10.46,3.63,1,0.179,0,0.0
TXN001618,1000,NETBANKING,BANK_A,15,0.97,0.5,0.4,0,0.169,0,0.0
TXN001619,100,CARD,BANK_C,9,0.94,3.21,1.45,0,0.12,0,0.0
TXN001620,500,UPI,BANK_A,20,1.41,10.15,0.85,0,0.159,1,1.0
TXN001621,250,CARD,BANK_A,0,1.03,4.88,1.59,1,0.209,0,0.0
TXN001622,750,UPI,BANK_A,13,1.68,-1.0,-1.0,0,0.144,1,1.0
TXN001623,100,UPI,BANK_B,11,1.13,9.43,3.84,0,0.315,0,0.0
TXN001624,2500,CARD,BANK_C,11,1.16,7.05,34.93,0,0.101,1,24.5
TXN001625,500,CARD,BANK_C,0,2.61,7.03,2.28,1,0.17,0,0.0
TXN001626,1000,UPI,BANK_B,4,2.49,8.48,3.56,0,0.401,1,1.0
TXN001627,5000,UPI,BANK_A,15,1.81,5.46,2.66,0,0.217,0,0.0
TXN001628,1000,CARD,BANK_B,22,0.3,4.46,3.2,1,0.291,0,0.0
TXN001629,250,CARD,BANK_A,0,0.68,13.84,2.03,0,0.275,1,6.6
TXN001630,750,UPI,BANK_B,9,0.99,6.7,2.2,0,0.328,0,0.0
TXN001631,2000,WALLET,BANK_D,14,0.95,6.24,1.09,0,0.344,0,0.0
TXN001632,1500,WALLET,BANK_B,10,2.55,5.59,0.65,0,0.4,0,0.0
TXN001633,1500,UPI,BANK_D,9,0.58,4.54,1.11,1,0.17,0,0.0
TXN001634,1000,CARD,BANK_A,20,1.23,4.09,2.09,0,0.266,0,0.0
TXN001635,250,UPI,BANK_A,21,1.46,5.4,1.56,0,0.235,0,0.0
TXN001636,500,UPI,BANK_C,2,0.54,27.87,2.86,0,0.211,1,21.3
TXN001637,2500,UPI,BANK_A,23,1.6,6.95,3.0,0,0.242,0,0.0
TXN001638,500,UPI,BANK_A,16,0.3,-1.0,-1.0,0,0.176,1,1.0
TXN001639,5000,NETBANKING,BANK_C,9,2.16,3.2,3.39,0,0.223,0,0.0
TXN001640,250,UPI,BANK_A,10,0.84,6.03,2.85,0,0.285,0,0.0
TXN001641,1000,UPI,BANK_C,22,1.72,6.35,2.36,0,0.181,0,0.0
TXN001642,5000,UPI,BANK_B,5,1.64,-1.0,3.08,0,0.416,1,1.0
TXN001643,1000,UPI,BANK_A,9,1.91,10.95,0.38,0,0.172,0,0.0
TXN001644,1000,UPI,BANK_A,13,1.36,0.5,0.86,0,0.267,0,0.0
TXN001645,5000,UPI,BANK_C,10,2.29,32.98,3.36,3,0.085,1,24.5
TXN001646,500,UPI,BANK_D,7,1.54,7.0,2.63,0,0.244,0,0.0
TXN001647,250,CARD,BANK_D,16,1.15,8.43,2.0,0,0.214,0,0.0
TXN001648,1000,UPI,BANK_C,21,1.15,12.09,1.76,0,0.131,0,0.0
TXN001649,1500,UPI,BANK_A,2,0.65,3.95,2.32,0,0.177,0,0.0
TXN001650,250,UPI,BANK_D,5,1.33,5.12,2.15,0,0.296,0,0.0
TXN001651,250,NETBANKING,BANK_D,11,1.64,5.38,2.62,0,0.269,0,0.0
TXN001652,750,UPI,BANK_C,5,0.58,-1.0,-1.0,0,0.161,1,1.0
TXN001653,2000,UPI,BANK_B,20,2.23,4.11,1.83,1,0.329,0,0.0
TXN001654,2500,UPI,BANK_B,3,1.49,7.05,3.41,0,0.329,0,0.0
TXN001655,500,NETBANKING,BANK_C,22,2.19,0.5,2.41,0,0.18,0,0.0
TXN001656,5000,WALLET,BANK_A,11,1.21,24.9,3.19,0,0.133,1,14.5
TXN001657,1000,NETBANKING,BANK_D,4,1.19,7.26,1.04,0,0.265,0,0.0
TXN001658,500,CARD,BANK_B,17,1.02,-1.0,-1.0,0,0.369,1,1.0
TXN001659,10000,UPI,BANK_D,22,1.73,-1.0,-1.0,0,0.287,1,1.0
TXN001660,1000,WALLET,BANK_C,14,1.28,33.04,1.64,0,0.148,1,27.5
TXN001661,500,CARD,BANK_A,3,2.23,6.68,2.55,0,0.151,0,0.0
TXN001662,2500,UPI,BANK_A,11,0.85,12.4,1.62,0,0.149,0,0.0
TXN001663,500,WALLET,BANK_B,4,0.81,51.39,2.5,0,0.335,1,43.1
TXN001664,500,NETBANKING,BANK_D,22,0.8,8.32,1.75,1,0.273,0,0.0
TXN001665,1000,UPI,BANK_C,7,1.27,5.4,2.82,0,0.187,0,0.0
TXN001666,1500,UPI,BANK_C,5,1.11,8.56,2.12,0,0.142,0,0.0
TXN001667,2500,UPI,BANK_B,4,1.82,9.44,2.01,0,0.385,0,0.0
TXN001668,100,CARD,BANK_B,15,1.41,5.46,1.63,1,0.251,0,0.0
TXN001669,25000,CARD,BANK_C,10,1.87,4.04,0.86,0,0.16,0,0.0
TXN001670,1500,UPI,BANK_D,15,0.91,-1.0,2.54,0,0.226,1,2.9
TXN001671,2000,WALLET,BANK_D,18,1.73,4.56,1.24,0,0.292,0,0.0
TXN001672,100,UPI,BANK_D,1,2.45,6.81,1.7,0,0.316,0,0.0
TXN001673,1000,UPI,BANK_B,2,0.89,15.32,1.94,0,0.315,1,4.3
TXN001674,1000,UPI,BANK_D,17,2.51,26.96,1.96,0,0.324,1,21.5
TXN001675,100,CARD,BANK_A,0,2.28,7.09,0.2,1,0.16,0,0.0
TXN001676,750,UPI,BANK_A,4,0.89,1.9,0.77,2,0.136,0,0.0
TXN001677,1500,UPI,BANK_D,23,2.67,7.93,32.9,0,0.348,1,26.4
TXN001678,10000,UPI,BANK_C,6,1.69,-1.0,-1.0,0,0.176,1,1.0
TXN001679,2500,UPI,BANK_D,2,2.1,7.07,2.94,0,0.324,0,0.0
TXN001680,500,UPI,BANK_D,1,1.3,7.28,1.3,0,0.34,0,0.0
TXN001681,500,CARD,BANK_A,19,1.12,4.1,2.01,0,0.189,0,0.0
TXN001682,5000,UPI,BANK_B,23,1.64,5.54,2.48,0,0.37,0,0.0
TXN001683,2500,UPI,BANK_D,8,0.94,16.31,2.81,0,0.192,1,6.8
TXN001684,250,CARD,BANK_B,7,2.23,13.47,0.44,0,0.349,1,4.2
TXN001685,250,CARD,BANK_D,15,1.66,7.03,0.71,0,0.273,1,1.0
TXN001686,1000,UPI,BANK_B,18,1.12,3.2,2.61,0,0.342,0,0.0
TXN001687,250,CARD,BANK_A,20,1.55,-1.0,-1.0,0,0.284,1,1.0
TXN001688,250,NETBANKING,BANK_B,13,1.08,5.03,1.43,0,0.303,0,0.0
TXN001689,750,CARD,BANK_A,22,0.79,5.73,3.06,1,0.242,0,0.0
TXN001690,1500,UPI,BANK_D,9,2.0,9.09,1.16,0,0.245,0,0.0
TXN001691,1000,CARD,BANK_C,20,1.24,11.29,1.32,1,0.143,0,0.0
TXN001692,1000,NETBANKING,BANK_B,13,0.71,-1.0,-1.0,0,0.283,1,1.0
TXN001693,1500,UPI,BANK_C,2,2.38,3.02,3.5,0,0.244,0,0.0
TXN001694,2000,WALLET,BANK_C,19,1.13,4.29,0.68,1,0.194,0,0.0
TXN001695,500,NETBANKING,BANK_C,3,0.85,3.82,0.63,0,0.196,0,0.0
TXN001696,750,NETBANKING,BANK_D,4,1.68,5.45,2.9,0,0.244,0,0.0
TXN001697,10000,CARD,BANK_C,19,1.72,60.5,1.96,1,0.09,1,51.0
TXN001698,250,UPI,BANK_A,4,1.19,4.02,2.38,0,0.205,0,0.0
TXN001699,750,UPI,BANK_A,9,2.25,0.58,3.17,0,0.174,0,0.0
TXN001700,2000,CARD,BANK_A,3,0.68,-1.0,-1.0,0,0.229,1,1.0
TXN001701,250,UPI,BANK_D,2,1.1,7.68,2.03,0,0.269,0,0.0
TXN001702,500,CARD,BANK_C,14,2.87,20.4,2.46,1,0.166,1,15.0
TXN001703,2000,CARD,BANK_C,21,0.79,13.14,1.58,1,0.155,1,4.6
TXN001704,250,UPI,BANK_B,23,1.44,-1.0,-1.0,0,0.313,1,1.0
TXN001705,500,NETBANKING,BANK_D,4,2.43,9.03,3.96,0,0.308,0,0.0
TXN001706,500,CARD,BANK_B,12,2.42,-1.0,2.44,0,0.406,1,1.0
TXN001707,100,UPI,BANK_D,3,1.95,3.75,2.07,0,0.272,0,0.0
TXN001708,250,WALLET,BANK_B,8,1.29,4.73,1.14,0,0.341,1,1.0
TXN001709,100,NETBANKING,BANK_C,1,2.17,-1.0,-1.0,0,0.2,1,1.0
TXN001710,5000,WALLET,BANK_A,19,1.1,7.13,2.22,0,0.272,0,0.0
TXN001711,250,WALLET,BANK_B,2,0.39,30.62,3.54,0,0.401,1,20.6
TXN001712,500,UPI,BANK_A,21,1.75,10.62,0.57,0,0.196,0,0.0
TXN001713,1000,UPI,BANK_C,16,1.51,-1.0,2.01,0,0.173,1,2.5
TXN001714,1000,UPI,BANK_C,8,1.44,6.54,0.68,0,0.113,0,0.0
TXN001715,2500,WALLET,BANK_A,4,1.36,2.95,3.44,0,0.259,0,0.0
TXN001716,2500,UPI,BANK_D,23,2.05,59.85,2.1,0,0.276,1,49.4
TXN001717,1000,UPI,BANK_A,8,2.21,7.58,0.81,0,0.289,0,0.0
TXN001718,250,UPI,BANK_B,1,2.24,4.81,3.1,0,0.356,0,0.0
TXN001719,10000,UPI,BANK_A,3,1.12,-1.0,-1.0,0,0.113,1,3.5
TXN001720,1500,UPI,BANK_C,15,1.62,34.26,1.19,0,0.072,1,28.6
TXN001721,750,UPI,BANK_A,10,0.82,26.32,1.23,0,0.228,1,18.3
TXN001722,750,CARD,BANK_C,2,1.2,9.7,1.88,0,0.205,0,0.0
TXN001723,500,UPI,BANK_A,18,0.1,-1.0,-1.0,1,0.232,1,1.4
TXN001724,2500,NETBANKING,BANK_C,5,0.75,-1.0,-1.0,1,0.105,1,1.0
TXN001725,250,CARD,BANK_D,21,0.85,21.97,1.83,0,0.345,1,13.6
TXN001726,5000,CARD,BANK_A,10,2.22,9.28,1.73,0,0.22,0,0.0
TXN001727,1500,CARD,BANK_C,15,2.52,5.04,1.28,0,0.127,0,0.0
TXN001728,100,UPI,BANK_A,2,1.47,20.0,2.38,0,0.165,1,12.2
TXN001729,250,WALLET,BANK_B,11,0.85,4.61,2.28,0,0.339,0,0.0
TXN001730,500,UPI,BANK_D,13,1.44,6.9,2.23,0,0.312,0,0.0
TXN001731,100,UPI,BANK_C,13,0.5,10.41,0.2,0,0.21,0,0.0
TXN001732,500,UPI,BANK_D,11,1.93,5.16,0.2,0,0.214,0,0.0
TXN001733,500,UPI,BANK_B,21,0.72,7.02,1.58,0,0.365,0,0.0
TXN001734,500,CARD,BANK_C,8,1.52,8.25,1.8,0,0.153,0,0.0
TXN001735,1000,WALLET,BANK_B,5,2.16,4.14,2.07,0,0.468,0,0.0
TXN001736,750,CARD,BANK_B,7,0.95,-1.0,-1.0,0,0.336,1,4.0
TXN001737,2500,UPI,BANK_A,0,1.83,22.21,2.73,1,0.193,1,14.2
TXN001738,2500,UPI,BANK_C,21,1.71,11.84,1.99,0,0.046,1,4.4
TXN001739,100,CARD,BANK_B,17,1.66,6.35,1.31,0,0.354,0,0.0
TXN001740,100,UPI,BANK_D,15,2.19,9.08,50.93,0,0.282,1,43.5
TXN001741,5000,UPI,BANK_D,17,2.35,39.83,1.31,0,0.256,1,33.5
TXN001742,250,CARD,BANK_D,20,1.48,27.97,0.2,2,0.348,1,19.2
TXN001743,250,UPI,BANK_D,17,0.94,6.14,3.6,0,0.305,0,0.0
TXN001744,750,CARD,BANK_D,16,1.94,7.91,0.2,0,0.3,0,0.0
TXN001745,2000,UPI,BANK_B,19,2.25,7.16,0.2,0,0.321,0,0.0
TXN001746,2000,UPI,BANK_C,16,1.41,4.88,18.33,0,0.11,1,7.4
TXN001747,2000,UPI,BANK_B,16,1.86,5.63,1.56,1,0.445,0,0.0
TXN001748,500,CARD,BANK_A,15,0.87,36.13,2.89,1,0.302,1,30.6
TXN001749,10000,NETBANKING,BANK_B,3,2.27,7.04,2.08,0,0.361,0,0.0
TXN001750,100,UPI,BANK_A,20,1.84,24.17,2.23,0,0.265,1,15.9
TXN001751,1500,CARD,BANK_D,19,2.12,4.46,2.67,0,0.194,0,0.0
TXN001752,2500,NETBANKING,BANK_D,19,0.44,5.12,1.15,0,0.404,0,0.0
TXN001753,2500,CARD,BANK_D,14,1.74,28.77,0.2,0,0.331,1,19.6
TXN001754,500,CARD,BANK_B,5,2.46,28.03,0.2,0,0.328,1,21.7
TXN001755,500,NETBANKING,BANK_A,9,1.24,3.68,3.32,0,0.216,0,0.0
TXN001756,2000,CARD,BANK_A,7,1.18,4.95,35.8,0,0.205,1,30.8
TXN001757,100,UPI,BANK_B,16,1.33,6.19,2.92,0,0.37,0,0.0
TXN001758,250,NETBANKING,BANK_A,23,0.83,87.47,1.49,0,0.159,1,78.8
TXN001759,2500,UPI,BANK_B,7,1.2,-1.0,-1.0,1,0.426,1,4.4
TXN001760,250,UPI,BANK_D,15,1.02,38.33,3.25,0,0.293,1,29.9
TXN001761,1500,CARD,BANK_B,22,0.82,6.29,3.02,0,0.223,0,0.0
TXN001762,2000,WALLET,BANK_C,12,1.49,5.13,0.98,0,0.077,0,0.0
TXN001763,2000,UPI,BANK_D,1,0.88,5.07,2.74,1,0.305,0,0.0
TXN001764,750,NETBANKING,BANK_C,17,1.25,8.04,1.96,0,0.199,0,0.0
TXN001765,500,CARD,BANK_A,6,2.27,7.02,3.01,0,0.199,0,0.0
TXN001766,1000,CARD,BANK_B,2,1.28,5.53,1.97,0,0.451,0,0.0
TXN001767,500,CARD,BANK_A,16,1.25,3.89,3.03,0,0.221,0,0.0
TXN001768,1000,UPI,BANK_D,15,1.62,18.19,1.72,0,0.215,1,13.3
TXN001769,1500,CARD,BANK_B,23,0.62,15.5,2.58,1,0.315,1,8.0
TXN001770,500,CARD,BANK_A,10,0.79,5.08,2.34,0,0.326,0,0.0
TXN001771,500,NETBANKING,BANK_C,18,2.88,5.94,37.84,0,0.167,1,30.9
TXN001772,25000,WALLET,BANK_D,16,1.37,44.74,2.73,0,0.239,1,37.5
TXN001773,100,NETBANKING,BANK_B,5,1.9,2.01,2.38,0,0.383,0,0.0
TXN001774,1000,CARD,BANK_C,8,1.3,3.4,0.2,0,0.205,0,0.0
TXN001775,750,CARD,BANK_C,16,0.98,6.31,2.66,0,0.234,0,0.0
TXN001776,5000,UPI,BANK_A,16,2.17,5.4,2.0,1,0.255,0,0.0
TXN001777,500,CARD,BANK_C,14,1.53,4.53,2.29,1,0.109,1,1.0
TXN001778,250,CARD,BANK_A,23,2.8,5.82,2.41,0,0.182,0,0.0
TXN001779,500,UPI,BANK_D,11,1.75,6.43,34.52,0,0.242,1,25.1
TXN001780,1000,NETBANKING,BANK_C,22,1.73,5.58,0.26,0,0.139,0,0.0
TXN001781,2000,NETBANKING,BANK_C,15,2.43,1.99,1.82,1,0.092,0,0.0
TXN001782,5000,CARD,BANK_A,9,2.01,8.56,0.62,0,0.208,0,0.0
TXN001783,1000,UPI,BANK_B,6,3.08,6.24,1.71,0,0.359,0,0.0
TXN001784,100,NETBANKING,BANK_A,7,2.07,8.78,1.04,0,0.324,0,0.0
TXN001785,25000,NETBANKING,BANK_A,17,1.56,30.04,0.56,1,0.29,1,21.9
TXN001786,750,NETBANKING,BANK_A,12,2.62,7.44,1.71,0,0.217,0,0.0
TXN001787,250,UPI,BANK_B,7,1.66,4.68,1.01,0,0.413,0,0.0
TXN001788,10000,WALLET,BANK_A,17,0.96,-1.0,-1.0,0,0.286,1,1.0
TXN001789,1000,CARD,BANK_A,22,1.86,9.8,0.71,0,0.152,0,0.0
TXN001790,10000,UPI,BANK_D,16,1.52,3.61,2.63,1,0.374,0,0.0
TXN001791,2500,WALLET,BANK_D,9,1.73,44.71,2.52,0,0.259,1,37.8
TXN001792,2500,UPI,BANK_A,21,1.64,6.68,1.77,0,0.21,0,0.0
TXN001793,2500,WALLET,BANK_C,2,1.35,33.13,1.33,0,0.187,1,27.0
TXN001794,1000,UPI,BANK_D,19,1.88,3.64,3.01,0,0.246,0,0.0
TXN001795,1500,CARD,BANK_A,0,0.84,5.93,0.86,0,0.252,0,0.0
TXN001796,250,UPI,BANK_A,21,1.85,3.17,1.79,1,0.19,0,0.0
TXN001797,10000,UPI,BANK_A,8,1.7,5.36,0.2,0,0.238,0,0.0
TXN001798,100,CARD,BANK_D,21,2.42,7.16,1.75,0,0.349,0,0.0
TXN001799,100,CARD,BANK_D,14,0.63,27.62,0.95,0,0.293,1,19.0
TXN001800,2000,CARD,BANK_C,15,0.69,-1.0,-1.0,0,0.078,1,1.0
TXN001801,100,UPI,BANK_A,8,1.91,4.42,16.09,0,0.239,1,10.6
TXN001802,750,UPI,BANK_B,12,0.77,6.89,1.66,1,0.362,1,3.2
TXN001803,250,WALLET,BANK_B,10,1.29,6.67,1.01,0,0.369,0,0.0
TXN001804,2000,UPI,BANK_B,8,0.96,26.11,2.0,0,0.365,1,21.6
TXN001805,100,CARD,BANK_B,6,0.2,11.22,3.59,1,0.361,0,0.0
TXN001806,500,WALLET,BANK_A,4,2.84,2.39,35.83,0,0.218,1,23.6
TXN001807,1000,CARD,BANK_D,3,1.33,5.35,2.5,0,0.298,0,0.0
TXN001808,2000,WALLET,BANK_A,7,2.46,1.8,2.49,0,0.254,0,0.0
TXN001809,500,CARD,BANK_B,0,1.27,2.66,3.49,0,0.373,0,0.0
TXN001810,250,CARD,BANK_D,22,0.2,8.19,1.11,0,0.336,1,2.1
TXN001811,250,UPI,BANK_C,21,0.73,12.21,2.06,1,0.211,0,0.0
TXN001812,1000,WALLET,BANK_C,7,1.78,10.22,0.91,0,0.267,1,4.7
TXN001813,1500,UPI,BANK_C,15,0.79,-1.0,-1.0,0,0.103,1,1.0
TXN001814,2500,CARD,BANK_B,13,1.88,2.08,3.35,0,0.36,0,0.0
TXN001815,10000,UPI,BANK_C,9,1.58,5.29,2.26,0,0.235,0,0.0
TXN001816,1000,NETBANKING,BANK_A,12,1.72,5.72,0.5,0,0.235,0,0.0
TXN001817,2500,UPI,BANK_B,6,0.59,7.04,1.12,1,0.357,0,0.0
TXN001818,750,UPI,BANK_D,14,2.19,-1.0,-1.0,0,0.263,1,1.0
TXN001819,1500,UPI,BANK_D,0,1.94,3.8,1.73,0,0.329,0,0.0
TXN001820,2000,NETBANKING,BANK_B,1,0.66,5.7,41.12,0,0.291,1,32.9
TXN001821,1500,UPI,BANK_A,12,1.86,5.2,2.49,0,0.292,0,0.0
TXN001822,25000,NETBANKING,BANK_B,21,1.01,11.11,3.34,0,0.429,0,0.0
TXN001823,500,CARD,BANK_C,11,2.45,7.67,1.92,0,0.172,0,0.0
TXN001824,100,CARD,BANK_C,18,1.59,22.6,3.31,0,0.172,1,10.6
TXN001825,10000,WALLET,BANK_B,12,2.08,3.29,2.87,0,0.251,0,0.0
TXN001826,250,CARD,BANK_D,4,2.13,7.4,2.45,1,0.295,0,0.0
TXN001827,500,UPI,BANK_A,22,1.56,6.94,0.6,0,0.267,0,0.0
TXN001828,1500,WALLET,BANK_B,17,1.77,5.77,31.64,0,0.407,1,25.2
TXN001829,100,WALLET,BANK_A,10,0.49,4.97,1.77,0,0.254,0,0.0
TXN001830,250,UPI,BANK_D,2,2.35,2.17,2.3,0,0.271,0,0.0
TXN001831,1000,CARD,BANK_B,7,1.5,12.91,2.27,0,0.378,1,4.6
TXN001832,100,UPI,BANK_A,11,1.74,6.24,3.57,0,0.241,0,0.0
TXN001833,5000,NETBANKING,BANK_C,2,1.08,7.14,1.74,0,0.173,0,0.0
TXN001834,500,CARD,BANK_A,11,0.73,8.74,1.11,0,0.257,0,0.0
TXN001835,1500,NETBANKING,BANK_B,15,2.26,5.07,1.25,0,0.279,1,1.0
TXN001836,10000,CARD,BANK_A,21,1.9,5.24,1.2,0,0.232,0,0.0
TXN001837,2000,NETBANKING,BANK_B,11,1.38,10.49,1.22,0,0.36,0,0.0
TXN001838,500,UPI,BANK_D,21,2.07,6.31,3.02,1,0.274,0,0.0
TXN001839,2000,UPI,BANK_C,3,1.94,6.28,3.0,0,0.14,0,0.0
TXN001840,750,WALLET,BANK_C,5,1.72,5.24,41.34,0,0.189,1,35.4
TXN001841,750,NETBANKING,BANK_C,7,1.49,7.74,3.93,0,0.221,0,0.0
TXN001842,500,NETBANKING,BANK_A,13,1.24,-1.0,-1.0,0,0.254,1,2.4
TXN001843,100,WALLET,BANK_B,5,2.55,2.74,1.8,0,0.253,0,0.0
TXN001844,10000,UPI,BANK_D,22,1.17,26.77,3.96,0,0.307,1,19.1
TXN001845,1000,UPI,BANK_C,20,1.72,13.37,0.2,2,0.269,1,3.8
TXN001846,1000,UPI,BANK_D,14,1.64,5.97,1.47,1,0.327,0,0.0
TXN001847,250,UPI,BANK_B,20,2.62,38.01,3.02,1,0.278,1,28.4
TXN001848,1500,UPI,BANK_D,14,2.02,8.97,1.32,0,0.242,0,0.0
TXN001849,250,UPI,BANK_A,8,1.53,5.03,3.13,0,0.264,0,0.0
TXN001850,2500,UPI,BANK_D,23,2.38,8.51,33.9,0,0.357,1,24.0
TXN001851,250,NETBANKING,BANK_B,0,1.36,2.71,2.32,0,0.312,0,0.0
TXN001852,250,CARD,BANK_A,18,1.0,6.62,1.84,0,0.222,0,0.0
TXN001853,100,UPI,BANK_B,22,1.51,6.51,1.41,1,0.325,0,0.0
TXN001854,500,CARD,BANK_A,11,2.38,6.43,42.99,0,0.154,1,37.1
TXN001855,1000,NETBANKING,BANK_D,14,1.39,11.49,1.49,0,0.338,0,0.0
TXN001856,250,UPI,BANK_A,17,1.21,29.36,2.35,2,0.097,1,23.0
TXN001857,500,WALLET,BANK_C,23,1.34,3.72,1.57,0,0.06,0,0.0
TXN001858,100,UPI,BANK_D,22,1.48,4.75,1.05,0,0.264,0,0.0
TXN001859,1000,UPI,BANK_D,21,1.73,8.22,2.33,0,0.32,0,0.0
TXN001860,2000,UPI,BANK_C,10,2.52,6.75,1.75,0,0.102,0,0.0
TXN001861,2500,CARD,BANK_D,5,2.52,36.4,1.68,0,0.297,1,30.4
TXN001862,250,NETBANKING,BANK_D,13,1.06,4.06,2.31,0,0.301,0,0.0
TXN001863,2500,UPI,BANK_C,19,1.34,-1.0,-1.0,0,0.159,1,1.0
TXN001864,250,UPI,BANK_C,17,0.28,8.2,3.34,0,0.109,0,0.0
TXN001865,1000,CARD,BANK_C,15,1.36,12.64,0.57,0,0.177,0,0.0
TXN001866,750,CARD,BANK_B,0,1.33,3.3,2.63,1,0.364,0,0.0
TXN001867,500,NETBANKING,BANK_B,2,2.21,8.55,3.41,0,0.369,0,0.0
TXN001868,2000,CARD,BANK_A,21,0.38,-1.0,-1.0,1,0.186,1,1.0
TXN001869,1500,NETBANKING,BANK_A,21,1.4,8.79,1.03,1,0.334,0,0.0
TXN001870,500,UPI,BANK_D,8,1.73,7.02,2.14,0,0.215,0,0.0
TXN001871,25000,WALLET,BANK_A,0,0.93,6.7,2.44,0,0.25,0,0.0
TXN001872,1500,UPI,BANK_B,0,1.07,64.81,2.5,0,0.373,1,57.0
TXN001873,1500,WALLET,BANK_C,2,2.34,2.01,1.2,0,0.151,0,0.0
TXN001874,500,NETBANKING,BANK_B,9,1.53,6.1,2.56,1,0.374,0,0.0
TXN001875,500,UPI,BANK_A,17,1.91,7.01,2.82,0,0.201,0,0.0
TXN001876,250,NETBANKING,BANK_B,7,0.23,4.48,2.75,0,0.354,0,0.0
TXN001877,750,WALLET,BANK_B,23,1.24,4.32,3.25,0,0.394,0,0.0
TXN001878,250,UPI,BANK_B,13,1.03,2.7,2.78,0,0.339,0,0.0
TXN001879,750,NETBANKING,BANK_C,6,1.84,2.81,2.37,0,0.08,0,0.0
TXN001880,750,CARD,BANK_A,12,2.59,12.99,40.7,0,0.242,1,30.0
TXN001881,2500,UPI,BANK_C,13,0.2,3.62,1.99,0,0.132,0,0.0
TXN001882,750,UPI,BANK_D,9,1.94,5.14,3.36,0,0.231,0,0.0
TXN001883,500,UPI,BANK_C,4,1.04,-1.0,-1.0,0,0.083,1,2.2
TXN001884,1000,CARD,BANK_C,1,0.54,6.55,3.39,0,0.166,0,0.0
TXN001885,2500,CARD,BANK_A,5,1.62,4.78,3.81,0,0.25,0,0.0
TXN001886,2000,CARD,BANK_A,16,1.11,10.31,1.25,1,0.231,0,0.0
TXN001887,750,UPI,BANK_B,14,1.1,7.12,1.9,0,0.38,1,1.0
TXN001888,250,UPI,BANK_B,4,0.95,13.99,1.3,0,0.329,1,7.8
TXN001889,750,UPI,BANK_D,6,0.94,30.49,1.93,0,0.292,1,22.6
TXN001890,2000,WALLET,BANK_D,14,0.48,33.74,2.39,0,0.267,1,25.8
TXN001891,250,UPI,BANK_B,2,1.91,5.74,2.54,2,0.349,0,0.0
TXN001892,100,UPI,BANK_D,22,0.84,5.13,2.34,1,0.271,0,0.0
TXN001893,100,UPI,BANK_B,21,2.48,9.62,2.5,0,0.254,0,0.0
TXN001894,2000,WALLET,BANK_C,3,2.09,8.93,30.41,0,0.168,1,20.3
TXN001895,5000,CARD,BANK_B,2,1.89,5.73,2.4,0,0.375,0,0.0
TXN001896,2000,UPI,BANK_D,19,1.49,4.69,2.24,0,0.325,0,0.0
TXN001897,100,NETBANKING,BANK_B,10,1.55,18.09,1.45,3,0.374,1,9.5
TXN001898,250,NETBANKING,BANK_D,1,1.84,6.25,2.86,0,0.27,0,0.0
TXN001899,250,NETBANKING,BANK_B,0,2.67,10.62,0.2,0,0.359,0,0.0
TXN001900,100,UPI,BANK_B,13,2.87,9.81,1.65,0,0.31,1,4.3
TXN001901,2500,CARD,BANK_D,23,2.2,4.99,4.02,0,0.295,0,0.0
TXN001902,1500,UPI,BANK_C,12,2.16,12.21,1.73,0,0.19,0,0.0
TXN001903,2500,CARD,BANK_C,23,2.1,4.09,2.92,0,0.159,0,0.0
TXN001904,1000,UPI,BANK_B,9,1.31,8.54,37.44,0,0.331,1,26.1
TXN001905,750,UPI,BANK_B,18,0.55,5.73,0.59,1,0.332,0,0.0
TXN001906,750,CARD,BANK_B,5,1.24,-1.0,-1.0,1,0.271,1,1.0
TXN001907,750,CARD,BANK_A,7,1.99,7.4,2.23,0,0.33,0,0.0
TXN001908,250,CARD,BANK_A,13,1.67,23.04,0.56,3,0.169,1,14.9
TXN001909,250,UPI,BANK_D,5,1.22,6.48,2.09,0,0.259,0,0.0
TXN001910,250,UPI,BANK_C,21,2.18,9.74,3.37,0,0.228,0,0.0
TXN001911,500,CARD,BANK_A,12,1.89,-1.0,3.85,0,0.182,1,1.0
TXN001912,250,CARD,BANK_A,4,1.83,5.71,2.37,0,0.24,0,0.0
TXN001913,250,UPI,BANK_C,22,1.7,6.89,2.75,0,0.12,0,0.0
TXN001914,750,CARD,BANK_D,1,1.76,4.43,0.98,1,0.383,0,0.0
TXN001915,250,CARD,BANK_D,19,2.7,4.06,28.06,0,0.327,1,23.3
TXN001916,2000,NETBANKING,BANK_B,0,1.56,10.12,0.91,1,0.31,0,0.0
TXN001917,2000,CARD,BANK_B,7,1.67,33.62,0.32,1,0.309,1,27.8
TXN001918,750,UPI,BANK_B,13,1.33,9.82,2.71,0,0.365,0,0.0
TXN001919,100,WALLET,BANK_C,9,1.33,25.08,1.55,0,0.209,1,15.5
TXN001920,500,NETBANKING,BANK_B,2,1.41,3.25,0.91,0,0.383,0,0.0
TXN001921,250,UPI,BANK_A,11,0.45,6.15,2.52,0,0.223,0,0.0
TXN001922,2000,CARD,BANK_A,13,0.36,7.51,2.25,0,0.114,0,0.0
TXN001923,100,CARD,BANK_D,5,2.56,6.66,0.2,0,0.294,0,0.0
TXN001924,100,UPI,BANK_D,9,0.51,0.97,1.33,0,0.272,0,0.0
TXN001925,5000,CARD,BANK_A,3,1.13,-1.0,-1.0,0,0.165,1,1.0
TXN001926,750,UPI,BANK_B,16,1.98,7.31,36.58,0,0.297,1,31.5
TXN001927,500,CARD,BANK_B,13,1.24,3.91,1.13,0,0.366,0,0.0
TXN001928,500,UPI,BANK_A,23,2.09,6.36,0.44,0,0.179,0,0.0
TXN001929,2000,UPI,BANK_C,10,0.8,-1.0,2.52,0,0.063,1,1.0
TXN001930,10000,UPI,BANK_B,23,1.88,11.59,3.26,1,0.35,1,1.9
TXN001931,1000,CARD,BANK_A,5,0.1,-1.0,-1.0,0,0.245,1,1.0
TXN001932,100,UPI,BANK_B,14,0.9,3.34,2.1,0,0.355,0,0.0
TXN001933,750,NETBANKING,BANK_A,3,1.79,6.85,2.33,0,0.295,0,0.0
TXN001934,500,NETBANKING,BANK_C,5,2.23,7.65,2.69,1,0.098,0,0.0
TXN001935,250,CARD,BANK_B,14,1.62,7.08,3.78,0,0.372,0,0.0
TXN001936,750,CARD,BANK_C,6,1.74,11.97,0.2,0,0.237,1,1.0
TXN001937,1000,UPI,BANK_A,5,2.49,7.46,2.39,0,0.285,0,0.0
TXN001938,10000,UPI,BANK_B,17,1.24,3.83,1.19,0,0.304,0,0.0
TXN001939,100,UPI,BANK_A,10,0.85,6.31,1.22,0,0.143,1,3.4
TXN001940,250,UPI,BANK_B,12,2.5,3.29,1.84,1,0.307,0,0.0
TXN001941,100,UPI,BANK_D,6,1.63,-1.0,-1.0,0,0.375,1,6.0
TXN001942,1000,NETBANKING,BANK_A,2,1.5,6.37,2.75,1,0.197,0,0.0
TXN001943,100,WALLET,BANK_A,16,1.28,8.78,1.83,0,0.278,0,0.0
TXN001944,1000,CARD,BANK_B,4,2.01,8.48,0.65,0,0.274,0,0.0
TXN001945,250,UPI,BANK_C,14,1.05,9.81,3.01,1,0.183,1,3.3
TXN001946,5000,UPI,BANK_B,10,1.58,7.59,3.58,0,0.317,0,0.0
TXN001947,500,CARD,BANK_D,23,0.82,31.57,1.26,0,0.365,1,23.3
TXN001948,750,UPI,BANK_B,22,1.6,5.71,50.94,0,0.391,1,43.6
TXN001949,1000,UPI,BANK_D,14,1.39,-1.0,-1.0,0,0.375,1,1.0
TXN001950,1000,UPI,BANK_B,7,1.43,5.64,31.35,0,0.382,1,23.7
TXN001951,5000,CARD,BANK_B,17,1.91,1.25,0.2,0,0.308,0,0.0
TXN001952,500,NETBANKING,BANK_B,18,1.96,6.19,3.15,0,0.268,0,0.0
TXN001953,1500,NETBANKING,BANK_D,13,1.79,8.97,2.76,1,0.277,0,0.0
TXN001954,250,UPI,BANK_B,8,1.72,8.4,2.71,0,0.412,0,0.0
TXN001955,100,UPI,BANK_C,5,1.87,9.74,14.79,0,0.243,1,9.8
TXN001956,1500,NETBANKING,BANK_D,21,1.88,7.8,2.63,0,0.325,0,0.0
TXN001957,2500,CARD,BANK_D,1,2.4,3.71,1.97,0,0.248,0,0.0
TXN001958,100,UPI,BANK_C,7,0.79,-1.0,-1.0,0,0.187,1,1.0
TXN001959,1000,NETBANKING,BANK_C,4,1.81,5.59,2.22,0,0.238,0,0.0
TXN001960,250,UPI,BANK_C,8,2.56,7.41,2.89,0,0.095,1,1.0
TXN001961,500,UPI,BANK_A,7,0.8,7.96,2.35,0,0.166,0,0.0
TXN001962,5000,UPI,BANK_A,7,1.45,12.4,1.24,0,0.231,0,0.0
TXN001963,5000,WALLET,BANK_A,2,0.66,-1.0,-1.0,0,0.266,1,1.0
TXN001964,1000,UPI,BANK_C,4,1.98,3.14,1.81,0,0.086,0,0.0
TXN001965,750,UPI,BANK_D,21,0.53,2.76,2.67,0,0.208,0,0.0
TXN001966,2000,NETBANKING,BANK_A,9,2.0,4.25,1.61,0,0.195,0,0.0
TXN001967,1000,UPI,BANK_D,13,0.66,-1.0,-1.0,0,0.262,1,1.0
TXN001968,2500,NETBANKING,BANK_B,1,0.57,4.81,3.35,0,0.275,0,0.0
TXN001969,100,CARD,BANK_D,7,0.88,6.02,2.27,0,0.236,0,0.0
TXN001970,5000,CARD,BANK_C,7,1.37,9.64,2.12,0,0.15,0,0.0
TXN001971,1500,NETBANKING,BANK_B,11,1.61,6.9,0.29,1,0.304,0,0.0
TXN001972,100,CARD,BANK_A,9,0.64,-1.0,-1.0,0,0.258,1,1.0
TXN001973,1500,UPI,BANK_B,8,1.04,30.23,2.62,0,0.413,1,22.9
TXN001974,250,CARD,BANK_B,17,1.85,5.52,1.31,1,0.416,0,0.0
TXN001975,250,CARD,BANK_B,21,2.03,7.13,41.66,0,0.441,1,32.2
TXN001976,250,CARD,BANK_A,5,0.76,-1.0,-1.0,0,0.227,1,1.0
TXN001977,100,WALLET,BANK_C,13,0.99,9.58,2.08,0,0.11,1,3.6
TXN001978,500,WALLET,BANK_A,1,0.78,2.59,3.4,0,0.189,0,0.0
TXN001979,1500,UPI,BANK_A,7,1.44,2.09,1.67,0,0.227,0,0.0
TXN001980,750,UPI,BANK_B,9,0.76,-1.0,-1.0,0,0.452,1,2.3
TXN001981,250,UPI,BANK_A,6,1.15,5.67,1.64,0,0.21,0,0.0
TXN001982,10000,CARD,BANK_C,14,0.86,7.4,3.33,0,0.148,0,0.0
TXN001983,750,NETBANKING,BANK_A,6,1.57,23.79,2.44,1,0.156,1,13.8
TXN001984,100,UPI,BANK_D,7,1.6,6.74,2.38,0,0.287,0,0.0
TXN001985,2000,CARD,BANK_B,22,2.16,31.1,1.19,0,0.312,1,18.7
TXN001986,500,NETBANKING,BANK_D,15,1.79,10.77,2.72,0,0.334,0,0.0
TXN001987,750,CARD,BANK_D,16,1.75,3.49,0.47,1,0.224,0,0.0
TXN001988,1000,UPI,BANK_D,21,1.1,2.74,1.42,0,0.313,0,0.0
TXN001989,10000,NETBANKING,BANK_B,6,2.39,5.35,47.24,0,0.251,1,40.7
TXN001990,250,WALLET,BANK_B,9,1.35,8.14,3.48,0,0.36,0,0.0
TXN001991,1500,UPI,BANK_C,18,1.76,5.87,0.41,0,0.195,0,0.0
TXN001992,100,CARD,BANK_A,11,2.77,5.8,0.78,0,0.26,0,0.0
TXN001993,250,CARD,BANK_B,10,0.47,-1.0,-1.0,0,0.359,1,1.4
TXN001994,500,WALLET,BANK_D,4,1.95,4.22,1.21,0,0.279,0,0.0
TXN001995,500,NETBANKING,BANK_D,8,2.08,5.58,1.78,0,0.333,0,0.0
TXN001996,2000,WALLET,BANK_A,17,0.56,8.54,2.16,0,0.239,0,0.0
TXN001997,5000,UPI,BANK_A,12,1.93,8.54,0.26,0,0.284,1,1.0
TXN001998,2000,CARD,BANK_D,9,0.49,0.5,2.04,0,0.153,0,0.0
TXN001999,500,UPI,BANK_C,18,1.89,3.06,2.92,0,0.164,0,0.0
TXN002000,500,NETBANKING,BANK_B,20,1.13,19.56,2.17,1,0.39,1,9.8
TXN002001,2000,UPI,BANK_C,22,1.14,5.87,2.52,0,0.157,0,0.0
TXN002002,250,UPI,BANK_B,17,1.23,3.32,1.8,0,0.328,0,0.0
TXN002003,500,CARD,BANK_A,17,1.5,7.85,4.43,0,0.255,0,0.0
TXN002004,250,CARD,BANK_A,7,0.2,7.38,1.52,0,0.215,0,0.0
TXN002005,1500,CARD,BANK_C,1,0.53,9.38,1.79,0,0.124,0,0.0
TXN002006,1000,WALLET,BANK_A,7,1.9,32.66,3.63,0,0.18,1,24.2
TXN002007,500,CARD,BANK_C,19,2.31,2.62,1.25,0,0.143,0,0.0
TXN002008,100,CARD,BANK_A,14,2.2,31.6,1.92,0,0.262,1,22.3
TXN002009,250,CARD,BANK_A,20,1.64,41.26,1.5,0,0.242,1,30.8
TXN002010,1000,NETBANKING,BANK_C,19,0.89,8.24,1.83,0,0.198,0,0.0
TXN002011,1000,UPI,BANK_B,4,2.19,4.43,1.01,0,0.388,0,0.0
TXN002012,500,WALLET,BANK_B,18,1.59,6.48,2.1,0,0.311,0,0.0
TXN002013,25000,WALLET,BANK_C,13,1.96,-1.0,-1.0,0,0.221,1,2.6
TXN002014,1500,UPI,BANK_A,4,1.79,1.01,2.37,0,0.248,0,0.0
TXN002015,1000,NETBANKING,BANK_D,11,1.82,4.02,3.48,0,0.195,0,0.0
TXN002016,100,UPI,BANK_C,10,1.18,4.72,3.11,0,0.111,0,0.0
TXN002017,250,NETBANKING,BANK_C,18,1.42,0.5,1.28,0,0.106,0,0.0
TXN002018,1500,UPI,BANK_B,8,1.99,9.0,1.75,0,0.349,0,0.0
TXN002019,500,UPI,BANK_B,8,1.69,18.51,3.19,0,0.434,1,10.1
TXN002020,2500,NETBANKING,BANK_C,19,1.08,32.8,2.14,0,0.192,1,23.6
TXN002021,2500,CARD,BANK_C,8,2.22,8.44,33.98,0,0.239,1,25.6
TXN002022,2000,CARD,BANK_A,18,1.74,7.75,39.91,0,0.24,1,34.2
TXN002023,750,NETBANKING,BANK_B,8,1.55,4.49,1.82,0,0.421,0,0.0
TXN002024,2000,UPI,BANK_C,20,2.12,7.88,0.2,0,0.152,0,0.0
TXN002025,2000,WALLET,BANK_C,13,1.04,4.56,2.19,0,0.217,0,0.0
TXN002026,250,CARD,BANK_C,0,2.71,-1.0,-1.0,0,0.192,1,1.0
TXN002027,2000,UPI,BANK_C,6,1.75,10.97,2.1,0,0.076,0,0.0
TXN002028,1000,CARD,BANK_D,18,0.63,14.03,0.52,3,0.339,1,7.3
TXN002029,100,UPI,BANK_B,6,0.86,4.51,3.54,0,0.344,0,0.0
TXN002030,100,NETBANKING,BANK_D,9,1.0,6.94,3.75,0,0.39,0,0.0
TXN002031,1000,CARD,BANK_C,5,1.55,23.62,0.2,0,0.122,1,12.9
TXN002032,250,CARD,BANK_C,16,1.08,5.54,2.7,0,0.202,0,0.0
TXN002033,500,CARD,BANK_D,17,1.09,4.33,2.76,0,0.26,0,0.0
TXN002034,1500,UPI,BANK_C,16,2.02,5.73,2.27,0,0.137,0,0.0
TXN002035,750,CARD,BANK_C,0,1.09,2.27,3.87,0,0.122,0,0.0
TXN002036,100,UPI,BANK_B,18,0.2,6.54,1.73,0,0.339,0,0.0
TXN002037,2500,CARD,BANK_A,23,1.73,7.79,1.46,0,0.313,0,0.0
TXN002038,1000,UPI,BANK_C,18,2.44,8.02,1.43,0,0.148,0,0.0
TXN002039,250,UPI,BANK_D,16,0.86,3.65,0.67,0,0.233,0,0.0
TXN002040,5000,WALLET,BANK_B,4,0.78,11.55,3.37,0,0.368,0,0.0
TXN002041,250,UPI,BANK_B,10,0.66,-1.0,-1.0,0,0.457,1,1.0
TXN002042,2500,CARD,BANK_A,19,1.31,7.77,2.91,0,0.258,0,0.0
TXN002043,1500,UPI,BANK_C,7,0.36,26.61,1.13,0,0.11,1,19.1
TXN002044,1000,NETBANKING,BANK_C,16,0.78,13.32,3.01,0,0.161,0,0.0
TXN002045,10000,CARD,BANK_B,3,1.07,4.54,65.7,0,0.364,1,57.2
TXN002046,2500,NETBANKING,BANK_C,7,0.73,5.73,1.83,0,0.139,0,0.0
TXN002047,500,UPI,BANK_A,21,0.21,7.94,2.49,0,0.171,0,0.0
TXN002048,750,UPI,BANK_A,19,2.07,5.23,2.41,0,0.189,0,0.0
TXN002049,1000,NETBANKING,BANK_D,6,1.55,28.55,2.43,1,0.312,1,18.5
TXN002050,2000,NETBANKING,BANK_B,7,1.31,7.52,2.07,2,0.346,0,0.0
TXN002051,1000,UPI,BANK_A,18,1.7,21.98,1.67,1,0.185,1,17.0
TXN002052,500,UPI,BANK_C,3,1.07,6.37,1.97,0,0.196,0,0.0
TXN002053,100,NETBANKING,BANK_A,8,1.15,48.49,1.9,0,0.169,1,40.1
TXN002054,2000,UPI,BANK_A,18,2.44,0.68,2.82,0,0.302,0,0.0
TXN002055,500,UPI,BANK_A,13,2.1,8.09,3.72,0,0.292,0,0.0
TXN002056,750,UPI,BANK_B,19,0.58,2.39,1.07,0,0.419,0,0.0
TXN002057,250,CARD,BANK_A,19,1.71,6.75,1.15,1,0.299,0,0.0
TXN002058,250,NETBANKING,BANK_D,2,1.99,11.43,0.74,1,0.298,0,0.0
TXN002059,250,CARD,BANK_A,0,0.91,7.87,0.64,0,0.153,0,0.0
TXN002060,250,UPI,BANK_B,19,1.88,6.54,2.6,1,0.409,0,0.0
TXN002061,1500,UPI,BANK_A,11,1.44,18.23,1.13,0,0.264,1,13.3
TXN002062,500,NETBANKING,BANK_C,20,1.3,8.73,49.18,0,0.173,1,39.7
TXN002063,750,CARD,BANK_C,9,2.43,4.97,27.21,0,0.211,1,21.3
TXN002064,2500,UPI,BANK_A,17,1.08,4.65,1.9,0,0.146,0,0.0
TXN002065,25000,CARD,BANK_A,16,2.78,10.93,1.49,0,0.337,0,0.0
TXN002066,100,NETBANKING,BANK_D,18,1.76,5.43,0.86,0,0.259,0,0.0
TXN002067,500,UPI,BANK_C,15,0.83,8.3,1.27,0,0.135,0,0.0
TXN002068,500,UPI,BANK_A,4,2.25,64.91,2.52,0,0.207,1,50.2
TXN002069,1000,WALLET,BANK_D,13,2.4,46.07,3.81,0,0.305,1,38.6
TXN002070,500,CARD,BANK_C,2,1.47,33.36,3.44,0,0.157,1,27.4
TXN002071,100,NETBANKING,BANK_B,15,0.23,-1.0,-1.0,0,0.458,1,1.0
TXN002072,10000,CARD,BANK_A,15,1.64,32.33,3.43,0,0.082,1,26.8
TXN002073,750,UPI,BANK_A,9,1.22,4.19,2.0,0,0.194,0,0.0
TXN002074,500,UPI,BANK_A,3,1.53,3.82,0.88,0,0.209,0,0.0
TXN002075,750,UPI,BANK_C,10,1.08,7.84,2.77,1,0.13,0,0.0
TXN002076,250,UPI,BANK_B,14,0.55,-1.0,-1.0,0,0.332,1,1.0
TXN002077,1000,CARD,BANK_D,7,1.56,3.24,1.09,0,0.25,0,0.0
TXN002078,750,CARD,BANK_A,23,1.41,4.66,3.41,0,0.219,0,0.0
TXN002079,1500,UPI,BANK_B,21,2.38,17.67,0.48,0,0.405,1,9.8
TXN002080,1500,CARD,BANK_A,15,1.16,0.51,1.86,0,0.112,0,0.0
TXN002081,250,UPI,BANK_B,18,2.62,7.19,3.18,0,0.326,0,0.0
TXN002082,250,UPI,BANK_D,21,2.02,4.85,0.46,0,0.351,0,0.0
TXN002083,10000,UPI,BANK_C,21,1.41,3.62,2.81,0,0.179,0,0.0
TXN002084,250,NETBANKING,BANK_C,8,1.45,5.35,3.1,0,0.182,0,0.0
TXN002085,1500,UPI,BANK_A,22,1.09,29.79,0.2,0,0.275,1,21.7
TXN002086,1000,NETBANKING,BANK_D,21,1.77,5.21,0.2,0,0.329,0,0.0
TXN002087,250,UPI,BANK_D,15,1.48,27.5,2.45,0,0.308,1,17.2
TXN002088,2500,UPI,BANK_C,9,1.56,1.88,3.36,0,0.166,0,0.0
TXN002089,750,CARD,BANK_B,7,1.72,5.97,0.42,0,0.379,1,2.8
TXN002090,1000,UPI,BANK_A,15,0.93,10.45,3.15,0,0.209,0,0.0
TXN002091,750,UPI,BANK_C,1,1.57,7.45,1.06,0,0.066,0,0.0
TXN002092,2000,UPI,BANK_D,15,2.06,5.01,1.04,2,0.357,0,0.0
TXN002093,2500,UPI,BANK_A,10,1.55,4.45,1.0,0,0.215,0,0.0
TXN002094,750,CARD,BANK_D,3,1.03,-1.0,-1.0,0,0.217,1,1.0
TXN002095,1000,NETBANKING,BANK_B,20,1.42,11.0,1.86,0,0.472,0,0.0
TXN002096,1500,UPI,BANK_C,13,1.43,3.53,1.93,0,0.15,0,0.0
TXN002097,750,NETBANKING,BANK_D,6,2.4,19.12,0.53,3,0.22,1,10.6
TXN002098,1000,CARD,BANK_D,8,1.35,3.9,1.69,0,0.297,0,0.0
TXN002099,500,UPI,BANK_C,9,1.13,6.46,2.57,0,0.152,0,0.0
TXN002100,2500,CARD,BANK_D,21,1.72,33.79,1.29,0,0.275,1,28.1
TXN002101,25000,UPI,BANK_D,22,2.13,-1.0,-1.0,0,0.262,1,3.4
TXN002102,250,UPI,BANK_B,15,1.37,4.61,2.37,0,0.414,0,0.0
TXN002103,1000,NETBANKING,BANK_D,2,2.52,2.59,2.93,0,0.277,0,0.0
TXN002104,100,WALLET,BANK_A,5,2.25,29.77,1.04,2,0.223,1,19.8
TXN002105,100,CARD,BANK_A,3,1.92,37.46,1.11,0,0.225,1,31.5
TXN002106,750,CARD,BANK_A,15,0.98,16.81,2.64,1,0.181,1,10.4
TXN002107,10000,WALLET,BANK_D,21,1.23,5.86,2.44,0,0.217,0,0.0
TXN002108,5000,NETBANKING,BANK_C,7,1.99,3.87,1.31,0,0.11,1,1.9
TXN002109,750,CARD,BANK_C,19,1.69,6.68,0.92,0,0.169,0,0.0
TXN002110,1500,UPI,BANK_B,23,1.24,5.31,0.74,0,0.335,0,0.0
TXN002111,25000,CARD,BANK_D,21,2.72,6.53,2.13,0,0.292,0,0.0
TXN002112,750,UPI,BANK_A,11,1.46,26.93,0.2,0,0.246,1,16.4
TXN002113,2500,CARD,BANK_B,7,0.64,-1.0,-1.0,0,0.295,1,4.4
TXN002114,1500,UPI,BANK_A,23,1.48,5.98,2.06,0,0.104,0,0.0
TXN002115,500,UPI,BANK_A,16,1.46,2.69,1.21,0,0.306,0,0.0
TXN002116,2500,CARD,BANK_B,8,1.52,4.57,1.64,0,0.318,0,0.0
TXN002117,100,NETBANKING,BANK_A,17,2.02,8.09,2.04,2,0.198,0,0.0
TXN002118,750,CARD,BANK_D,20,2.0,0.76,1.08,0,0.298,0,0.0
TXN002119,1500,UPI,BANK_B,21,2.45,51.23,1.63,0,0.331,1,40.6
TXN002120,250,WALLET,BANK_A,20,1.55,9.42,1.27,0,0.216,0,0.0
TXN002121,2500,UPI,BANK_B,3,1.86,9.12,2.91,0,0.391,0,0.0
TXN002122,1000,CARD,BANK_A,10,1.38,-1.0,1.66,0,0.158,1,1.0
TXN002123,500,CARD,BANK_C,16,0.95,7.11,3.29,0,0.203,0,0.0
TXN002124,2000,CARD,BANK_A,1,1.69,7.62,3.52,2,0.287,1,1.0
TXN002125,100,CARD,BANK_A,20,2.19,11.09,1.8,0,0.215,0,0.0
TXN002126,1500,NETBANKING,BANK_D,9,1.0,4.87,3.07,0,0.181,0,0.0
TXN002127,1500,NETBANKING,BANK_C,14,2.28,5.69,2.92,0,0.239,0,0.0
TXN002128,2000,UPI,BANK_A,12,1.64,6.79,3.12,0,0.244,0,0.0
TXN002129,1500,CARD,BANK_D,16,2.07,7.08,3.14,0,0.248,0,0.0
TXN002130,2000,CARD,BANK_B,21,1.92,7.65,0.74,1,0.419,0,0.0
TXN002131,1500,CARD,BANK_A,21,0.31,7.65,0.2,0,0.205,0,0.0
TXN002132,500,CARD,BANK_D,7,1.26,9.19,0.83,0,0.257,0,0.0
TXN002133,1000,CARD,BANK_C,13,1.41,16.17,1.96,1,0.09,1,6.2
TXN002134,100,WALLET,BANK_B,13,2.36,27.23,1.64,0,0.325,1,18.7
TXN002135,100,UPI,BANK_B,11,2.09,2.03,3.38,0,0.415,0,0.0
TXN002136,1000,NETBANKING,BANK_C,0,1.26,49.04,3.37,0,0.102,1,39.3
TXN002137,750,UPI,BANK_A,9,2.22,6.88,1.91,0,0.307,0,0.0
TXN002138,250,UPI,BANK_D,18,1.32,34.39,2.44,1,0.302,1,30.8
TXN002139,500,UPI,BANK_A,1,1.51,19.04,1.57,0,0.175,1,11.1
TXN002140,2500,UPI,BANK_C,10,0.96,7.47,2.2,0,0.21,0,0.0
TXN002141,2000,NETBANKING,BANK_C,16,1.53,27.74,0.98,0,0.148,1,21.4
TXN002142,25000,WALLET,BANK_D,3,2.25,0.5,3.93,0,0.213,0,0.0
TXN002143,250,UPI,BANK_D,2,1.37,0.88,2.05,1,0.226,0,0.0
TXN002144,1000,NETBANKING,BANK_A,10,1.37,1.94,1.8,0,0.258,0,0.0
TXN002145,100,NETBANKING,BANK_A,10,2.01,6.18,0.32,0,0.29,1,1.0
TXN002146,250,CARD,BANK_B,0,1.44,3.7,1.77,0,0.447,0,0.0
TXN002147,1000,NETBANKING,BANK_A,2,2.7,11.0,13.96,1,0.206,1,8.9
TXN002148,10000,UPI,BANK_A,11,1.61,9.34,2.39,0,0.202,0,0.0
TXN002149,250,NETBANKING,BANK_D,19,1.74,7.34,1.97,0,0.241,0,0.0
TXN002150,500,CARD,BANK_D,2,2.13,9.45,2.99,1,0.288,0,0.0
TXN002151,5000,CARD,BANK_C,3,1.61,4.72,40.12,1,0.284,1,32.8
TXN002152,100,WALLET,BANK_B,14,2.6,-1.0,-1.0,1,0.255,1,1.0
TXN002153,1000,WALLET,BANK_C,2,1.29,6.3,3.59,0,0.107,0,0.0
TXN002154,1500,UPI,BANK_C,1,1.96,-1.0,-1.0,0,0.144,1,3.4
TXN002155,2000,UPI,BANK_D,5,3.01,48.78,1.89,0,0.28,1,41.8
TXN002156,750,UPI,BANK_D,20,1.69,5.81,30.68,1,0.307,1,24.4
TXN002157,250,UPI,BANK_B,11,2.76,6.69,4.18,0,0.307,0,0.0
TXN002158,1500,UPI,BANK_D,21,0.61,6.71,0.72,1,0.211,0,0.0
TXN002159,1500,UPI,BANK_D,9,1.89,6.92,4.51,0,0.214,0,0.0
TXN002160,2500,WALLET,BANK_A,17,1.85,8.03,2.8,0,0.297,0,0.0
TXN002161,5000,NETBANKING,BANK_D,9,1.88,7.33,3.17,1,0.197,0,0.0
TXN002162,2500,UPI,BANK_C,12,1.42,-1.0,-1.0,1,0.188,1,1.0
TXN002163,2000,NETBANKING,BANK_A,6,0.86,10.18,2.8,2,0.279,1,1.6
TXN002164,250,NETBANKING,BANK_B,22,0.98,5.46,3.47,2,0.418,0,0.0
TXN002165,100,NETBANKING,BANK_B,13,2.18,2.92,1.16,0,0.339,0,0.0
TXN002166,750,UPI,BANK_D,13,1.47,7.69,3.01,0,0.37,0,0.0
TXN002167,750,NETBANKING,BANK_C,20,0.9,9.3,16.5,0,0.142,1,5.3
TXN002168,1000,CARD,BANK_D,20,2.72,7.07,3.13,0,0.207,0,0.0
TXN002169,2500,CARD,BANK_A,16,0.76,21.53,2.19,0,0.155,1,12.5
TXN002170,500,CARD,BANK_D,13,0.95,8.51,2.71,0,0.28,0,0.0
TXN002171,100,CARD,BANK_A,22,1.35,7.35,0.9,0,0.257,0,0.0
TXN002172,1000,UPI,BANK_B,18,1.05,4.01,4.36,1,0.375,0,0.0
TXN002173,100,CARD,BANK_B,15,0.82,7.61,1.93,1,0.325,0,0.0
TXN002174,500,CARD,BANK_B,13,0.69,-1.0,3.93,0,0.351,1,1.0
TXN002175,1000,UPI,BANK_A,9,1.87,7.04,3.25,0,0.138,0,0.0
TXN002176,1000,WALLET,BANK_C,21,0.49,-1.0,-1.0,0,0.098,1,1.0
TXN002177,1000,UPI,BANK_D,10,0.72,10.9,1.5,0,0.296,0,0.0
TXN002178,1000,NETBANKING,BANK_C,13,2.02,0.5,1.18,0,0.144,0,0.0
TXN002179,500,CARD,BANK_D,7,1.9,4.32,0.72,0,0.317,0,0.0
TXN002180,25000,WALLET,BANK_D,15,1.53,9.43,1.75,1,0.355,0,0.0
TXN002181,5000,CARD,BANK_B,9,0.53,4.9,0.77,0,0.33,0,0.0
TXN002182,500,UPI,BANK_A,14,1.44,2.63,1.85,0,0.252,0,0.0
TXN002183,500,CARD,BANK_A,0,2.02,8.27,28.71,0,0.205,1,21.5
TXN002184,1500,CARD,BANK_A,8,1.07,4.92,3.2,0,0.193,0,0.0
TXN002185,100,CARD,BANK_D,4,1.63,12.17,1.76,0,0.289,0,0.0
TXN002186,1000,UPI,BANK_B,22,1.75,2.7,3.02,0,0.288,0,0.0
TXN002187,2500,UPI,BANK_B,1,1.59,33.92,3.18,0,0.401,1,25.1
TXN002188,250,WALLET,BANK_B,6,0.62,5.31,2.11,0,0.345,0,0.0
TXN002189,1000,WALLET,BANK_C,8,1.87,6.98,1.63,0,0.062,0,0.0
TXN002190,250,UPI,BANK_B,9,2.59,8.58,1.07,1,0.446,0,0.0
TXN002191,2000,UPI,BANK_A,4,1.69,18.09,1.73,1,0.263,1,8.0
TXN002192,750,CARD,BANK_A,17,1.33,6.45,2.36,0,0.131,0,0.0
TXN002193,2500,CARD,BANK_A,20,1.05,10.31,0.72,0,0.2,0,0.0
TXN002194,25000,UPI,BANK_A,6,2.51,11.66,1.95,1,0.15,0,0.0
TXN002195,5000,UPI,BANK_B,16,1.29,2.72,1.3,0,0.401,0,0.0
TXN002196,1500,CARD,BANK_C,8,2.17,6.39,28.26,0,0.259,1,16.9
TXN002197,250,UPI,BANK_B,18,1.21,9.21,1.37,0,0.287,1,1.4
TXN002198,1500,UPI,BANK_C,2,2.01,6.71,3.45,0,0.176,0,0.0
TXN002199,1500,UPI,BANK_D,20,1.12,6.02,2.46,0,0.23,0,0.0
TXN002200,2000,UPI,BANK_D,4,0.83,8.83,2.94,0,0.271,0,0.0
TXN002201,250,WALLET,BANK_C,18,2.46,2.24,2.15,0,0.172,0,0.0
TXN002202,750,CARD,BANK_D,13,1.23,7.26,1.71,0,0.22,1,4.2
TXN002203,250,CARD,BANK_A,20,2.34,10.15,3.46,0,0.264,0,0.0
TXN002204,1000,CARD,BANK_B,12,2.44,4.11,2.8,0,0.366,0,0.0
TXN002205,1500,NETBANKING,BANK_C,10,1.0,11.12,2.43,0,0.114,1,2.8
TXN002206,500,UPI,BANK_C,13,1.47,37.41,2.04,0,0.134,1,29.5
TXN002207,100,CARD,BANK_D,4,1.55,6.74,2.34,0,0.243,0,0.0
TXN002208,1000,UPI,BANK_D,4,2.32,9.1,0.62,0,0.269,0,0.0
TXN002209,2000,CARD,BANK_D,2,2.13,2.39,29.87,0,0.229,1,18.2
TXN002210,750,WALLET,BANK_B,3,1.46,6.63,1.55,0,0.381,0,0.0
TXN002211,1000,CARD,BANK_B,15,1.75,5.15,2.54,0,0.332,0,0.0
TXN002212,2000,UPI,BANK_C,13,2.75,8.75,2.38,0,0.182,0,0.0
TXN002213,500,NETBANKING,BANK_B,14,1.48,-1.0,-1.0,0,0.351,1,2.6
TXN002214,250,UPI,BANK_D,20,0.2,6.7,2.72,0,0.287,0,0.0
TXN002215,1500,UPI,BANK_B,15,1.13,40.22,2.98,0,0.388,1,32.8
TXN002216,5000,NETBANKING,BANK_C,23,1.56,7.62,0.62,1,0.023,0,0.0
TXN002217,25000,UPI,BANK_B,9,2.11,6.88,2.31,0,0.365,0,0.0
TXN002218,100,WALLET,BANK_D,9,0.9,-1.0,-1.0,0,0.206,1,2.0
TXN002219,1000,UPI,BANK_C,5,1.51,34.07,2.09,0,0.091,1,25.4
TXN002220,1000,UPI,BANK_D,19,1.1,4.18,1.24,0,0.196,0,0.0
TXN002221,100,UPI,BANK_C,4,2.36,2.88,16.54,1,0.145,1,9.6
TXN002222,2500,UPI,BANK_D,5,0.5,4.25,0.92,0,0.293,0,0.0
TXN002223,750,UPI,BANK_B,12,1.3,4.33,3.24,0,0.334,0,0.0
TXN002224,25000,CARD,BANK_D,1,1.64,4.95,2.1,0,0.357,0,0.0
TXN002225,750,UPI,BANK_A,8,1.19,4.26,3.39,1,0.254,0,0.0
TXN002226,750,UPI,BANK_C,19,0.5,-1.0,-1.0,0,0.104,1,1.0
TXN002227,250,CARD,BANK_C,10,1.88,4.23,1.79,0,0.143,0,0.0
TXN002228,5000,CARD,BANK_B,15,1.52,5.69,1.36,0,0.33,0,0.0
TXN002229,1000,UPI,BANK_C,5,1.33,22.73,2.91,0,0.229,1,9.3
TXN002230,500,WALLET,BANK_B,0,1.12,1.96,4.11,0,0.398,0,0.0
TXN002231,2500,CARD,BANK_A,3,1.29,4.86,1.84,0,0.259,0,0.0
TXN002232,500,UPI,BANK_A,10,2.48,45.7,2.83,0,0.247,1,39.1
TXN002233,2500,CARD,BANK_C,3,1.47,24.26,2.66,0,0.104,1,15.9
TXN002234,100,NETBANKING,BANK_A,10,1.04,5.27,0.43,0,0.225,0,0.0
TXN002235,5000,CARD,BANK_C,12,0.88,4.13,13.05,0,0.244,1,7.7
TXN002236,100,CARD,BANK_D,3,1.43,31.67,1.04,0,0.224,1,24.1
TXN002237,1500,CARD,BANK_C,7,1.46,6.31,1.98,0,0.044,0,0.0
TXN002238,500,NETBANKING,BANK_C,16,1.36,5.18,2.78,0,0.186,0,0.0
TXN002239,100,CARD,BANK_B,8,1.48,8.92,0.84,0,0.318,0,0.0
TXN002240,750,CARD,BANK_D,22,1.86,7.37,0.8,0,0.319,0,0.0
TXN002241,10000,CARD,BANK_D,14,1.38,6.71,3.25,0,0.273,0,0.0
TXN002242,100,UPI,BANK_B,11,0.2,22.28,1.42,0,0.434,1,14.4
TXN002243,2000,CARD,BANK_C,8,2.05,7.62,1.23,0,0.175,0,0.0
TXN002244,2500,UPI,BANK_D,20,1.15,26.02,1.12,0,0.247,1,20.1
TXN002245,250,UPI,BANK_C,7,1.83,18.44,1.58,2,0.146,1,7.3
TXN002246,1500,CARD,BANK_D,15,0.83,4.99,3.97,0,0.294,0,0.0
TXN002247,1000,WALLET,BANK_A,11,1.24,3.6,1.15,0,0.252,0,0.0
TXN002248,100,NETBANKING,BANK_D,10,2.38,1.62,33.19,0,0.307,1,23.9
TXN002249,250,CARD,BANK_C,12,1.93,6.35,2.13,0,0.153,0,0.0
TXN002250,10000,UPI,BANK_D,11,0.77,-1.0,-1.0,1,0.24,1,1.0
TXN002251,250,NETBANKING,BANK_D,16,2.01,4.81,2.41,1,0.317,0,0.0
TXN002252,1000,UPI,BANK_D,19,1.85,5.19,1.89,0,0.328,0,0.0
TXN002253,250,UPI,BANK_C,8,1.36,5.73,0.99,0,0.028,0,0.0
TXN002254,25000,UPI,BANK_C,0,1.12,3.9,2.38,0,0.139,0,0.0
TXN002255,750,UPI,BANK_C,21,1.53,57.49,1.07,1,0.206,1,51.3
TXN002256,500,UPI,BANK_C,11,1.81,26.75,2.83,0,0.122,1,21.0
TXN002257,1000,UPI,BANK_A,17,1.58,5.45,30.39,0,0.181,1,22.9
TXN002258,25000,CARD,BANK_C,10,1.52,5.45,3.14,0,0.128,0,0.0
TXN002259,10000,UPI,BANK_D,2,1.68,39.14,3.62,1,0.25,1,28.9
TXN002260,1500,UPI,BANK_A,0,1.66,-1.0,-1.0,1,0.218,1,1.0
TXN002261,100,CARD,BANK_A,2,1.3,8.95,4.15,0,0.204,0,0.0
TXN002262,750,NETBANKING,BANK_A,18,2.83,1.72,1.49,0,0.297,0,0.0
TXN002263,1500,WALLET,BANK_A,2,0.93,-1.0,-1.0,0,0.185,1,1.0
TXN002264,2000,UPI,BANK_A,3,2.03,6.09,1.62,0,0.179,0,0.0
TXN002265,250,CARD,BANK_D,6,1.85,5.5,2.12,0,0.282,0,0.0
TXN002266,1500,CARD,BANK_A,10,1.09,7.59,2.47,0,0.185,0,0.0
TXN002267,250,UPI,BANK_A,4,2.2,7.6,1.76,0,0.211,1,1.0
TXN002268,500,UPI,BANK_B,22,1.48,3.93,1.69,0,0.355,0,0.0
TXN002269,1000,CARD,BANK_D,2,1.92,5.57,1.83,0,0.354,0,0.0
TXN002270,2000,WALLET,BANK_D,5,2.03,5.64,0.74,0,0.377,0,0.0
TXN002271,500,CARD,BANK_B,11,1.99,5.96,3.35,0,0.329,0,0.0
TXN002272,100,UPI,BANK_B,22,0.51,-1.0,-1.0,0,0.385,1,3.1
TXN002273,100,CARD,BANK_A,10,1.6,4.65,1.96,0,0.237,0,0.0
TXN002274,1000,CARD,BANK_D,20,2.53,8.07,3.74,0,0.246,0,0.0
TXN002275,1500,CARD,BANK_D,17,1.74,6.25,1.83,1,0.298,0,0.0
TXN002276,1000,CARD,BANK_B,19,0.85,10.48,3.34,0,0.424,0,0.0
TXN002277,100,CARD,BANK_B,19,1.31,7.53,1.83,1,0.289,0,0.0
TXN002278,500,CARD,BANK_B,15,2.3,6.38,3.32,0,0.256,0,0.0
TXN002279,1000,NETBANKING,BANK_D,23,1.93,7.49,1.28,1,0.238,0,0.0
TXN002280,100,UPI,BANK_B,19,0.86,6.6,1.75,0,0.303,0,0.0
TXN002281,500,WALLET,BANK_C,16,1.6,-1.0,1.01,0,0.163,1,1.0
TXN002282,250,UPI,BANK_D,4,1.58,6.61,1.75,0,0.293,0,0.0
TXN002283,100,UPI,BANK_C,6,2.16,1.44,1.05,0,0.134,0,0.0
TXN002284,2500,UPI,BANK_D,7,1.49,3.0,0.2,0,0.344,0,0.0
TXN002285,250,CARD,BANK_B,5,2.17,3.7,1.13,0,0.334,0,0.0
TXN002286,250,UPI,BANK_C,19,1.93,8.66,0.2,0,0.231,0,0.0
TXN002287,750,NETBANKING,BANK_D,17,0.94,5.22,2.53,0,0.319,0,0.0
TXN002288,750,UPI,BANK_A,6,0.41,9.55,0.2,0,0.272,0,0.0
TXN002289,250,UPI,BANK_D,3,1.45,7.78,4.19,0,0.213,0,0.0
TXN002290,2000,UPI,BANK_C,16,2.02,2.55,40.41,0,0.166,1,33.7
TXN002291,750,CARD,BANK_D,20,2.03,1.72,1.82,1,0.227,0,0.0
TXN002292,500,CARD,BANK_B,19,1.42,-1.0,3.77,0,0.362,1,2.0
TXN002293,5000,UPI,BANK_D,10,1.5,7.16,0.58,0,0.258,0,0.0
TXN002294,1000,NETBANKING,BANK_C,10,0.95,5.85,2.51,0,0.162,0,0.0
TXN002295,750,NETBANKING,BANK_D,15,0.88,4.86,2.01,0,0.299,1,1.1
TXN002296,25000,UPI,BANK_A,17,0.52,5.12,2.94,0,0.191,0,0.0
TXN002297,750,UPI,BANK_D,3,1.55,7.21,1.82,0,0.295,0,0.0
TXN002298,250,NETBANKING,BANK_B,10,1.74,23.46,0.2,0,0.297,1,15.0
TXN002299,2500,UPI,BANK_D,15,0.65,7.96,3.05,0,0.272,0,0.0
TXN002300,2000,UPI,BANK_A,4,1.38,3.27,2.84,0,0.214,0,0.0
TXN002301,750,CARD,BANK_B,1,0.95,8.0,1.65,1,0.371,1,1.0
TXN002302,250,UPI,BANK_D,2,2.51,7.85,1.58,0,0.261,0,0.0
TXN002303,750,UPI,BANK_A,6,2.21,9.86,4.07,0,0.306,0,0.0
TXN002304,1500,CARD,BANK_C,22,1.81,50.65,0.2,0,0.182,1,42.1
TXN002305,750,UPI,BANK_D,15,0.65,-1.0,-1.0,0,0.291,1,1.0
TXN002306,2500,CARD,BANK_D,19,1.79,-1.0,0.2,0,0.244,1,1.0
TXN002307,5000,NETBANKING,BANK_A,12,1.92,5.46,2.6,0,0.203,0,0.0
TXN002308,2000,CARD,BANK_D,7,1.17,-1.0,-1.0,0,0.201,1,1.0
TXN002309,750,CARD,BANK_C,11,2.6,4.8,21.43,1,0.232,1,14.2
TXN002310,2000,WALLET,BANK_D,18,1.51,6.65,2.61,0,0.18,1,1.0
TXN002311,1500,UPI,BANK_B,3,1.58,5.74,1.22,0,0.263,0,0.0
TXN002312,10000,UPI,BANK_B,6,1.13,4.02,2.41,0,0.339,0,0.0
TXN002313,750,UPI,BANK_B,16,1.36,6.77,3.36,0,0.375,0,0.0
TXN002314,250,UPI,BANK_B,14,0.57,31.09,2.35,0,0.402,1,22.5
TXN002315,1000,WALLET,BANK_C,14,1.05,36.86,2.96,0,0.11,1,27.0
TXN002316,1000,CARD,BANK_D,13,1.17,8.73,5.01,0,0.268,0,0.0
TXN002317,1000,UPI,BANK_C,8,1.24,6.99,1.83,0,0.106,0,0.0
TXN002318,1500,NETBANKING,BANK_B,20,1.36,1.62,3.02,0,0.371,0,0.0
TXN002319,100,NETBANKING,BANK_A,17,1.46,18.49,0.52,1,0.253,1,13.3
TXN002320,500,UPI,BANK_C,22,3.25,5.68,1.42,0,0.101,0,0.0
TXN002321,1500,UPI,BANK_B,22,0.85,3.67,3.74,0,0.346,0,0.0
TXN002322,250,CARD,BANK_C,3,1.61,9.97,3.4,0,0.167,0,0.0
TXN002323,5000,UPI,BANK_B,3,1.78,11.98,2.95,1,0.374,0,0.0
TXN002324,2500,NETBANKING,BANK_C,14,1.39,10.16,3.52,0,0.157,0,0.0
TXN002325,500,WALLET,BANK_D,18,1.44,1.85,2.58,0,0.331,0,0.0
TXN002326,2000,CARD,BANK_A,15,2.37,0.5,1.18,0,0.261,0,0.0
TXN002327,2000,NETBANKING,BANK_D,21,1.8,-1.0,-1.0,0,0.375,1,2.5
TXN002328,250,NETBANKING,BANK_D,17,1.65,10.81,3.1,0,0.348,0,0.0
TXN002329,1000,CARD,BANK_B,12,0.35,-1.0,-1.0,1,0.343,1,5.5
TXN002330,100,CARD,BANK_D,14,1.06,6.55,1.21,0,0.356,0,0.0
TXN002331,500,NETBANKING,BANK_A,4,1.94,4.22,1.29,2,0.318,0,0.0
TXN002332,100,NETBANKING,BANK_D,1,1.32,9.82,2.93,0,0.255,0,0.0
TXN002333,750,CARD,BANK_B,1,1.95,9.26,2.17,1,0.449,0,0.0
TXN002334,100,CARD,BANK_B,16,2.58,7.25,1.6,0,0.325,0,0.0
TXN002335,100,UPI,BANK_D,19,1.54,4.05,2.44,1,0.353,0,0.0
TXN002336,250,UPI,BANK_B,21,1.64,-1.0,-1.0,0,0.416,1,1.9
TXN002337,500,UPI,BANK_B,20,1.49,14.25,4.08,0,0.359,1,7.2
TXN002338,500,UPI,BANK_B,15,1.47,4.46,3.66,0,0.395,0,0.0
TXN002339,100,CARD,BANK_A,17,0.82,-1.0,-1.0,0,0.207,1,1.0
TXN002340,1500,WALLET,BANK_A,20,1.26,9.33,2.28,0,0.121,0,0.0
TXN002341,250,CARD,BANK_B,18,0.7,6.02,2.37,0,0.423,0,0.0
TXN002342,2000,UPI,BANK_B,14,1.55,4.0,2.32,1,0.39,0,0.0
TXN002343,250,UPI,BANK_A,5,1.71,5.73,1.87,0,0.246,0,0.0
TXN002344,500,UPI,BANK_A,13,1.58,23.05,1.22,0,0.209,1,16.3
TXN002345,5000,CARD,BANK_B,19,1.66,0.53,1.03,0,0.304,0,0.0
TXN002346,1000,CARD,BANK_C,21,1.91,10.52,1.65,0,0.117,0,0.0
TXN002347,500,UPI,BANK_B,8,2.27,42.4,2.23,1,0.328,1,32.4
TXN002348,100,CARD,BANK_B,6,1.45,2.61,33.54,0,0.325,1,25.0
TXN002349,750,CARD,BANK_A,1,1.89,11.26,2.31,0,0.205,1,2.4
TXN002350,25000,NETBANKING,BANK_A,6,1.33,5.34,2.12,0,0.274,0,0.0
TXN002351,100,NETBANKING,BANK_C,17,2.02,3.43,3.74,1,0.161,0,0.0
TXN002352,250,NETBANKING,BANK_C,15,1.76,3.78,1.42,0,0.122,0,0.0
TXN002353,10000,UPI,BANK_C,10,1.74,33.5,1.91,1,0.24,1,23.5
TXN002354,500,NETBANKING,BANK_A,22,0.76,7.59,1.9,0,0.199,0,0.0
TXN002355,2500,WALLET,BANK_A,7,1.07,8.13,0.97,0,0.173,0,0.0
TXN002356,500,CARD,BANK_B,10,0.63,2.15,0.35,0,0.367,0,0.0
TXN002357,2500,NETBANKING,BANK_A,10,2.13,8.19,1.08,0,0.234,0,0.0
TXN002358,2500,UPI,BANK_C,0,1.72,9.77,3.15,0,0.183,0,0.0
TXN002359,2000,NETBANKING,BANK_B,14,1.84,8.36,2.74,0,0.409,0,0.0
TXN002360,750,UPI,BANK_D,14,1.28,5.75,43.32,0,0.328,1,33.8
TXN002361,750,UPI,BANK_B,23,0.58,7.88,1.61,0,0.345,0,0.0
TXN002362,2500,NETBANKING,BANK_C,15,1.64,3.08,2.5,0,0.1,0,0.0
TXN002363,750,CARD,BANK_C,11,1.23,28.98,2.1,0,0.159,1,21.1
TXN002364,750,UPI,BANK_B,10,2.21,0.5,3.67,0,0.268,0,0.0
TXN002365,100,UPI,BANK_B,9,1.02,5.0,31.38,0,0.253,1,22.3
TXN002366,2500,NETBANKING,BANK_A,3,2.22,30.64,2.55,0,0.243,1,23.5
TXN002367,500,UPI,BANK_A,15,1.43,6.93,1.18,0,0.194,0,0.0
TXN002368,250,UPI,BANK_D,21,2.64,2.17,1.97,0,0.373,0,0.0
TXN002369,250,NETBANKING,BANK_A,10,0.23,5.2,2.23,0,0.232,0,0.0
TXN002370,2000,UPI,BANK_A,17,1.45,5.8,30.79,0,0.211,1,23.7
TXN002371,750,CARD,BANK_D,9,1.54,-1.0,-1.0,0,0.277,1,1.0
TXN002372,250,NETBANKING,BANK_C,17,1.79,7.35,1.82,0,0.208,0,0.0
TXN002373,25000,NETBANKING,BANK_C,3,2.04,8.34,0.42,0,0.076,0,0.0
TXN002374,1500,UPI,BANK_B,1,1.48,7.2,0.97,0,0.252,0,0.0
TXN002375,500,UPI,BANK_A,15,1.79,39.9,1.94,0,0.217,1,28.4
TXN002376,1500,UPI,BANK_D,13,1.44,5.24,3.91,0,0.226,0,0.0
TXN002377,2000,UPI,BANK_B,21,1.61,4.51,1.57,0,0.332,0,0.0
TXN002378,250,NETBANKING,BANK_B,9,0.38,5.12,1.62,0,0.414,0,0.0
TXN002379,1000,UPI,BANK_D,14,2.54,6.57,2.37,0,0.26,0,0.0
TXN002380,500,CARD,BANK_B,0,0.95,7.2,2.04,1,0.288,0,0.0
TXN002381,10000,UPI,BANK_D,7,2.67,5.98,2.09,0,0.243,0,0.0
TXN002382,2500,CARD,BANK_B,7,0.88,21.85,0.88,0,0.411,1,14.3
TXN002383,1000,CARD,BANK_B,0,0.82,8.25,1.72,0,0.335,0,0.0
TXN002384,5000,UPI,BANK_C,14,1.38,6.76,1.96,0,0.144,0,0.0
TXN002385,250,UPI,BANK_D,15,0.26,5.46,0.9,1,0.231,0,0.0
TXN002386,750,NETBANKING,BANK_B,14,1.38,10.02,45.16,0,0.363,1,37.2
TXN002387,500,UPI,BANK_D,3,0.78,8.86,1.63,0,0.343,0,0.0
TXN002388,250,UPI,BANK_A,23,0.93,6.21,0.95,0,0.153,0,0.0
TXN002389,750,UPI,BANK_D,11,1.42,0.5,1.48,1,0.303,0,0.0
TXN002390,2500,CARD,BANK_C,21,1.99,3.81,1.79,0,0.208,0,0.0
TXN002391,750,CARD,BANK_B,7,0.1,-1.0,-1.0,0,0.371,1,1.0
TXN002392,500,CARD,BANK_B,14,1.83,6.95,1.55,0,0.404,0,0.0
TXN002393,1500,CARD,BANK_C,21,3.03,6.38,2.24,0,0.149,0,0.0
TXN002394,1500,WALLET,BANK_B,10,1.86,4.27,1.66,0,0.216,0,0.0
TXN002395,250,CARD,BANK_D,18,1.32,9.04,1.95,1,0.373,0,0.0
TXN002396,100,CARD,BANK_D,15,2.78,5.74,3.53,0,0.219,1,1.7
TXN002397,750,CARD,BANK_C,8,2.16,7.37,0.77,0,0.055,0,0.0
TXN002398,250,UPI,BANK_B,18,0.32,2.1,2.77,0,0.356,0,0.0
TXN002399,100,CARD,BANK_A,5,1.27,17.1,2.17,3,0.28,1,9.6
TXN002400,250,UPI,BANK_D,3,1.13,4.42,0.54,0,0.252,0,0.0
TXN002401,1000,NETBANKING,BANK_C,11,1.19,8.26,1.49,0,0.045,0,0.0
TXN002402,10000,NETBANKING,BANK_C,9,1.9,10.36,2.04,0,0.139,0,0.0
TXN002403,1500,UPI,BANK_C,5,1.11,4.54,2.06,0,0.048,0,0.0
TXN002404,1000,UPI,BANK_A,6,0.35,3.72,2.26,0,0.225,0,0.0
TXN002405,250,CARD,BANK_B,9,0.96,8.42,1.72,0,0.278,0,0.0
TXN002406,5000,UPI,BANK_D,15,0.78,5.63,1.63,0,0.247,0,0.0
TXN002407,1000,CARD,BANK_B,5,1.44,4.39,20.53,0,0.435,1,14.1
TXN002408,750,CARD,BANK_D,6,1.28,7.84,0.86,1,0.301,0,0.0
TXN002409,100,CARD,BANK_C,9,1.75,34.03,2.4,0,0.164,1,26.2
TXN002410,1500,NETBANKING,BANK_D,12,1.91,10.28,1.67,0,0.253,0,0.0
TXN002411,750,UPI,BANK_C,5,0.86,5.75,1.59,0,0.194,0,0.0
TXN002412,5000,UPI,BANK_B,8,1.07,21.33,3.87,1,0.339,1,13.6
TXN002413,1000,WALLET,BANK_A,23,2.09,13.55,1.75,1,0.167,1,2.4
TXN002414,500,WALLET,BANK_B,9,1.7,7.79,1.2,0,0.321,0,0.0
TXN002415,100,CARD,BANK_A,11,2.16,3.62,3.17,0,0.156,0,0.0
TXN002416,250,CARD,BANK_C,9,1.75,3.38,1.27,0,0.217,0,0.0
TXN002417,500,UPI,BANK_A,19,1.66,5.58,0.59,0,0.268,0,0.0
TXN002418,100,UPI,BANK_B,8,2.03,9.01,2.29,0,0.313,1,5.0
TXN002419,1000,UPI,BANK_C,11,1.04,-1.0,-1.0,0,0.118,1,1.0
TXN002420,100,UPI,BANK_D,17,1.48,4.93,2.75,0,0.256,0,0.0
TXN002421,500,UPI,BANK_A,18,0.65,8.14,0.2,0,0.295,0,0.0
TXN002422,1000,CARD,BANK_C,6,0.7,7.26,31.34,0,0.175,1,22.4
TXN002423,1000,UPI,BANK_A,12,1.6,4.05,1.58,0,0.199,0,0.0
TXN002424,5000,UPI,BANK_B,2,1.61,3.71,2.57,0,0.336,0,0.0
TXN002425,1000,NETBANKING,BANK_A,8,1.98,5.32,0.47,1,0.21,0,0.0
TXN002426,100,NETBANKING,BANK_A,17,1.47,9.09,0.69,0,0.322,0,0.0
TXN002427,250,UPI,BANK_B,2,1.19,8.48,18.39,0,0.358,1,8.7
TXN002428,2500,UPI,BANK_A,22,2.36,5.14,0.86,0,0.199,0,0.0
TXN002429,750,NETBANKING,BANK_A,23,0.33,4.27,1.45,0,0.183,0,0.0
TXN002430,10000,UPI,BANK_C,10,1.71,7.86,1.23,0,0.213,0,0.0
TXN002431,750,UPI,BANK_A,4,3.03,3.62,3.06,0,0.202,0,0.0
TXN002432,2000,UPI,BANK_B,0,3.0,6.18,0.2,0,0.365,0,0.0
TXN002433,750,CARD,BANK_B,2,1.56,9.66,3.13,0,0.339,0,0.0
TXN002434,750,CARD,BANK_D,13,1.54,7.59,2.86,0,0.307,0,0.0
TXN002435,25000,UPI,BANK_A,7,2.6,3.06,3.0,0,0.277,0,0.0
TXN002436,100,UPI,BANK_D,2,2.29,5.72,1.54,0,0.258,0,0.0
TXN002437,500,UPI,BANK_D,14,2.22,6.6,1.53,0,0.229,0,0.0
TXN002438,2000,CARD,BANK_D,12,1.66,5.57,1.2,0,0.249,0,0.0
TXN002439,500,UPI,BANK_A,11,1.52,7.23,2.0,0,0.096,0,0.0
TXN002440,500,WALLET,BANK_B,23,0.7,3.3,2.78,0,0.373,0,0.0
TXN002441,2000,UPI,BANK_C,8,2.24,6.55,3.12,0,0.179,0,0.0
TXN002442,250,UPI,BANK_C,14,1.93,5.24,2.8,0,0.02,0,0.0
TXN002443,1500,NETBANKING,BANK_C,20,1.2,6.5,1.96,0,0.175,0,0.0
TXN002444,750,UPI,BANK_A,10,1.42,5.29,41.82,0,0.18,1,34.0
TXN002445,1500,UPI,BANK_B,11,2.31,3.41,2.2,0,0.361,0,0.0
TXN002446,100,WALLET,BANK_C,7,1.7,0.5,2.82,0,0.209,0,0.0
TXN002447,500,CARD,BANK_D,6,1.33,10.66,26.96,0,0.342,1,24.3
TXN002448,250,UPI,BANK_D,10,0.66,6.89,1.87,0,0.254,0,0.0
TXN002449,750,CARD,BANK_A,18,0.47,23.52,0.28,0,0.256,1,14.9
TXN002450,500,NETBANKING,BANK_D,19,2.04,4.85,1.73,2,0.297,0,0.0
TXN002451,500,UPI,BANK_A,12,0.9,4.44,1.86,1,0.235,0,0.0
TXN002452,1500,NETBANKING,BANK_A,20,1.64,1.48,3.09,1,0.226,0,0.0
TXN002453,2500,NETBANKING,BANK_D,2,1.81,10.89,2.3,0,0.348,1,1.3
TXN002454,2500,NETBANKING,BANK_C,4,1.3,6.89,2.91,0,0.117,0,0.0
TXN002455,1000,CARD,BANK_D,20,1.56,8.46,3.28,0,0.29,0,0.0
TXN002456,2500,UPI,BANK_D,6,2.56,4.25,2.59,0,0.284,0,0.0
TXN002457,250,UPI,BANK_D,20,0.71,18.68,0.71,0,0.304,1,9.6
TXN002458,2000,UPI,BANK_A,10,2.34,2.57,3.66,0,0.268,0,0.0
TXN002459,250,UPI,BANK_B,16,2.08,4.23,1.95,0,0.384,0,0.0
TXN002460,1000,UPI,BANK_C,7,0.5,-1.0,-1.0,0,0.149,1,1.7
TXN002461,250,CARD,BANK_B,19,1.44,6.31,0.63,0,0.281,0,0.0
TXN002462,250,NETBANKING,BANK_C,7,1.68,9.11,0.2,1,0.181,0,0.0
TXN002463,1500,NETBANKING,BANK_C,6,0.75,29.15,1.76,0,0.101,1,21.2
TXN002464,1500,UPI,BANK_C,21,1.32,9.4,1.57,0,0.144,0,0.0
TXN002465,500,CARD,BANK_A,7,1.09,7.16,3.4,0,0.251,0,0.0
TXN002466,5000,CARD,BANK_D,1,2.24,11.32,2.8,1,0.27,1,3.9
TXN002467,1500,UPI,BANK_B,1,1.93,4.55,36.0,0,0.365,1,25.9
TXN002468,2500,UPI,BANK_C,19,1.6,5.88,1.87,0,0.166,0,0.0
TXN002469,500,UPI,BANK_A,16,2.74,5.04,2.29,0,0.243,0,0.0
TXN002470,500,UPI,BANK_D,9,1.72,2.93,1.8,0,0.347,0,0.0
TXN002471,100,NETBANKING,BANK_A,22,0.93,10.32,0.78,0,0.228,0,0.0
TXN002472,250,CARD,BANK_C,7,1.66,4.05,0.2,0,0.169,0,0.0
TXN002473,1500,WALLET,BANK_A,22,0.82,3.94,1.74,0,0.163,0,0.0
TXN002474,500,UPI,BANK_A,8,1.23,7.0,2.57,0,0.34,0,0.0
TXN002475,100,CARD,BANK_A,11,0.94,4.67,0.76,0,0.19,0,0.0
TXN002476,25000,WALLET,BANK_A,6,0.63,6.06,0.43,0,0.287,0,0.0
TXN002477,250,NETBANKING,BANK_C,12,1.1,4.87,33.72,0,0.198,1,28.5
TXN002478,100,UPI,BANK_A,7,1.68,8.01,2.55,1,0.245,0,0.0
TXN002479,2500,CARD,BANK_A,22,0.94,-1.0,-1.0,0,0.165,1,1.0
TXN002480,750,UPI,BANK_D,4,1.87,3.79,2.08,0,0.276,0,0.0
TXN002481,500,NETBANKING,BANK_A,22,1.94,-1.0,-1.0,0,0.189,1,1.0
TXN002482,500,UPI,BANK_C,0,0.85,11.44,3.76,0,0.175,0,0.0
TXN002483,750,CARD,BANK_C,7,3.06,2.48,2.3,1,0.164,0,0.0
TXN002484,2000,NETBANKING,BANK_C,21,1.5,5.83,0.68,0,0.251,0,0.0
TXN002485,2500,NETBANKING,BANK_A,1,1.4,7.55,0.65,0,0.297,0,0.0
TXN002486,750,NETBANKING,BANK_C,23,2.51,7.21,1.3,0,0.095,0,0.0
TXN002487,500,UPI,BANK_A,16,1.81,5.51,1.98,0,0.339,0,0.0
TXN002488,2500,UPI,BANK_B,11,1.09,4.87,0.2,0,0.39,0,0.0
TXN002489,100,UPI,BANK_A,13,2.33,9.02,1.97,0,0.175,0,0.0
TXN002490,500,CARD,BANK_D,8,1.26,7.01,1.58,0,0.316,0,0.0
TXN002491,2500,CARD,BANK_B,15,0.82,6.93,2.78,0,0.325,0,0.0
TXN002492,500,UPI,BANK_A,13,1.36,9.19,3.61,0,0.215,0,0.0
TXN002493,250,NETBANKING,BANK_D,21,2.34,19.52,2.17,1,0.265,1,10.4
TXN002494,100,NETBANKING,BANK_B,10,1.67,6.29,0.89,0,0.429,0,0.0
TXN002495,500,UPI,BANK_D,21,2.04,10.03,2.24,0,0.368,0,0.0
TXN002496,500,UPI,BANK_A,11,2.44,13.8,2.08,3,0.201,1,7.7
TXN002497,100,CARD,BANK_A,7,0.4,10.6,2.93,0,0.314,0,0.0
TXN002498,100,UPI,BANK_B,6,1.17,3.33,1.67,0,0.415,0,0.0
TXN002499,10000,CARD,BANK_C,10,2.09,7.15,1.37,0,0.214,0,0.0
TXN002500,1000,UPI,BANK_C,0,1.31,-1.0,-1.0,0,0.185,1,1.5
TXN002501,1500,UPI,BANK_C,12,1.39,10.15,3.12,0,0.106,0,0.0
TXN002502,500,UPI,BANK_A,0,1.13,10.41,1.53,0,0.151,0,0.0
TXN002503,1500,NETBANKING,BANK_C,12,0.77,4.59,2.35,0,0.185,0,0.0
TXN002504,500,NETBANKING,BANK_B,13,1.28,7.2,1.59,0,0.373,0,0.0
TXN002505,100,CARD,BANK_C,19,0.88,4.86,2.67,0,0.187,0,0.0
TXN002506,5000,CARD,BANK_A,6,0.72,9.39,3.84,0,0.123,0,0.0
TXN002507,1500,CARD,BANK_A,1,1.75,8.59,1.26,0,0.151,0,0.0
TXN002508,1500,CARD,BANK_A,2,1.3,7.78,2.4,1,0.211,1,1.5
TXN002509,500,NETBANKING,BANK_B,23,1.72,3.57,1.21,0,0.242,0,0.0
TXN002510,100,UPI,BANK_B,19,0.9,6.06,2.89,0,0.365,0,0.0
TXN002511,1000,WALLET,BANK_C,3,2.66,6.79,2.18,0,0.107,0,0.0
TXN002512,100,CARD,BANK_C,21,2.22,7.67,2.53,0,0.172,0,0.0
TXN002513,1000,UPI,BANK_C,1,1.02,-1.0,-1.0,0,0.153,1,1.7
TXN002514,250,WALLET,BANK_B,13,2.16,5.61,1.45,0,0.268,0,0.0
TXN002515,2000,CARD,BANK_A,18,0.92,5.7,1.43,0,0.241,0,0.0
TXN002516,500,UPI,BANK_B,22,1.78,10.86,2.66,0,0.397,0,0.0
TXN002517,2000,UPI,BANK_A,18,1.57,4.44,2.19,0,0.211,0,0.0
TXN002518,500,CARD,BANK_A,7,1.83,5.98,0.2,0,0.246,0,0.0
TXN002519,500,UPI,BANK_B,5,0.95,2.71,2.33,0,0.362,0,0.0
TXN002520,25000,CARD,BANK_B,6,1.11,5.47,43.33,0,0.353,1,34.7
TXN002521,750,UPI,BANK_C,6,2.59,54.76,0.2,1,0.121,1,47.0
TXN002522,1000,CARD,BANK_D,13,1.31,27.29,3.39,0,0.302,1,15.4
TXN002523,10000,CARD,BANK_C,0,1.93,4.41,0.48,1,0.156,0,0.0
TXN002524,2000,UPI,BANK_A,21,0.86,8.45,3.04,0,0.17,1,3.3
TXN002525,750,UPI,BANK_C,3,2.22,34.8,2.01,0,0.064,1,27.8
TXN002526,5000,NETBANKING,BANK_B,6,2.15,5.45,2.06,0,0.379,0,0.0
TXN002527,1500,CARD,BANK_B,0,2.38,7.59,0.89,0,0.339,0,0.0
TXN002528,100,CARD,BANK_C,9,1.61,9.13,1.48,0,0.274,0,0.0
TXN002529,1000,WALLET,BANK_C,17,0.94,3.6,1.8,0,0.205,0,0.0
TXN002530,2000,CARD,BANK_B,3,0.82,3.71,1.85,0,0.444,0,0.0
TXN002531,1000,UPI,BANK_C,4,2.21,-1.0,-1.0,0,0.165,1,1.0
TXN002532,1000,UPI,BANK_D,17,1.76,3.41,28.6,0,0.429,1,19.9
TXN002533,1500,CARD,BANK_D,20,1.91,26.53,3.85,0,0.325,1,19.2
TXN002534,1000,NETBANKING,BANK_C,22,1.87,7.36,1.85,0,0.205,0,0.0
TXN002535,10000,NETBANKING,BANK_A,13,0.98,6.97,3.28,0,0.187,0,0.0
TXN002536,250,UPI,BANK_D,0,0.7,12.14,2.39,1,0.32,0,0.0
TXN002537,750,UPI,BANK_C,13,1.48,5.95,2.12,0,0.13,0,0.0
TXN002538,2500,NETBANKING,BANK_B,12,2.13,5.48,2.45,0,0.421,0,0.0
TXN002539,100,WALLET,BANK_B,17,1.47,2.74,2.91,0,0.286,0,0.0
TXN002540,100,UPI,BANK_B,17,1.98,48.63,3.34,0,0.376,1,40.3
TXN002541,1000,CARD,BANK_B,9,1.56,-1.0,-1.0,0,0.372,1,3.8
TXN002542,100,NETBANKING,BANK_A,15,0.78,0.5,2.17,0,0.105,0,0.0
TXN002543,100,CARD,BANK_C,6,1.0,7.56,0.97,0,0.149,1,1.0
TXN002544,500,CARD,BANK_A,3,1.52,7.62,1.5,1,0.2,0,0.0
TXN002545,2000,UPI,BANK_B,20,3.11,4.58,2.29,0,0.402,0,0.0
TXN002546,100,NETBANKING,BANK_A,12,2.37,7.93,1.95,0,0.171,0,0.0
TXN002547,250,UPI,BANK_D,8,2.09,6.55,3.93,1,0.318,0,0.0
TXN002548,2500,UPI,BANK_B,17,1.69,4.67,28.57,0,0.353,1,20.4
TXN002549,2500,WALLET,BANK_D,1,1.97,24.55,1.44,0,0.242,1,20.8
TXN002550,10000,UPI,BANK_B,1,1.52,0.88,3.2,0,0.256,0,0.0
TXN002551,500,UPI,BANK_B,2,1.28,23.82,2.41,0,0.391,1,17.9
TXN002552,500,UPI,BANK_B,20,1.35,5.09,1.56,0,0.369,0,0.0
TXN002553,25000,CARD,BANK_A,12,2.77,54.97,0.2,0,0.207,1,44.2
TXN002554,2000,UPI,BANK_B,0,1.38,7.65,2.34,0,0.354,1,1.0
TXN002555,1000,WALLET,BANK_D,17,1.69,9.38,3.15,0,0.294,0,0.0
TXN002556,1000,UPI,BANK_A,11,1.11,6.86,1.94,1,0.181,0,0.0
TXN002557,100,CARD,BANK_B,14,0.85,4.74,3.7,0,0.299,0,0.0
TXN002558,1500,UPI,BANK_D,11,1.49,5.19,0.76,0,0.244,0,0.0
TXN002559,1500,WALLET,BANK_B,18,2.03,6.25,3.39,0,0.299,0,0.0
TXN002560,2000,CARD,BANK_D,4,1.84,10.38,1.96,0,0.252,0,0.0
TXN002561,500,CARD,BANK_A,1,1.66,9.85,0.7,0,0.206,0,0.0
TXN002562,500,WALLET,BANK_A,18,2.02,2.8,2.7,0,0.169,0,0.0
TXN002563,750,UPI,BANK_C,21,0.45,0.56,3.16,0,0.21,0,0.0
TXN002564,250,NETBANKING,BANK_D,3,2.07,5.13,2.24,0,0.29,0,0.0
TXN002565,250,UPI,BANK_B,23,1.85,5.86,2.67,0,0.366,0,0.0
TXN002566,100,CARD,BANK_C,20,0.52,-1.0,-1.0,0,0.104,1,1.0
TXN002567,1000,NETBANKING,BANK_A,0,1.93,7.27,1.57,0,0.188,1,1.0
TXN002568,250,UPI,BANK_D,10,0.64,-1.0,-1.0,0,0.25,1,1.0
TXN002569,750,NETBANKING,BANK_C,13,2.5,6.57,2.99,0,0.173,0,0.0
TXN002570,1000,UPI,BANK_A,13,2.02,30.5,2.47,0,0.233,1,21.0
TXN002571,2500,CARD,BANK_C,5,1.71,6.61,4.05,0,0.174,0,0.0
TXN002572,5000,UPI,BANK_B,7,0.2,22.18,2.32,3,0.345,1,13.7
TXN002573,1500,UPI,BANK_D,8,1.28,4.84,1.99,1,0.347,0,0.0
TXN002574,250,UPI,BANK_A,9,1.59,7.47,1.56,0,0.163,0,0.0
TXN002575,1500,UPI,BANK_C,11,2.03,6.62,5.33,0,0.135,0,0.0
TXN002576,250,CARD,BANK_B,16,1.51,67.0,1.13,0,0.336,1,58.7
TXN002577,500,UPI,BANK_A,5,0.17,-1.0,-1.0,0,0.214,1,1.0
TXN002578,2000,NETBANKING,BANK_C,2,2.32,4.55,4.26,0,0.118,0,0.0
TXN002579,1500,WALLET,BANK_A,19,1.38,9.43,22.81,0,0.248,1,13.7
TXN002580,250,UPI,BANK_C,22,1.64,3.82,1.07,0,0.226,0,0.0
TXN002581,250,UPI,BANK_D,1,0.89,10.67,0.96,0,0.252,0,0.0
TXN002582,2500,WALLET,BANK_B,12,1.91,34.13,1.43,0,0.361,1,24.1
TXN002583,100,CARD,BANK_A,6,1.12,13.94,2.49,0,0.24,1,4.3
TXN002584,2500,CARD,BANK_A,4,1.65,6.8,1.44,0,0.171,0,0.0
TXN002585,5000,NETBANKING,BANK_C,17,0.71,-1.0,-1.0,0,0.121,1,1.0
TXN002586,10000,NETBANKING,BANK_D,15,1.06,3.3,0.33,0,0.285,0,0.0
TXN002587,250,CARD,BANK_A,7,3.17,8.21,2.37,0,0.159,0,0.0
TXN002588,2000,UPI,BANK_C,22,1.05,35.34,3.39,0,0.136,1,25.6
TXN002589,10000,NETBANKING,BANK_B,5,1.4,42.79,1.03,0,0.4,1,36.2
TXN002590,250,NETBANKING,BANK_C,21,1.3,7.45,2.96,0,0.176,1,1.0
TXN002591,750,UPI,BANK_B,12,1.18,5.15,0.52,0,0.406,0,0.0
TXN002592,250,CARD,BANK_A,21,1.69,5.0,2.3,0,0.257,0,0.0
TXN002593,2500,UPI,BANK_D,6,1.25,-1.0,-1.0,0,0.26,1,1.0
TXN002594,1500,CARD,BANK_D,9,2.08,4.92,2.35,0,0.274,0,0.0
TXN002595,750,UPI,BANK_C,6,2.46,10.15,1.45,0,0.113,0,0.0
TXN002596,1500,CARD,BANK_C,15,1.53,8.0,1.9,0,0.189,1,1.0
TXN002597,2000,CARD,BANK_C,12,1.67,1.89,3.39,0,0.133,0,0.0
TXN002598,750,UPI,BANK_D,16,1.4,7.43,2.06,0,0.303,0,0.0
TXN002599,100,UPI,BANK_A,11,3.19,10.2,0.22,0,0.213,0,0.0
TXN002600,250,UPI,BANK_B,0,0.59,11.23,2.05,0,0.3,0,0.0
TXN002601,1500,CARD,BANK_C,22,1.25,8.8,2.46,0,0.182,0,0.0
TXN002602,500,UPI,BANK_C,7,1.33,5.97,1.84,0,0.213,0,0.0
TXN002603,1000,UPI,BANK_C,8,0.88,-1.0,-1.0,2,0.157,1,1.0
TXN002604,250,NETBANKING,BANK_B,22,1.12,8.37,28.54,0,0.39,1,17.3
TXN002605,250,CARD,BANK_B,14,0.72,9.59,1.36,0,0.358,0,0.0
TXN002606,250,UPI,BANK_A,6,1.21,8.9,3.03,1,0.238,0,0.0
TXN002607,2500,NETBANKING,BANK_B,8,0.41,9.77,0.2,0,0.36,0,0.0
TXN002608,10000,UPI,BANK_D,23,3.16,6.32,3.35,0,0.205,0,0.0
TXN002609,500,NETBANKING,BANK_D,9,1.65,20.94,1.38,0,0.302,1,14.6
TXN002610,2000,CARD,BANK_A,17,1.33,4.64,53.23,0,0.283,1,46.0
TXN002611,250,UPI,BANK_D,9,1.49,7.34,2.69,1,0.216,0,0.0
TXN002612,1500,UPI,BANK_B,22,1.43,6.44,2.53,0,0.373,0,0.0
TXN002613,2000,CARD,BANK_A,9,0.6,27.74,2.35,0,0.166,1,15.8
TXN002614,2500,UPI,BANK_C,19,0.88,-1.0,-1.0,0,0.167,1,1.0
TXN002615,500,UPI,BANK_C,17,1.48,-1.0,-1.0,0,0.106,1,1.0
TXN002616,100,UPI,BANK_A,21,1.65,-1.0,1.38,0,0.208,1,1.0
TXN002617,500,UPI,BANK_C,7,1.55,8.6,2.39,0,0.129,0,0.0
TXN002618,10000,NETBANKING,BANK_D,11,2.48,28.3,3.53,0,0.255,1,26.3
TXN002619,1500,UPI,BANK_B,16,1.48,7.22,1.29,0,0.225,0,0.0
TXN002620,250,UPI,BANK_D,17,1.72,5.88,3.87,1,0.358,0,0.0
TXN002621,250,WALLET,BANK_A,5,1.47,4.39,1.45,0,0.286,0,0.0
TXN002622,500,UPI,BANK_A,13,2.05,3.85,2.9,0,0.23,0,0.0
TXN002623,250,NETBANKING,BANK_D,16,1.36,6.89,3.36,0,0.283,0,0.0
TXN002624,5000,NETBANKING,BANK_A,10,2.2,0.5,1.5,0,0.277,0,0.0
TXN002625,500,NETBANKING,BANK_A,6,2.95,8.21,1.95,0,0.218,1,2.6
TXN002626,250,UPI,BANK_A,10,2.6,3.88,1.15,0,0.263,0,0.0
TXN002627,750,NETBANKING,BANK_C,1,1.48,36.09,1.74,1,0.153,1,26.4
TXN002628,250,CARD,BANK_A,2,2.31,9.95,1.41,0,0.234,0,0.0
TXN002629,5000,CARD,BANK_C,22,0.57,6.43,0.43,0,0.184,0,0.0
TXN002630,250,UPI,BANK_D,20,1.38,32.57,3.04,0,0.257,1,26.2
TXN002631,1500,UPI,BANK_D,17,0.8,8.23,1.95,0,0.258,0,0.0
TXN002632,2000,UPI,BANK_A,9,2.43,6.44,3.19,0,0.122,0,0.0
TXN002633,5000,UPI,BANK_C,18,2.14,7.19,0.2,0,0.222,0,0.0
TXN002634,100,CARD,BANK_D,1,0.34,18.98,2.83,0,0.236,1,8.1
TXN002635,2000,NETBANKING,BANK_C,1,0.87,6.35,2.4,0,0.086,0,0.0
TXN002636,1500,UPI,BANK_C,12,2.05,7.98,2.91,0,0.17,0,0.0
TXN002637,500,UPI,BANK_B,23,1.71,20.74,4.01,1,0.35,1,12.5
TXN002638,1000,UPI,BANK_D,10,2.49,26.86,1.91,0,0.271,1,20.5
TXN002639,500,WALLET,BANK_B,15,1.01,6.3,2.21,0,0.315,0,0.0
TXN002640,25000,CARD,BANK_A,9,1.14,7.33,1.98,0,0.196,0,0.0
TXN002641,250,CARD,BANK_B,7,0.7,7.77,25.89,0,0.321,1,17.9
TXN002642,5000,UPI,BANK_A,14,1.68,9.14,2.72,0,0.185,0,0.0
TXN002643,250,NETBANKING,BANK_D,22,1.86,32.46,2.97,0,0.238,1,26.2
TXN002644,100,NETBANKING,BANK_B,7,1.31,5.51,0.2,0,0.427,0,0.0
TXN002645,2500,UPI,BANK_B,10,1.8,23.86,1.99,0,0.354,1,16.0
TXN002646,100,UPI,BANK_B,10,3.11,-1.0,-1.0,0,0.362,1,1.5
TXN002647,250,CARD,BANK_B,5,0.69,-1.0,-1.0,1,0.362,1,1.9
TXN002648,500,UPI,BANK_D,6,2.22,5.76,2.97,0,0.275,0,0.0
TXN002649,2000,NETBANKING,BANK_A,18,2.51,1.94,1.93,0,0.23,0,0.0
TXN002650,2000,UPI,BANK_A,20,2.96,7.32,1.71,0,0.248,0,0.0
TXN002651,250,CARD,BANK_A,23,2.0,6.71,2.67,0,0.246,0,0.0
TXN002652,1000,NETBANKING,BANK_B,5,1.3,7.39,3.8,0,0.252,0,0.0
TXN002653,2000,UPI,BANK_A,5,2.18,5.59,0.66,1,0.291,0,0.0
TXN002654,1000,WALLET,BANK_D,20,1.56,3.34,1.28,1,0.226,0,0.0
TXN002655,1000,UPI,BANK_C,2,1.4,3.62,2.19,0,0.068,0,0.0
TXN002656,750,UPI,BANK_B,13,1.32,6.54,0.2,0,0.288,0,0.0
TXN002657,2000,NETBANKING,BANK_C,16,1.67,7.75,2.21,1,0.235,0,0.0
TXN002658,500,UPI,BANK_C,3,0.88,8.11,3.44,0,0.116,0,0.0
TXN002659,750,UPI,BANK_B,19,1.86,7.29,0.67,0,0.302,0,0.0
TXN002660,250,CARD,BANK_C,7,1.4,6.73,2.8,0,0.177,0,0.0
TXN002661,250,UPI,BANK_C,5,1.8,1.42,2.24,0,0.232,0,0.0
TXN002662,5000,UPI,BANK_C,11,2.29,3.84,1.55,0,0.12,0,0.0
TXN002663,1000,UPI,BANK_A,3,1.82,7.31,1.35,0,0.19,0,0.0
TXN002664,500,NETBANKING,BANK_A,10,2.83,5.25,1.12,0,0.312,0,0.0
TXN002665,2000,CARD,BANK_A,12,0.64,4.44,0.8,0,0.273,0,0.0
TXN002666,250,UPI,BANK_D,3,1.77,5.2,0.32,0,0.306,0,0.0
TXN002667,750,CARD,BANK_C,20,1.61,21.56,2.15,1,0.116,1,14.7
TXN002668,5000,CARD,BANK_C,15,0.34,9.7,0.2,0,0.179,0,0.0
TXN002669,2000,UPI,BANK_D,17,2.91,13.25,1.03,1,0.367,1,4.6
TXN002670,100,WALLET,BANK_B,8,2.35,6.77,1.54,0,0.357,0,0.0
TXN002671,500,CARD,BANK_A,8,1.58,25.42,2.68,0,0.291,1,18.8
TXN002672,1500,CARD,BANK_B,23,1.59,6.64,1.46,0,0.422,0,0.0
TXN002673,1500,WALLET,BANK_A,1,0.68,-1.0,-1.0,0,0.253,1,1.0
TXN002674,100,UPI,BANK_C,18,1.71,9.21,3.28,0,0.255,0,0.0
TXN002675,250,UPI,BANK_A,0,1.73,7.07,0.83,0,0.274,0,0.0
TXN002676,5000,NETBANKING,BANK_A,2,1.24,1.0,40.43,1,0.178,1,28.9
TXN002677,750,UPI,BANK_B,6,0.49,9.3,1.52,0,0.427,0,0.0
TXN002678,750,WALLET,BANK_D,1,2.24,7.98,3.16,0,0.321,0,0.0
TXN002679,5000,CARD,BANK_C,10,1.47,9.54,1.49,0,0.122,0,0.0
TXN002680,750,UPI,BANK_A,22,1.8,6.66,3.23,0,0.274,0,0.0
TXN002681,1500,UPI,BANK_B,19,0.38,1.96,2.6,0,0.461,0,0.0
TXN002682,750,CARD,BANK_D,17,1.04,-1.0,-1.0,0,0.41,1,1.0
TXN002683,5000,CARD,BANK_D,19,0.8,1.0,1.85,0,0.321,0,0.0
TXN002684,750,NETBANKING,BANK_B,4,1.6,2.82,0.65,1,0.378,1,1.0
TXN002685,750,UPI,BANK_D,21,1.38,5.68,2.17,0,0.365,0,0.0
TXN002686,250,UPI,BANK_D,19,2.25,10.31,0.2,0,0.402,0,0.0
TXN002687,100,UPI,BANK_C,11,0.8,0.5,2.34,0,0.148,0,0.0
TXN002688,1000,UPI,BANK_B,18,1.07,36.5,1.48,0,0.384,1,28.5
TXN002689,25000,UPI,BANK_D,17,2.08,32.05,2.24,0,0.295,1,24.0
TXN002690,2000,CARD,BANK_A,9,1.61,18.93,3.26,2,0.2,1,12.7
TXN002691,500,CARD,BANK_A,0,1.2,5.19,0.87,0,0.12,0,0.0
TXN002692,1000,UPI,BANK_A,20,2.77,5.54,2.0,0,0.241,0,0.0
TXN002693,1000,WALLET,BANK_C,11,2.0,5.02,2.0,0,0.124,0,0.0
TXN002694,5000,CARD,BANK_D,23,2.94,2.71,3.08,0,0.308,0,0.0
TXN002695,2500,UPI,BANK_B,0,2.36,6.23,1.58,1,0.318,0,0.0
TXN002696,5000,UPI,BANK_A,18,1.05,2.78,0.89,0,0.191,0,0.0
TXN002697,500,UPI,BANK_A,0,1.1,-1.0,-1.0,0,0.164,1,1.0
TXN002698,250,UPI,BANK_B,3,1.32,29.5,2.04,0,0.344,1,22.4
TXN002699,100,CARD,BANK_C,18,1.85,4.98,2.25,0,0.071,0,0.0
TXN002700,500,UPI,BANK_C,21,1.69,6.19,1.37,0,0.139,0,0.0
TXN002701,250,NETBANKING,BANK_B,10,1.55,4.09,2.01,0,0.338,0,0.0
TXN002702,1500,NETBANKING,BANK_D,15,2.22,-1.0,-1.0,0,0.278,1,1.0
TXN002703,250,CARD,BANK_B,17,0.83,3.99,21.44,0,0.355,1,14.7
TXN002704,2500,NETBANKING,BANK_C,3,1.63,1.79,2.48,0,0.105,0,0.0
TXN002705,750,WALLET,BANK_D,1,1.01,43.29,3.22,0,0.333,1,39.2
TXN002706,250,CARD,BANK_B,4,0.39,12.59,1.18,3,0.361,1,5.3
TXN002707,250,UPI,BANK_C,20,1.02,34.21,1.97,1,0.238,1,25.8
TXN002708,1000,CARD,BANK_C,6,1.68,1.21,0.64,0,0.124,0,0.0
TXN002709,2000,CARD,BANK_C,19,1.15,5.89,1.0,0,0.164,0,0.0
TXN002710,2000,UPI,BANK_D,18,1.69,4.2,2.76,0,0.306,0,0.0
TXN002711,2500,CARD,BANK_A,20,2.21,9.55,0.91,0,0.259,0,0.0
TXN002712,1500,CARD,BANK_A,6,0.98,7.41,1.89,0,0.148,0,0.0
TXN002713,5000,UPI,BANK_D,10,1.23,2.79,0.85,0,0.353,0,0.0
TXN002714,250,NETBANKING,BANK_A,8,1.55,12.3,2.82,1,0.196,0,0.0
TXN002715,25000,UPI,BANK_C,15,1.37,20.53,2.67,0,0.053,1,14.6
TXN002716,250,CARD,BANK_D,14,2.17,5.59,1.94,0,0.302,0,0.0
TXN002717,2000,CARD,BANK_B,14,1.46,25.38,2.39,0,0.354,1,21.0
TXN002718,250,UPI,BANK_B,21,0.4,36.68,2.08,1,0.41,1,25.1
TXN002719,2000,CARD,BANK_C,19,1.8,7.25,1.95,0,0.129,0,0.0
TXN002720,1500,CARD,BANK_B,18,0.85,8.83,2.61,0,0.374,0,0.0
TXN002721,250,UPI,BANK_D,18,1.76,3.68,2.79,0,0.196,0,0.0
TXN002722,250,CARD,BANK_D,0,1.01,7.28,1.53,0,0.288,0,0.0
TXN002723,100,WALLET,BANK_C,6,1.88,6.05,39.33,0,0.145,1,32.1
TXN002724,750,NETBANKING,BANK_D,5,1.21,5.5,3.2,0,0.44,0,0.0
TXN002725,2500,CARD,BANK_A,18,1.59,17.11,2.03,1,0.229,1,10.0
TXN002726,2000,CARD,BANK_C,5,1.61,6.45,0.2,0,0.114,0,0.0
TXN002727,1000,UPI,BANK_A,9,0.33,-1.0,-1.0,1,0.201,1,1.0
TXN002728,1500,WALLET,BANK_A,6,1.24,4.43,2.19,0,0.187,0,0.0
TXN002729,1000,UPI,BANK_B,15,2.4,4.31,2.85,0,0.295,0,0.0
TXN002730,5000,WALLET,BANK_D,9,1.42,19.76,2.03,0,0.281,1,12.3
TXN002731,1500,UPI,BANK_B,23,0.36,4.51,0.62,0,0.308,0,0.0
TXN002732,500,NETBANKING,BANK_C,7,2.23,5.59,1.34,0,0.179,0,0.0
TXN002733,100,WALLET,BANK_D,13,1.61,9.52,1.6,0,0.413,0,0.0
TXN002734,500,UPI,BANK_D,1,1.83,23.92,0.8,0,0.323,1,14.0
TXN002735,500,WALLET,BANK_A,0,0.61,-1.0,-1.0,1,0.315,1,1.0
TXN002736,1000,CARD,BANK_B,14,1.27,5.08,2.34,0,0.36,0,0.0
TXN002737,250,CARD,BANK_A,12,1.28,8.01,3.39,0,0.186,0,0.0
TXN002738,500,WALLET,BANK_C,15,0.83,-1.0,-1.0,0,0.163,1,1.6
TXN002739,750,UPI,BANK_C,12,1.79,6.52,1.15,0,0.205,0,0.0
TXN002740,1000,CARD,BANK_D,1,1.78,6.34,2.84,0,0.258,0,0.0
TXN002741,750,UPI,BANK_A,22,1.93,7.88,2.34,1,0.179,0,0.0
TXN002742,500,UPI,BANK_B,3,1.41,3.06,0.61,0,0.354,0,0.0
TXN002743,10000,UPI,BANK_D,13,0.91,5.13,0.81,0,0.203,0,0.0
TXN002744,10000,CARD,BANK_B,16,1.55,-1.0,-1.0,1,0.376,1,1.9
TXN002745,500,WALLET,BANK_C,21,1.44,7.41,2.05,0,0.161,0,0.0
TXN002746,100,CARD,BANK_D,13,1.21,1.24,1.03,0,0.278,0,0.0
TXN002747,5000,UPI,BANK_A,0,1.94,6.55,2.5,0,0.123,0,0.0
TXN002748,1500,CARD,BANK_C,7,2.44,15.11,2.86,2,0.156,1,6.5
TXN002749,1000,UPI,BANK_C,16,0.2,5.16,3.26,0,0.185,0,0.0
TXN002750,100,CARD,BANK_C,1,1.14,-1.0,-1.0,0,0.181,1,1.8
TXN002751,5000,UPI,BANK_A,3,1.12,4.31,1.25,0,0.114,0,0.0
TXN002752,1500,UPI,BANK_D,12,1.45,5.12,1.7,0,0.309,0,0.0
TXN002753,500,CARD,BANK_C,0,2.06,11.4,0.37,0,0.296,1,2.2
TXN002754,100,NETBANKING,BANK_C,7,1.14,20.8,2.62,0,0.132,1,15.9
TXN002755,750,UPI,BANK_A,15,2.33,7.04,2.09,0,0.284,0,0.0
TXN002756,2500,CARD,BANK_B,7,1.55,8.87,3.53,1,0.374,0,0.0
TXN002757,2500,UPI,BANK_C,7,2.67,2.81,1.99,0,0.157,0,0.0
TXN002758,250,CARD,BANK_A,4,1.89,5.95,0.3,0,0.271,0,0.0
TXN002759,750,UPI,BANK_B,21,0.72,34.1,2.71,1,0.373,1,25.2
TXN002760,250,UPI,BANK_D,7,1.0,2.67,2.08,1,0.326,0,0.0
TXN002761,250,CARD,BANK_A,9,1.5,8.77,1.52,0,0.2,0,0.0
TXN002762,25000,UPI,BANK_A,22,0.83,4.91,1.68,0,0.216,0,0.0
TXN002763,100,CARD,BANK_B,19,1.55,2.53,2.48,0,0.355,0,0.0
TXN002764,750,WALLET,BANK_C,22,2.75,0.5,2.49,0,0.198,0,0.0
TXN002765,2500,CARD,BANK_A,18,2.67,16.86,1.88,0,0.273,1,8.0
TXN002766,1000,UPI,BANK_B,10,1.29,5.64,2.97,0,0.36,0,0.0
TXN002767,500,UPI,BANK_A,13,2.15,3.75,1.28,1,0.176,0,0.0
TXN002768,250,UPI,BANK_D,4,1.23,7.27,1.85,0,0.237,0,0.0
TXN002769,1000,NETBANKING,BANK_D,19,1.94,8.77,2.58,0,0.248,0,0.0
TXN002770,250,UPI,BANK_A,11,1.05,-1.0,-1.0,0,0.273,1,2.5
TXN002771,100,NETBANKING,BANK_D,1,2.32,5.62,1.47,0,0.336,0,0.0
TXN002772,750,UPI,BANK_B,16,0.89,1.36,2.3,1,0.318,0,0.0
TXN002773,500,UPI,BANK_D,15,2.1,4.63,2.11,0,0.233,0,0.0
TXN002774,750,UPI,BANK_D,21,1.64,16.18,2.7,0,0.354,1,11.6
TXN002775,250,CARD,BANK_C,6,0.46,8.05,32.19,0,0.125,1,21.3
TXN002776,100,UPI,BANK_C,11,1.41,3.8,3.26,0,0.122,0,0.0
TXN002777,2500,CARD,BANK_D,11,1.79,6.68,1.95,0,0.283,0,0.0
TXN002778,500,CARD,BANK_A,23,1.26,1.96,31.82,0,0.285,1,23.9
TXN002779,1500,CARD,BANK_D,1,1.33,11.33,3.07,0,0.228,0,0.0
TXN002780,2000,CARD,BANK_B,21,2.3,4.41,3.32,0,0.314,0,0.0
TXN002781,750,UPI,BANK_A,15,2.92,3.43,0.92,0,0.251,0,0.0
TXN002782,2000,CARD,BANK_D,22,1.68,5.83,40.11,0,0.321,1,32.8
TXN002783,1000,UPI,BANK_D,11,1.89,3.46,1.56,1,0.333,1,1.0
TXN002784,2000,UPI,BANK_A,21,2.28,9.03,45.35,0,0.178,1,35.7
TXN002785,750,CARD,BANK_D,5,1.73,5.74,1.8,0,0.282,0,0.0
TXN002786,500,WALLET,BANK_A,9,0.85,-1.0,-1.0,0,0.163,1,1.0
TXN002787,5000,UPI,BANK_C,16,1.99,9.26,1.38,0,0.151,0,0.0
TXN002788,5000,NETBANKING,BANK_B,12,0.2,-1.0,-1.0,0,0.339,1,1.0
TXN002789,2500,UPI,BANK_B,20,1.08,44.62,1.52,0,0.439,1,32.1
TXN002790,500,CARD,BANK_D,21,1.37,4.36,2.26,1,0.261,0,0.0
TXN002791,5000,UPI,BANK_D,23,0.7,-1.0,-1.0,0,0.224,1,3.7
TXN002792,1000,UPI,BANK_D,13,1.31,5.22,2.93,0,0.3,0,0.0
TXN002793,250,WALLET,BANK_C,20,1.99,2.76,0.2,0,0.241,0,0.0
TXN002794,2500,CARD,BANK_C,15,1.89,15.87,1.66,3,0.193,1,10.2
TXN002795,2000,UPI,BANK_B,13,1.89,3.77,2.5,0,0.475,0,0.0
TXN002796,100,CARD,BANK_C,0,2.52,36.83,1.36,0,0.122,1,28.9
TXN002797,5000,NETBANKING,BANK_A,21,2.19,23.2,0.2,0,0.341,1,14.9
TXN002798,250,UPI,BANK_C,4,0.99,7.0,3.59,0,0.128,0,0.0
TXN002799,2000,WALLET,BANK_B,19,1.94,7.74,37.3,0,0.339,1,28.8
TXN002800,1000,UPI,BANK_D,12,0.2,0.98,1.67,0,0.274,0,0.0
TXN002801,250,NETBANKING,BANK_D,9,2.28,7.05,1.53,1,0.253,0,0.0
TXN002802,1500,UPI,BANK_C,23,1.79,4.52,0.2,0,0.138,0,0.0
TXN002803,5000,UPI,BANK_B,17,1.27,-1.0,-1.0,0,0.468,1,1.0
TXN002804,500,UPI,BANK_C,17,2.16,1.58,2.86,0,0.175,0,0.0
TXN002805,750,WALLET,BANK_B,9,0.78,7.89,3.36,0,0.249,0,0.0
TXN002806,250,UPI,BANK_C,22,1.29,11.54,3.71,3,0.208,1,2.2
TXN002807,500,UPI,BANK_C,6,1.01,7.3,0.63,0,0.081,0,0.0
TXN002808,100,WALLET,BANK_A,10,1.68,36.49,2.77,0,0.224,1,28.1
TXN002809,2500,CARD,BANK_A,0,0.82,8.16,41.2,0,0.238,1,36.9
TXN002810,100,WALLET,BANK_B,9,0.62,4.15,2.02,0,0.387,0,0.0
TXN002811,250,NETBANKING,BANK_A,23,1.06,6.35,3.13,0,0.28,0,0.0
TXN002812,2500,UPI,BANK_D,13,2.44,1.53,0.91,0,0.287,0,0.0
TXN002813,250,NETBANKING,BANK_C,11,2.33,6.52,1.36,1,0.088,0,0.0
TXN002814,2000,UPI,BANK_B,14,2.43,1.23,3.29,0,0.331,0,0.0
TXN002815,500,CARD,BANK_B,6,2.16,19.15,2.67,0,0.353,1,10.4
TXN002816,500,WALLET,BANK_B,21,1.72,53.73,0.84,0,0.298,1,44.5
TXN002817,1000,UPI,BANK_A,19,1.64,34.7,1.35,0,0.217,1,24.2
TXN002818,5000,UPI,BANK_B,4,0.88,-1.0,-1.0,0,0.405,1,1.0
TXN002819,500,CARD,BANK_C,13,2.11,6.09,1.93,0,0.141,0,0.0
TXN002820,1000,WALLET,BANK_A,18,1.3,-1.0,-1.0,0,0.192,1,1.0
TXN002821,25000,UPI,BANK_D,20,1.38,35.7,0.63,0,0.329,1,24.3
TXN002822,250,NETBANKING,BANK_B,22,1.48,6.52,2.35,0,0.307,0,0.0
TXN002823,500,UPI,BANK_B,22,0.29,8.09,3.07,0,0.377,0,0.0
TXN002824,1500,CARD,BANK_A,16,0.96,3.17,0.9,0,0.344,0,0.0
TXN002825,100,CARD,BANK_B,10,1.67,3.68,2.32,0,0.319,0,0.0
TXN002826,2000,UPI,BANK_C,15,1.22,7.83,2.63,0,0.21,0,0.0
TXN002827,1000,NETBANKING,BANK_C,19,0.2,9.04,1.09,1,0.137,1,4.4
TXN002828,250,CARD,BANK_D,9,0.96,11.77,2.44,0,0.329,1,4.6
TXN002829,1500,UPI,BANK_D,3,1.74,4.35,0.8,0,0.235,0,0.0
TXN002830,1000,CARD,BANK_A,21,1.34,1.95,3.05,0,0.246,0,0.0
TXN002831,500,WALLET,BANK_A,17,1.62,7.71,2.15,0,0.252,0,0.0
TXN002832,1500,UPI,BANK_D,20,1.58,5.19,2.21,0,0.299,0,0.0
TXN002833,750,UPI,BANK_D,0,1.73,3.01,2.31,0,0.329,0,0.0
TXN002834,250,NETBANKING,BANK_D,14,1.52,4.8,1.59,0,0.3,0,0.0
TXN002835,2500,UPI,BANK_B,19,1.6,6.64,1.6,0,0.327,0,0.0
TXN002836,250,UPI,BANK_C,21,2.15,21.67,1.24,1,0.119,1,16.3
TXN002837,250,UPI,BANK_B,14,1.9,9.29,1.93,1,0.378,0,0.0
TXN002838,1500,CARD,BANK_C,17,1.13,-1.0,-1.0,0,0.166,1,1.0
TXN002839,500,NETBANKING,BANK_C,12,1.41,2.96,2.23,0,0.14,0,0.0
TXN002840,500,UPI,BANK_C,10,1.35,43.51,0.43,0,0.152,1,34.3
TXN002841,2000,WALLET,BANK_A,23,1.44,2.77,2.18,0,0.132,0,0.0
TXN002842,1500,UPI,BANK_A,23,0.98,7.31,3.87,0,0.297,0,0.0
TXN002843,10000,NETBANKING,BANK_A,19,1.23,24.66,2.93,2,0.27,1,19.3
TXN002844,100,NETBANKING,BANK_D,6,1.49,6.83,0.2,0,0.336,0,0.0
TXN002845,100,NETBANKING,BANK_C,12,0.54,-1.0,-1.0,0,0.173,1,2.1
TXN002846,250,UPI,BANK_C,1,0.77,-1.0,-1.0,0,0.159,1,2.8
TXN002847,750,UPI,BANK_B,20,1.89,6.64,1.39,1,0.333,0,0.0
TXN002848,2500,NETBANKING,BANK_D,13,2.68,8.35,2.38,0,0.257,0,0.0
TXN002849,100,UPI,BANK_B,14,1.61,2.3,1.53,0,0.228,0,0.0
TXN002850,1500,NETBANKING,BANK_D,4,1.79,5.72,1.65,0,0.308,0,0.0
TXN002851,100,UPI,BANK_C,9,1.36,6.05,23.27,0,0.258,1,14.7
TXN002852,1500,WALLET,BANK_D,16,1.17,6.8,2.99,0,0.292,0,0.0
TXN002853,100,UPI,BANK_A,13,2.0,8.83,3.48,0,0.329,0,0.0
TXN002854,2000,CARD,BANK_B,12,1.21,9.19,1.34,0,0.373,0,0.0
TXN002855,2500,WALLET,BANK_D,23,2.18,-1.0,-1.0,1,0.297,1,3.5
TXN002856,25000,CARD,BANK_C,21,0.68,3.0,1.17,0,0.089,0,0.0
TXN002857,1500,CARD,BANK_A,6,1.97,8.73,0.89,0,0.178,0,0.0
TXN002858,2000,UPI,BANK_B,16,1.29,26.22,1.47,0,0.325,1,17.0
TXN002859,5000,UPI,BANK_A,8,0.78,25.26,2.46,1,0.293,1,19.0
TXN002860,250,WALLET,BANK_D,9,2.01,32.6,2.89,1,0.248,1,21.9
TXN002861,5000,CARD,BANK_C,17,0.52,8.21,0.24,0,0.114,0,0.0
TXN002862,5000,CARD,BANK_A,13,1.17,1.63,1.39,0,0.224,0,0.0
TXN002863,250,NETBANKING,BANK_C,7,1.54,33.64,1.9,0,0.145,1,23.5
TXN002864,2000,CARD,BANK_C,14,2.17,3.45,3.78,0,0.099,0,0.0
TXN002865,500,CARD,BANK_B,18,1.75,-1.0,-1.0,0,0.427,1,3.6
TXN002866,250,NETBANKING,BANK_B,12,1.25,9.96,1.54,0,0.333,0,0.0
TXN002867,2000,CARD,BANK_C,20,1.97,9.8,2.08,0,0.261,0,0.0
TXN002868,1000,WALLET,BANK_D,7,1.14,3.62,0.2,0,0.331,0,0.0
TXN002869,2500,UPI,BANK_D,6,0.64,-1.0,-1.0,0,0.22,1,1.7
TXN002870,500,UPI,BANK_A,13,2.24,2.76,2.08,1,0.249,0,0.0
TXN002871,100,UPI,BANK_B,19,1.63,6.11,2.24,0,0.328,0,0.0
TXN002872,2500,UPI,BANK_C,0,1.58,4.72,1.27,0,0.209,1,1.9
TXN002873,750,WALLET,BANK_C,10,0.83,6.07,1.67,0,0.074,0,0.0
TXN002874,100,NETBANKING,BANK_D,12,2.13,3.92,2.23,0,0.312,0,0.0
TXN002875,2500,CARD,BANK_B,17,1.06,5.61,2.83,0,0.342,0,0.0
TXN002876,1000,CARD,BANK_C,11,1.25,9.03,1.05,0,0.13,0,0.0
TXN002877,750,WALLET,BANK_A,22,2.61,5.38,1.1,0,0.263,0,0.0
TXN002878,750,UPI,BANK_C,6,0.93,9.22,2.44,0,0.216,0,0.0
TXN002879,2000,CARD,BANK_B,19,0.64,2.58,2.96,0,0.349,0,0.0
TXN002880,2000,WALLET,BANK_D,1,0.1,-1.0,-1.0,0,0.291,1,5.6
TXN002881,5000,UPI,BANK_C,23,1.37,1.69,2.46,0,0.068,0,0.0
TXN002882,250,UPI,BANK_B,13,1.02,7.79,1.38,0,0.388,0,0.0
TXN002883,500,CARD,BANK_C,23,1.92,5.32,2.54,0,0.149,0,0.0
TXN002884,1000,CARD,BANK_D,21,2.38,6.17,0.63,0,0.251,0,0.0
TXN002885,100,CARD,BANK_A,2,1.45,8.15,2.52,0,0.255,0,0.0
TXN002886,5000,NETBANKING,BANK_C,22,1.6,3.58,1.12,1,0.219,0,0.0
TXN002887,10000,CARD,BANK_B,0,2.93,5.17,1.65,1,0.315,0,0.0
TXN002888,5000,CARD,BANK_A,6,1.77,3.76,1.84,0,0.29,0,0.0
TXN002889,750,CARD,BANK_B,4,0.52,-1.0,-1.0,2,0.321,1,1.0
TXN002890,250,UPI,BANK_D,0,1.52,5.19,1.75,0,0.206,0,0.0
TXN002891,500,CARD,BANK_C,21,1.02,1.22,3.24,1,0.194,0,0.0
TXN002892,100,CARD,BANK_B,0,0.2,12.81,2.77,3,0.347,1,9.0
TXN002893,1500,UPI,BANK_B,1,0.77,-1.0,-1.0,1,0.27,1,1.6
TXN002894,500,UPI,BANK_A,18,2.98,38.92,1.69,0,0.274,1,29.5
TXN002895,100,WALLET,BANK_C,19,2.37,2.6,2.58,0,0.02,0,0.0
TXN002896,500,UPI,BANK_B,20,2.03,6.14,1.62,0,0.346,0,0.0
TXN002897,250,UPI,BANK_A,19,0.73,0.5,1.69,0,0.238,0,0.0
TXN002898,1500,UPI,BANK_A,9,2.13,3.56,2.08,0,0.237,0,0.0
TXN002899,1000,UPI,BANK_B,4,1.21,-1.0,-1.0,0,0.331,1,1.0
TXN002900,750,UPI,BANK_A,8,1.98,61.06,2.03,0,0.242,1,51.5
TXN002901,500,NETBANKING,BANK_B,11,1.65,5.6,0.2,0,0.456,0,0.0
TXN002902,750,CARD,BANK_B,22,2.06,0.5,1.29,0,0.335,0,0.0
TXN002903,750,CARD,BANK_B,2,1.5,7.17,0.76,0,0.448,0,0.0
TXN002904,250,CARD,BANK_D,19,1.64,12.27,4.28,0,0.24,1,3.4
TXN002905,1000,UPI,BANK_D,23,2.27,5.38,0.89,0,0.373,0,0.0
TXN002906,2000,UPI,BANK_C,23,1.65,8.25,2.53,0,0.134,0,0.0
TXN002907,5000,WALLET,BANK_C,1,1.74,6.51,2.22,0,0.122,0,0.0
TXN002908,750,NETBANKING,BANK_D,23,1.07,-1.0,-1.0,0,0.268,1,4.5
TXN002909,1500,UPI,BANK_A,12,0.84,12.5,32.01,0,0.243,1,25.7
TXN002910,2500,UPI,BANK_C,6,1.81,10.79,1.58,0,0.057,0,0.0
TXN002911,1000,UPI,BANK_B,6,1.65,6.59,1.27,0,0.4,0,0.0
TXN002912,1500,UPI,BANK_B,6,1.66,7.99,2.72,0,0.344,0,0.0
TXN002913,250,UPI,BANK_D,20,1.62,8.71,2.8,0,0.266,0,0.0
TXN002914,1000,UPI,BANK_C,20,2.32,44.72,2.75,0,0.08,1,36.6
TXN002915,1000,UPI,BANK_D,2,2.67,4.99,4.81,0,0.179,0,0.0
TXN002916,2500,UPI,BANK_A,11,2.82,-1.0,0.98,0,0.262,1,3.4
TXN002917,250,UPI,BANK_C,1,0.9,-1.0,-1.0,0,0.204,1,1.3
TXN002918,100,UPI,BANK_D,22,1.02,7.33,3.09,0,0.284,0,0.0
TXN002919,250,CARD,BANK_C,20,1.81,8.06,4.15,0,0.183,0,0.0
TXN002920,10000,UPI,BANK_A,16,1.21,8.1,0.2,0,0.214,0,0.0
TXN002921,750,CARD,BANK_A,23,0.81,13.1,0.2,1,0.159,1,5.5
TXN002922,1500,NETBANKING,BANK_C,0,2.27,4.98,2.76,0,0.189,0,0.0
TXN002923,500,NETBANKING,BANK_C,19,1.94,5.32,1.3,1,0.233,0,0.0
TXN002924,2500,UPI,BANK_B,16,1.75,6.26,1.2,0,0.329,0,0.0
TXN002925,100,UPI,BANK_C,23,2.47,7.49,2.33,0,0.178,0,0.0
TXN002926,750,WALLET,BANK_D,5,1.58,8.95,0.5,0,0.24,0,0.0
TXN002927,2500,UPI,BANK_D,2,1.76,2.23,2.16,0,0.297,0,0.0
TXN002928,750,CARD,BANK_D,9,1.67,8.3,3.53,0,0.325,0,0.0
TXN002929,5000,CARD,BANK_D,0,1.27,5.16,3.03,0,0.274,0,0.0
TXN002930,750,NETBANKING,BANK_A,16,1.14,3.34,3.53,1,0.147,0,0.0
TXN002931,2000,WALLET,BANK_D,17,1.32,9.49,2.29,0,0.464,0,0.0
TXN002932,500,UPI,BANK_B,15,0.84,28.49,2.46,0,0.362,1,19.4
TXN002933,500,UPI,BANK_A,8,0.27,-1.0,-1.0,1,0.223,1,1.7
TXN002934,1000,CARD,BANK_D,2,1.93,18.36,1.78,0,0.375,1,10.4
TXN002935,2500,UPI,BANK_C,17,2.53,3.77,0.61,1,0.192,0,0.0
TXN002936,2000,UPI,BANK_A,5,1.74,5.61,0.61,0,0.28,0,0.0
TXN002937,250,CARD,BANK_A,16,2.07,6.92,2.02,1,0.221,0,0.0
TXN002938,1000,CARD,BANK_A,5,2.0,8.2,2.33,0,0.198,0,0.0
TXN002939,750,CARD,BANK_C,19,1.45,5.81,1.96,0,0.084,0,0.0
TXN002940,2500,WALLET,BANK_A,11,1.09,7.79,0.8,2,0.213,0,0.0
TXN002941,1500,NETBANKING,BANK_B,18,1.16,8.73,1.04,0,0.348,0,0.0
TXN002942,1000,NETBANKING,BANK_A,16,1.55,8.0,1.57,1,0.204,1,3.1
TXN002943,100,CARD,BANK_D,15,2.02,5.38,24.83,0,0.283,1,17.9
TXN002944,1000,CARD,BANK_B,12,1.43,6.2,3.01,0,0.341,0,0.0
TXN002945,500,CARD,BANK_B,17,1.65,4.89,2.24,0,0.338,0,0.0
TXN002946,500,WALLET,BANK_B,17,0.68,7.65,1.77,0,0.415,0,0.0
TXN002947,750,UPI,BANK_A,13,1.95,6.17,4.09,0,0.243,0,0.0
TXN002948,250,CARD,BANK_C,9,2.04,8.3,1.13,0,0.196,0,0.0
TXN002949,500,UPI,BANK_B,7,1.68,9.61,46.57,0,0.362,1,38.7
TXN002950,1000,UPI,BANK_B,8,1.46,20.1,2.07,0,0.395,1,14.8
TXN002951,500,UPI,BANK_B,12,1.92,3.72,2.85,0,0.355,0,0.0
TXN002952,750,UPI,BANK_C,11,2.06,7.68,2.35,0,0.035,0,0.0
TXN002953,1500,WALLET,BANK_B,5,1.53,6.12,2.91,0,0.453,0,0.0
TXN002954,100,NETBANKING,BANK_C,12,0.97,8.03,2.17,0,0.094,0,0.0
TXN002955,100,UPI,BANK_A,14,2.56,3.77,2.49,0,0.231,0,0.0
TXN002956,1500,UPI,BANK_A,1,1.94,-1.0,-1.0,0,0.255,1,1.0
TXN002957,5000,CARD,BANK_C,12,1.35,7.98,1.43,0,0.221,0,0.0
TXN002958,100,NETBANKING,BANK_D,7,1.17,4.6,2.04,1,0.274,0,0.0
TXN002959,1500,NETBANKING,BANK_C,10,1.32,5.25,2.75,0,0.134,0,0.0
TXN002960,1500,CARD,BANK_D,18,2.3,7.72,2.6,0,0.272,0,0.0
TXN002961,750,NETBANKING,BANK_D,17,0.65,6.06,3.26,0,0.327,0,0.0
TXN002962,750,NETBANKING,BANK_A,6,1.26,10.47,1.63,0,0.144,0,0.0
TXN002963,1500,NETBANKING,BANK_C,11,1.39,7.39,1.93,0,0.169,0,0.0
TXN002964,500,UPI,BANK_D,14,1.87,8.18,41.02,1,0.232,1,29.7
TXN002965,250,CARD,BANK_A,6,1.25,7.48,2.33,0,0.218,0,0.0
TXN002966,1000,NETBANKING,BANK_C,14,1.55,5.24,1.73,2,0.135,0,0.0
TXN002967,10000,NETBANKING,BANK_B,6,1.81,7.55,2.94,0,0.345,0,0.0
TXN002968,750,CARD,BANK_C,11,2.62,1.85,1.58,0,0.082,0,0.0
TXN002969,500,CARD,BANK_D,12,1.9,5.51,2.56,0,0.338,0,0.0
TXN002970,750,UPI,BANK_D,3,2.06,3.04,1.79,0,0.295,0,0.0
TXN002971,100,UPI,BANK_C,14,0.49,7.55,2.55,0,0.317,0,0.0
TXN002972,2000,NETBANKING,BANK_C,1,1.67,1.09,2.2,0,0.155,0,0.0
TXN002973,2500,NETBANKING,BANK_B,20,1.42,2.8,1.84,0,0.321,0,0.0
TXN002974,100,UPI,BANK_B,5,1.34,12.52,2.25,0,0.288,0,0.0
TXN002975,100,WALLET,BANK_C,20,1.3,8.86,1.48,0,0.184,0,0.0
TXN002976,5000,UPI,BANK_D,13,0.52,8.84,2.88,1,0.295,0,0.0
TXN002977,1500,UPI,BANK_A,18,1.17,3.08,2.46,0,0.232,0,0.0
TXN002978,250,CARD,BANK_A,11,1.75,10.02,39.78,0,0.178,1,33.3
TXN002979,1000,NETBANKING,BANK_D,1,1.48,30.87,2.06,0,0.221,1,21.6
TXN002980,100,CARD,BANK_B,21,1.24,4.9,2.29,0,0.403,0,0.0
TXN002981,500,NETBANKING,BANK_A,18,0.88,22.2,4.12,2,0.181,1,14.7
TXN002982,1500,CARD,BANK_D,22,0.2,30.49,1.5,0,0.242,1,21.0
TXN002983,500,CARD,BANK_C,3,1.19,6.32,1.85,0,0.062,0,0.0
TXN002984,100,CARD,BANK_C,7,1.15,-1.0,-1.0,0,0.126,1,1.0
TXN002985,250,WALLET,BANK_D,2,1.19,3.72,0.27,0,0.254,0,0.0
TXN002986,250,UPI,BANK_C,22,0.98,24.87,3.33,0,0.176,1,17.3
TXN002987,5000,UPI,BANK_B,1,1.81,5.56,3.02,0,0.315,0,0.0
TXN002988,10000,CARD,BANK_C,8,1.29,0.5,2.53,1,0.183,0,0.0
TXN002989,1500,CARD,BANK_D,9,1.69,6.84,2.79,1,0.21,0,0.0
TXN002990,5000,UPI,BANK_D,1,2.21,3.94,54.11,0,0.227,1,47.2
TXN002991,100,WALLET,BANK_C,8,1.82,3.84,1.79,0,0.156,0,0.0
TXN002992,1000,UPI,BANK_C,1,0.79,8.78,1.38,0,0.15,1,1.3
TXN002993,10000,WALLET,BANK_D,10,2.19,7.26,1.43,0,0.273,0,0.0
TXN002994,1500,CARD,BANK_C,10,0.65,-1.0,-1.0,0,0.149,1,1.0
TXN002995,250,CARD,BANK_B,8,2.05,4.16,0.39,0,0.284,0,0.0
TXN002996,250,CARD,BANK_A,8,1.5,6.7,5.11,0,0.22,0,0.0
TXN002997,250,UPI,BANK_B,8,2.31,5.71,1.36,1,0.371,0,0.0
TXN002998,1000,CARD,BANK_B,11,0.37,-1.0,-1.0,0,0.254,1,1.0
TXN002999,2500,UPI,BANK_D,12,1.34,5.18,3.49,0,0.366,0,0.0
TXN003000,5000,CARD,BANK_C,6,1.77,10.88,0.59,0,0.128,0,0.0
TXN003001,750,WALLET,BANK_A,2,1.59,6.75,1.69,0,0.209,0,0.0
TXN003002,25000,NETBANKING,BANK_C,17,0.98,5.15,0.44,0,0.132,0,0.0
TXN003003,250,UPI,BANK_D,4,1.2,6.0,0.2,0,0.235,0,0.0
TXN003004,1000,CARD,BANK_D,15,2.27,2.87,2.33,1,0.234,0,0.0
TXN003005,25000,UPI,BANK_D,2,0.56,16.16,4.89,1,0.309,1,9.3
TXN003006,100,CARD,BANK_B,21,0.74,3.8,1.75,0,0.4,0,0.0
TXN003007,250,UPI,BANK_C,21,1.83,2.29,3.41,0,0.173,0,0.0
TXN003008,500,CARD,BANK_B,17,1.11,6.47,1.1,0,0.373,0,0.0
TXN003009,250,WALLET,BANK_B,0,1.14,12.99,2.78,0,0.42,0,0.0
TXN003010,1000,NETBANKING,BANK_B,17,2.21,7.75,3.24,0,0.359,0,0.0
TXN003011,500,CARD,BANK_B,20,0.79,20.73,1.04,0,0.286,1,12.6
TXN003012,2000,UPI,BANK_D,14,0.8,4.08,0.2,0,0.361,0,0.0
TXN003013,1000,UPI,BANK_C,9,1.7,64.31,2.1,0,0.187,1,53.2
TXN003014,25000,UPI,BANK_C,15,0.93,-1.0,2.2,0,0.144,1,1.8
TXN003015,2500,UPI,BANK_A,14,0.92,7.93,0.82,0,0.18,0,0.0
TXN003016,250,UPI,BANK_B,6,1.06,41.51,1.83,0,0.3,1,36.1
TXN003017,10000,CARD,BANK_A,3,1.48,2.59,2.35,0,0.248,0,0.0
TXN003018,2500,CARD,BANK_A,18,1.19,6.45,1.51,0,0.251,0,0.0
TXN003019,2500,NETBANKING,BANK_B,13,0.75,5.91,2.09,0,0.344,0,0.0
TXN003020,1000,CARD,BANK_D,10,0.69,5.17,1.42,0,0.362,0,0.0
TXN003021,750,CARD,BANK_B,3,2.02,2.72,1.54,0,0.355,0,0.0
TXN003022,500,CARD,BANK_A,6,1.64,9.46,2.11,0,0.209,0,0.0
TXN003023,250,CARD,BANK_B,18,0.75,-1.0,-1.0,0,0.259,1,1.0
TXN003024,1000,UPI,BANK_C,7,2.32,42.49,1.44,0,0.042,1,32.4
TXN003025,500,WALLET,BANK_B,10,1.16,2.75,1.44,0,0.313,0,0.0
TXN003026,250,CARD,BANK_A,2,2.4,6.6,2.07,0,0.195,0,0.0
TXN003027,100,UPI,BANK_B,21,1.87,7.46,2.46,0,0.328,0,0.0
TXN003028,750,UPI,BANK_A,19,1.05,7.09,2.06,0,0.228,0,0.0
TXN003029,1000,NETBANKING,BANK_D,8,0.72,7.78,1.44,1,0.234,0,0.0
TXN003030,1000,CARD,BANK_D,3,0.2,6.91,0.89,0,0.321,0,0.0
TXN003031,10000,WALLET,BANK_B,16,0.84,1.54,4.6,0,0.307,0,0.0
TXN003032,100,CARD,BANK_C,11,1.79,8.0,2.81,0,0.12,0,0.0
TXN003033,10000,UPI,BANK_D,0,0.81,2.84,1.98,0,0.248,0,0.0
TXN003034,1500,UPI,BANK_B,19,1.16,23.6,0.2,0,0.354,1,15.5
TXN003035,750,CARD,BANK_D,17,2.77,6.63,0.2,0,0.302,0,0.0
TXN003036,750,UPI,BANK_B,8,1.6,3.79,1.86,1,0.314,0,0.0
TXN003037,100,CARD,BANK_C,7,1.48,7.57,2.0,0,0.236,0,0.0
TXN003038,100,CARD,BANK_D,4,2.93,5.48,2.44,0,0.256,0,0.0
TXN003039,500,UPI,BANK_A,2,1.53,20.71,2.19,0,0.181,1,9.7
TXN003040,1000,CARD,BANK_B,22,0.97,4.85,2.98,0,0.339,0,0.0
TXN003041,500,CARD,BANK_C,2,1.75,8.07,1.38,0,0.158,0,0.0
TXN003042,100,UPI,BANK_D,9,2.62,7.47,0.41,0,0.259,0,0.0
TXN003043,750,UPI,BANK_B,5,1.31,7.97,3.06,0,0.392,0,0.0
TXN003044,750,UPI,BANK_A,22,0.73,9.75,0.81,0,0.222,0,0.0
TXN003045,5000,UPI,BANK_B,15,1.12,6.13,19.67,0,0.316,1,12.6
TXN003046,1500,UPI,BANK_D,17,0.92,7.25,2.95,0,0.338,0,0.0
TXN003047,750,WALLET,BANK_D,21,1.03,7.21,4.72,0,0.285,0,0.0
TXN003048,100,CARD,BANK_D,16,1.03,6.06,1.55,0,0.186,0,0.0
TXN003049,500,WALLET,BANK_C,17,1.65,4.96,2.11,1,0.195,0,0.0
TXN003050,500,UPI,BANK_B,1,0.86,5.73,1.65,0,0.368,0,0.0
TXN003051,1000,NETBANKING,BANK_C,11,1.9,4.82,2.04,1,0.154,1,2.6
TXN003052,750,CARD,BANK_D,4,0.44,1.86,1.18,0,0.223,0,0.0
TXN003053,500,CARD,BANK_C,5,1.59,5.94,2.32,0,0.17,0,0.0
TXN003054,750,CARD,BANK_C,5,1.13,4.88,1.89,0,0.096,0,0.0
TXN003055,1500,CARD,BANK_A,1,1.11,10.56,2.63,0,0.243,0,0.0
TXN003056,250,UPI,BANK_A,15,1.22,2.28,0.68,0,0.21,0,0.0
TXN003057,750,UPI,BANK_A,21,1.98,11.2,3.03,0,0.277,0,0.0
TXN003058,2500,UPI,BANK_B,13,1.88,4.84,2.53,0,0.315,0,0.0
TXN003059,500,CARD,BANK_C,6,1.6,1.41,1.24,0,0.087,0,0.0
TXN003060,2000,NETBANKING,BANK_A,17,1.05,11.0,2.07,0,0.23,0,0.0
TXN003061,100,CARD,BANK_B,0,1.57,7.5,12.57,0,0.345,1,2.4
TXN003062,2500,CARD,BANK_B,9,1.05,6.48,2.54,0,0.353,0,0.0
TXN003063,100,NETBANKING,BANK_D,8,0.9,5.68,1.98,0,0.253,0,0.0
TXN003064,1500,CARD,BANK_A,21,0.94,11.38,2.43,0,0.248,0,0.0
TXN003065,1000,UPI,BANK_A,20,0.78,8.59,3.5,0,0.158,0,0.0
TXN003066,2500,UPI,BANK_D,5,1.27,5.44,1.45,1,0.184,0,0.0
TXN003067,1000,NETBANKING,BANK_D,16,1.21,32.44,2.52,0,0.333,1,26.6
TXN003068,100,CARD,BANK_C,4,0.31,6.07,3.67,0,0.289,0,0.0
TXN003069,750,NETBANKING,BANK_D,11,3.09,5.21,0.83,0,0.264,0,0.0
TXN003070,1000,CARD,BANK_B,21,2.39,25.44,3.42,1,0.37,1,16.2
TXN003071,10000,UPI,BANK_C,19,1.27,5.37,1.57,0,0.186,0,0.0
TXN003072,100,NETBANKING,BANK_D,14,1.31,13.13,1.23,0,0.33,0,0.0
TXN003073,2000,UPI,BANK_B,14,1.01,-1.0,-1.0,1,0.348,1,1.0
TXN003074,750,NETBANKING,BANK_A,21,1.54,6.93,1.01,0,0.298,0,0.0
TXN003075,5000,CARD,BANK_D,15,1.75,7.56,1.88,0,0.326,0,0.0
TXN003076,500,UPI,BANK_B,20,1.42,2.96,3.29,0,0.33,0,0.0
TXN003077,100,UPI,BANK_C,4,1.27,-1.0,-1.0,0,0.251,1,2.2
TXN003078,1500,NETBANKING,BANK_D,3,1.5,6.57,1.84,0,0.203,0,0.0
TXN003079,2500,UPI,BANK_A,10,2.04,6.44,1.09,1,0.186,0,0.0
TXN003080,2500,UPI,BANK_C,4,2.07,8.68,1.0,0,0.114,0,0.0
TXN003081,500,CARD,BANK_B,11,2.43,6.15,0.7,0,0.27,0,0.0
TXN003082,750,UPI,BANK_C,6,1.76,5.07,3.06,0,0.124,0,0.0
TXN003083,100,CARD,BANK_D,21,0.67,30.56,1.35,0,0.334,1,25.7
TXN003084,250,WALLET,BANK_A,17,1.99,5.8,1.48,0,0.11,0,0.0
TXN003085,250,CARD,BANK_B,14,1.62,5.0,0.82,0,0.372,0,0.0
TXN003086,2500,CARD,BANK_D,23,1.87,8.77,1.44,1,0.211,0,0.0
TXN003087,2000,CARD,BANK_C,18,1.88,34.66,2.98,0,0.204,1,26.7
TXN003088,100,UPI,BANK_C,8,1.04,-1.0,-1.0,0,0.186,1,1.0
TXN003089,100,UPI,BANK_B,21,1.12,6.76,21.49,0,0.282,1,17.8
TXN003090,1500,CARD,BANK_B,13,1.39,-1.0,-1.0,0,0.383,1,1.0
TXN003091,100,UPI,BANK_D,3,0.54,21.76,2.1,1,0.178,1,12.4
TXN003092,750,UPI,BANK_A,22,0.86,48.35,2.51,0,0.251,1,40.7
TXN003093,2000,UPI,BANK_B,19,2.38,-1.0,-1.0,1,0.479,1,1.0
TXN003094,5000,NETBANKING,BANK_D,22,1.18,36.86,0.2,0,0.334,1,31.4
TXN003095,500,CARD,BANK_D,4,1.94,4.13,2.83,0,0.249,0,0.0
TXN003096,750,UPI,BANK_B,13,1.43,9.59,2.54,0,0.376,0,0.0
TXN003097,2500,UPI,BANK_C,15,0.72,-1.0,-1.0,0,0.147,1,1.0
TXN003098,100,WALLET,BANK_D,3,1.75,4.77,2.2,0,0.247,0,0.0
TXN003099,1500,WALLET,BANK_A,17,1.81,9.62,1.05,0,0.177,0,0.0
TXN003100,750,UPI,BANK_B,17,1.08,5.29,1.25,0,0.407,0,0.0
TXN003101,1000,CARD,BANK_A,18,2.25,2.85,1.77,0,0.341,0,0.0
TXN003102,500,WALLET,BANK_A,7,1.13,4.54,1.7,0,0.183,0,0.0
TXN003103,1500,UPI,BANK_C,21,1.76,4.84,3.14,1,0.18,0,0.0
TXN003104,500,CARD,BANK_C,23,1.06,8.17,10.0,1,0.208,1,1.3
TXN003105,1500,CARD,BANK_D,8,1.65,11.1,3.3,0,0.32,0,0.0
TXN003106,1500,CARD,BANK_C,6,0.97,5.93,0.77,0,0.148,0,0.0
TXN003107,25000,UPI,BANK_A,8,1.41,3.01,1.35,1,0.311,0,0.0
TXN003108,100,UPI,BANK_A,12,0.95,3.84,25.55,0,0.209,1,19.1
TXN003109,2000,CARD,BANK_A,19,1.45,7.05,0.99,0,0.264,0,0.0
TXN003110,500,NETBANKING,BANK_B,8,1.95,5.28,2.3,0,0.308,0,0.0
TXN003111,250,WALLET,BANK_D,9,1.29,3.84,34.77,0,0.212,1,29.6
TXN003112,500,WALLET,BANK_B,20,0.55,4.89,2.29,0,0.357,0,0.0
TXN003113,2000,NETBANKING,BANK_A,12,1.33,6.25,3.35,1,0.224,0,0.0
TXN003114,250,WALLET,BANK_D,5,0.54,7.66,2.22,0,0.267,0,0.0
TXN003115,2000,CARD,BANK_A,9,0.44,3.72,0.65,0,0.15,0,0.0
TXN003116,100,CARD,BANK_C,3,1.67,9.3,3.78,0,0.135,0,0.0
TXN003117,750,NETBANKING,BANK_D,3,0.36,40.93,2.53,1,0.162,1,34.1
TXN003118,500,UPI,BANK_C,19,1.91,7.33,1.85,0,0.207,0,0.0
TXN003119,500,UPI,BANK_A,7,1.29,6.08,1.71,0,0.257,0,0.0
TXN003120,2500,CARD,BANK_C,15,1.6,6.19,1.27,0,0.124,0,0.0
TXN003121,1000,NETBANKING,BANK_B,5,0.5,33.79,2.55,0,0.402,1,27.7
TXN003122,5000,CARD,BANK_B,6,0.84,2.84,3.27,0,0.311,0,0.0
TXN003123,2000,UPI,BANK_B,14,1.62,16.83,3.3,1,0.407,1,8.9
TXN003124,2500,UPI,BANK_B,0,2.75,8.07,1.6,0,0.364,0,0.0
TXN003125,250,CARD,BANK_D,17,0.39,3.15,1.41,0,0.355,0,0.0
TXN003126,250,CARD,BANK_C,19,0.9,0.91,0.89,0,0.125,0,0.0
TXN003127,1000,CARD,BANK_B,0,0.83,8.72,2.02,1,0.384,0,0.0
TXN003128,750,UPI,BANK_A,7,0.75,6.53,3.79,0,0.268,0,0.0
TXN003129,750,UPI,BANK_A,20,1.27,-1.0,-1.0,0,0.251,1,1.0
TXN003130,250,UPI,BANK_A,20,2.36,8.47,1.2,0,0.288,0,0.0
TXN003131,2500,UPI,BANK_D,10,0.87,6.06,1.39,0,0.384,0,0.0
TXN003132,100,UPI,BANK_D,11,0.53,9.49,2.08,0,0.32,0,0.0
TXN003133,500,CARD,BANK_C,4,0.9,6.16,1.3,0,0.093,0,0.0
TXN003134,25000,CARD,BANK_B,2,1.04,9.7,1.74,0,0.355,0,0.0
TXN003135,5000,WALLET,BANK_C,1,3.09,3.78,19.35,0,0.162,1,9.5
TXN003136,1500,UPI,BANK_A,21,1.69,10.72,1.3,0,0.182,0,0.0
TXN003137,2000,CARD,BANK_C,9,1.39,6.62,2.26,0,0.084,0,0.0
TXN003138,750,UPI,BANK_C,16,0.82,6.5,2.53,0,0.189,0,0.0
TXN003139,500,NETBANKING,BANK_D,9,1.54,4.74,1.65,0,0.187,0,0.0
TXN003140,2500,CARD,BANK_B,14,0.94,18.77,1.31,0,0.31,1,8.9
TXN003141,1000,UPI,BANK_C,1,1.4,5.8,2.62,1,0.148,0,0.0
TXN003142,1500,UPI,BANK_C,17,1.32,6.82,1.84,1,0.203,0,0.0
TXN003143,1500,CARD,BANK_C,23,0.61,6.84,2.22,0,0.138,0,0.0
TXN003144,750,UPI,BANK_C,21,2.11,-1.0,-1.0,0,0.138,1,2.6
TXN003145,5000,WALLET,BANK_C,11,1.85,8.96,2.73,2,0.203,0,0.0
TXN003146,25000,UPI,BANK_D,19,2.16,8.15,0.79,0,0.278,0,0.0
TXN003147,100,UPI,BANK_A,11,1.1,-1.0,-1.0,0,0.247,1,1.0
TXN003148,2500,UPI,BANK_A,19,2.26,5.67,0.69,0,0.175,0,0.0
TXN003149,2000,UPI,BANK_B,9,2.26,3.17,30.76,0,0.391,1,23.0
TXN003150,10000,CARD,BANK_C,18,0.7,7.12,3.13,0,0.194,0,0.0
TXN003151,500,CARD,BANK_B,13,0.2,9.0,3.38,0,0.358,0,0.0
TXN003152,1500,UPI,BANK_A,17,1.73,5.97,2.0,0,0.132,0,0.0
TXN003153,2000,UPI,BANK_D,15,1.47,29.31,3.19,0,0.354,1,23.0
TXN003154,250,UPI,BANK_A,22,1.78,31.6,2.25,0,0.147,1,24.3
TXN003155,2500,UPI,BANK_A,3,2.13,6.65,3.02,1,0.214,0,0.0
TXN003156,500,UPI,BANK_C,9,1.14,8.09,3.26,0,0.111,0,0.0
TXN003157,1500,UPI,BANK_C,14,0.41,-1.0,-1.0,0,0.092,1,1.0
TXN003158,25000,UPI,BANK_B,15,1.43,5.77,2.67,0,0.377,0,0.0
TXN003159,750,CARD,BANK_B,20,1.87,5.8,3.24,0,0.359,0,0.0
TXN003160,500,WALLET,BANK_D,18,0.2,2.0,3.13,0,0.201,0,0.0
TXN003161,750,UPI,BANK_A,13,1.01,-1.0,-1.0,0,0.218,1,1.0
TXN003162,1000,UPI,BANK_B,7,0.99,-1.0,-1.0,0,0.294,1,1.0
TXN003163,250,UPI,BANK_C,16,0.89,5.53,1.05,0,0.091,0,0.0
TXN003164,1500,UPI,BANK_B,19,0.86,7.77,0.87,0,0.326,0,0.0
TXN003165,1000,CARD,BANK_D,5,1.13,38.14,3.3,0,0.283,1,27.9
TXN003166,100,NETBANKING,BANK_A,17,1.34,9.18,1.41,0,0.196,0,0.0
TXN003167,25000,UPI,BANK_C,7,2.02,20.95,2.7,0,0.14,1,13.5
TXN003168,2500,CARD,BANK_C,18,1.96,2.32,2.87,0,0.153,0,0.0
TXN003169,250,CARD,BANK_A,9,0.94,-1.0,-1.0,0,0.193,1,1.7
TXN003170,250,UPI,BANK_D,10,1.25,26.95,4.07,0,0.297,1,15.6
TXN003171,250,CARD,BANK_D,6,2.12,5.72,3.44,0,0.318,0,0.0
TXN003172,1500,UPI,BANK_C,1,2.81,3.29,1.56,0,0.055,0,0.0
TXN003173,100,WALLET,BANK_A,22,1.82,3.48,1.21,0,0.274,0,0.0
TXN003174,100,CARD,BANK_C,13,0.12,-1.0,-1.0,0,0.161,1,2.2
TXN003175,250,CARD,BANK_C,21,0.6,4.38,2.09,0,0.229,0,0.0
TXN003176,1500,WALLET,BANK_B,6,1.18,0.5,33.1,0,0.26,1,29.2
TXN003177,100,CARD,BANK_D,23,2.37,38.89,1.97,0,0.23,1,27.9
TXN003178,1000,CARD,BANK_D,2,2.31,6.74,28.34,0,0.382,1,20.6
TXN003179,2000,CARD,BANK_B,20,1.19,5.97,3.52,0,0.39,0,0.0
TXN003180,100,UPI,BANK_C,0,0.23,0.5,2.23,0,0.107,0,0.0
TXN003181,500,CARD,BANK_B,21,1.77,3.7,44.32,0,0.344,1,37.5
TXN003182,1000,UPI,BANK_C,18,1.5,9.83,0.71,0,0.127,0,0.0
TXN003183,1500,UPI,BANK_A,7,1.1,6.9,2.0,0,0.222,0,0.0
TXN003184,1500,UPI,BANK_C,10,2.25,0.98,2.81,1,0.051,0,0.0
TXN003185,100,UPI,BANK_B,8,0.6,3.42,2.95,2,0.368,0,0.0
TXN003186,1500,NETBANKING,BANK_C,18,2.39,7.36,2.96,0,0.115,0,0.0
TXN003187,750,CARD,BANK_A,16,0.74,7.99,1.08,0,0.286,0,0.0
TXN003188,1000,NETBANKING,BANK_A,17,1.26,14.37,2.96,0,0.358,1,7.1
TXN003189,100,CARD,BANK_A,19,1.89,3.58,1.92,0,0.261,0,0.0
TXN003190,100,UPI,BANK_B,19,1.36,2.37,1.73,0,0.309,0,0.0
TXN003191,2500,UPI,BANK_A,5,1.55,8.82,1.43,0,0.247,0,0.0
TXN003192,500,WALLET,BANK_D,4,2.33,7.59,3.77,0,0.309,0,0.0
TXN003193,250,NETBANKING,BANK_B,8,1.31,10.51,1.65,1,0.373,0,0.0
TXN003194,500,WALLET,BANK_D,8,1.88,3.11,1.07,0,0.209,0,0.0
TXN003195,1000,UPI,BANK_D,15,1.75,1.96,2.2,0,0.297,0,0.0
TXN003196,10000,CARD,BANK_B,17,1.14,2.91,1.68,0,0.299,0,0.0
TXN003197,1000,CARD,BANK_B,12,0.45,10.88,1.28,1,0.362,1,2.5
TXN003198,250,NETBANKING,BANK_D,23,1.49,5.89,2.8,0,0.308,0,0.0
TXN003199,100,UPI,BANK_B,6,1.28,6.32,0.9,2,0.419,0,0.0
TXN003200,100,UPI,BANK_D,10,0.63,28.43,3.7,3,0.323,1,21.7
TXN003201,1000,UPI,BANK_A,5,1.45,4.97,1.41,0,0.236,0,0.0
TXN003202,100,UPI,BANK_B,20,1.9,7.43,37.4,0,0.346,1,28.5
TXN003203,10000,UPI,BANK_A,8,0.81,-1.0,-1.0,0,0.174,1,2.0
TXN003204,1000,CARD,BANK_C,10,1.23,24.89,1.9,2,0.075,1,17.0
TXN003205,1500,NETBANKING,BANK_A,14,1.31,4.86,0.96,0,0.269,0,0.0
TXN003206,100,CARD,BANK_C,4,0.9,-1.0,-1.0,0,0.105,1,1.0
TXN003207,500,UPI,BANK_D,9,1.4,6.48,0.2,0,0.393,0,0.0
TXN003208,1000,NETBANKING,BANK_D,1,0.2,8.9,41.55,1,0.303,1,31.7
TXN003209,250,UPI,BANK_C,22,1.82,55.47,3.88,0,0.129,1,48.6
TXN003210,500,UPI,BANK_D,2,2.15,8.83,1.98,0,0.26,0,0.0
TXN003211,1000,CARD,BANK_D,2,0.4,6.52,2.33,0,0.3,0,0.0
TXN003212,100,CARD,BANK_D,13,2.41,6.29,2.4,1,0.319,0,0.0
TXN003213,750,WALLET,BANK_C,23,2.48,18.45,1.97,3,0.171,1,14.5
TXN003214,250,UPI,BANK_D,15,1.84,6.53,3.73,0,0.383,0,0.0
TXN003215,2500,UPI,BANK_B,17,1.92,7.37,1.01,0,0.289,0,0.0
TXN003216,1000,UPI,BANK_A,23,0.23,34.64,1.34,0,0.192,1,26.2
TXN003217,2500,UPI,BANK_A,8,1.96,6.79,2.8,0,0.221,0,0.0
TXN003218,750,UPI,BANK_D,10,2.34,4.44,1.52,1,0.212,0,0.0
TXN003219,25000,WALLET,BANK_C,4,0.5,8.0,0.97,0,0.167,1,1.0
TXN003220,750,NETBANKING,BANK_D,5,1.45,8.08,1.63,0,0.302,0,0.0
TXN003221,1500,CARD,BANK_A,16,2.79,2.39,1.32,0,0.227,0,0.0
TXN003222,1000,NETBANKING,BANK_B,19,1.29,7.25,1.86,0,0.343,0,0.0
TXN003223,500,CARD,BANK_A,11,0.38,8.36,2.02,0,0.167,0,0.0
TXN003224,25000,NETBANKING,BANK_B,10,0.44,-1.0,-1.0,0,0.327,1,1.0
TXN003225,250,CARD,BANK_B,3,2.07,3.16,3.82,0,0.311,0,0.0
TXN003226,1000,CARD,BANK_B,4,0.85,-1.0,-1.0,0,0.358,1,1.0
TXN003227,250,CARD,BANK_D,6,1.11,30.8,1.11,0,0.272,1,22.9
TXN003228,2500,NETBANKING,BANK_A,4,0.51,-1.0,-1.0,0,0.175,1,1.0
TXN003229,250,UPI,BANK_D,8,2.06,25.28,3.59,0,0.241,1,18.2
TXN003230,750,CARD,BANK_C,11,0.23,5.12,2.68,0,0.162,0,0.0
TXN003231,1000,NETBANKING,BANK_D,8,1.98,4.02,0.2,0,0.257,0,0.0
TXN003232,750,CARD,BANK_B,1,2.09,5.23,2.44,0,0.364,0,0.0
TXN003233,500,UPI,BANK_D,16,1.36,25.92,0.84,0,0.251,1,14.9
TXN003234,1000,UPI,BANK_C,11,1.5,2.67,2.0,1,0.131,0,0.0
TXN003235,100,UPI,BANK_C,6,1.97,5.51,1.69,0,0.118,0,0.0
TXN003236,2500,NETBANKING,BANK_A,13,0.2,6.78,2.54,0,0.183,0,0.0
TXN003237,2000,UPI,BANK_D,8,1.56,7.77,4.32,1,0.31,0,0.0
TXN003238,250,UPI,BANK_B,16,1.59,7.65,0.2,0,0.35,0,0.0
TXN003239,2000,CARD,BANK_B,15,1.94,6.94,1.38,1,0.357,0,0.0
TXN003240,5000,WALLET,BANK_B,22,2.11,6.08,1.82,0,0.414,0,0.0
TXN003241,500,NETBANKING,BANK_D,20,2.1,4.17,2.44,0,0.371,0,0.0
TXN003242,750,UPI,BANK_C,23,2.93,27.14,2.4,0,0.199,1,22.4
TXN003243,1000,UPI,BANK_C,18,1.61,10.67,2.38,1,0.111,0,0.0
TXN003244,750,CARD,BANK_D,2,1.25,-1.0,-1.0,0,0.157,1,1.0
TXN003245,500,NETBANKING,BANK_B,2,1.46,6.58,1.73,1,0.287,0,0.0
TXN003246,500,NETBANKING,BANK_D,1,1.31,36.78,3.99,2,0.269,1,28.0
TXN003247,500,CARD,BANK_A,5,2.43,7.97,0.2,0,0.127,0,0.0
TXN003248,2000,CARD,BANK_D,19,1.95,8.84,0.2,0,0.297,0,0.0
TXN003249,500,UPI,BANK_C,15,2.34,4.33,1.23,0,0.126,0,0.0
TXN003250,1500,CARD,BANK_C,19,0.23,8.14,3.34,0,0.172,0,0.0
TXN003251,500,UPI,BANK_D,20,1.02,9.17,1.88,2,0.282,0,0.0
TXN003252,2500,UPI,BANK_D,7,1.6,9.51,2.2,0,0.255,0,0.0
TXN003253,100,WALLET,BANK_C,16,2.4,6.93,1.02,0,0.15,0,0.0
TXN003254,2000,CARD,BANK_D,4,1.68,1.56,3.68,0,0.26,0,0.0
TXN003255,250,UPI,BANK_C,10,1.06,28.23,3.33,0,0.105,1,21.1
TXN003256,2500,UPI,BANK_C,19,1.29,8.46,2.47,1,0.214,0,0.0
TXN003257,1000,CARD,BANK_B,13,1.03,5.25,1.71,0,0.32,0,0.0
TXN003258,2000,CARD,BANK_D,14,1.24,0.95,2.76,0,0.208,0,0.0
TXN003259,100,CARD,BANK_A,13,0.24,31.93,2.18,0,0.141,1,24.7
TXN003260,2000,CARD,BANK_C,5,2.14,8.13,2.89,0,0.156,0,0.0
TXN003261,100,UPI,BANK_B,16,1.2,27.67,2.47,0,0.424,1,21.0
TXN003262,2000,UPI,BANK_C,16,0.86,5.56,54.47,0,0.097,1,46.8
TXN003263,250,CARD,BANK_D,7,0.63,4.37,2.92,0,0.365,0,0.0
TXN003264,1500,CARD,BANK_C,4,1.58,6.6,0.45,0,0.2,0,0.0
TXN003265,250,NETBANKING,BANK_B,5,1.05,7.0,1.82,0,0.354,0,0.0
TXN003266,500,NETBANKING,BANK_C,6,0.72,-1.0,-1.0,0,0.244,1,1.0
TXN003267,750,NETBANKING,BANK_B,1,1.3,4.33,1.57,0,0.349,0,0.0
TXN003268,500,UPI,BANK_C,11,1.13,8.08,2.85,0,0.221,0,0.0
TXN003269,10000,UPI,BANK_A,21,0.79,13.73,2.07,1,0.208,1,7.3
TXN003270,2000,CARD,BANK_D,11,1.94,23.86,2.06,0,0.235,1,19.0
TXN003271,100,UPI,BANK_D,16,1.33,9.26,1.3,0,0.361,0,0.0
TXN003272,5000,CARD,BANK_B,23,1.59,10.01,2.09,0,0.326,0,0.0
TXN003273,1000,CARD,BANK_D,19,2.73,6.63,1.86,0,0.28,0,0.0
TXN003274,100,CARD,BANK_D,6,2.32,26.95,1.63,0,0.281,1,21.5
TXN003275,100,CARD,BANK_A,13,1.23,5.41,3.09,0,0.232,0,0.0
TXN003276,750,CARD,BANK_D,21,2.17,9.13,2.1,0,0.357,0,0.0
TXN003277,750,UPI,BANK_D,7,0.62,1.7,2.74,0,0.208,0,0.0
TXN003278,1500,NETBANKING,BANK_D,12,1.05,5.99,2.4,0,0.311,0,0.0
TXN003279,250,UPI,BANK_C,10,1.39,-1.0,4.48,0,0.175,1,1.0
TXN003280,1500,CARD,BANK_D,17,2.04,5.5,5.11,0,0.257,0,0.0
TXN003281,10000,NETBANKING,BANK_C,9,1.76,4.21,29.77,0,0.102,1,20.8
TXN003282,2000,NETBANKING,BANK_A,3,1.34,13.63,3.02,1,0.342,0,0.0
TXN003283,500,CARD,BANK_D,14,3.3,4.27,1.77,0,0.207,0,0.0
TXN003284,1500,CARD,BANK_B,17,0.39,23.59,1.71,0,0.325,1,14.4
TXN003285,100,WALLET,BANK_A,7,1.29,8.22,2.29,0,0.141,0,0.0
TXN003286,1000,UPI,BANK_D,18,0.79,5.87,2.4,0,0.248,0,0.0
TXN003287,1500,UPI,BANK_D,18,1.58,2.33,2.52,0,0.256,0,0.0
TXN003288,25000,UPI,BANK_D,7,1.4,31.59,1.4,0,0.258,1,21.7
TXN003289,2000,UPI,BANK_B,5,1.7,4.44,2.42,0,0.363,0,0.0
TXN003290,1000,UPI,BANK_C,7,2.24,6.05,2.24,0,0.218,0,0.0
TXN003291,250,UPI,BANK_A,12,2.48,1.61,2.42,0,0.271,0,0.0
TXN003292,5000,UPI,BANK_C,14,1.15,6.09,0.46,0,0.179,0,0.0
TXN003293,2000,CARD,BANK_A,21,1.26,7.6,2.35,0,0.164,0,0.0
TXN003294,100,UPI,BANK_D,22,2.05,7.34,2.41,0,0.362,0,0.0
TXN003295,100,WALLET,BANK_C,14,1.31,7.16,3.17,0,0.073,0,0.0
TXN003296,2000,UPI,BANK_B,1,2.34,9.11,4.14,0,0.349,0,0.0
TXN003297,5000,CARD,BANK_C,8,1.91,4.34,1.34,0,0.248,0,0.0
TXN003298,750,CARD,BANK_C,7,1.75,3.73,3.55,1,0.14,0,0.0
TXN003299,5000,NETBANKING,BANK_D,6,0.66,6.26,3.14,0,0.291,0,0.0
TXN003300,1500,UPI,BANK_C,14,1.02,2.96,2.02,0,0.147,0,0.0
TXN003301,750,NETBANKING,BANK_C,18,1.52,6.54,1.99,0,0.175,0,0.0
TXN003302,2500,UPI,BANK_C,16,1.06,8.9,3.56,1,0.207,0,0.0
TXN003303,750,UPI,BANK_C,11,1.9,2.84,2.68,1,0.064,0,0.0
TXN003304,750,UPI,BANK_C,11,1.45,7.93,2.16,0,0.184,0,0.0
TXN003305,500,CARD,BANK_B,19,0.42,9.28,1.45,0,0.298,0,0.0
TXN003306,5000,NETBANKING,BANK_D,19,2.18,2.67,2.54,0,0.265,0,0.0
TXN003307,1000,UPI,BANK_D,20,1.21,5.66,1.83,0,0.337,0,0.0
TXN003308,1500,UPI,BANK_D,17,1.07,2.49,2.53,0,0.357,0,0.0
TXN003309,1500,UPI,BANK_C,19,1.56,0.55,49.39,0,0.18,1,43.3
TXN003310,5000,UPI,BANK_A,22,2.04,6.35,3.2,0,0.228,0,0.0
TXN003311,1000,NETBANKING,BANK_C,12,1.88,7.48,2.93,0,0.197,0,0.0
TXN003312,500,CARD,BANK_A,16,3.21,2.24,2.16,1,0.239,0,0.0
TXN003313,1000,NETBANKING,BANK_A,9,1.18,2.43,2.95,0,0.253,0,0.0
TXN003314,500,CARD,BANK_B,16,1.98,5.17,1.97,0,0.356,0,0.0
TXN003315,1000,UPI,BANK_C,11,0.86,3.1,1.97,0,0.105,1,1.0
TXN003316,250,UPI,BANK_A,8,0.69,2.17,2.32,0,0.26,0,0.0
TXN003317,250,CARD,BANK_C,13,0.2,8.58,2.25,0,0.123,0,0.0
TXN003318,250,UPI,BANK_D,9,0.88,9.37,2.06,0,0.393,0,0.0
TXN003319,1500,CARD,BANK_A,22,1.54,4.41,1.54,0,0.241,0,0.0
TXN003320,2500,CARD,BANK_A,14,1.08,7.1,0.2,0,0.22,0,0.0
TXN003321,500,UPI,BANK_A,22,1.81,8.5,0.82,0,0.185,0,0.0
TXN003322,1000,WALLET,BANK_B,13,1.51,8.62,2.11,0,0.332,0,0.0
TXN003323,750,UPI,BANK_A,16,1.85,35.73,0.79,1,0.191,1,26.8
TXN003324,2000,UPI,BANK_B,3,2.25,3.35,2.72,1,0.313,0,0.0
TXN003325,750,CARD,BANK_C,0,1.58,5.75,0.85,0,0.246,0,0.0
TXN003326,2500,WALLET,BANK_D,7,0.68,-1.0,-1.0,0,0.194,1,1.0
TXN003327,2000,UPI,BANK_C,8,0.9,6.8,1.37,0,0.176,0,0.0
TXN003328,100,UPI,BANK_D,12,2.05,-1.0,-1.0,0,0.306,1,1.0
TXN003329,500,UPI,BANK_C,3,1.38,-1.0,-1.0,1,0.12,1,3.7
TXN003330,10000,CARD,BANK_D,0,1.95,-1.0,-1.0,0,0.302,1,1.6
TXN003331,2500,CARD,BANK_B,8,0.39,5.33,1.84,0,0.343,0,0.0
TXN003332,500,NETBANKING,BANK_A,18,0.87,6.64,3.38,0,0.289,0,0.0
TXN003333,1000,CARD,BANK_A,9,0.85,6.83,1.74,0,0.188,0,0.0
TXN003334,250,UPI,BANK_B,20,1.91,4.77,1.33,1,0.388,0,0.0
TXN003335,250,WALLET,BANK_C,11,0.82,7.12,2.31,0,0.101,0,0.0
TXN003336,750,UPI,BANK_A,4,1.79,7.85,1.76,0,0.231,0,0.0
TXN003337,1500,CARD,BANK_B,2,1.19,2.23,3.84,0,0.347,1,1.0
TXN003338,500,WALLET,BANK_B,8,1.12,4.42,2.04,0,0.327,0,0.0
TXN003339,1500,UPI,BANK_B,6,2.44,8.11,2.0,0,0.37,0,0.0
TXN003340,250,CARD,BANK_B,21,1.66,7.23,4.4,1,0.26,0,0.0
TXN003341,2500,NETBANKING,BANK_B,10,0.54,9.83,3.51,0,0.363,0,0.0
TXN003342,500,NETBANKING,BANK_B,5,1.04,8.75,3.5,0,0.372,0,0.0
TXN003343,500,CARD,BANK_A,8,0.77,7.81,0.75,0,0.256,0,0.0
TXN003344,500,UPI,BANK_A,2,1.1,-1.0,-1.0,0,0.162,1,2.2
TXN003345,1500,UPI,BANK_D,3,0.9,10.28,3.28,0,0.199,0,0.0
TXN003346,2000,WALLET,BANK_D,22,0.28,2.43,2.26,0,0.311,0,0.0
TXN003347,1500,CARD,BANK_A,13,0.71,8.08,0.2,0,0.205,0,0.0
TXN003348,2500,UPI,BANK_D,0,0.73,5.75,34.01,0,0.33,1,25.2
TXN003349,2500,UPI,BANK_C,4,1.41,3.18,1.02,0,0.126,0,0.0
TXN003350,100,UPI,BANK_C,12,1.77,2.61,0.2,0,0.084,0,0.0
TXN003351,1000,UPI,BANK_A,7,2.07,9.38,2.49,1,0.243,0,0.0
TXN003352,750,UPI,BANK_C,6,2.34,4.81,2.97,0,0.14,0,0.0
TXN003353,500,UPI,BANK_A,10,1.41,9.3,0.98,0,0.146,0,0.0
TXN003354,250,CARD,BANK_D,18,1.49,10.16,3.35,0,0.253,0,0.0
TXN003355,10000,UPI,BANK_C,15,1.32,4.87,1.83,0,0.121,0,0.0
TXN003356,5000,UPI,BANK_A,17,1.72,5.92,1.28,0,0.242,0,0.0
TXN003357,250,UPI,BANK_D,21,2.1,9.01,2.37,0,0.267,0,0.0
TXN003358,250,UPI,BANK_D,1,1.56,2.56,0.85,0,0.319,0,0.0
TXN003359,1500,CARD,BANK_A,23,0.75,6.0,1.25,0,0.228,0,0.0
TXN003360,750,UPI,BANK_B,17,1.31,9.69,1.91,0,0.412,0,0.0
TXN003361,2000,UPI,BANK_B,12,0.55,8.68,47.69,0,0.276,1,44.5
TXN003362,1000,CARD,BANK_D,14,1.1,6.08,2.83,0,0.336,0,0.0
TXN003363,250,WALLET,BANK_C,9,0.38,-1.0,-1.0,0,0.096,1,1.0
TXN003364,5000,CARD,BANK_C,17,1.45,0.5,0.2,0,0.19,0,0.0
TXN003365,250,NETBANKING,BANK_C,23,1.03,45.16,2.24,0,0.173,1,37.6
TXN003366,500,UPI,BANK_D,17,1.18,8.36,2.81,0,0.287,0,0.0
TXN003367,1000,CARD,BANK_D,13,1.85,7.19,2.97,0,0.231,1,2.9
TXN003368,250,CARD,BANK_C,15,1.57,5.55,1.42,0,0.263,0,0.0
TXN003369,100,CARD,BANK_B,20,2.11,8.46,1.68,0,0.266,0,0.0
TXN003370,500,CARD,BANK_A,0,1.71,6.11,0.96,0,0.229,0,0.0
TXN003371,250,CARD,BANK_D,23,1.81,4.72,3.13,0,0.236,0,0.0
TXN003372,1000,CARD,BANK_D,9,2.34,8.0,2.1,0,0.272,1,1.0
TXN003373,750,WALLET,BANK_B,10,1.52,24.76,2.38,0,0.292,1,17.9
TXN003374,750,CARD,BANK_A,10,2.25,24.72,3.14,0,0.163,1,17.0
TXN003375,750,UPI,BANK_C,0,2.36,1.66,1.54,0,0.09,0,0.0
TXN003376,1000,CARD,BANK_B,4,0.53,10.73,2.14,2,0.326,1,1.1
TXN003377,250,WALLET,BANK_B,1,1.96,10.2,0.9,0,0.406,0,0.0
TXN003378,2500,WALLET,BANK_A,7,1.16,26.09,0.22,0,0.219,1,19.6
TXN003379,10000,CARD,BANK_C,3,1.7,4.37,0.2,0,0.2,0,0.0
TXN003380,500,UPI,BANK_B,14,2.54,7.04,1.64,0,0.371,0,0.0
TXN003381,1500,CARD,BANK_D,20,0.53,-1.0,-1.0,0,0.202,1,1.5
TXN003382,1500,CARD,BANK_C,8,1.66,11.15,2.46,1,0.268,0,0.0
TXN003383,250,UPI,BANK_A,7,1.43,5.79,2.49,0,0.13,0,0.0
TXN003384,5000,WALLET,BANK_C,13,1.74,8.39,0.57,0,0.125,0,0.0
TXN003385,25000,UPI,BANK_C,20,1.14,8.53,1.58,0,0.117,0,0.0
TXN003386,2000,UPI,BANK_A,20,2.35,9.09,1.04,0,0.24,0,0.0
TXN003387,750,NETBANKING,BANK_B,15,0.93,-1.0,3.22,0,0.317,1,1.0
TXN003388,1000,UPI,BANK_A,19,2.74,4.41,1.09,0,0.197,0,0.0
TXN003389,10000,NETBANKING,BANK_B,18,0.93,21.73,1.48,0,0.322,1,12.4
TXN003390,25000,CARD,BANK_C,15,1.61,2.22,0.2,0,0.182,0,0.0
TXN003391,1500,UPI,BANK_A,3,1.8,6.73,2.0,0,0.197,0,0.0
TXN003392,2500,UPI,BANK_B,12,1.47,0.5,1.46,1,0.3,0,0.0
TXN003393,250,NETBANKING,BANK_B,0,1.45,5.66,1.78,1,0.349,0,0.0
TXN003394,10000,NETBANKING,BANK_B,21,2.97,-1.0,2.06,0,0.287,1,1.0
TXN003395,1000,UPI,BANK_B,23,1.98,3.5,2.49,0,0.351,0,0.0
TXN003396,5000,UPI,BANK_D,5,1.8,5.68,1.99,0,0.244,0,0.0
TXN003397,250,NETBANKING,BANK_B,19,0.58,28.44,1.04,0,0.192,1,20.7
TXN003398,250,CARD,BANK_D,22,2.19,4.67,1.74,0,0.181,0,0.0
TXN003399,750,CARD,BANK_A,5,0.86,9.12,2.0,0,0.225,0,0.0
TXN003400,750,UPI,BANK_C,16,2.56,8.55,45.43,1,0.098,1,41.0
TXN003401,250,WALLET,BANK_C,11,0.89,6.01,1.91,1,0.192,0,0.0
TXN003402,500,UPI,BANK_B,4,2.09,4.74,2.57,0,0.313,0,0.0
TXN003403,1500,UPI,BANK_D,15,1.78,7.08,2.11,0,0.327,0,0.0
TXN003404,5000,NETBANKING,BANK_B,10,2.27,6.85,4.27,0,0.387,0,0.0
TXN003405,2000,CARD,BANK_A,23,1.47,3.65,1.57,1,0.178,0,0.0
TXN003406,10000,CARD,BANK_A,8,1.05,3.45,1.0,0,0.194,0,0.0
TXN003407,250,CARD,BANK_C,16,2.24,2.6,1.44,0,0.159,0,0.0
TXN003408,100,CARD,BANK_D,18,1.19,18.62,1.52,0,0.352,1,10.1
TXN003409,100,WALLET,BANK_A,6,1.03,-1.0,-1.0,0,0.224,1,1.0
TXN003410,250,WALLET,BANK_A,15,1.61,8.14,3.93,0,0.183,0,0.0
TXN003411,250,CARD,BANK_D,4,1.96,6.13,2.1,0,0.243,0,0.0
TXN003412,250,CARD,BANK_C,18,0.75,-1.0,-1.0,0,0.175,1,1.6
TXN003413,10000,NETBANKING,BANK_C,19,0.8,3.59,3.55,0,0.218,0,0.0
TXN003414,750,NETBANKING,BANK_C,14,2.02,9.4,2.79,0,0.108,0,0.0
TXN003415,100,UPI,BANK_B,11,2.8,8.65,1.53,0,0.323,1,1.0
TXN003416,100,UPI,BANK_B,3,0.74,2.79,3.67,0,0.37,0,0.0
TXN003417,1000,UPI,BANK_B,0,2.48,5.91,42.19,0,0.303,1,35.6
TXN003418,250,CARD,BANK_C,22,1.26,7.28,1.11,0,0.243,0,0.0
TXN003419,1500,CARD,BANK_D,19,0.9,11.59,2.64,0,0.218,0,0.0
TXN003420,250,CARD,BANK_D,8,1.53,3.92,1.65,0,0.299,0,0.0
TXN003421,2500,UPI,BANK_D,22,0.75,20.59,2.13,0,0.24,1,13.9
TXN003422,25000,UPI,BANK_D,6,0.36,11.01,1.39,0,0.198,0,0.0
TXN003423,100,NETBANKING,BANK_C,0,1.62,13.46,3.26,0,0.153,0,0.0
TXN003424,250,CARD,BANK_B,16,0.67,39.89,2.97,0,0.359,1,29.1
TXN003425,500,CARD,BANK_B,20,1.73,3.7,0.2,0,0.311,0,0.0
TXN003426,250,NETBANKING,BANK_B,15,1.24,0.53,0.45,0,0.283,0,0.0
TXN003427,500,CARD,BANK_C,17,2.05,28.84,2.99,0,0.177,1,16.5
TXN003428,25000,NETBANKING,BANK_D,16,1.52,2.02,1.94,1,0.299,0,0.0
TXN003429,500,UPI,BANK_B,0,0.21,3.39,1.95,1,0.343,0,0.0
TXN003430,100,WALLET,BANK_A,21,1.49,5.35,3.22,0,0.243,0,0.0
TXN003431,100,UPI,BANK_D,0,1.36,3.06,1.95,0,0.285,0,0.0
TXN003432,750,CARD,BANK_A,11,1.56,40.39,1.42,0,0.231,1,30.5
TXN003433,1500,CARD,BANK_C,6,1.15,33.24,1.08,0,0.157,1,21.4
TXN003434,250,NETBANKING,BANK_A,2,1.55,33.27,1.98,0,0.196,1,24.1
TXN003435,2000,CARD,BANK_A,10,0.46,7.97,2.4,1,0.227,0,0.0
TXN003436,2000,CARD,BANK_A,19,0.51,9.0,3.42,0,0.274,0,0.0
TXN003437,2000,CARD,BANK_D,9,2.33,23.6,0.2,1,0.339,1,13.3
TXN003438,5000,UPI,BANK_A,9,2.53,3.95,0.25,1,0.228,0,0.0
TXN003439,100,UPI,BANK_D,11,1.29,7.52,1.74,0,0.326,0,0.0
TXN003440,1500,UPI,BANK_A,11,0.92,5.07,1.56,1,0.167,0,0.0
TXN003441,2500,CARD,BANK_C,4,1.43,5.39,1.77,0,0.115,0,0.0
TXN003442,250,UPI,BANK_D,6,0.71,0.5,1.41,1,0.222,0,0.0
TXN003443,5000,UPI,BANK_A,14,1.75,4.94,44.77,0,0.218,1,37.1
TXN003444,250,WALLET,BANK_C,1,1.79,5.64,34.37,0,0.155,1,24.2
TXN003445,250,NETBANKING,BANK_A,15,0.81,-1.0,1.69,0,0.225,1,1.0
TXN003446,10000,NETBANKING,BANK_C,22,1.65,7.27,2.44,0,0.135,0,0.0
TXN003447,750,CARD,BANK_B,13,0.97,3.65,1.53,1,0.311,0,0.0
TXN003448,250,UPI,BANK_B,15,1.55,9.37,2.98,0,0.422,0,0.0
TXN003449,750,UPI,BANK_A,4,1.02,1.36,3.85,0,0.244,0,0.0
TXN003450,1000,NETBANKING,BANK_D,22,1.53,6.08,10.0,0,0.289,1,3.0
TXN003451,2500,UPI,BANK_C,4,1.79,6.71,57.2,0,0.131,1,47.7
TXN003452,750,CARD,BANK_A,23,2.09,7.3,0.47,0,0.229,0,0.0
TXN003453,1000,CARD,BANK_C,18,1.22,6.8,1.06,0,0.267,0,0.0
TXN003454,500,UPI,BANK_D,11,0.2,6.21,1.79,0,0.306,0,0.0
TXN003455,100,UPI,BANK_B,7,1.26,7.29,3.02,0,0.401,0,0.0
TXN003456,2500,UPI,BANK_C,12,1.33,2.67,1.73,0,0.134,0,0.0
TXN003457,2000,CARD,BANK_C,23,1.3,27.57,1.97,0,0.077,1,24.6
TXN003458,250,CARD,BANK_D,5,2.04,6.92,2.94,0,0.34,0,0.0
TXN003459,750,CARD,BANK_D,21,0.78,8.58,0.71,1,0.318,0,0.0
TXN003460,500,UPI,BANK_C,15,1.08,4.69,4.26,0,0.147,0,0.0
TXN003461,750,UPI,BANK_A,10,2.89,6.64,3.05,0,0.149,0,0.0
TXN003462,5000,UPI,BANK_D,7,2.0,8.2,2.68,0,0.33,1,1.0
TXN003463,250,UPI,BANK_D,14,1.87,7.53,1.18,0,0.225,0,0.0
TXN003464,100,UPI,BANK_C,12,1.54,7.9,0.68,0,0.054,0,0.0
TXN003465,1500,UPI,BANK_D,9,1.19,7.0,1.74,0,0.278,0,0.0
TXN003466,100,CARD,BANK_C,10,1.86,-1.0,-1.0,0,0.149,1,1.0
TXN003467,100,NETBANKING,BANK_D,20,1.63,26.5,1.98,0,0.296,1,18.8
TXN003468,2000,CARD,BANK_B,16,1.59,2.2,2.43,0,0.33,0,0.0
TXN003469,2000,UPI,BANK_B,9,1.35,-1.0,-1.0,0,0.324,1,1.0
TXN003470,100,UPI,BANK_B,9,1.19,6.93,1.65,0,0.251,0,0.0
TXN003471,1500,CARD,BANK_A,0,1.03,1.54,2.87,0,0.19,0,0.0
TXN003472,5000,UPI,BANK_B,22,0.35,12.28,3.98,0,0.422,0,0.0
TXN003473,250,CARD,BANK_B,12,0.78,-1.0,-1.0,1,0.398,1,1.0
TXN003474,100,CARD,BANK_A,6,1.6,9.07,1.76,0,0.197,0,0.0
TXN003475,1500,CARD,BANK_D,15,0.8,11.49,28.5,0,0.204,1,21.1
TXN003476,25000,CARD,BANK_C,18,0.85,-1.0,-1.0,0,0.148,1,1.0
TXN003477,750,NETBANKING,BANK_A,10,1.25,21.29,2.36,0,0.133,1,14.1
TXN003478,100,WALLET,BANK_C,0,1.17,9.26,4.06,1,0.104,0,0.0
TXN003479,250,UPI,BANK_D,0,1.69,18.31,2.13,0,0.36,1,15.5
TXN003480,1000,WALLET,BANK_C,18,3.14,7.69,3.18,0,0.203,0,0.0
TXN003481,1500,NETBANKING,BANK_D,3,1.92,8.83,1.51,0,0.244,0,0.0
TXN003482,750,UPI,BANK_D,7,1.83,7.54,1.71,0,0.198,0,0.0
TXN003483,750,UPI,BANK_C,19,1.24,53.65,5.48,0,0.214,1,45.0
TXN003484,2000,WALLET,BANK_D,18,1.34,8.26,2.14,0,0.223,0,0.0
TXN003485,1500,UPI,BANK_D,0,1.39,-1.0,-1.0,0,0.312,1,1.0
TXN003486,250,NETBANKING,BANK_B,12,1.48,6.24,2.45,0,0.449,0,0.0
TXN003487,750,UPI,BANK_B,2,1.58,7.32,2.0,0,0.347,0,0.0
TXN003488,500,UPI,BANK_B,11,1.74,9.3,2.57,0,0.374,0,0.0
TXN003489,250,UPI,BANK_A,21,2.75,0.5,3.49,0,0.241,0,0.0
TXN003490,100,WALLET,BANK_D,18,1.82,10.28,1.59,0,0.148,0,0.0
TXN003491,2500,CARD,BANK_C,12,1.31,3.93,1.39,0,0.134,0,0.0
TXN003492,1000,UPI,BANK_B,21,1.6,4.99,3.42,0,0.417,0,0.0
TXN003493,5000,NETBANKING,BANK_A,5,1.66,17.89,0.2,1,0.241,1,8.2
TXN003494,500,UPI,BANK_B,15,1.06,6.84,0.8,0,0.312,0,0.0
TXN003495,500,NETBANKING,BANK_C,3,1.09,7.97,1.93,0,0.233,0,0.0
TXN003496,1000,WALLET,BANK_A,11,1.44,4.67,1.43,0,0.228,0,0.0
TXN003497,1500,UPI,BANK_D,4,1.08,29.22,1.55,0,0.224,1,21.2
TXN003498,2500,CARD,BANK_C,10,1.65,19.28,2.55,1,0.139,1,11.1
TXN003499,10000,UPI,BANK_A,2,1.21,22.8,2.97,0,0.209,1,14.6
TXN003500,1500,UPI,BANK_D,15,2.47,4.32,1.25,0,0.304,0,0.0
TXN003501,500,NETBANKING,BANK_D,22,1.46,10.23,0.66,0,0.257,0,0.0
TXN003502,250,UPI,BANK_B,9,1.33,11.68,2.81,0,0.349,0,0.0
TXN003503,750,UPI,BANK_A,18,0.71,6.51,1.18,1,0.222,0,0.0
TXN003504,250,NETBANKING,BANK_C,5,0.63,6.4,1.57,0,0.187,0,0.0
TXN003505,2500,CARD,BANK_A,2,0.43,-1.0,-1.0,0,0.218,1,2.9
TXN003506,250,UPI,BANK_A,17,2.48,6.7,3.48,0,0.199,0,0.0
TXN003507,500,UPI,BANK_D,19,1.02,8.82,1.82,0,0.272,0,0.0
TXN003508,2500,CARD,BANK_D,16,2.07,5.79,3.05,0,0.347,0,0.0
TXN003509,250,CARD,BANK_A,4,1.2,4.59,4.54,0,0.206,0,0.0
TXN003510,250,UPI,BANK_C,6,0.4,8.79,3.33,0,0.091,0,0.0
TXN003511,2500,CARD,BANK_B,12,1.65,63.97,3.24,0,0.349,1,55.4
TXN003512,100,UPI,BANK_B,0,1.73,8.08,2.49,1,0.371,0,0.0
TXN003513,1000,CARD,BANK_C,4,2.0,6.4,3.04,0,0.151,0,0.0
TXN003514,5000,CARD,BANK_A,23,1.16,33.38,3.26,0,0.332,1,23.9
TXN003515,100,UPI,BANK_D,8,1.05,5.21,3.38,0,0.303,0,0.0
TXN003516,2000,UPI,BANK_A,6,1.98,0.5,3.26,0,0.177,0,0.0
TXN003517,750,UPI,BANK_A,8,1.94,8.44,3.43,1,0.298,0,0.0
TXN003518,250,UPI,BANK_A,18,0.89,31.93,0.43,0,0.227,1,24.1
TXN003519,750,CARD,BANK_B,16,1.63,6.42,0.74,1,0.291,0,0.0
TXN003520,250,NETBANKING,BANK_C,20,2.18,3.3,2.87,0,0.121,0,0.0
TXN003521,1500,UPI,BANK_C,3,0.43,6.95,0.2,0,0.194,0,0.0
TXN003522,500,CARD,BANK_B,22,2.8,3.02,0.2,0,0.443,0,0.0
TXN003523,500,NETBANKING,BANK_D,22,1.06,10.92,4.15,0,0.287,0,0.0
TXN003524,750,WALLET,BANK_C,11,1.46,8.2,2.02,0,0.19,0,0.0
TXN003525,1500,NETBANKING,BANK_C,20,1.34,13.85,3.17,0,0.128,1,5.1
TXN003526,100,WALLET,BANK_C,21,2.12,5.08,0.47,0,0.219,0,0.0
TXN003527,250,UPI,BANK_D,10,2.12,10.59,2.06,0,0.249,0,0.0
TXN003528,100,WALLET,BANK_A,22,0.93,44.38,1.37,0,0.228,1,37.7
TXN003529,100,WALLET,BANK_B,16,0.63,6.79,1.19,0,0.395,0,0.0
TXN003530,250,CARD,BANK_D,10,1.18,-1.0,-1.0,0,0.254,1,1.0
TXN003531,500,CARD,BANK_B,6,1.11,3.48,1.3,1,0.322,0,0.0
TXN003532,2500,UPI,BANK_A,16,1.92,6.45,3.53,0,0.211,0,0.0
TXN003533,1500,NETBANKING,BANK_A,4,1.1,4.4,1.33,1,0.202,0,0.0
TXN003534,1000,UPI,BANK_B,15,2.29,7.84,2.0,0,0.346,0,0.0
TXN003535,500,UPI,BANK_C,11,1.05,5.02,4.9,0,0.184,0,0.0
TXN003536,500,UPI,BANK_A,0,1.8,2.46,2.39,0,0.244,0,0.0
TXN003537,2000,CARD,BANK_A,12,1.81,15.72,3.6,1,0.203,1,8.2
TXN003538,250,UPI,BANK_B,19,1.71,6.17,1.43,0,0.356,0,0.0
TXN003539,250,UPI,BANK_A,12,2.13,5.02,3.84,0,0.251,0,0.0
TXN003540,750,CARD,BANK_C,14,1.83,6.08,2.27,0,0.139,0,0.0
TXN003541,25000,UPI,BANK_A,7,1.04,-1.0,-1.0,0,0.197,1,1.0
TXN003542,1000,UPI,BANK_D,10,1.35,7.39,2.35,0,0.271,0,0.0
TXN003543,1500,CARD,BANK_A,13,0.71,10.11,3.66,0,0.24,0,0.0
TXN003544,750,CARD,BANK_C,22,1.5,4.83,1.42,0,0.145,0,0.0
TXN003545,1500,CARD,BANK_C,3,1.46,6.7,3.55,0,0.292,0,0.0
TXN003546,1000,UPI,BANK_C,18,1.26,6.5,2.61,1,0.245,0,0.0
TXN003547,5000,UPI,BANK_A,18,1.04,5.48,3.78,0,0.247,0,0.0
TXN003548,750,CARD,BANK_D,12,1.87,3.7,33.71,0,0.244,1,23.3
TXN003549,1500,NETBANKING,BANK_D,2,0.64,6.14,2.95,0,0.277,0,0.0
TXN003550,250,NETBANKING,BANK_D,10,0.63,16.34,2.99,0,0.226,1,11.4
TXN003551,100,WALLET,BANK_A,12,0.35,10.3,1.95,0,0.165,0,0.0
TXN003552,250,UPI,BANK_B,9,0.71,4.27,2.84,1,0.322,0,0.0
TXN003553,2000,CARD,BANK_D,22,2.14,5.56,2.95,1,0.255,0,0.0
TXN003554,1000,NETBANKING,BANK_C,9,1.32,8.41,2.96,1,0.192,0,0.0
TXN003555,2000,CARD,BANK_D,2,1.98,-1.0,-1.0,0,0.237,1,1.0
TXN003556,100,UPI,BANK_A,8,1.3,4.28,1.43,0,0.192,0,0.0
TXN003557,500,UPI,BANK_C,13,0.98,-1.0,-1.0,0,0.133,1,1.0
TXN003558,2500,UPI,BANK_B,15,1.19,2.23,2.12,0,0.256,0,0.0
TXN003559,750,UPI,BANK_C,14,1.7,8.11,1.26,0,0.226,0,0.0
TXN003560,250,CARD,BANK_A,1,1.39,3.95,2.6,0,0.247,0,0.0
TXN003561,100,NETBANKING,BANK_C,16,0.87,5.14,3.4,1,0.12,0,0.0
TXN003562,1000,UPI,BANK_B,10,0.82,9.61,26.66,0,0.269,1,15.6
TXN003563,250,CARD,BANK_A,13,1.27,37.24,1.05,0,0.179,1,26.2
TXN003564,1500,NETBANKING,BANK_A,21,1.82,1.79,2.57,0,0.16,0,0.0
TXN003565,250,UPI,BANK_B,15,0.82,26.84,1.84,0,0.345,1,20.5
TXN003566,100,WALLET,BANK_D,11,2.24,8.06,2.96,0,0.303,0,0.0
TXN003567,500,NETBANKING,BANK_A,8,0.48,2.42,3.82,0,0.251,0,0.0
TXN003568,100,UPI,BANK_B,14,1.32,7.7,2.45,0,0.429,0,0.0
TXN003569,1000,NETBANKING,BANK_D,15,1.56,6.6,2.05,0,0.283,0,0.0
TXN003570,5000,UPI,BANK_D,14,0.86,8.17,1.44,0,0.3,0,0.0
TXN003571,250,CARD,BANK_D,7,2.7,9.28,1.78,0,0.265,0,0.0
TXN003572,1500,UPI,BANK_C,5,2.12,9.01,2.1,0,0.116,0,0.0
TXN003573,1000,UPI,BANK_C,5,2.1,4.8,1.35,0,0.253,0,0.0
TXN003574,1500,UPI,BANK_B,8,1.54,3.82,2.59,0,0.348,0,0.0
TXN003575,250,UPI,BANK_D,20,0.68,1.28,3.14,0,0.325,0,0.0
TXN003576,10000,UPI,BANK_C,20,1.29,12.19,2.43,3,0.13,1,5.3
TXN003577,750,CARD,BANK_C,1,0.85,5.63,38.78,0,0.195,1,28.6
TXN003578,750,UPI,BANK_C,10,1.81,5.9,1.11,0,0.221,0,0.0
TXN003579,1000,UPI,BANK_C,17,2.11,4.54,2.17,0,0.178,0,0.0
TXN003580,250,UPI,BANK_C,4,0.2,35.06,2.97,0,0.104,1,30.5
TXN003581,10000,CARD,BANK_A,3,2.28,8.34,0.29,0,0.157,0,0.0
TXN003582,500,UPI,BANK_B,18,2.42,5.99,1.31,0,0.336,0,0.0
TXN003583,1500,CARD,BANK_A,6,2.47,2.37,1.77,0,0.278,0,0.0
TXN003584,100,CARD,BANK_D,17,1.55,6.92,1.51,0,0.241,0,0.0
TXN003585,5000,WALLET,BANK_A,0,1.28,4.23,3.37,0,0.213,0,0.0
TXN003586,1000,CARD,BANK_D,6,1.4,5.43,2.13,0,0.288,0,0.0
TXN003587,1500,CARD,BANK_D,13,1.74,3.49,1.99,0,0.394,0,0.0
TXN003588,750,CARD,BANK_D,2,1.45,5.21,1.75,0,0.311,0,0.0
TXN003589,100,UPI,BANK_A,15,1.1,-1.0,-1.0,0,0.246,1,1.0
TXN003590,1000,UPI,BANK_C,19,2.09,7.53,1.73,0,0.197,0,0.0
TXN003591,5000,UPI,BANK_B,19,0.43,1.19,34.18,0,0.305,1,25.2
TXN003592,500,UPI,BANK_C,17,1.58,9.29,1.63,0,0.172,0,0.0
TXN003593,500,CARD,BANK_A,14,2.04,6.88,1.77,0,0.145,0,0.0
TXN003594,100,NETBANKING,BANK_B,4,1.08,2.06,0.86,0,0.318,0,0.0
TXN003595,1000,UPI,BANK_D,20,0.57,12.05,1.21,0,0.287,1,5.4
TXN003596,250,WALLET,BANK_C,22,1.04,10.89,1.66,0,0.102,0,0.0
TXN003597,500,UPI,BANK_C,22,2.26,8.04,1.55,0,0.144,0,0.0
TXN003598,250,UPI,BANK_B,0,1.16,4.56,3.05,0,0.377,0,0.0
TXN003599,500,UPI,BANK_B,1,2.32,6.23,0.91,0,0.314,0,0.0
TXN003600,10000,UPI,BANK_A,18,0.72,3.19,3.14,0,0.209,0,0.0
TXN003601,1500,CARD,BANK_B,5,1.64,7.7,31.27,0,0.315,1,23.1
TXN003602,100,UPI,BANK_B,8,0.87,26.7,1.55,0,0.373,1,20.2
TXN003603,250,WALLET,BANK_A,4,1.65,7.38,2.0,0,0.154,0,0.0
TXN003604,1500,CARD,BANK_B,9,0.85,7.98,0.92,1,0.286,0,0.0
TXN003605,250,NETBANKING,BANK_B,19,1.52,6.28,1.7,0,0.299,0,0.0
TXN003606,1500,CARD,BANK_B,2,1.25,8.69,2.0,0,0.323,0,0.0
TXN003607,250,UPI,BANK_D,22,0.2,3.77,1.95,1,0.204,0,0.0
TXN003608,1000,UPI,BANK_D,9,1.34,5.4,0.44,0,0.339,0,0.0
TXN003609,750,UPI,BANK_A,21,2.13,6.35,2.46,0,0.204,0,0.0
TXN003610,1000,CARD,BANK_C,4,1.23,-1.0,-1.0,0,0.145,1,4.4
TXN003611,100,CARD,BANK_A,14,0.5,11.37,2.99,0,0.164,0,0.0
TXN003612,2000,NETBANKING,BANK_C,6,2.0,12.1,1.49,1,0.02,0,0.0
TXN003613,2500,WALLET,BANK_A,19,0.89,7.56,1.72,0,0.293,0,0.0
TXN003614,500,CARD,BANK_C,20,1.22,5.34,0.99,0,0.096,0,0.0
TXN003615,2500,UPI,BANK_B,11,1.43,37.03,1.0,0,0.358,1,30.2
TXN003616,1000,WALLET,BANK_B,5,0.98,3.11,1.55,0,0.331,0,0.0
TXN003617,2500,NETBANKING,BANK_B,19,0.73,8.57,2.26,0,0.385,0,0.0
TXN003618,500,UPI,BANK_C,12,1.72,6.36,2.14,0,0.201,0,0.0
TXN003619,100,UPI,BANK_B,11,0.65,15.3,0.41,0,0.323,0,0.0
TXN003620,1000,WALLET,BANK_D,16,0.88,7.43,1.28,0,0.29,0,0.0
TXN003621,1500,CARD,BANK_C,11,1.5,12.42,1.83,0,0.024,0,0.0
TXN003622,5000,CARD,BANK_D,4,2.8,6.8,1.81,0,0.386,0,0.0
TXN003623,500,CARD,BANK_B,22,1.78,10.88,2.09,0,0.24,0,0.0
TXN003624,2500,UPI,BANK_D,8,1.42,4.35,0.88,0,0.253,0,0.0
TXN003625,1500,CARD,BANK_C,5,1.72,3.96,2.29,0,0.111,0,0.0
TXN003626,1500,UPI,BANK_C,1,1.83,6.83,41.51,0,0.148,1,32.4
TXN003627,2000,CARD,BANK_B,16,1.4,1.0,0.2,0,0.347,0,0.0
TXN003628,250,UPI,BANK_A,19,1.0,4.48,1.94,0,0.18,0,0.0
TXN003629,2000,WALLET,BANK_B,11,1.87,73.18,1.91,0,0.364,1,65.7
TXN003630,250,CARD,BANK_B,21,0.82,9.4,2.5,0,0.394,0,0.0
TXN003631,1000,NETBANKING,BANK_B,19,2.91,7.37,0.2,0,0.35,0,0.0
TXN003632,1500,WALLET,BANK_D,17,1.85,18.59,1.47,0,0.304,1,12.5
TXN003633,500,UPI,BANK_A,9,1.84,9.83,2.6,0,0.233,0,0.0
TXN003634,1500,UPI,BANK_B,9,2.45,3.21,0.71,0,0.357,0,0.0
TXN003635,2500,NETBANKING,BANK_D,7,0.52,-1.0,-1.0,0,0.341,1,2.4
TXN003636,2000,UPI,BANK_D,16,1.73,35.97,0.67,0,0.273,1,25.9
TXN003637,250,UPI,BANK_B,20,1.69,6.45,4.09,0,0.323,0,0.0
TXN003638,1500,UPI,BANK_B,13,1.92,5.38,49.96,0,0.408,1,40.0
TXN003639,1500,CARD,BANK_D,2,1.93,16.83,1.03,1,0.261,1,8.0
TXN003640,2500,CARD,BANK_D,4,0.96,34.01,3.67,0,0.29,1,28.0
TXN003641,750,UPI,BANK_B,4,1.09,12.47,1.11,0,0.301,0,0.0
TXN003642,1000,UPI,BANK_C,5,1.05,3.81,2.78,0,0.171,0,0.0
TXN003643,100,CARD,BANK_A,22,1.59,29.28,1.02,0,0.273,1,22.1
TXN003644,2500,CARD,BANK_B,15,1.24,4.82,1.83,0,0.344,0,0.0
TXN003645,100,UPI,BANK_C,21,1.4,4.9,1.69,0,0.179,0,0.0
TXN003646,1500,NETBANKING,BANK_A,19,1.15,6.11,2.04,0,0.243,1,1.0
TXN003647,750,UPI,BANK_C,18,2.32,1.71,1.54,0,0.149,0,0.0
TXN003648,500,WALLET,BANK_D,15,1.44,6.68,0.41,0,0.278,0,0.0
TXN003649,250,CARD,BANK_B,14,1.37,3.55,0.57,1,0.37,0,0.0
TXN003650,500,UPI,BANK_A,6,1.12,-1.0,0.2,1,0.232,1,1.0
TXN003651,500,WALLET,BANK_B,1,1.14,6.12,2.17,0,0.374,0,0.0
TXN003652,2500,UPI,BANK_D,5,1.36,-1.0,-1.0,0,0.265,1,1.0
TXN003653,250,UPI,BANK_B,14,2.05,4.64,3.38,2,0.358,0,0.0
TXN003654,500,WALLET,BANK_C,0,1.15,5.0,0.61,0,0.185,0,0.0
TXN003655,1000,CARD,BANK_D,1,1.66,-1.0,-1.0,0,0.312,1,1.0
TXN003656,2000,NETBANKING,BANK_B,22,1.79,57.12,1.91,0,0.342,1,50.6
TXN003657,500,CARD,BANK_A,10,2.08,5.87,1.55,0,0.185,0,0.0
TXN003658,500,CARD,BANK_B,2,0.97,6.25,1.48,1,0.414,0,0.0
TXN003659,750,UPI,BANK_D,14,1.67,2.08,3.22,1,0.275,0,0.0
TXN003660,250,UPI,BANK_C,16,1.38,4.32,1.05,1,0.126,0,0.0
TXN003661,2000,UPI,BANK_A,17,1.75,4.65,1.05,0,0.268,0,0.0
TXN003662,100,UPI,BANK_C,22,2.32,7.56,2.13,0,0.231,0,0.0
TXN003663,500,CARD,BANK_C,17,0.47,24.07,0.68,0,0.195,1,16.0
TXN003664,10000,UPI,BANK_C,7,2.91,3.04,3.59,0,0.162,0,0.0
TXN003665,500,UPI,BANK_B,19,2.18,28.0,0.2,1,0.355,1,19.8
TXN003666,100,WALLET,BANK_D,9,1.56,11.24,1.99,0,0.302,0,0.0
TXN003667,750,UPI,BANK_B,5,1.95,6.64,1.72,0,0.346,0,0.0
TXN003668,10000,CARD,BANK_C,5,1.78,5.2,0.79,0,0.184,0,0.0
TXN003669,250,NETBANKING,BANK_A,19,1.36,5.01,0.46,0,0.167,0,0.0
TXN003670,750,UPI,BANK_B,18,1.47,2.24,2.4,0,0.246,0,0.0
TXN003671,500,UPI,BANK_C,2,1.53,28.99,1.39,2,0.109,1,20.9
TXN003672,100,CARD,BANK_C,22,1.75,-1.0,-1.0,0,0.146,1,1.0
TXN003673,500,CARD,BANK_D,9,1.72,6.99,2.6,0,0.275,0,0.0
TXN003674,750,UPI,BANK_C,15,1.47,2.61,1.86,0,0.137,0,0.0
TXN003675,750,UPI,BANK_C,14,1.37,10.38,1.41,0,0.069,0,0.0
TXN003676,5000,NETBANKING,BANK_C,13,1.39,8.62,1.47,0,0.175,0,0.0
TXN003677,750,UPI,BANK_B,21,1.15,5.06,1.72,0,0.399,0,0.0
TXN003678,2500,UPI,BANK_A,7,1.42,11.35,1.38,0,0.206,0,0.0
TXN003679,1500,WALLET,BANK_C,23,1.58,4.07,2.43,0,0.168,1,1.0
TXN003680,250,CARD,BANK_B,22,0.56,-1.0,-1.0,0,0.407,1,2.0
TXN003681,1000,UPI,BANK_C,6,0.99,-1.0,-1.0,0,0.096,1,1.0
TXN003682,2000,CARD,BANK_A,19,1.64,6.58,1.92,1,0.225,0,0.0
TXN003683,100,UPI,BANK_C,5,1.29,6.44,1.64,0,0.144,0,0.0
TXN003684,500,UPI,BANK_B,8,2.37,3.61,0.2,0,0.426,0,0.0
TXN003685,1000,UPI,BANK_C,18,1.18,6.82,3.29,0,0.214,0,0.0
TXN003686,2000,CARD,BANK_C,6,1.52,34.68,3.8,0,0.204,1,28.1
TXN003687,2500,CARD,BANK_D,19,0.58,8.73,2.38,1,0.315,0,0.0
TXN003688,750,UPI,BANK_B,15,1.03,8.73,2.25,0,0.322,1,1.0
TXN003689,250,UPI,BANK_C,20,1.72,5.24,1.59,0,0.094,0,0.0
TXN003690,1500,CARD,BANK_C,10,0.88,30.33,3.17,0,0.095,1,23.3
TXN003691,100,UPI,BANK_D,15,1.85,9.16,1.82,0,0.286,0,0.0
TXN003692,500,CARD,BANK_C,10,1.83,5.51,2.99,0,0.194,0,0.0
TXN003693,750,UPI,BANK_A,4,0.6,6.32,0.51,0,0.226,0,0.0
TXN003694,1500,UPI,BANK_A,7,0.98,3.41,1.47,0,0.32,0,0.0
TXN003695,500,UPI,BANK_D,9,1.94,24.14,2.29,0,0.255,1,17.2
TXN003696,1000,UPI,BANK_C,3,2.58,3.86,1.61,0,0.225,0,0.0
TXN003697,1000,UPI,BANK_B,10,0.99,7.74,1.22,0,0.285,0,0.0
TXN003698,100,UPI,BANK_C,7,2.32,2.55,0.8,0,0.134,0,0.0
TXN003699,1000,CARD,BANK_C,9,0.89,18.07,1.23,0,0.188,1,7.7
TXN003700,250,NETBANKING,BANK_D,14,2.46,9.17,0.53,0,0.213,0,0.0
TXN003701,1000,NETBANKING,BANK_C,1,1.84,0.5,1.67,0,0.197,0,0.0
TXN003702,1500,UPI,BANK_B,2,0.81,6.68,2.59,0,0.355,0,0.0
TXN003703,500,UPI,BANK_D,19,2.16,3.72,0.59,0,0.25,0,0.0
TXN003704,1500,UPI,BANK_D,13,1.56,2.39,1.09,0,0.291,0,0.0
TXN003705,1000,CARD,BANK_C,10,0.74,8.04,28.23,0,0.228,1,17.6
TXN003706,1000,UPI,BANK_D,3,1.7,7.69,3.66,0,0.254,0,0.0
TXN003707,1000,CARD,BANK_B,12,2.04,9.17,4.41,1,0.266,0,0.0
TXN003708,100,UPI,BANK_A,20,0.2,6.96,2.22,0,0.175,1,1.0
TXN003709,250,CARD,BANK_C,2,1.75,10.04,2.93,1,0.105,0,0.0
TXN003710,1000,NETBANKING,BANK_C,17,1.95,9.65,3.89,0,0.214,0,0.0
TXN003711,500,UPI,BANK_D,16,2.58,7.62,4.06,0,0.226,0,0.0
TXN003712,250,CARD,BANK_C,14,1.98,15.51,2.75,0,0.165,1,9.7
TXN003713,2500,UPI,BANK_A,21,1.09,-1.0,-1.0,0,0.221,1,1.0
TXN003714,2000,CARD,BANK_B,11,2.35,7.73,3.47,0,0.28,0,0.0
TXN003715,100,WALLET,BANK_A,17,2.71,4.32,2.56,0,0.24,0,0.0
TXN003716,750,UPI,BANK_A,17,1.29,5.14,4.52,0,0.184,0,0.0
TXN003717,500,CARD,BANK_D,16,0.66,5.51,0.76,0,0.297,0,0.0
TXN003718,100,UPI,BANK_C,23,0.79,6.52,0.33,0,0.161,0,0.0
TXN003719,1500,CARD,BANK_C,23,1.58,5.18,22.53,0,0.051,1,15.8
TXN003720,750,UPI,BANK_A,13,1.56,6.15,1.99,0,0.289,0,0.0
TXN003721,2000,WALLET,BANK_A,18,1.94,9.96,0.63,0,0.27,0,0.0
TXN003722,100,WALLET,BANK_D,5,2.07,5.88,1.57,1,0.25,0,0.0
TXN003723,500,CARD,BANK_B,16,2.69,6.03,3.35,0,0.399,0,0.0
TXN003724,2500,UPI,BANK_B,14,0.76,-1.0,-1.0,0,0.33,1,1.0
TXN003725,1500,CARD,BANK_C,8,1.3,4.25,1.01,0,0.138,0,0.0
TXN003726,100,UPI,BANK_A,7,0.79,10.8,1.56,0,0.243,1,2.4
TXN003727,500,WALLET,BANK_C,3,1.38,2.47,2.46,1,0.183,0,0.0
TXN003728,5000,WALLET,BANK_D,12,2.0,31.51,1.98,0,0.253,1,21.8
TXN003729,100,UPI,BANK_A,21,1.78,-1.0,0.99,0,0.206,1,1.0
TXN003730,500,UPI,BANK_C,14,1.9,5.55,2.64,1,0.073,0,0.0
TXN003731,100,CARD,BANK_A,21,1.04,7.03,2.88,0,0.221,0,0.0
TXN003732,1000,UPI,BANK_D,10,0.84,5.88,0.73,0,0.284,0,0.0
TXN003733,250,UPI,BANK_D,1,1.92,4.46,1.51,0,0.284,0,0.0
TXN003734,500,UPI,BANK_C,22,1.63,60.63,0.68,1,0.171,1,50.0
TXN003735,250,UPI,BANK_A,0,0.7,-1.0,-1.0,0,0.115,1,1.0
TXN003736,1500,CARD,BANK_A,19,2.71,4.05,2.14,0,0.17,0,0.0
TXN003737,500,CARD,BANK_C,7,1.54,3.87,28.07,0,0.174,1,21.4
TXN003738,2000,CARD,BANK_B,10,0.84,20.0,0.44,0,0.305,1,12.4
TXN003739,2500,UPI,BANK_B,3,1.46,4.65,42.61,0,0.346,1,34.3
TXN003740,250,CARD,BANK_B,3,2.16,-1.0,-1.0,1,0.352,1,1.7
TXN003741,500,CARD,BANK_B,9,1.59,1.21,1.53,0,0.291,0,0.0
TXN003742,750,CARD,BANK_D,8,2.96,6.75,1.41,1,0.324,0,0.0
TXN003743,500,WALLET,BANK_A,22,1.1,27.51,0.37,0,0.21,1,18.7
TXN003744,500,NETBANKING,BANK_B,10,0.92,21.92,0.57,1,0.367,1,14.2
TXN003745,1500,WALLET,BANK_C,14,1.49,4.23,1.76,1,0.165,0,0.0
TXN003746,100,UPI,BANK_B,7,1.04,2.77,3.23,0,0.437,0,0.0
TXN003747,2000,UPI,BANK_B,20,2.08,3.98,1.31,0,0.368,0,0.0
TXN003748,1000,UPI,BANK_B,12,2.64,4.51,1.29,0,0.238,0,0.0
TXN003749,1500,UPI,BANK_C,14,1.63,6.13,21.86,0,0.109,1,14.0
TXN003750,5000,NETBANKING,BANK_D,9,1.05,-1.0,-1.0,0,0.368,1,2.0
TXN003751,250,NETBANKING,BANK_B,12,1.01,10.89,0.98,0,0.233,0,0.0
TXN003752,1000,UPI,BANK_B,22,2.22,2.69,1.83,0,0.365,0,0.0
TXN003753,10000,CARD,BANK_B,9,1.78,5.72,2.44,1,0.338,0,0.0
TXN003754,1000,UPI,BANK_C,3,1.15,55.59,4.38,0,0.155,1,46.0
TXN003755,2000,CARD,BANK_B,14,1.23,38.65,2.26,1,0.341,1,30.8
TXN003756,100,CARD,BANK_C,12,2.03,3.78,21.82,0,0.135,1,15.4
TXN003757,1500,UPI,BANK_D,7,1.34,6.86,2.36,1,0.303,1,1.0
TXN003758,2500,CARD,BANK_A,7,2.32,-1.0,-1.0,0,0.275,1,1.0
TXN003759,1000,NETBANKING,BANK_C,10,0.2,7.36,1.57,0,0.135,0,0.0
TXN003760,500,UPI,BANK_C,2,1.64,8.82,2.24,0,0.191,0,0.0
TXN003761,10000,CARD,BANK_D,20,0.91,-1.0,0.2,0,0.317,1,1.0
TXN003762,2500,NETBANKING,BANK_B,23,0.67,-1.0,-1.0,1,0.314,1,1.0
TXN003763,100,UPI,BANK_D,17,2.34,3.89,2.49,1,0.252,0,0.0
TXN003764,10000,CARD,BANK_D,1,1.05,3.72,2.21,0,0.28,0,0.0
TXN003765,10000,NETBANKING,BANK_D,20,1.41,7.49,3.22,0,0.322,0,0.0
TXN003766,500,WALLET,BANK_D,9,0.52,4.46,2.07,0,0.209,0,0.0
TXN003767,250,NETBANKING,BANK_A,4,1.42,40.78,2.58,0,0.146,1,30.0
TXN003768,1500,UPI,BANK_A,3,1.23,8.34,40.11,0,0.126,1,29.9
TXN003769,1500,WALLET,BANK_A,0,2.27,6.03,28.53,0,0.243,1,16.4
TXN003770,750,CARD,BANK_B,18,1.09,5.39,1.44,0,0.378,0,0.0
TXN003771,1500,CARD,BANK_B,7,1.39,6.12,2.51,1,0.357,0,0.0
TXN003772,250,CARD,BANK_A,6,0.36,-1.0,-1.0,0,0.196,1,1.0
TXN003773,750,CARD,BANK_B,18,2.03,4.18,2.4,0,0.303,0,0.0
TXN003774,250,UPI,BANK_D,12,0.67,6.58,2.29,0,0.307,0,0.0
TXN003775,1000,WALLET,BANK_A,9,1.41,4.34,1.2,0,0.15,0,0.0
TXN003776,1000,NETBANKING,BANK_B,10,1.51,6.07,1.24,0,0.372,0,0.0
TXN003777,100,UPI,BANK_D,12,1.84,29.62,2.34,0,0.337,1,25.7
TXN003778,500,CARD,BANK_D,15,1.9,8.9,2.62,0,0.321,1,2.0
TXN003779,1500,NETBANKING,BANK_A,15,1.01,1.46,1.37,0,0.159,0,0.0
TXN003780,2500,UPI,BANK_D,9,1.54,11.49,2.59,0,0.309,0,0.0
TXN003781,1500,CARD,BANK_C,20,2.05,7.45,0.4,0,0.207,0,0.0
TXN003782,5000,NETBANKING,BANK_C,13,1.2,20.09,0.81,0,0.166,1,13.7
TXN003783,500,UPI,BANK_C,4,1.05,10.28,2.88,0,0.122,0,0.0
TXN003784,1500,UPI,BANK_A,15,1.7,11.69,3.51,2,0.235,1,3.3
TXN003785,5000,WALLET,BANK_D,19,0.98,6.0,1.48,0,0.358,1,1.0
TXN003786,250,NETBANKING,BANK_C,17,1.64,5.99,1.01,0,0.187,0,0.0
TXN003787,500,WALLET,BANK_B,13,1.48,3.55,3.52,0,0.347,0,0.0
TXN003788,750,CARD,BANK_A,8,1.11,4.35,0.87,1,0.158,0,0.0
TXN003789,10000,UPI,BANK_A,10,1.31,2.94,2.34,0,0.313,0,0.0
TXN003790,500,NETBANKING,BANK_C,20,0.2,21.5,2.13,0,0.142,1,15.7
TXN003791,2500,UPI,BANK_B,1,0.59,1.48,42.24,0,0.311,1,34.5
TXN003792,250,NETBANKING,BANK_D,19,1.28,5.0,39.38,0,0.336,1,33.7
TXN003793,500,WALLET,BANK_B,23,0.99,9.05,1.8,0,0.387,0,0.0
TXN003794,1500,UPI,BANK_D,3,1.44,7.97,2.64,0,0.171,0,0.0
TXN003795,25000,UPI,BANK_C,17,1.81,4.85,3.29,0,0.242,0,0.0
TXN003796,750,NETBANKING,BANK_D,17,1.09,4.81,3.15,0,0.214,0,0.0
TXN003797,1500,UPI,BANK_D,20,0.73,8.09,68.06,0,0.22,1,59.6
TXN003798,25000,CARD,BANK_D,15,0.73,10.78,1.02,0,0.286,1,2.6
TXN003799,1000,NETBANKING,BANK_B,2,2.51,6.33,1.66,1,0.363,0,0.0
TXN003800,5000,CARD,BANK_B,1,1.61,-1.0,-1.0,0,0.344,1,1.0
TXN003801,2000,NETBANKING,BANK_D,5,1.15,12.24,2.04,1,0.295,0,0.0
TXN003802,1500,CARD,BANK_D,19,1.09,0.5,1.61,1,0.246,0,0.0
TXN003803,250,CARD,BANK_D,11,1.01,6.92,1.2,0,0.253,0,0.0
TXN003804,5000,UPI,BANK_C,9,2.05,8.32,2.63,0,0.113,0,0.0
TXN003805,500,NETBANKING,BANK_C,17,1.98,4.34,1.28,1,0.186,0,0.0
TXN003806,250,UPI,BANK_A,3,0.68,3.06,2.55,0,0.234,0,0.0
TXN003807,2000,WALLET,BANK_A,15,1.02,8.53,1.45,0,0.198,0,0.0
TXN003808,1500,CARD,BANK_D,0,2.2,11.33,18.72,0,0.27,1,11.4
TXN003809,750,CARD,BANK_B,8,3.01,2.7,0.25,0,0.453,0,0.0
TXN003810,500,CARD,BANK_C,16,1.45,8.68,2.86,0,0.197,0,0.0
TXN003811,1000,UPI,BANK_B,7,1.08,7.47,0.67,0,0.358,0,0.0
TXN003812,2500,WALLET,BANK_C,5,1.09,9.32,5.15,0,0.197,1,3.6
TXN003813,250,UPI,BANK_A,10,2.31,7.54,2.88,0,0.158,0,0.0
TXN003814,750,UPI,BANK_A,10,2.42,7.14,2.18,0,0.231,0,0.0
TXN003815,1500,NETBANKING,BANK_B,4,1.64,7.77,41.56,1,0.373,1,36.4
TXN003816,500,CARD,BANK_B,17,1.91,9.63,1.54,0,0.361,0,0.0
TXN003817,500,WALLET,BANK_A,6,1.36,2.38,0.74,0,0.229,0,0.0
TXN003818,250,UPI,BANK_C,3,1.37,6.61,1.62,0,0.203,0,0.0
TXN003819,1500,WALLET,BANK_B,17,0.68,7.0,1.89,0,0.364,0,0.0
TXN003820,2500,CARD,BANK_A,23,0.93,-1.0,-1.0,0,0.124,1,1.0
TXN003821,1000,CARD,BANK_B,1,1.19,34.93,4.78,0,0.298,1,27.5
TXN003822,2500,UPI,BANK_B,0,1.42,12.84,2.92,0,0.358,1,3.3
TXN003823,2500,UPI,BANK_B,2,1.76,7.76,1.98,0,0.306,0,0.0
TXN003824,2500,CARD,BANK_C,17,0.78,9.01,2.02,2,0.163,1,1.0
TXN003825,250,NETBANKING,BANK_D,9,1.51,5.28,3.72,0,0.275,0,0.0
TXN003826,100,CARD,BANK_D,19,1.78,11.21,2.74,0,0.318,0,0.0
TXN003827,1000,CARD,BANK_C,3,2.35,34.61,1.83,0,0.128,1,30.0
TXN003828,100,NETBANKING,BANK_D,8,1.52,7.93,0.2,0,0.329,0,0.0
TXN003829,100,CARD,BANK_D,11,1.49,11.99,0.98,1,0.228,0,0.0
TXN003830,750,CARD,BANK_A,4,1.83,10.03,1.51,0,0.237,0,0.0
TXN003831,250,NETBANKING,BANK_D,11,1.47,4.04,0.32,1,0.303,0,0.0
TXN003832,750,CARD,BANK_B,22,2.12,9.1,3.92,0,0.376,0,0.0
TXN003833,2500,WALLET,BANK_B,21,2.78,6.55,2.02,0,0.36,0,0.0
TXN003834,25000,UPI,BANK_C,17,2.8,27.79,2.29,0,0.16,1,20.3
TXN003835,500,UPI,BANK_C,1,2.25,8.11,1.4,0,0.113,0,0.0
TXN003836,1000,CARD,BANK_B,12,1.98,6.73,2.57,0,0.244,0,0.0
TXN003837,500,UPI,BANK_B,6,0.85,4.14,0.55,0,0.292,0,0.0
TXN003838,250,WALLET,BANK_A,23,0.83,9.65,2.13,1,0.146,0,0.0
TXN003839,100,NETBANKING,BANK_B,20,2.12,4.98,1.98,0,0.313,0,0.0
TXN003840,250,WALLET,BANK_C,10,0.6,33.94,3.46,0,0.111,1,24.6
TXN003841,100,UPI,BANK_C,16,2.36,5.96,40.12,0,0.028,1,34.3
TXN003842,2500,UPI,BANK_D,1,1.23,19.56,0.55,3,0.362,1,11.5
TXN003843,1000,CARD,BANK_C,22,2.04,5.47,1.52,0,0.206,0,0.0
TXN003844,1500,CARD,BANK_A,17,1.93,3.01,0.86,0,0.184,0,0.0
TXN003845,2500,WALLET,BANK_B,11,0.2,16.34,3.24,2,0.295,1,7.3
TXN003846,1000,CARD,BANK_D,8,1.43,39.19,0.33,0,0.24,1,27.8
TXN003847,2500,UPI,BANK_D,15,1.11,3.69,0.99,0,0.29,0,0.0
TXN003848,500,CARD,BANK_A,13,1.36,6.4,2.93,0,0.148,0,0.0
TXN003849,100,UPI,BANK_D,15,0.63,5.94,2.85,0,0.321,0,0.0
TXN003850,5000,CARD,BANK_A,1,1.57,-1.0,-1.0,0,0.261,1,2.8
TXN003851,250,WALLET,BANK_B,11,2.28,5.56,2.08,1,0.374,0,0.0
TXN003852,750,NETBANKING,BANK_D,8,2.65,1.35,2.22,1,0.247,0,0.0
TXN003853,1000,UPI,BANK_D,13,2.04,0.5,1.87,0,0.271,0,0.0
TXN003854,2500,NETBANKING,BANK_D,16,0.9,7.01,1.06,0,0.315,0,0.0
TXN003855,100,CARD,BANK_B,3,0.58,4.38,3.06,1,0.391,0,0.0
TXN003856,250,CARD,BANK_B,11,1.35,5.17,2.4,1,0.351,0,0.0
TXN003857,100,CARD,BANK_C,13,1.26,7.67,0.86,0,0.168,0,0.0
TXN003858,1500,WALLET,BANK_D,5,0.83,11.66,3.95,0,0.346,1,3.3
TXN003859,750,NETBANKING,BANK_B,5,1.15,5.1,0.48,0,0.383,0,0.0
TXN003860,500,WALLET,BANK_A,16,0.91,4.56,1.54,0,0.201,0,0.0
TXN003861,1000,CARD,BANK_C,3,1.84,4.45,3.04,0,0.183,0,0.0
TXN003862,500,CARD,BANK_B,15,1.92,17.43,2.8,1,0.369,1,13.3
TXN003863,2000,CARD,BANK_B,18,1.02,4.19,2.91,0,0.314,0,0.0
TXN003864,500,CARD,BANK_C,0,1.21,51.27,2.66,0,0.168,1,43.5
TXN003865,250,CARD,BANK_A,9,1.84,6.8,2.37,0,0.161,0,0.0
TXN003866,100,CARD,BANK_C,16,1.23,6.83,3.23,0,0.134,0,0.0
TXN003867,100,UPI,BANK_A,15,1.51,18.69,3.88,0,0.253,1,10.4
TXN003868,250,UPI,BANK_A,0,1.51,8.98,3.77,0,0.181,0,0.0
TXN003869,1000,NETBANKING,BANK_C,14,0.89,3.93,1.92,0,0.255,0,0.0
TXN003870,750,WALLET,BANK_B,23,1.81,9.5,3.35,0,0.367,0,0.0
TXN003871,750,WALLET,BANK_A,1,1.66,4.76,0.84,0,0.243,0,0.0
TXN003872,10000,UPI,BANK_C,16,1.67,1.91,2.63,1,0.184,0,0.0
TXN003873,5000,CARD,BANK_D,5,1.01,5.74,1.05,1,0.262,0,0.0
TXN003874,5000,WALLET,BANK_D,9,1.72,18.12,1.89,0,0.234,1,10.2
TXN003875,1000,UPI,BANK_D,23,2.01,9.61,3.38,0,0.271,0,0.0
TXN003876,750,UPI,BANK_B,6,1.57,2.56,1.63,0,0.419,0,0.0
TXN003877,500,UPI,BANK_D,17,0.84,6.76,2.02,0,0.271,0,0.0
TXN003878,250,CARD,BANK_D,3,2.52,3.61,34.76,0,0.31,1,26.1
TXN003879,250,WALLET,BANK_C,1,1.75,7.69,2.68,0,0.228,0,0.0
TXN003880,1000,WALLET,BANK_D,7,2.28,4.52,3.69,0,0.208,0,0.0
TXN003881,250,WALLET,BANK_D,18,0.2,7.53,2.78,0,0.272,0,0.0
TXN003882,1000,UPI,BANK_A,16,2.14,7.49,2.38,0,0.259,0,0.0
TXN003883,2500,CARD,BANK_C,5,2.18,32.6,0.2,2,0.208,1,24.0
TXN003884,1500,UPI,BANK_C,2,0.43,5.69,3.53,0,0.096,0,0.0
TXN003885,1500,CARD,BANK_A,17,1.16,1.77,1.84,0,0.18,0,0.0
TXN003886,1000,CARD,BANK_A,10,1.31,5.06,1.04,0,0.242,0,0.0
TXN003887,100,UPI,BANK_C,17,1.43,1.2,1.98,0,0.11,0,0.0
TXN003888,750,CARD,BANK_C,8,0.61,8.2,0.72,0,0.207,0,0.0
TXN003889,750,CARD,BANK_D,13,1.13,5.63,2.7,0,0.299,1,2.0
TXN003890,500,CARD,BANK_B,9,2.74,33.48,2.94,0,0.329,1,27.4
TXN003891,100,WALLET,BANK_D,15,1.85,20.13,1.82,2,0.266,1,12.2
TXN003892,2500,CARD,BANK_D,11,1.15,40.79,2.94,0,0.196,1,33.0
TXN003893,1000,CARD,BANK_D,23,1.49,5.63,2.21,0,0.284,0,0.0
TXN003894,250,UPI,BANK_A,15,0.89,67.25,0.52,1,0.139,1,57.6
TXN003895,100,UPI,BANK_B,13,1.85,6.53,2.03,0,0.357,0,0.0
TXN003896,1500,UPI,BANK_A,3,2.43,16.34,1.4,3,0.251,1,8.4
TXN003897,1000,UPI,BANK_C,23,2.11,26.15,1.36,0,0.147,1,20.0
TXN003898,250,UPI,BANK_A,23,2.14,24.92,1.95,0,0.234,1,17.5
TXN003899,10000,UPI,BANK_B,8,1.39,11.23,1.65,0,0.337,0,0.0
TXN003900,2000,CARD,BANK_A,9,1.61,5.43,1.49,0,0.225,0,0.0
TXN003901,5000,NETBANKING,BANK_B,0,1.59,3.34,2.56,0,0.302,0,0.0
TXN003902,500,UPI,BANK_A,9,0.87,6.68,1.27,0,0.272,0,0.0
TXN003903,1000,UPI,BANK_C,6,1.91,9.77,1.04,0,0.119,0,0.0
TXN003904,250,CARD,BANK_D,4,1.66,6.13,1.04,0,0.366,0,0.0
TXN003905,500,WALLET,BANK_B,7,0.5,9.89,31.66,0,0.245,1,20.9
TXN003906,750,CARD,BANK_D,18,1.41,4.94,2.97,0,0.291,0,0.0
TXN003907,1000,UPI,BANK_A,20,0.2,5.75,1.78,0,0.239,0,0.0
TXN003908,2000,CARD,BANK_A,0,2.24,0.79,3.79,0,0.294,0,0.0
TXN003909,1000,CARD,BANK_A,13,0.56,6.48,0.28,1,0.194,0,0.0
TXN003910,500,CARD,BANK_B,16,1.19,4.23,1.45,0,0.213,0,0.0
TXN003911,2000,CARD,BANK_B,2,2.03,3.01,25.46,0,0.379,1,19.0
TXN003912,2500,CARD,BANK_C,14,2.94,7.14,2.54,1,0.199,0,0.0
TXN003913,250,UPI,BANK_A,19,0.93,9.85,1.73,0,0.206,0,0.0
TXN003914,100,UPI,BANK_C,14,0.65,5.33,2.46,0,0.08,0,0.0
TXN003915,10000,CARD,BANK_A,15,1.89,36.7,1.3,0,0.244,1,28.6
TXN003916,2500,NETBANKING,BANK_D,10,2.3,3.92,2.23,0,0.281,0,0.0
TXN003917,100,UPI,BANK_B,6,0.8,-1.0,-1.0,0,0.353,1,1.4
TXN003918,100,UPI,BANK_C,3,0.93,13.98,3.94,1,0.157,0,0.0
TXN003919,1000,WALLET,BANK_D,10,2.25,9.17,3.56,0,0.293,0,0.0
TXN003920,25000,CARD,BANK_D,15,1.9,7.3,1.64,1,0.238,0,0.0
TXN003921,500,CARD,BANK_D,16,1.25,9.1,1.29,0,0.288,0,0.0
TXN003922,250,UPI,BANK_A,15,1.41,3.22,1.38,0,0.201,0,0.0
TXN003923,1000,CARD,BANK_A,8,1.45,34.05,1.06,0,0.272,1,25.1
TXN003924,250,UPI,BANK_A,18,2.04,13.16,2.46,0,0.253,0,0.0
TXN003925,500,CARD,BANK_B,0,1.88,33.34,2.56,0,0.398,1,25.9
TXN003926,250,UPI,BANK_C,18,1.21,-1.0,-1.0,0,0.085,1,1.7
TXN003927,100,UPI,BANK_A,21,0.4,3.76,2.74,0,0.351,0,0.0
TXN003928,1500,WALLET,BANK_D,11,2.13,5.62,3.14,1,0.199,0,0.0
TXN003929,5000,UPI,BANK_D,19,2.13,7.55,2.39,0,0.324,0,0.0
TXN003930,500,NETBANKING,BANK_A,2,2.33,6.88,1.37,0,0.227,0,0.0
TXN003931,1000,UPI,BANK_C,11,1.42,3.67,1.33,0,0.185,0,0.0
TXN003932,500,CARD,BANK_B,14,2.3,4.65,1.45,0,0.337,0,0.0
TXN003933,2000,NETBANKING,BANK_C,8,2.11,6.88,0.33,0,0.149,0,0.0
TXN003934,250,UPI,BANK_D,11,1.41,8.8,2.1,0,0.335,0,0.0
TXN003935,500,CARD,BANK_D,19,2.04,-1.0,-1.0,0,0.264,1,2.3
TXN003936,1500,UPI,BANK_C,12,2.68,4.81,2.51,0,0.158,0,0.0
TXN003937,750,NETBANKING,BANK_D,22,1.28,24.01,3.22,0,0.313,1,15.7
TXN003938,250,UPI,BANK_C,11,0.2,9.16,1.44,0,0.146,0,0.0
TXN003939,100,UPI,BANK_B,22,0.97,7.35,2.56,0,0.331,0,0.0
TXN003940,250,NETBANKING,BANK_A,0,1.78,9.16,1.23,0,0.205,0,0.0
TXN003941,2500,UPI,BANK_B,17,1.73,6.77,1.36,0,0.443,0,0.0
TXN003942,2500,NETBANKING,BANK_A,11,1.39,3.79,2.78,0,0.191,0,0.0
TXN003943,250,NETBANKING,BANK_A,7,2.01,7.0,3.06,1,0.226,0,0.0
TXN003944,1000,CARD,BANK_D,19,1.53,21.34,1.01,0,0.195,1,12.0
TXN003945,1500,UPI,BANK_D,0,1.99,7.84,2.36,0,0.307,0,0.0
TXN003946,750,UPI,BANK_C,2,0.27,-1.0,-1.0,0,0.194,1,1.4
TXN003947,2500,CARD,BANK_C,2,2.21,0.94,2.11,0,0.123,0,0.0
TXN003948,100,UPI,BANK_A,12,1.8,2.84,1.54,0,0.208,0,0.0
TXN003949,25000,WALLET,BANK_A,8,1.16,4.41,2.24,0,0.261,0,0.0
TXN003950,2500,UPI,BANK_B,23,0.35,2.37,1.42,0,0.425,0,0.0
TXN003951,100,CARD,BANK_C,0,1.12,10.33,1.43,1,0.111,0,0.0
TXN003952,500,CARD,BANK_A,0,0.95,10.82,0.86,0,0.233,0,0.0
TXN003953,500,NETBANKING,BANK_A,19,1.75,26.44,1.33,0,0.211,1,18.1
TXN003954,500,CARD,BANK_B,3,0.2,8.99,1.44,0,0.433,0,0.0
TXN003955,2000,UPI,BANK_B,9,2.08,8.86,0.91,0,0.36,0,0.0
TXN003956,2000,NETBANKING,BANK_B,8,1.2,2.86,3.7,0,0.358,0,0.0
TXN003957,2000,CARD,BANK_D,0,1.2,3.61,1.26,0,0.247,0,0.0
TXN003958,2000,WALLET,BANK_D,3,2.47,10.59,1.93,0,0.324,0,0.0
TXN003959,100,UPI,BANK_D,0,0.74,5.28,1.66,0,0.292,0,0.0
TXN003960,750,NETBANKING,BANK_A,22,1.65,9.63,0.54,0,0.237,0,0.0
TXN003961,750,CARD,BANK_D,6,1.98,9.47,2.1,1,0.26,0,0.0
TXN003962,100,UPI,BANK_B,11,0.91,7.06,12.6,0,0.347,1,4.8
TXN003963,10000,UPI,BANK_B,10,0.61,3.39,1.03,0,0.399,0,0.0
TXN003964,500,UPI,BANK_B,4,1.29,4.54,2.05,0,0.385,0,0.0
TXN003965,100,CARD,BANK_D,4,1.24,6.27,0.32,1,0.237,0,0.0
TXN003966,25000,CARD,BANK_A,2,0.61,4.2,1.1,0,0.159,0,0.0
TXN003967,2000,UPI,BANK_B,13,1.3,24.9,1.21,3,0.356,1,17.5
TXN003968,500,NETBANKING,BANK_B,18,1.02,3.94,2.02,0,0.362,0,0.0
TXN003969,500,CARD,BANK_A,10,1.85,9.16,1.85,0,0.213,0,0.0
TXN003970,2500,NETBANKING,BANK_A,19,1.4,8.21,0.24,1,0.166,0,0.0
TXN003971,500,WALLET,BANK_C,5,1.68,5.3,0.37,0,0.265,0,0.0
TXN003972,750,UPI,BANK_A,21,0.91,4.02,16.4,0,0.256,1,8.8
TXN003973,10000,CARD,BANK_D,16,0.2,7.37,2.25,0,0.217,0,0.0
TXN003974,750,WALLET,BANK_B,6,1.84,4.23,1.55,0,0.401,0,0.0
TXN003975,2500,UPI,BANK_B,10,0.86,9.8,1.14,0,0.294,0,0.0
TXN003976,100,UPI,BANK_B,7,1.77,5.03,3.11,0,0.317,0,0.0
TXN003977,100,UPI,BANK_A,2,1.49,4.18,2.03,0,0.199,0,0.0
TXN003978,5000,CARD,BANK_D,9,1.64,-1.0,-1.0,0,0.246,1,1.0
TXN003979,10000,CARD,BANK_D,16,2.27,5.88,1.07,0,0.27,0,0.0
TXN003980,100,UPI,BANK_B,11,1.06,6.19,0.87,0,0.329,0,0.0
TXN003981,1000,NETBANKING,BANK_A,20,1.56,6.19,3.03,0,0.255,0,0.0
TXN003982,500,NETBANKING,BANK_A,1,1.38,-1.0,-1.0,0,0.235,1,1.0
TXN003983,1500,CARD,BANK_C,20,1.51,4.22,1.5,0,0.242,0,0.0
TXN003984,750,UPI,BANK_D,16,1.53,7.03,1.92,0,0.235,0,0.0
TXN003985,2500,UPI,BANK_C,13,2.12,5.36,2.83,0,0.175,0,0.0
TXN003986,100,UPI,BANK_B,5,1.98,3.25,2.8,0,0.339,0,0.0
TXN003987,100,WALLET,BANK_A,6,0.2,7.1,1.33,0,0.208,0,0.0
TXN003988,2500,UPI,BANK_C,18,0.97,4.78,0.81,1,0.127,0,0.0
TXN003989,1500,UPI,BANK_B,19,1.84,5.39,3.45,0,0.304,0,0.0
TXN003990,2000,NETBANKING,BANK_A,15,0.2,6.16,0.5,0,0.128,0,0.0
TXN003991,25000,CARD,BANK_D,6,1.21,2.73,2.22,0,0.383,0,0.0
TXN003992,1000,CARD,BANK_A,5,1.14,3.64,1.71,1,0.271,0,0.0
TXN003993,1500,NETBANKING,BANK_C,18,1.63,7.95,1.21,0,0.082,0,0.0
TXN003994,250,UPI,BANK_D,9,1.65,10.36,2.38,0,0.185,0,0.0
TXN003995,500,UPI,BANK_C,20,1.25,11.36,2.34,1,0.156,1,1.0
TXN003996,1500,UPI,BANK_C,14,1.09,8.9,28.51,0,0.069,1,19.3
TXN003997,1000,CARD,BANK_D,16,1.92,8.27,0.47,1,0.257,0,0.0
TXN003998,500,UPI,BANK_B,16,1.8,6.87,2.23,0,0.285,0,0.0
TXN003999,1500,CARD,BANK_B,19,1.57,6.16,2.12,1,0.361,0,0.0
TXN004000,2500,CARD,BANK_A,1,1.7,6.82,1.08,0,0.098,0,0.0
TXN004001,750,NETBANKING,BANK_C,19,1.16,3.49,2.04,0,0.148,0,0.0
TXN004002,2000,UPI,BANK_A,19,0.75,-1.0,-1.0,0,0.193,1,1.0
TXN004003,2000,CARD,BANK_B,20,1.29,26.1,2.7,0,0.371,1,19.5
TXN004004,1500,UPI,BANK_B,5,1.86,7.32,2.46,0,0.354,1,1.0
TXN004005,1500,WALLET,BANK_B,7,0.2,10.31,1.63,0,0.402,0,0.0
TXN004006,500,UPI,BANK_B,15,1.0,-1.0,-1.0,0,0.352,1,1.0
TXN004007,10000,UPI,BANK_C,5,2.93,7.92,1.15,0,0.191,0,0.0
TXN004008,500,WALLET,BANK_A,12,1.6,2.12,3.44,0,0.198,0,0.0
TXN004009,500,UPI,BANK_A,4,2.08,1.1,1.49,0,0.198,0,0.0
TXN004010,2000,UPI,BANK_A,15,1.31,24.15,1.98,1,0.228,1,18.7
TXN004011,500,UPI,BANK_D,12,2.38,7.05,2.69,0,0.178,0,0.0
TXN004012,1000,CARD,BANK_A,13,1.87,9.58,0.21,0,0.219,0,0.0
TXN004013,25000,UPI,BANK_A,14,1.8,3.8,2.51,0,0.284,0,0.0
TXN004014,500,WALLET,BANK_A,3,1.73,1.03,1.39,1,0.254,0,0.0
TXN004015,500,UPI,BANK_D,8,1.3,5.94,2.11,0,0.277,0,0.0
TXN004016,250,UPI,BANK_A,8,2.39,36.49,1.76,0,0.213,1,31.6
TXN004017,250,CARD,BANK_B,7,0.89,10.22,1.41,0,0.3,0,0.0
TXN004018,5000,UPI,BANK_C,7,1.09,7.7,2.65,0,0.126,1,4.1
TXN004019,10000,UPI,BANK_D,16,2.2,32.73,1.12,0,0.28,1,25.5
TXN004020,1000,CARD,BANK_C,1,1.52,3.36,2.31,0,0.162,0,0.0
TXN004021,1000,UPI,BANK_D,20,1.12,4.23,2.56,0,0.41,0,0.0
TXN004022,2000,WALLET,BANK_C,5,2.25,9.48,41.45,0,0.224,1,33.4
TXN004023,100,NETBANKING,BANK_B,7,1.91,8.0,3.0,0,0.399,1,1.0
TXN004024,500,CARD,BANK_D,17,2.02,6.98,3.5,0,0.26,0,0.0
TXN004025,2500,UPI,BANK_D,18,1.42,4.78,0.6,0,0.327,0,0.0
TXN004026,5000,UPI,BANK_A,20,1.29,3.23,1.46,0,0.237,0,0.0
TXN004027,2500,UPI,BANK_D,6,1.25,2.44,3.33,0,0.284,0,0.0
TXN004028,500,UPI,BANK_B,4,1.22,-1.0,-1.0,1,0.413,1,1.0
TXN004029,500,UPI,BANK_A,21,1.51,48.41,3.56,0,0.263,1,40.1
TXN004030,100,NETBANKING,BANK_A,14,0.79,-1.0,4.29,0,0.202,1,1.0
TXN004031,2500,UPI,BANK_C,16,2.67,6.12,1.78,1,0.201,0,0.0
TXN004032,10000,WALLET,BANK_D,20,1.18,4.93,1.89,0,0.311,0,0.0
TXN004033,500,UPI,BANK_A,21,1.57,4.09,2.08,1,0.188,0,0.0
TXN004034,2000,UPI,BANK_B,0,1.86,5.66,1.46,0,0.342,0,0.0
TXN004035,2500,NETBANKING,BANK_D,1,0.71,-1.0,-1.0,0,0.363,1,1.0
TXN004036,500,WALLET,BANK_C,23,1.57,39.47,3.0,1,0.11,1,29.2
TXN004037,2500,CARD,BANK_C,8,0.74,3.89,1.67,0,0.189,0,0.0
TXN004038,500,WALLET,BANK_A,17,1.09,2.86,2.6,0,0.205,0,0.0
TXN004039,100,UPI,BANK_A,2,1.37,0.71,58.44,0,0.23,1,50.0
TXN004040,2500,CARD,BANK_D,0,2.52,9.51,2.52,0,0.332,1,1.0
TXN004041,100,CARD,BANK_A,20,1.35,8.96,2.99,0,0.222,0,0.0
TXN004042,1000,WALLET,BANK_B,7,2.21,4.59,1.17,0,0.473,0,0.0
TXN004043,100,UPI,BANK_C,0,1.16,27.85,1.73,0,0.162,1,18.3
TXN004044,500,NETBANKING,BANK_D,12,1.88,11.63,2.02,0,0.289,0,0.0
TXN004045,500,NETBANKING,BANK_A,13,1.69,5.92,2.84,0,0.216,0,0.0
TXN004046,500,UPI,BANK_A,5,1.43,6.12,1.6,0,0.251,0,0.0
TXN004047,1000,UPI,BANK_C,3,1.36,6.35,1.5,0,0.223,0,0.0
TXN004048,1500,UPI,BANK_D,14,1.46,5.0,0.95,0,0.282,0,0.0
TXN004049,750,UPI,BANK_D,10,1.26,6.9,1.28,0,0.226,0,0.0
TXN004050,1000,WALLET,BANK_D,1,2.26,7.39,1.52,0,0.194,0,0.0
TXN004051,1000,NETBANKING,BANK_D,18,2.39,2.86,1.64,0,0.274,0,0.0
TXN004052,1500,UPI,BANK_B,10,0.25,-1.0,-1.0,0,0.297,1,1.0
TXN004053,100,CARD,BANK_A,11,1.73,15.15,2.74,0,0.191,1,7.7
TXN004054,2000,CARD,BANK_B,10,1.57,5.43,1.82,0,0.32,0,0.0
TXN004055,500,UPI,BANK_D,19,2.23,8.33,2.57,0,0.274,0,0.0
TXN004056,1000,NETBANKING,BANK_B,1,1.68,18.93,2.87,0,0.317,1,11.7
TXN004057,1000,UPI,BANK_D,16,1.41,5.84,2.49,0,0.192,0,0.0
TXN004058,500,UPI,BANK_D,16,1.53,0.5,45.85,0,0.294,1,38.8
TXN004059,750,UPI,BANK_D,8,1.99,2.73,0.2,1,0.217,0,0.0
TXN004060,500,CARD,BANK_D,6,0.79,2.82,2.04,0,0.253,0,0.0
TXN004061,2500,CARD,BANK_B,15,1.74,7.72,3.05,0,0.386,0,0.0
TXN004062,500,UPI,BANK_B,11,1.74,15.52,4.09,1,0.322,1,9.2
TXN004063,1000,CARD,BANK_C,1,1.11,4.15,1.53,0,0.101,0,0.0
TXN004064,2500,NETBANKING,BANK_B,1,0.91,8.1,0.51,0,0.428,0,0.0
TXN004065,100,CARD,BANK_B,11,1.32,21.97,3.61,1,0.372,1,11.6
TXN004066,10000,UPI,BANK_A,3,1.27,8.6,1.75,0,0.265,0,0.0
TXN004067,500,UPI,BANK_D,15,1.47,6.71,2.06,0,0.291,0,0.0
TXN004068,250,UPI,BANK_B,13,0.45,50.72,3.37,0,0.434,1,44.6
TXN004069,250,CARD,BANK_D,7,0.58,2.96,2.02,0,0.347,0,0.0
TXN004070,100,UPI,BANK_A,19,1.17,7.69,1.55,0,0.244,0,0.0
TXN004071,1000,NETBANKING,BANK_C,0,1.82,45.01,1.41,0,0.15,1,35.0
TXN004072,2500,UPI,BANK_B,17,0.34,41.23,0.58,0,0.357,1,33.2
TXN004073,1500,UPI,BANK_D,9,1.15,3.66,1.11,0,0.247,0,0.0
TXN004074,5000,UPI,BANK_A,10,0.2,10.59,3.14,1,0.234,0,0.0
TXN004075,2500,UPI,BANK_B,1,1.24,5.04,2.04,0,0.353,0,0.0
TXN004076,1500,NETBANKING,BANK_B,20,1.1,41.02,1.98,0,0.28,1,36.2
TXN004077,1000,CARD,BANK_C,5,1.81,4.26,2.52,1,0.138,0,0.0
TXN004078,1000,UPI,BANK_D,8,2.13,11.77,2.1,0,0.213,1,2.4
TXN004079,1000,NETBANKING,BANK_C,9,1.43,-1.0,-1.0,1,0.053,1,1.0
TXN004080,250,UPI,BANK_A,17,0.81,12.32,2.76,3,0.188,1,6.1
TXN004081,5000,UPI,BANK_B,14,1.43,-1.0,-1.0,0,0.416,1,1.9
TXN004082,250,UPI,BANK_B,4,1.21,-1.0,-1.0,0,0.427,1,1.0
TXN004083,2000,UPI,BANK_B,5,1.78,0.87,1.05,0,0.368,0,0.0
TXN004084,1000,UPI,BANK_B,5,1.27,9.37,3.4,0,0.364,1,1.6
TXN004085,100,UPI,BANK_A,3,2.9,5.01,2.74,0,0.225,1,1.0
TXN004086,500,CARD,BANK_B,21,1.32,6.02,0.8,0,0.368,0,0.0
TXN004087,2000,WALLET,BANK_A,10,1.29,7.0,1.67,0,0.157,0,0.0
TXN004088,250,NETBANKING,BANK_A,11,1.61,2.33,0.84,0,0.24,0,0.0
TXN004089,1500,WALLET,BANK_A,16,0.75,28.83,0.61,0,0.229,1,18.7
TXN004090,1500,CARD,BANK_A,22,0.36,8.36,0.92,0,0.332,0,0.0
TXN004091,250,UPI,BANK_C,9,2.02,8.55,2.73,0,0.202,0,0.0
TXN004092,500,UPI,BANK_D,15,0.95,6.29,2.62,0,0.295,0,0.0
TXN004093,1000,UPI,BANK_D,9,2.09,9.36,1.88,0,0.321,0,0.0
TXN004094,500,UPI,BANK_A,16,1.59,40.91,1.65,0,0.156,1,32.1
TXN004095,250,NETBANKING,BANK_C,14,1.99,5.76,0.2,0,0.09,0,0.0
TXN004096,250,UPI,BANK_D,9,0.21,41.0,2.15,0,0.295,1,33.7
TXN004097,500,NETBANKING,BANK_A,10,2.59,5.09,1.95,0,0.186,0,0.0
TXN004098,100,CARD,BANK_C,10,2.2,28.61,1.9,0,0.266,1,19.1
TXN004099,500,UPI,BANK_B,11,1.29,0.5,0.78,0,0.458,0,0.0
TXN004100,5000,CARD,BANK_B,16,1.92,3.22,1.51,0,0.394,0,0.0
TXN004101,2000,WALLET,BANK_A,19,0.32,-1.0,-1.0,0,0.324,1,1.0
TXN004102,1500,CARD,BANK_B,4,1.98,6.47,2.37,0,0.343,0,0.0
TXN004103,2000,CARD,BANK_D,3,1.41,5.81,1.89,0,0.202,0,0.0
TXN004104,1000,NETBANKING,BANK_A,23,0.43,8.35,3.0,0,0.079,0,0.0
TXN004105,2500,CARD,BANK_B,13,1.35,6.07,1.1,0,0.349,0,0.0
TXN004106,500,NETBANKING,BANK_C,7,1.3,5.94,3.26,0,0.263,1,3.5
TXN004107,500,UPI,BANK_A,19,0.87,6.64,25.49,0,0.212,1,17.2
TXN004108,100,CARD,BANK_A,9,1.39,3.82,2.14,0,0.099,0,0.0
TXN004109,250,UPI,BANK_A,10,2.22,4.67,41.28,0,0.205,1,30.3
TXN004110,2000,UPI,BANK_D,4,2.32,5.15,2.45,0,0.274,0,0.0
TXN004111,100,WALLET,BANK_B,3,0.3,5.84,1.11,1,0.372,0,0.0
TXN004112,2000,UPI,BANK_B,15,1.7,3.96,2.73,0,0.284,0,0.0
TXN004113,500,CARD,BANK_B,6,1.21,4.8,2.89,0,0.292,0,0.0
TXN004114,100,CARD,BANK_A,2,2.08,11.5,2.6,0,0.216,0,0.0
TXN004115,250,CARD,BANK_D,3,1.07,7.65,0.44,0,0.269,0,0.0
TXN004116,1000,UPI,BANK_A,17,0.99,38.26,3.02,0,0.181,1,32.8
TXN004117,5000,UPI,BANK_C,10,1.0,6.58,0.2,1,0.161,0,0.0
TXN004118,500,UPI,BANK_A,2,1.4,4.21,2.78,0,0.31,0,0.0
TXN004119,1500,CARD,BANK_C,23,0.98,3.74,2.09,0,0.073,0,0.0
TXN004120,1500,CARD,BANK_C,0,0.7,6.43,2.73,0,0.158,0,0.0
TXN004121,500,CARD,BANK_A,3,1.8,7.74,2.65,0,0.224,0,0.0
TXN004122,750,WALLET,BANK_B,19,0.89,7.31,2.54,2,0.303,0,0.0
TXN004123,2500,NETBANKING,BANK_D,4,1.73,10.72,0.79,0,0.203,0,0.0
TXN004124,100,UPI,BANK_C,0,2.15,3.92,3.18,0,0.218,0,0.0
TXN004125,100,UPI,BANK_C,3,2.08,32.63,2.66,0,0.148,1,22.1
TXN004126,1000,NETBANKING,BANK_D,5,0.87,7.45,1.46,0,0.319,0,0.0
TXN004127,750,UPI,BANK_D,7,2.4,0.5,2.05,1,0.19,0,0.0
TXN004128,100,UPI,BANK_A,15,1.66,7.68,0.92,0,0.273,0,0.0
TXN004129,750,CARD,BANK_C,15,0.1,-1.0,-1.0,0,0.157,1,1.6
TXN004130,2000,UPI,BANK_D,2,1.46,2.71,1.6,0,0.328,0,0.0
TXN004131,100,NETBANKING,BANK_D,5,1.7,8.72,0.62,0,0.211,0,0.0
TXN004132,100,NETBANKING,BANK_C,20,0.63,-1.0,-1.0,0,0.158,1,1.0
TXN004133,500,NETBANKING,BANK_A,23,0.5,32.2,1.39,0,0.212,1,27.3
TXN004134,1500,UPI,BANK_A,19,1.11,6.44,1.64,1,0.241,0,0.0
TXN004135,2000,UPI,BANK_D,19,2.87,6.97,0.2,0,0.247,0,0.0
TXN004136,1500,UPI,BANK_C,13,1.86,2.94,41.06,0,0.078,1,35.8
TXN004137,250,UPI,BANK_B,8,1.74,8.04,2.76,0,0.352,0,0.0
TXN004138,500,CARD,BANK_C,11,2.24,3.66,33.15,1,0.204,1,24.2
TXN004139,250,UPI,BANK_D,19,1.53,8.41,1.64,0,0.248,0,0.0
TXN004140,1000,CARD,BANK_B,14,1.41,8.22,1.03,0,0.421,0,0.0
TXN004141,500,CARD,BANK_C,16,1.44,-1.0,-1.0,0,0.122,1,1.0
TXN004142,2000,CARD,BANK_B,19,0.87,8.51,0.31,0,0.365,0,0.0
TXN004143,250,NETBANKING,BANK_B,15,0.46,38.35,0.81,0,0.291,1,31.1
TXN004144,500,CARD,BANK_A,2,1.69,-1.0,-1.0,0,0.266,1,5.4
TXN004145,250,CARD,BANK_C,20,2.98,4.28,1.41,0,0.177,0,0.0
TXN004146,2500,UPI,BANK_C,16,0.39,8.69,23.6,1,0.218,1,19.0
TXN004147,1500,WALLET,BANK_B,1,1.74,-1.0,-1.0,0,0.308,1,3.2
TXN004148,250,WALLET,BANK_B,23,1.16,5.64,1.65,0,0.314,0,0.0
TXN004149,250,WALLET,BANK_B,15,2.34,6.13,2.95,0,0.358,0,0.0
TXN004150,1000,WALLET,BANK_D,4,2.45,6.54,4.56,0,0.282,0,0.0
TXN004151,10000,WALLET,BANK_A,16,2.24,37.48,1.39,0,0.132,1,28.6
TXN004152,1000,CARD,BANK_B,11,1.08,9.67,0.22,0,0.327,0,0.0
TXN004153,100,CARD,BANK_C,12,0.77,5.64,2.43,0,0.133,0,0.0
TXN004154,2000,NETBANKING,BANK_D,9,1.58,4.48,1.45,1,0.308,0,0.0
TXN004155,10000,CARD,BANK_C,16,0.35,-1.0,-1.0,0,0.087,1,1.0
TXN004156,100,UPI,BANK_A,5,2.53,6.21,0.2,0,0.129,0,0.0
TXN004157,750,UPI,BANK_A,20,0.36,9.32,50.12,0,0.241,1,42.1
TXN004158,250,WALLET,BANK_D,6,1.79,4.49,3.49,0,0.28,0,0.0
TXN004159,250,NETBANKING,BANK_C,12,2.22,1.69,1.72,0,0.119,0,0.0
TXN004160,250,NETBANKING,BANK_D,16,1.69,5.55,3.11,0,0.311,0,0.0
TXN004161,100,UPI,BANK_D,18,1.68,5.44,2.23,0,0.35,0,0.0
TXN004162,250,WALLET,BANK_A,1,0.5,5.48,4.37,0,0.207,0,0.0
TXN004163,750,UPI,BANK_B,15,0.49,5.45,2.14,0,0.314,0,0.0
TXN004164,250,NETBANKING,BANK_C,16,0.52,6.67,1.94,0,0.131,0,0.0
TXN004165,250,UPI,BANK_B,19,1.27,1.6,10.0,0,0.341,1,6.0
TXN004166,5000,CARD,BANK_D,9,1.55,4.23,1.07,0,0.239,1,1.0
TXN004167,1500,UPI,BANK_B,0,0.38,6.84,1.09,0,0.335,0,0.0
TXN004168,2000,NETBANKING,BANK_D,22,2.38,10.02,0.58,1,0.3,0,0.0
TXN004169,1000,CARD,BANK_A,1,1.83,4.62,2.01,0,0.215,0,0.0
TXN004170,750,UPI,BANK_C,21,1.49,4.97,2.04,0,0.13,0,0.0
TXN004171,500,UPI,BANK_C,7,2.4,4.07,2.39,0,0.366,0,0.0
TXN004172,100,CARD,BANK_B,9,0.46,7.48,2.74,0,0.335,0,0.0
TXN004173,1000,UPI,BANK_A,11,1.4,5.31,0.2,2,0.122,1,2.3
TXN004174,1500,CARD,BANK_A,3,0.33,2.56,2.48,1,0.207,0,0.0
TXN004175,500,CARD,BANK_B,16,2.21,5.69,1.77,0,0.445,0,0.0
TXN004176,100,NETBANKING,BANK_D,12,1.55,9.92,2.81,0,0.276,0,0.0
TXN004177,2500,UPI,BANK_A,17,1.48,2.55,2.18,0,0.18,0,0.0
TXN004178,500,NETBANKING,BANK_C,14,1.0,4.74,1.24,0,0.152,0,0.0
TXN004179,1500,CARD,BANK_C,11,1.72,8.88,1.27,0,0.189,0,0.0
TXN004180,1000,CARD,BANK_C,12,1.53,3.66,2.26,2,0.132,0,0.0
TXN004181,2500,UPI,BANK_C,1,1.51,19.82,3.52,1,0.118,1,11.2
TXN004182,2500,CARD,BANK_A,17,1.85,23.5,0.5,0,0.195,1,14.9
TXN004183,1000,UPI,BANK_C,6,1.81,8.41,2.51,0,0.204,0,0.0
TXN004184,250,CARD,BANK_A,1,2.25,7.05,3.19,0,0.15,0,0.0
TXN004185,100,WALLET,BANK_B,23,1.52,0.67,0.34,0,0.354,0,0.0
TXN004186,250,CARD,BANK_B,0,1.11,6.31,1.29,0,0.251,0,0.0
TXN004187,500,CARD,BANK_D,5,1.53,5.38,2.17,0,0.278,0,0.0
TXN004188,100,UPI,BANK_D,0,0.96,38.78,4.78,3,0.197,1,30.4
TXN004189,25000,UPI,BANK_C,1,0.63,6.77,3.02,0,0.147,0,0.0
TXN004190,500,CARD,BANK_C,0,2.13,7.14,2.59,0,0.117,0,0.0
TXN004191,1000,UPI,BANK_B,5,1.97,3.45,2.68,0,0.351,0,0.0
TXN004192,1500,CARD,BANK_D,17,1.29,-1.0,3.09,0,0.321,1,2.0
TXN004193,25000,NETBANKING,BANK_A,15,1.63,27.51,2.27,0,0.313,1,15.9
TXN004194,750,UPI,BANK_A,8,1.32,4.78,3.16,1,0.303,0,0.0
TXN004195,5000,CARD,BANK_D,5,1.73,-1.0,-1.0,0,0.337,1,1.0
TXN004196,2000,UPI,BANK_D,5,1.2,15.74,0.57,1,0.268,1,8.0
TXN004197,2000,WALLET,BANK_B,9,1.31,-1.0,-1.0,0,0.385,1,1.0
TXN004198,10000,UPI,BANK_B,6,1.97,7.13,3.78,0,0.328,0,0.0
TXN004199,1000,UPI,BANK_A,18,0.78,7.88,1.5,0,0.204,0,0.0
TXN004200,2000,CARD,BANK_D,3,1.07,19.48,2.31,1,0.235,1,11.3
TXN004201,2500,CARD,BANK_B,4,1.36,6.88,1.67,0,0.27,0,0.0
TXN004202,10000,NETBANKING,BANK_D,7,0.7,-1.0,-1.0,1,0.249,1,1.5
TXN004203,1000,UPI,BANK_D,10,2.66,21.4,2.56,1,0.273,1,11.1
TXN004204,1000,CARD,BANK_D,9,1.05,46.38,1.72,0,0.271,1,42.2
TXN004205,100,WALLET,BANK_B,13,1.74,6.11,33.87,0,0.359,1,27.6
TXN004206,500,CARD,BANK_D,22,2.16,5.61,0.6,0,0.264,0,0.0
TXN004207,100,NETBANKING,BANK_A,17,1.68,10.26,1.82,1,0.21,1,1.0
TXN004208,25000,NETBANKING,BANK_C,8,2.77,13.29,3.85,0,0.138,1,5.2
TXN004209,1000,CARD,BANK_C,11,0.67,4.17,1.3,0,0.112,0,0.0
TXN004210,100,UPI,BANK_C,3,2.71,36.19,1.75,1,0.167,1,26.0
TXN004211,250,CARD,BANK_B,19,1.59,7.83,1.95,0,0.406,0,0.0
TXN004212,250,UPI,BANK_B,23,1.39,34.54,2.13,0,0.339,1,27.9
TXN004213,750,CARD,BANK_B,10,1.24,27.06,1.66,1,0.338,1,20.3
TXN004214,1000,CARD,BANK_A,22,2.23,8.58,3.36,0,0.239,0,0.0
TXN004215,5000,UPI,BANK_B,18,0.55,7.25,2.65,0,0.331,0,0.0
TXN004216,250,NETBANKING,BANK_C,21,1.52,6.62,1.88,0,0.081,0,0.0
TXN004217,250,NETBANKING,BANK_D,17,0.79,-1.0,-1.0,0,0.266,1,1.0
TXN004218,2500,UPI,BANK_B,23,0.7,2.5,3.45,0,0.277,0,0.0
TXN004219,500,UPI,BANK_C,8,1.66,10.08,1.34,1,0.11,1,1.8
TXN004220,1500,NETBANKING,BANK_D,2,1.66,38.62,0.21,0,0.276,1,28.1
TXN004221,10000,CARD,BANK_D,19,1.36,4.93,1.51,0,0.291,0,0.0
TXN004222,500,CARD,BANK_A,5,0.34,-1.0,-1.0,0,0.274,1,2.6
TXN004223,100,UPI,BANK_C,14,1.0,9.49,0.96,1,0.144,1,1.0
TXN004224,100,UPI,BANK_D,10,1.58,7.13,1.35,1,0.255,0,0.0
TXN004225,250,UPI,BANK_B,1,0.74,2.91,32.44,0,0.34,1,26.7
TXN004226,250,WALLET,BANK_A,17,1.77,6.39,1.04,0,0.231,0,0.0
TXN004227,10000,UPI,BANK_C,18,0.7,16.69,2.61,1,0.14,1,10.4
TXN004228,500,CARD,BANK_A,15,1.94,15.52,1.61,2,0.223,1,9.2
TXN004229,250,CARD,BANK_B,3,0.62,3.75,36.24,0,0.312,1,31.1
TXN004230,250,UPI,BANK_D,20,2.2,6.96,2.71,0,0.271,0,0.0
TXN004231,500,CARD,BANK_C,19,1.65,4.36,28.45,0,0.235,1,21.4
TXN004232,2500,CARD,BANK_D,17,1.63,9.46,1.36,0,0.344,0,0.0
TXN004233,750,NETBANKING,BANK_D,20,1.21,7.36,2.13,0,0.262,0,0.0
TXN004234,2000,CARD,BANK_C,0,1.14,4.32,0.44,0,0.198,1,1.0
TXN004235,1000,UPI,BANK_B,12,1.47,-1.0,2.64,0,0.395,1,1.0
TXN004236,250,UPI,BANK_B,22,1.13,4.91,2.62,1,0.434,0,0.0
TXN004237,2500,UPI,BANK_C,19,2.19,-1.0,2.26,0,0.17,1,1.0
TXN004238,250,UPI,BANK_B,23,0.81,5.27,4.21,0,0.236,0,0.0
TXN004239,500,UPI,BANK_D,12,1.65,6.02,1.4,1,0.262,0,0.0
TXN004240,750,NETBANKING,BANK_A,7,1.24,8.94,1.87,0,0.19,0,0.0
TXN004241,2500,NETBANKING,BANK_A,8,0.86,5.95,1.31,0,0.204,0,0.0
TXN004242,1500,NETBANKING,BANK_A,9,1.49,7.59,2.21,0,0.314,0,0.0
TXN004243,1500,UPI,BANK_B,3,1.24,3.08,1.95,0,0.413,0,0.0
TXN004244,5000,CARD,BANK_D,14,0.74,4.06,1.39,1,0.318,0,0.0
TXN004245,500,WALLET,BANK_C,10,1.76,9.97,1.06,0,0.099,0,0.0
TXN004246,2000,UPI,BANK_A,12,1.87,25.41,0.46,0,0.218,1,19.3
TXN004247,1500,UPI,BANK_C,15,1.41,8.85,42.71,0,0.145,1,34.4
TXN004248,1000,CARD,BANK_C,2,1.79,9.27,1.28,0,0.194,0,0.0
TXN004249,250,CARD,BANK_A,21,1.13,10.91,1.43,0,0.288,0,0.0
TXN004250,250,UPI,BANK_B,22,1.22,6.25,2.74,0,0.305,0,0.0
TXN004251,100,CARD,BANK_B,10,1.22,8.87,0.6,1,0.346,0,0.0
TXN004252,2000,CARD,BANK_B,22,0.79,9.14,2.53,1,0.332,0,0.0
TXN004253,2000,UPI,BANK_B,0,1.1,4.47,2.31,0,0.335,0,0.0
TXN004254,2000,NETBANKING,BANK_B,6,0.92,23.3,1.52,0,0.363,1,16.4
TXN004255,250,NETBANKING,BANK_A,22,1.75,28.34,1.73,0,0.187,1,20.3
TXN004256,25000,UPI,BANK_B,19,1.26,26.51,2.5,0,0.397,1,18.4
TXN004257,1000,UPI,BANK_B,9,2.15,9.86,2.43,0,0.445,0,0.0
TXN004258,5000,CARD,BANK_D,19,3.13,7.97,2.05,0,0.209,0,0.0
TXN004259,2500,CARD,BANK_C,16,1.25,12.77,1.98,0,0.147,1,4.8
TXN004260,2500,NETBANKING,BANK_D,4,0.71,6.65,1.24,0,0.346,0,0.0
TXN004261,500,CARD,BANK_A,16,1.43,3.6,0.2,0,0.169,0,0.0
TXN004262,2500,CARD,BANK_A,2,1.87,6.81,2.54,1,0.198,0,0.0
TXN004263,100,NETBANKING,BANK_D,14,0.2,4.92,4.29,0,0.351,0,0.0
TXN004264,500,WALLET,BANK_A,20,1.74,1.72,36.92,0,0.228,1,28.0
TXN004265,250,UPI,BANK_A,14,1.07,58.32,1.81,0,0.261,1,48.7
TXN004266,100,NETBANKING,BANK_C,6,1.47,6.73,3.56,1,0.196,0,0.0
TXN004267,1000,UPI,BANK_D,17,1.92,4.75,2.57,0,0.24,0,0.0
TXN004268,500,UPI,BANK_B,13,2.07,8.19,2.64,0,0.341,0,0.0
TXN004269,1500,CARD,BANK_D,8,2.48,5.24,1.87,0,0.212,0,0.0
TXN004270,1000,CARD,BANK_A,17,0.55,2.84,2.56,0,0.204,1,1.0
TXN004271,500,NETBANKING,BANK_B,19,1.71,1.56,0.2,0,0.305,0,0.0
TXN004272,2000,NETBANKING,BANK_B,15,1.91,36.04,2.52,0,0.386,1,26.1
TXN004273,100,WALLET,BANK_C,1,1.78,9.27,0.77,1,0.151,0,0.0
TXN004274,2500,UPI,BANK_B,10,1.57,4.05,1.97,0,0.323,1,1.0
TXN004275,500,NETBANKING,BANK_A,6,0.33,8.37,2.75,0,0.18,0,0.0
TXN004276,5000,CARD,BANK_A,6,1.89,5.0,1.66,0,0.257,0,0.0
TXN004277,250,CARD,BANK_A,10,0.71,2.81,3.0,0,0.206,0,0.0
TXN004278,2000,UPI,BANK_D,14,0.94,8.34,2.29,0,0.216,0,0.0
TXN004279,1500,UPI,BANK_C,3,1.83,5.0,4.55,0,0.084,0,0.0
TXN004280,2000,CARD,BANK_B,11,2.0,3.73,2.6,0,0.325,0,0.0
TXN004281,1500,UPI,BANK_A,23,0.96,3.83,2.95,0,0.241,0,0.0
TXN004282,1000,UPI,BANK_A,18,1.89,45.87,0.46,1,0.142,1,36.6
TXN004283,1500,NETBANKING,BANK_D,19,1.26,6.69,1.39,0,0.257,0,0.0
TXN004284,100,UPI,BANK_B,6,2.34,6.15,1.67,0,0.305,0,0.0
TXN004285,1500,CARD,BANK_C,8,1.4,-1.0,-1.0,0,0.177,1,1.0
TXN004286,1000,UPI,BANK_A,5,1.5,23.09,1.71,0,0.181,1,15.4
TXN004287,1000,UPI,BANK_C,1,0.58,-1.0,-1.0,2,0.198,1,1.0
TXN004288,2500,NETBANKING,BANK_A,17,1.64,5.87,1.5,0,0.22,0,0.0
TXN004289,1500,WALLET,BANK_B,14,0.68,19.55,3.0,0,0.354,1,12.7
TXN004290,750,CARD,BANK_A,18,2.7,24.92,1.47,1,0.089,1,15.7
TXN004291,1500,NETBANKING,BANK_C,20,0.99,2.43,33.48,0,0.2,1,23.8
TXN004292,500,CARD,BANK_D,18,1.18,12.02,0.2,0,0.252,0,0.0
TXN004293,750,WALLET,BANK_C,7,1.35,8.23,2.46,0,0.171,0,0.0
TXN004294,25000,NETBANKING,BANK_D,4,1.41,2.22,1.47,0,0.259,0,0.0
TXN004295,500,CARD,BANK_B,18,0.74,-1.0,-1.0,0,0.345,1,1.3
TXN004296,10000,UPI,BANK_B,13,0.9,7.51,0.46,0,0.377,0,0.0
TXN004297,2500,UPI,BANK_A,15,1.48,-1.0,-1.0,0,0.256,1,1.0
TXN004298,2500,UPI,BANK_B,1,0.99,5.45,2.45,0,0.239,0,0.0
TXN004299,1000,UPI,BANK_D,7,1.21,16.72,0.62,1,0.205,1,8.3
TXN004300,1500,NETBANKING,BANK_B,5,1.86,10.69,4.14,0,0.249,0,0.0
TXN004301,1500,UPI,BANK_B,5,0.58,-1.0,-1.0,1,0.409,1,1.0
TXN004302,500,UPI,BANK_D,18,0.58,2.15,2.91,0,0.194,0,0.0
TXN004303,750,CARD,BANK_D,17,0.67,-1.0,-1.0,0,0.217,1,1.0
TXN004304,500,UPI,BANK_B,6,0.27,-1.0,-1.0,0,0.227,1,1.0
TXN004305,1000,CARD,BANK_B,2,1.13,34.04,0.36,0,0.406,1,23.4
TXN004306,1000,UPI,BANK_B,0,2.32,7.07,2.96,1,0.304,0,0.0
TXN004307,500,UPI,BANK_B,18,0.89,6.91,1.87,0,0.357,0,0.0
TXN004308,500,NETBANKING,BANK_A,18,1.77,5.09,2.45,1,0.179,0,0.0
TXN004309,5000,UPI,BANK_A,8,0.75,4.24,2.85,0,0.232,0,0.0
TXN004310,2500,UPI,BANK_D,20,1.86,10.07,1.57,0,0.289,1,1.0
TXN004311,1500,UPI,BANK_D,12,1.03,5.26,50.62,0,0.306,1,43.5
TXN004312,1000,UPI,BANK_C,17,0.58,3.29,3.05,0,0.131,0,0.0
TXN004313,250,CARD,BANK_C,18,1.21,7.26,1.47,0,0.146,0,0.0
TXN004314,2000,UPI,BANK_D,17,1.61,7.27,1.92,0,0.236,0,0.0
TXN004315,100,CARD,BANK_B,22,1.38,0.51,2.57,0,0.341,0,0.0
TXN004316,1500,NETBANKING,BANK_C,22,1.61,7.7,0.97,0,0.171,0,0.0
TXN004317,2000,CARD,BANK_C,4,0.86,-1.0,-1.0,0,0.192,1,1.0
TXN004318,2500,UPI,BANK_D,14,1.5,5.68,1.69,0,0.244,0,0.0
TXN004319,1500,WALLET,BANK_B,17,2.25,6.05,1.01,0,0.333,0,0.0
TXN004320,1500,CARD,BANK_C,20,1.41,0.5,1.91,0,0.145,0,0.0
TXN004321,750,CARD,BANK_B,22,2.42,3.72,1.61,1,0.305,0,0.0
TXN004322,250,UPI,BANK_A,22,1.65,5.82,1.6,0,0.25,0,0.0
TXN004323,5000,WALLET,BANK_D,21,0.81,3.94,0.22,0,0.177,0,0.0
TXN004324,250,UPI,BANK_D,9,0.23,8.03,0.92,0,0.266,1,1.0
TXN004325,250,CARD,BANK_B,20,1.32,7.57,1.25,0,0.317,0,0.0
TXN004326,25000,NETBANKING,BANK_A,12,1.44,20.83,2.84,0,0.139,1,12.0
TXN004327,1000,WALLET,BANK_C,15,2.52,5.72,2.2,0,0.166,0,0.0
TXN004328,1000,UPI,BANK_B,12,1.78,-1.0,-1.0,0,0.463,1,1.0
TXN004329,1500,NETBANKING,BANK_B,18,0.86,5.72,2.63,0,0.441,0,0.0
TXN004330,500,CARD,BANK_D,12,1.14,4.36,0.88,0,0.161,0,0.0
TXN004331,750,WALLET,BANK_D,12,1.12,-1.0,-1.0,1,0.261,1,1.0
TXN004332,500,CARD,BANK_B,1,1.8,8.25,3.5,0,0.291,0,0.0
TXN004333,2000,NETBANKING,BANK_B,23,2.37,6.45,1.95,0,0.345,0,0.0
TXN004334,2500,CARD,BANK_A,16,1.88,8.08,2.04,1,0.181,0,0.0
TXN004335,250,UPI,BANK_D,7,0.97,-1.0,-1.0,0,0.344,1,1.0
TXN004336,500,UPI,BANK_D,3,1.68,7.49,1.37,0,0.304,0,0.0
TXN004337,250,UPI,BANK_B,14,1.56,1.33,2.62,1,0.394,0,0.0
TXN004338,500,UPI,BANK_B,18,0.81,10.22,2.08,0,0.354,0,0.0
TXN004339,100,CARD,BANK_D,10,1.88,48.94,0.8,1,0.346,1,38.1
TXN004340,100,CARD,BANK_C,3,1.92,4.08,3.18,0,0.113,0,0.0
TXN004341,500,CARD,BANK_B,14,1.94,6.19,3.96,0,0.39,0,0.0
TXN004342,2000,UPI,BANK_A,13,1.88,2.98,41.48,0,0.235,1,35.7
TXN004343,750,UPI,BANK_C,9,2.09,8.84,1.76,0,0.172,0,0.0
TXN004344,1000,NETBANKING,BANK_C,18,1.2,7.85,3.3,0,0.208,0,0.0
TXN004345,100,CARD,BANK_C,6,1.81,9.88,0.2,0,0.178,0,0.0
TXN004346,250,CARD,BANK_B,16,2.41,8.04,1.81,0,0.305,0,0.0
TXN004347,500,UPI,BANK_C,16,1.26,38.95,3.71,0,0.153,1,29.3
TXN004348,1500,CARD,BANK_A,12,1.62,3.51,2.79,0,0.199,0,0.0
TXN004349,250,NETBANKING,BANK_C,15,2.58,6.46,1.43,0,0.13,0,0.0
TXN004350,1500,NETBANKING,BANK_B,6,2.43,8.5,3.59,0,0.352,0,0.0
TXN004351,1000,CARD,BANK_C,14,2.6,5.39,2.56,0,0.184,0,0.0
TXN004352,500,UPI,BANK_A,20,2.4,3.93,0.73,0,0.191,0,0.0
TXN004353,250,WALLET,BANK_C,21,1.19,19.49,0.74,0,0.189,1,11.0
TXN004354,250,UPI,BANK_C,20,1.0,6.3,3.0,0,0.152,0,0.0
TXN004355,250,UPI,BANK_A,6,1.35,2.46,0.85,0,0.217,0,0.0
TXN004356,100,UPI,BANK_B,20,1.24,9.91,1.6,0,0.315,0,0.0
TXN004357,1000,CARD,BANK_C,2,1.14,4.19,0.7,0,0.132,0,0.0
TXN004358,250,UPI,BANK_B,22,1.17,21.03,2.04,1,0.278,1,11.9
TXN004359,750,UPI,BANK_C,21,1.15,9.24,2.41,0,0.109,0,0.0
TXN004360,2500,CARD,BANK_D,4,1.29,40.17,1.89,0,0.269,1,31.8
TXN004361,750,CARD,BANK_A,10,1.66,6.86,47.15,0,0.315,1,39.9
TXN004362,1000,CARD,BANK_C,19,1.74,5.08,2.16,0,0.161,0,0.0
TXN004363,10000,UPI,BANK_D,11,2.31,15.03,2.17,3,0.253,1,9.4
TXN004364,2000,CARD,BANK_D,20,2.41,3.02,1.29,0,0.31,0,0.0
TXN004365,100,NETBANKING,BANK_D,2,0.84,-1.0,-1.0,0,0.214,1,3.0
TXN004366,2000,UPI,BANK_D,21,0.94,3.17,2.77,0,0.248,0,0.0
TXN004367,500,UPI,BANK_C,18,1.63,-1.0,-1.0,0,0.161,1,1.0
TXN004368,500,UPI,BANK_A,3,2.53,8.35,2.23,0,0.208,0,0.0
TXN004369,750,UPI,BANK_C,11,1.12,4.21,1.97,0,0.088,0,0.0
TXN004370,100,NETBANKING,BANK_B,16,1.23,6.22,2.86,0,0.273,0,0.0
TXN004371,2000,WALLET,BANK_B,2,1.85,10.38,1.32,0,0.316,1,1.6
TXN004372,750,UPI,BANK_C,0,1.76,7.31,1.41,0,0.02,0,0.0
TXN004373,2500,UPI,BANK_C,19,1.81,11.42,2.67,0,0.089,1,6.1
TXN004374,2500,NETBANKING,BANK_B,9,1.17,1.73,0.56,0,0.248,1,1.0
TXN004375,5000,UPI,BANK_B,20,2.05,38.24,1.88,0,0.377,1,29.0
TXN004376,100,WALLET,BANK_C,14,2.1,8.3,2.04,0,0.12,0,0.0
TXN004377,500,CARD,BANK_B,4,2.24,6.24,2.97,0,0.337,0,0.0
TXN004378,2000,NETBANKING,BANK_B,13,2.07,33.08,0.89,0,0.41,1,22.6
TXN004379,500,CARD,BANK_D,6,1.15,35.93,2.58,1,0.239,1,27.6
TXN004380,5000,CARD,BANK_D,23,0.98,23.12,2.95,0,0.346,1,15.2
TXN004381,2500,CARD,BANK_B,1,1.2,3.56,41.88,0,0.441,1,31.6
TXN004382,5000,NETBANKING,BANK_D,14,1.55,7.3,1.18,0,0.23,0,0.0
TXN004383,2000,UPI,BANK_C,23,1.4,4.67,0.51,0,0.122,0,0.0
TXN004384,750,UPI,BANK_B,11,2.42,4.24,1.3,0,0.338,0,0.0
TXN004385,2000,UPI,BANK_C,3,1.64,4.7,59.12,1,0.049,1,51.5
TXN004386,1000,CARD,BANK_B,22,1.1,6.86,2.15,1,0.403,0,0.0
TXN004387,2500,CARD,BANK_C,6,2.04,6.66,2.14,0,0.188,0,0.0
TXN004388,10000,NETBANKING,BANK_B,12,0.2,5.21,1.94,0,0.405,0,0.0
TXN004389,1000,UPI,BANK_A,6,1.93,4.63,31.42,0,0.205,1,22.4
TXN004390,100,WALLET,BANK_A,3,1.51,12.73,0.37,3,0.125,1,3.0
TXN004391,2500,UPI,BANK_C,3,2.17,8.13,1.7,0,0.135,0,0.0
TXN004392,1500,UPI,BANK_C,23,1.67,8.87,2.48,0,0.173,0,0.0
TXN004393,1500,UPI,BANK_B,2,2.3,5.97,2.54,0,0.377,0,0.0
TXN004394,250,UPI,BANK_C,8,2.18,9.08,2.15,0,0.253,0,0.0
TXN004395,500,CARD,BANK_C,19,2.38,5.34,1.53,0,0.15,0,0.0
TXN004396,2000,UPI,BANK_A,7,2.08,6.27,1.12,0,0.2,0,0.0
TXN004397,1000,UPI,BANK_D,7,2.03,4.25,1.54,0,0.255,0,0.0
TXN004398,2500,WALLET,BANK_B,8,2.16,9.09,0.2,0,0.38,0,0.0
TXN004399,1000,CARD,BANK_C,7,0.69,7.55,3.97,0,0.242,0,0.0
TXN004400,1000,CARD,BANK_A,4,1.04,9.14,2.36,0,0.191,0,0.0
TXN004401,100,NETBANKING,BANK_C,16,1.08,2.61,27.35,0,0.12,1,17.6
TXN004402,1500,CARD,BANK_A,5,1.11,5.53,1.09,0,0.269,0,0.0
TXN004403,750,UPI,BANK_D,5,2.7,6.88,3.16,0,0.264,0,0.0
TXN004404,750,UPI,BANK_D,10,1.52,4.25,2.38,0,0.282,0,0.0
TXN004405,2500,WALLET,BANK_D,21,1.61,9.07,0.83,0,0.237,0,0.0
TXN004406,250,UPI,BANK_C,21,0.58,-1.0,-1.0,0,0.194,1,3.4
TXN004407,25000,CARD,BANK_C,9,2.25,7.38,2.26,0,0.211,0,0.0
TXN004408,250,NETBANKING,BANK_D,21,1.71,8.55,40.62,0,0.247,1,33.0
TXN004409,250,CARD,BANK_C,12,1.62,6.93,2.68,1,0.14,0,0.0
TXN004410,500,UPI,BANK_A,8,1.27,12.03,1.04,0,0.212,0,0.0
TXN004411,1500,WALLET,BANK_A,20,1.16,9.52,0.2,0,0.157,0,0.0
TXN004412,100,CARD,BANK_D,0,2.37,35.22,2.06,0,0.335,1,27.1
TXN004413,5000,UPI,BANK_B,22,1.17,26.93,2.26,3,0.263,1,17.0
TXN004414,1500,UPI,BANK_C,3,1.82,6.35,0.94,0,0.213,0,0.0
TXN004415,100,NETBANKING,BANK_D,17,1.85,6.85,1.91,0,0.302,0,0.0
TXN004416,100,UPI,BANK_D,21,1.34,5.16,3.83,0,0.33,0,0.0
TXN004417,2500,UPI,BANK_C,13,0.47,8.16,3.04,0,0.26,0,0.0
TXN004418,1000,UPI,BANK_C,5,1.74,2.14,0.68,0,0.191,0,0.0
TXN004419,750,NETBANKING,BANK_D,6,1.25,5.17,1.94,0,0.303,0,0.0
TXN004420,250,UPI,BANK_A,2,1.23,7.26,0.39,0,0.241,0,0.0
TXN004421,1000,UPI,BANK_D,21,0.88,10.98,2.39,0,0.246,0,0.0
TXN004422,1000,UPI,BANK_A,0,1.73,7.09,2.97,0,0.245,0,0.0
TXN004423,250,CARD,BANK_D,13,1.0,5.48,2.4,1,0.285,0,0.0
TXN004424,1500,NETBANKING,BANK_D,7,0.78,11.19,1.86,0,0.168,0,0.0
TXN004425,500,CARD,BANK_A,19,1.75,8.84,2.25,0,0.252,0,0.0
TXN004426,2000,NETBANKING,BANK_B,18,1.33,8.32,0.55,0,0.405,0,0.0
TXN004427,1500,WALLET,BANK_B,0,1.42,17.11,1.22,0,0.363,1,6.7
TXN004428,100,UPI,BANK_D,20,1.88,5.26,1.01,0,0.335,0,0.0
TXN004429,10000,UPI,BANK_A,12,1.79,34.75,1.03,2,0.256,1,26.8
TXN004430,10000,UPI,BANK_C,18,1.31,7.94,0.91,1,0.163,0,0.0
TXN004431,250,NETBANKING,BANK_B,15,1.64,5.9,50.59,0,0.278,1,43.9
TXN004432,500,UPI,BANK_C,11,3.19,4.72,3.39,0,0.143,0,0.0
TXN004433,2000,NETBANKING,BANK_C,22,1.51,16.04,2.9,2,0.171,1,6.8
TXN004434,750,CARD,BANK_A,9,1.16,14.01,1.76,0,0.166,1,3.4
TXN004435,1500,UPI,BANK_A,5,2.46,7.09,2.68,0,0.175,0,0.0
TXN004436,250,UPI,BANK_D,4,1.65,-1.0,-1.0,0,0.324,1,1.0
TXN004437,1000,WALLET,BANK_C,12,0.84,9.23,2.33,0,0.071,0,0.0
TXN004438,1500,UPI,BANK_B,1,1.38,6.1,0.2,0,0.391,0,0.0
TXN004439,250,UPI,BANK_A,13,0.35,-1.0,-1.0,0,0.216,1,4.5
TXN004440,250,WALLET,BANK_A,5,0.85,-1.0,-1.0,0,0.198,1,1.0
TXN004441,250,NETBANKING,BANK_A,19,1.43,7.03,2.33,0,0.262,0,0.0
TXN004442,100,CARD,BANK_B,2,1.15,9.23,3.76,0,0.4,0,0.0
TXN004443,750,CARD,BANK_B,8,2.22,6.44,0.48,1,0.289,0,0.0
TXN004444,1000,NETBANKING,BANK_A,1,0.2,3.81,51.48,0,0.14,1,46.5
TXN004445,500,CARD,BANK_C,18,0.47,-1.0,-1.0,1,0.251,1,1.0
TXN004446,500,CARD,BANK_A,3,0.96,13.2,0.46,0,0.181,1,1.0
TXN004447,750,UPI,BANK_D,9,2.86,-1.0,1.72,0,0.31,1,1.0
TXN004448,750,UPI,BANK_B,11,1.1,9.64,51.93,0,0.325,1,45.8
TXN004449,100,NETBANKING,BANK_C,11,1.57,5.27,3.16,0,0.154,0,0.0
TXN004450,100,CARD,BANK_D,2,1.38,7.34,1.32,0,0.29,1,1.0
TXN004451,2000,UPI,BANK_B,15,2.26,5.77,1.6,0,0.37,0,0.0
TXN004452,5000,WALLET,BANK_C,21,1.64,3.11,2.89,0,0.055,0,0.0
TXN004453,5000,WALLET,BANK_C,14,1.49,5.05,2.8,0,0.114,0,0.0
TXN004454,5000,CARD,BANK_C,22,0.83,4.03,3.82,0,0.137,0,0.0
TXN004455,1000,UPI,BANK_C,12,1.46,19.97,2.36,0,0.207,1,8.9
TXN004456,100,CARD,BANK_D,14,0.87,28.39,2.15,2,0.306,1,20.6
TXN004457,1000,NETBANKING,BANK_A,10,1.8,9.65,2.02,0,0.153,0,0.0
TXN004458,250,CARD,BANK_D,3,1.72,9.77,2.67,1,0.267,1,2.4
TXN004459,2500,UPI,BANK_B,17,2.1,9.09,1.33,0,0.345,0,0.0
TXN004460,100,NETBANKING,BANK_D,16,0.68,7.05,2.22,0,0.277,0,0.0
TXN004461,1500,NETBANKING,BANK_A,0,2.16,5.41,1.04,0,0.148,1,1.0
TXN004462,1000,WALLET,BANK_B,14,1.72,3.83,2.74,0,0.32,0,0.0
TXN004463,2500,CARD,BANK_C,19,1.89,5.88,3.08,0,0.127,0,0.0
TXN004464,750,WALLET,BANK_D,12,0.59,-1.0,-1.0,0,0.22,1,1.0
TXN004465,250,WALLET,BANK_D,2,1.3,3.98,0.53,0,0.294,0,0.0
TXN004466,2500,UPI,BANK_C,10,2.1,10.8,40.98,0,0.138,1,34.1
TXN004467,1500,UPI,BANK_B,22,1.54,25.48,2.13,0,0.39,1,15.6
TXN004468,250,CARD,BANK_D,8,1.87,7.58,3.97,0,0.268,0,0.0
TXN004469,1000,WALLET,BANK_A,20,1.24,7.18,1.76,0,0.128,0,0.0
TXN004470,1000,NETBANKING,BANK_B,15,1.53,6.09,2.36,0,0.345,0,0.0
TXN004471,2500,WALLET,BANK_C,16,0.55,2.98,0.65,0,0.173,0,0.0
TXN004472,500,UPI,BANK_B,10,1.86,5.22,2.99,0,0.238,0,0.0
TXN004473,250,WALLET,BANK_D,11,0.81,20.99,4.32,0,0.209,1,10.5
TXN004474,500,CARD,BANK_D,8,1.69,1.44,3.03,0,0.168,0,0.0
TXN004475,2000,UPI,BANK_A,23,0.5,5.21,1.2,0,0.188,0,0.0
TXN004476,2000,UPI,BANK_A,10,1.48,4.77,2.57,0,0.199,0,0.0
TXN004477,2500,CARD,BANK_B,16,2.02,2.8,1.71,0,0.312,0,0.0
TXN004478,2000,WALLET,BANK_A,21,1.4,9.0,0.45,0,0.187,0,0.0
TXN004479,1000,CARD,BANK_D,15,1.18,7.77,3.58,0,0.265,0,0.0
TXN004480,750,UPI,BANK_B,8,1.68,7.57,2.26,1,0.35,0,0.0
TXN004481,500,UPI,BANK_D,22,0.57,1.56,0.8,0,0.323,1,1.0
TXN004482,1000,WALLET,BANK_B,18,1.57,-1.0,-1.0,1,0.341,1,4.0
TXN004483,2500,WALLET,BANK_D,5,1.03,6.12,1.39,0,0.225,0,0.0
TXN004484,250,UPI,BANK_B,5,0.74,-1.0,-1.0,0,0.298,1,1.0
TXN004485,1000,CARD,BANK_B,13,2.25,9.58,34.49,0,0.305,1,24.9
TXN004486,10000,WALLET,BANK_B,9,0.52,-1.0,-1.0,1,0.37,1,1.0
TXN004487,100,UPI,BANK_D,17,1.23,2.84,1.27,0,0.29,0,0.0
TXN004488,100,NETBANKING,BANK_A,13,1.88,5.49,2.66,1,0.17,0,0.0
TXN004489,750,CARD,BANK_D,22,1.2,8.0,1.51,0,0.347,0,0.0
TXN004490,750,CARD,BANK_C,10,0.95,6.18,1.25,0,0.158,0,0.0
TXN004491,1500,UPI,BANK_A,15,1.4,2.22,1.12,0,0.259,0,0.0
TXN004492,100,UPI,BANK_B,0,1.74,7.41,1.04,0,0.361,0,0.0
TXN004493,100,CARD,BANK_A,20,0.82,33.53,0.56,0,0.254,1,23.9
TXN004494,100,UPI,BANK_B,2,1.79,4.71,0.25,0,0.281,0,0.0
TXN004495,2500,UPI,BANK_D,16,2.17,7.83,1.71,0,0.264,1,1.1
TXN004496,1500,UPI,BANK_A,0,0.51,27.53,1.92,0,0.338,1,16.8
TXN004497,1000,WALLET,BANK_D,15,1.22,5.16,3.44,1,0.324,0,0.0
TXN004498,2500,CARD,BANK_C,0,1.07,4.48,1.36,0,0.201,0,0.0
TXN004499,250,CARD,BANK_B,9,1.79,43.4,1.55,0,0.436,1,35.5
TXN004500,1000,CARD,BANK_A,23,0.45,6.85,0.73,0,0.271,0,0.0
TXN004501,2000,UPI,BANK_A,15,1.76,60.73,1.68,0,0.221,1,53.9
TXN004502,100,UPI,BANK_A,2,0.76,5.38,1.92,1,0.178,0,0.0
TXN004503,500,NETBANKING,BANK_C,3,0.21,10.9,1.38,0,0.106,1,2.1
TXN004504,500,UPI,BANK_A,0,1.82,2.29,2.18,0,0.251,0,0.0
TXN004505,100,NETBANKING,BANK_A,4,2.13,5.39,1.39,0,0.184,0,0.0
TXN004506,1500,UPI,BANK_C,5,1.13,2.54,2.03,0,0.152,0,0.0
TXN004507,1000,NETBANKING,BANK_B,18,1.5,7.38,1.39,1,0.444,0,0.0
TXN004508,1000,UPI,BANK_C,5,1.77,43.82,1.86,0,0.168,1,36.4
TXN004509,750,CARD,BANK_A,10,1.27,25.39,2.66,0,0.231,1,20.9
TXN004510,500,UPI,BANK_D,23,2.07,8.92,1.04,0,0.205,0,0.0
TXN004511,1000,WALLET,BANK_C,11,1.89,12.14,1.36,0,0.216,0,0.0
TXN004512,500,UPI,BANK_C,7,2.09,5.08,2.85,0,0.214,0,0.0
TXN004513,500,WALLET,BANK_D,2,0.71,5.93,1.59,0,0.271,0,0.0
TXN004514,2000,CARD,BANK_D,11,1.81,1.78,3.47,0,0.311,0,0.0
TXN004515,1000,UPI,BANK_C,0,1.99,6.46,2.2,0,0.108,0,0.0
TXN004516,2500,UPI,BANK_B,8,0.65,7.23,1.58,0,0.323,0,0.0
TXN004517,5000,CARD,BANK_D,17,1.86,9.04,0.2,1,0.312,0,0.0
TXN004518,2500,UPI,BANK_A,6,1.74,6.71,1.84,0,0.168,0,0.0
TXN004519,250,UPI,BANK_C,14,1.65,8.35,3.93,0,0.136,1,1.0
TXN004520,5000,UPI,BANK_C,21,1.23,7.49,2.67,0,0.163,0,0.0
TXN004521,1000,NETBANKING,BANK_B,10,0.97,7.77,24.93,0,0.396,1,18.6
TXN004522,1000,NETBANKING,BANK_D,21,0.2,4.16,0.99,0,0.154,0,0.0
TXN004523,750,UPI,BANK_B,7,1.35,1.77,2.35,0,0.471,0,0.0
TXN004524,500,WALLET,BANK_A,0,1.64,3.16,2.22,0,0.187,0,0.0
TXN004525,1000,CARD,BANK_C,5,1.1,8.26,1.7,0,0.176,0,0.0
TXN004526,250,CARD,BANK_A,15,2.42,6.96,2.1,0,0.178,0,0.0
TXN004527,750,UPI,BANK_A,0,2.1,8.42,0.74,0,0.177,0,0.0
TXN004528,2500,CARD,BANK_B,22,0.78,-1.0,-1.0,0,0.463,1,1.0
TXN004529,5000,CARD,BANK_C,20,1.07,4.19,0.4,0,0.157,0,0.0
TXN004530,250,UPI,BANK_A,13,0.2,4.17,0.63,0,0.187,0,0.0
TXN004531,1500,NETBANKING,BANK_D,18,0.2,4.61,1.13,0,0.194,0,0.0
TXN004532,500,UPI,BANK_B,18,0.46,5.58,1.24,0,0.39,0,0.0
TXN004533,750,UPI,BANK_C,0,1.51,6.69,2.54,1,0.177,1,1.0
TXN004534,250,CARD,BANK_A,18,0.36,-1.0,-1.0,0,0.074,1,1.0
TXN004535,5000,WALLET,BANK_C,9,2.94,2.12,1.15,0,0.161,0,0.0
TXN004536,500,UPI,BANK_D,12,0.93,10.84,0.3,1,0.245,0,0.0
TXN004537,500,UPI,BANK_C,19,1.08,6.97,2.62,0,0.138,0,0.0
TXN004538,100,UPI,BANK_B,0,0.38,5.69,1.13,0,0.42,0,0.0
TXN004539,2500,UPI,BANK_B,7,1.31,4.34,4.1,0,0.316,0,0.0
TXN004540,250,CARD,BANK_B,20,2.71,6.92,1.53,0,0.307,0,0.0
TXN004541,1000,UPI,BANK_D,5,2.19,8.04,1.59,0,0.275,0,0.0
TXN004542,100,NETBANKING,BANK_A,23,0.88,7.89,1.58,0,0.178,0,0.0
TXN004543,500,UPI,BANK_B,6,1.82,6.52,2.12,0,0.32,0,0.0
TXN004544,10000,NETBANKING,BANK_D,9,0.1,-1.0,-1.0,1,0.294,1,1.0
TXN004545,750,WALLET,BANK_D,6,1.99,11.48,2.45,1,0.246,1,5.3
TXN004546,750,NETBANKING,BANK_A,6,1.08,3.07,1.37,0,0.353,0,0.0
TXN004547,1500,CARD,BANK_A,11,2.43,5.04,0.61,0,0.198,0,0.0
TXN004548,5000,UPI,BANK_D,16,0.94,2.99,2.21,0,0.285,0,0.0
TXN004549,2000,UPI,BANK_D,15,0.58,4.68,3.57,0,0.248,0,0.0
TXN004550,500,UPI,BANK_A,12,0.1,-1.0,-1.0,0,0.231,1,1.1
TXN004551,750,CARD,BANK_A,1,1.53,4.98,1.61,0,0.278,0,0.0
TXN004552,1500,NETBANKING,BANK_A,17,2.08,5.86,2.12,0,0.224,0,0.0
TXN004553,250,UPI,BANK_B,23,2.38,3.97,2.54,0,0.296,1,1.0
TXN004554,10000,NETBANKING,BANK_A,3,1.82,8.0,1.75,0,0.256,1,1.0
TXN004555,250,UPI,BANK_D,3,0.73,5.5,0.2,0,0.212,0,0.0
TXN004556,1000,UPI,BANK_D,21,1.1,1.01,1.25,0,0.274,0,0.0
TXN004557,1000,NETBANKING,BANK_C,5,1.6,17.77,0.75,0,0.096,1,7.5
TXN004558,2000,UPI,BANK_A,8,1.0,8.61,2.97,0,0.223,0,0.0
TXN004559,2500,CARD,BANK_B,19,1.42,5.75,1.68,0,0.339,0,0.0
TXN004560,2000,UPI,BANK_B,14,0.75,-1.0,-1.0,0,0.307,1,1.8
TXN004561,2000,UPI,BANK_D,18,2.45,24.18,1.29,0,0.225,1,12.6
TXN004562,750,UPI,BANK_A,5,1.07,29.15,3.86,0,0.274,1,17.5
TXN004563,100,UPI,BANK_B,6,0.62,4.69,2.03,0,0.365,0,0.0
TXN004564,500,CARD,BANK_C,12,0.72,5.62,2.12,0,0.108,0,0.0
TXN004565,500,CARD,BANK_A,17,0.2,6.28,2.53,0,0.172,0,0.0
TXN004566,1500,UPI,BANK_B,20,1.14,2.24,2.17,0,0.317,0,0.0
TXN004567,1000,UPI,BANK_B,11,1.91,9.36,2.51,0,0.354,0,0.0
TXN004568,750,CARD,BANK_A,7,0.62,7.15,0.87,0,0.254,0,0.0
TXN004569,250,UPI,BANK_B,10,1.54,3.92,1.04,0,0.268,0,0.0
TXN004570,10000,WALLET,BANK_C,20,1.66,4.47,1.8,1,0.108,0,0.0
TXN004571,2500,UPI,BANK_A,18,1.37,0.5,2.24,0,0.121,0,0.0
TXN004572,2000,CARD,BANK_D,2,1.91,19.63,2.61,0,0.273,1,12.8
TXN004573,5000,UPI,BANK_C,23,1.68,0.5,2.6,1,0.139,0,0.0
TXN004574,500,WALLET,BANK_A,11,0.59,6.74,2.77,0,0.257,0,0.0
TXN004575,10000,CARD,BANK_D,0,0.92,3.19,56.64,0,0.336,1,45.2
TXN004576,500,UPI,BANK_B,4,1.04,-1.0,-1.0,0,0.485,1,1.0
TXN004577,1000,NETBANKING,BANK_D,20,2.01,7.43,3.29,0,0.244,0,0.0
TXN004578,2500,UPI,BANK_B,22,1.82,8.18,1.38,0,0.38,0,0.0
TXN004579,1500,UPI,BANK_C,8,1.23,5.91,1.98,0,0.136,0,0.0
TXN004580,25000,UPI,BANK_C,6,1.1,26.95,2.72,0,0.115,1,18.6
TXN004581,100,CARD,BANK_C,17,0.41,-1.0,-1.0,1,0.116,1,1.2
TXN004582,250,CARD,BANK_D,14,1.8,45.76,1.03,2,0.297,1,35.5
TXN004583,250,NETBANKING,BANK_A,17,1.3,8.93,1.86,0,0.25,0,0.0
TXN004584,1500,NETBANKING,BANK_D,20,1.25,6.95,2.63,0,0.239,0,0.0
TXN004585,250,WALLET,BANK_D,16,2.1,5.44,0.83,0,0.221,0,0.0
TXN004586,100,UPI,BANK_A,13,1.34,9.69,4.13,0,0.209,0,0.0
TXN004587,10000,UPI,BANK_D,9,1.77,-1.0,-1.0,0,0.282,1,2.1
TXN004588,1500,WALLET,BANK_B,5,1.86,5.63,2.4,1,0.4,0,0.0
TXN004589,100,UPI,BANK_A,6,1.06,3.25,2.82,0,0.239,0,0.0
TXN004590,2000,UPI,BANK_C,3,1.36,11.11,41.81,1,0.13,1,33.4
TXN004591,500,UPI,BANK_C,5,1.08,10.43,3.01,0,0.162,0,0.0
TXN004592,1000,CARD,BANK_A,3,1.95,6.5,1.11,0,0.225,0,0.0
TXN004593,500,UPI,BANK_D,15,1.08,5.45,0.2,0,0.264,0,0.0
TXN004594,500,NETBANKING,BANK_D,19,1.06,5.4,0.53,0,0.275,0,0.0
TXN004595,1500,UPI,BANK_A,1,1.52,10.97,0.2,0,0.218,0,0.0
TXN004596,500,NETBANKING,BANK_C,22,2.06,7.24,1.94,1,0.181,0,0.0
TXN004597,1000,UPI,BANK_A,1,2.21,-1.0,-1.0,0,0.258,1,1.0
TXN004598,2500,UPI,BANK_B,13,1.05,-1.0,-1.0,0,0.342,1,1.2
TXN004599,750,UPI,BANK_C,11,1.38,6.47,0.87,0,0.131,0,0.0
TXN004600,100,WALLET,BANK_B,15,1.35,6.13,0.49,1,0.295,0,0.0
TXN004601,750,CARD,BANK_C,21,2.6,8.06,1.43,0,0.161,0,0.0
TXN004602,1500,NETBANKING,BANK_C,16,1.15,5.34,2.28,1,0.227,0,0.0
TXN004603,750,CARD,BANK_B,0,2.11,4.51,0.27,0,0.441,0,0.0
TXN004604,5000,UPI,BANK_C,17,1.78,32.27,2.62,0,0.129,1,25.4
TXN004605,100,NETBANKING,BANK_C,11,1.49,4.74,1.5,0,0.206,0,0.0
TXN004606,500,CARD,BANK_A,14,0.95,4.5,2.7,0,0.282,0,0.0
TXN004607,1000,CARD,BANK_A,15,1.85,2.57,2.55,1,0.115,0,0.0
TXN004608,100,NETBANKING,BANK_B,22,1.35,-1.0,-1.0,0,0.388,1,1.0
TXN004609,2500,UPI,BANK_B,4,1.14,3.62,2.61,1,0.417,0,0.0
TXN004610,250,CARD,BANK_B,19,2.08,-1.0,1.25,0,0.289,1,1.0
TXN004611,1000,UPI,BANK_C,1,0.73,5.93,43.44,1,0.197,1,37.5
TXN004612,500,UPI,BANK_A,6,2.76,5.88,2.53,0,0.08,0,0.0
TXN004613,750,CARD,BANK_D,11,1.66,16.63,2.49,1,0.296,1,10.7
TXN004614,5000,CARD,BANK_A,14,0.69,-1.0,-1.0,0,0.26,1,1.0
TXN004615,2500,UPI,BANK_A,19,0.89,9.86,1.98,0,0.137,0,0.0
TXN004616,250,WALLET,BANK_D,7,0.94,7.41,1.92,0,0.183,0,0.0
TXN004617,2500,UPI,BANK_B,9,1.25,2.87,1.09,0,0.328,0,0.0
TXN004618,100,WALLET,BANK_C,20,0.98,2.25,2.32,0,0.195,0,0.0
TXN004619,250,UPI,BANK_B,4,2.24,7.23,1.94,0,0.354,0,0.0
TXN004620,500,UPI,BANK_A,17,1.4,4.83,0.2,0,0.246,0,0.0
TXN004621,2500,CARD,BANK_C,13,1.48,6.6,2.66,0,0.171,0,0.0
TXN004622,1000,CARD,BANK_D,4,1.12,9.98,1.33,0,0.276,0,0.0
TXN004623,1000,NETBANKING,BANK_B,10,1.37,10.18,1.87,0,0.328,1,3.5
TXN004624,750,UPI,BANK_C,6,2.5,6.76,0.26,0,0.154,0,0.0
TXN004625,2000,CARD,BANK_C,17,0.86,7.99,2.06,0,0.125,0,0.0
TXN004626,5000,WALLET,BANK_B,1,2.03,31.08,0.94,0,0.427,1,19.9
TXN004627,750,NETBANKING,BANK_C,8,0.41,23.22,2.12,0,0.192,1,18.0
TXN004628,100,CARD,BANK_A,23,0.8,-1.0,-1.0,0,0.164,1,1.0
TXN004629,1000,UPI,BANK_B,15,2.76,4.91,1.41,0,0.38,0,0.0
TXN004630,5000,UPI,BANK_A,15,2.16,9.41,2.82,0,0.193,0,0.0
TXN004631,750,UPI,BANK_C,12,1.21,5.77,3.11,0,0.156,0,0.0
TXN004632,500,UPI,BANK_D,22,0.89,6.17,1.59,0,0.318,0,0.0
TXN004633,2000,UPI,BANK_D,4,1.44,39.46,1.27,0,0.258,1,31.3
TXN004634,10000,UPI,BANK_B,21,2.46,6.64,1.21,0,0.348,0,0.0
TXN004635,750,CARD,BANK_A,8,1.53,5.11,1.74,0,0.264,0,0.0
TXN004636,500,WALLET,BANK_D,7,2.13,-1.0,-1.0,0,0.274,1,1.0
TXN004637,500,UPI,BANK_A,7,1.09,31.25,0.58,1,0.127,1,21.9
TXN004638,100,NETBANKING,BANK_D,13,2.4,51.0,1.52,0,0.317,1,44.1
TXN004639,1500,UPI,BANK_C,10,1.23,0.5,1.54,0,0.122,0,0.0
TXN004640,250,UPI,BANK_B,6,2.71,23.27,0.2,0,0.323,1,15.8
TXN004641,1500,UPI,BANK_B,18,1.57,5.34,3.6,0,0.335,0,0.0
TXN004642,500,NETBANKING,BANK_C,20,0.65,-1.0,-1.0,0,0.215,1,2.3
TXN004643,250,UPI,BANK_C,0,1.58,4.84,1.84,0,0.137,0,0.0
TXN004644,500,CARD,BANK_C,21,0.85,5.63,1.47,0,0.146,0,0.0
TXN004645,750,WALLET,BANK_C,18,2.22,5.55,1.61,0,0.206,0,0.0
TXN004646,100,NETBANKING,BANK_D,11,2.0,5.05,1.77,0,0.282,0,0.0
TXN004647,2500,UPI,BANK_A,17,2.66,10.2,3.39,0,0.221,0,0.0
TXN004648,5000,UPI,BANK_C,8,0.58,9.96,2.41,0,0.236,0,0.0
TXN004649,1500,WALLET,BANK_C,23,0.92,43.89,2.04,1,0.083,1,36.8
TXN004650,1500,NETBANKING,BANK_D,5,2.06,4.84,3.42,0,0.337,0,0.0
TXN004651,100,UPI,BANK_C,14,1.53,6.18,1.97,0,0.107,0,0.0
TXN004652,2500,UPI,BANK_D,2,1.0,-1.0,-1.0,0,0.331,1,1.0
TXN004653,250,UPI,BANK_B,8,1.36,7.06,2.95,0,0.341,0,0.0
TXN004654,500,CARD,BANK_D,19,0.51,4.67,2.77,0,0.244,0,0.0
TXN004655,100,WALLET,BANK_A,15,1.2,0.5,45.07,0,0.173,1,36.8
TXN004656,1000,UPI,BANK_C,3,2.36,30.67,3.32,2,0.14,1,26.0
TXN004657,5000,UPI,BANK_B,23,1.82,7.03,2.66,0,0.341,0,0.0
TXN004658,250,CARD,BANK_D,14,1.18,5.7,0.2,0,0.204,0,0.0
TXN004659,500,CARD,BANK_A,3,1.0,3.76,36.02,0,0.247,1,28.1
TXN004660,5000,UPI,BANK_A,1,1.2,7.14,0.2,0,0.278,0,0.0
TXN004661,750,CARD,BANK_D,15,1.58,3.02,2.87,0,0.254,0,0.0
TXN004662,2000,UPI,BANK_A,8,1.31,38.97,3.06,0,0.227,1,31.7
TXN004663,1500,UPI,BANK_C,14,0.1,-1.0,-1.0,0,0.086,1,2.1
TXN004664,500,NETBANKING,BANK_A,5,2.27,10.85,2.1,0,0.209,0,0.0
TXN004665,2500,CARD,BANK_C,6,0.26,10.2,2.24,0,0.117,1,1.0
TXN004666,250,NETBANKING,BANK_D,14,1.06,11.47,1.73,0,0.235,0,0.0
TXN004667,500,UPI,BANK_D,11,1.55,1.57,2.63,0,0.267,0,0.0
TXN004668,5000,WALLET,BANK_D,19,1.46,4.71,1.85,1,0.327,0,0.0
TXN004669,500,UPI,BANK_A,18,1.05,4.87,1.93,0,0.218,0,0.0
TXN004670,750,NETBANKING,BANK_A,21,0.74,7.33,2.37,0,0.218,0,0.0
TXN004671,2000,UPI,BANK_A,8,1.18,2.42,3.29,0,0.165,0,0.0
TXN004672,2000,UPI,BANK_C,12,1.04,8.31,1.06,0,0.084,0,0.0
TXN004673,2500,CARD,BANK_B,23,0.9,6.85,3.19,0,0.365,0,0.0
TXN004674,1500,CARD,BANK_C,17,1.2,-1.0,-1.0,0,0.162,1,1.1
TXN004675,1000,CARD,BANK_A,3,0.88,28.74,1.84,0,0.16,1,21.9
TXN004676,5000,CARD,BANK_A,12,1.0,1.56,1.05,0,0.201,0,0.0
TXN004677,2000,UPI,BANK_B,22,1.36,5.43,1.59,0,0.385,0,0.0
TXN004678,1000,UPI,BANK_C,13,0.66,5.44,1.33,0,0.111,0,0.0
TXN004679,250,UPI,BANK_A,11,2.51,7.37,1.04,0,0.284,0,0.0
TXN004680,1500,CARD,BANK_C,13,2.39,4.9,3.4,0,0.119,0,0.0
TXN004681,750,UPI,BANK_D,13,1.3,10.13,3.33,0,0.282,0,0.0
TXN004682,25000,NETBANKING,BANK_A,3,2.25,2.54,1.34,0,0.242,0,0.0
TXN004683,100,UPI,BANK_A,21,1.29,4.48,0.63,0,0.233,0,0.0
TXN004684,10000,CARD,BANK_C,12,2.03,6.54,40.62,0,0.142,1,31.1
TXN004685,2500,NETBANKING,BANK_A,1,1.56,12.05,1.26,1,0.243,1,5.8
TXN004686,10000,UPI,BANK_A,5,1.7,5.78,2.38,0,0.251,0,0.0
TXN004687,250,NETBANKING,BANK_D,2,1.88,5.18,2.06,0,0.363,0,0.0
TXN004688,100,UPI,BANK_C,23,2.63,7.63,3.62,0,0.146,0,0.0
TXN004689,250,UPI,BANK_D,0,1.84,0.69,0.65,0,0.306,1,1.0
TXN004690,5000,WALLET,BANK_C,15,1.11,7.59,1.15,0,0.174,0,0.0
TXN004691,500,CARD,BANK_A,16,2.07,8.72,1.79,0,0.26,0,0.0
TXN004692,100,UPI,BANK_D,19,1.55,-1.0,-1.0,0,0.269,1,3.0
TXN004693,10000,CARD,BANK_C,11,0.82,9.19,2.42,0,0.159,0,0.0
TXN004694,500,CARD,BANK_B,23,0.62,8.63,3.79,0,0.264,0,0.0
TXN004695,750,UPI,BANK_A,15,0.2,6.84,1.78,0,0.206,0,0.0
TXN004696,250,UPI,BANK_D,16,0.9,-1.0,-1.0,0,0.325,1,1.1
TXN004697,100,UPI,BANK_A,3,1.16,-1.0,-1.0,0,0.351,1,1.0
TXN004698,10000,UPI,BANK_A,7,0.65,7.66,3.4,0,0.19,0,0.0
TXN004699,100,CARD,BANK_B,1,1.2,11.34,1.63,1,0.338,0,0.0
TXN004700,250,NETBANKING,BANK_A,12,1.13,1.84,1.17,0,0.183,0,0.0
TXN004701,1000,CARD,BANK_D,20,1.91,4.73,30.2,0,0.288,1,23.4
TXN004702,2500,CARD,BANK_B,15,1.03,8.23,3.45,0,0.359,0,0.0
TXN004703,100,CARD,BANK_D,6,2.18,3.67,0.8,0,0.328,1,1.0
TXN004704,1000,UPI,BANK_B,2,1.05,30.75,0.62,1,0.337,1,20.8
TXN004705,2500,UPI,BANK_B,2,0.21,28.94,3.81,0,0.351,1,21.9
TXN004706,250,UPI,BANK_A,10,1.57,-1.0,-1.0,0,0.123,1,1.0
TXN004707,100,UPI,BANK_A,21,1.88,42.26,1.16,0,0.26,1,33.4
TXN004708,100,CARD,BANK_D,5,1.88,-1.0,-1.0,0,0.273,1,1.0
TXN004709,500,UPI,BANK_B,0,1.47,7.42,1.71,0,0.434,0,0.0
TXN004710,500,NETBANKING,BANK_C,4,1.05,9.25,2.69,0,0.204,0,0.0
TXN004711,750,UPI,BANK_C,5,2.25,10.21,2.79,0,0.162,1,1.0
TXN004712,1500,WALLET,BANK_C,23,1.75,5.73,1.99,0,0.167,0,0.0
TXN004713,5000,CARD,BANK_B,3,2.63,7.86,29.82,0,0.402,1,23.1
TXN004714,1000,NETBANKING,BANK_B,6,1.91,3.53,2.51,0,0.394,0,0.0
TXN004715,2000,CARD,BANK_B,15,0.25,6.2,0.53,0,0.355,0,0.0
TXN004716,500,CARD,BANK_D,7,1.57,6.0,1.26,1,0.238,0,0.0
TXN004717,750,UPI,BANK_A,15,1.77,5.51,1.23,0,0.241,0,0.0
TXN004718,250,UPI,BANK_D,3,1.08,-1.0,-1.0,1,0.375,1,1.0
TXN004719,2000,CARD,BANK_C,9,1.57,6.01,2.85,0,0.111,0,0.0
TXN004720,2000,UPI,BANK_D,6,1.24,6.83,1.96,0,0.219,0,0.0
TXN004721,500,CARD,BANK_B,0,1.36,3.24,2.23,1,0.467,0,0.0
TXN004722,2000,UPI,BANK_D,15,2.14,6.3,1.13,0,0.285,0,0.0
TXN004723,750,WALLET,BANK_D,19,1.32,1.75,1.55,0,0.233,0,0.0
TXN004724,500,UPI,BANK_B,5,1.44,2.69,1.76,0,0.354,0,0.0
TXN004725,750,UPI,BANK_A,18,0.24,6.81,0.82,0,0.29,0,0.0
TXN004726,100,UPI,BANK_B,0,0.2,6.37,2.61,0,0.279,0,0.0
TXN004727,10000,WALLET,BANK_D,21,1.7,0.5,1.65,0,0.284,0,0.0
TXN004728,250,UPI,BANK_D,13,1.55,60.82,1.59,0,0.323,1,52.9
TXN004729,500,CARD,BANK_B,5,1.29,3.56,23.3,0,0.364,1,18.2
TXN004730,5000,CARD,BANK_D,6,1.87,15.39,2.45,0,0.224,1,8.2
TXN004731,1000,CARD,BANK_B,7,1.14,6.59,1.37,0,0.337,0,0.0
TXN004732,100,UPI,BANK_A,23,1.91,5.56,1.08,0,0.175,0,0.0
TXN004733,1500,UPI,BANK_B,14,2.26,4.03,1.08,0,0.354,0,0.0
TXN004734,500,NETBANKING,BANK_B,15,1.98,7.29,2.1,0,0.388,0,0.0
TXN004735,250,NETBANKING,BANK_C,0,0.82,-1.0,1.6,0,0.139,1,2.9
TXN004736,2000,CARD,BANK_B,10,1.26,11.89,0.32,0,0.29,0,0.0
TXN004737,250,CARD,BANK_D,1,1.21,51.44,0.93,1,0.281,1,45.3
TXN004738,2000,CARD,BANK_B,22,1.49,1.61,43.96,0,0.442,1,38.1
TXN004739,1000,UPI,BANK_D,0,1.56,4.88,0.72,0,0.276,0,0.0
TXN004740,100,UPI,BANK_B,16,1.47,6.6,1.62,0,0.309,0,0.0
TXN004741,5000,CARD,BANK_D,1,0.56,3.65,2.66,0,0.345,0,0.0
TXN004742,1000,CARD,BANK_C,14,0.87,-1.0,-1.0,0,0.068,1,1.0
TXN004743,500,NETBANKING,BANK_A,17,0.94,-1.0,-1.0,0,0.205,1,1.0
TXN004744,10000,UPI,BANK_C,6,1.59,8.84,2.27,1,0.147,0,0.0
TXN004745,2000,WALLET,BANK_C,17,1.96,7.39,2.6,0,0.15,0,0.0
TXN004746,100,CARD,BANK_D,20,1.81,6.86,1.67,0,0.235,0,0.0
TXN004747,2500,UPI,BANK_D,1,1.12,3.18,3.13,1,0.345,1,1.0
TXN004748,100,NETBANKING,BANK_D,20,1.44,6.9,2.79,0,0.248,0,0.0
TXN004749,5000,UPI,BANK_D,10,1.49,8.82,1.46,0,0.382,0,0.0
TXN004750,500,CARD,BANK_B,5,1.9,5.97,3.94,0,0.328,0,0.0
TXN004751,500,CARD,BANK_B,16,1.69,3.18,4.64,0,0.303,0,0.0
TXN004752,500,UPI,BANK_D,16,1.47,8.7,1.58,0,0.147,0,0.0
TXN004753,500,UPI,BANK_B,22,1.35,10.41,1.96,0,0.383,0,0.0
TXN004754,25000,UPI,BANK_B,8,2.28,-1.0,2.37,0,0.364,1,1.0
TXN004755,1000,CARD,BANK_C,23,1.25,3.37,0.77,0,0.15,0,0.0
TXN004756,1500,NETBANKING,BANK_C,8,0.91,7.02,2.22,0,0.178,0,0.0
TXN004757,1500,CARD,BANK_B,7,1.56,4.73,1.14,0,0.319,0,0.0
TXN004758,250,UPI,BANK_D,6,1.53,25.08,1.75,0,0.259,1,15.5
TXN004759,2500,CARD,BANK_B,17,0.3,10.13,0.57,0,0.366,1,1.2
TXN004760,750,CARD,BANK_C,9,1.61,6.11,2.17,0,0.1,0,0.0
TXN004761,2500,UPI,BANK_A,20,1.33,32.75,1.02,0,0.197,1,22.6
TXN004762,500,CARD,BANK_A,22,1.94,18.02,3.61,0,0.256,1,12.7
TXN004763,500,UPI,BANK_B,5,0.91,-1.0,-1.0,0,0.311,1,1.0
TXN004764,250,CARD,BANK_C,7,1.67,1.49,0.44,0,0.153,0,0.0
TXN004765,250,UPI,BANK_A,17,0.89,32.03,0.46,1,0.206,1,24.9
TXN004766,2000,NETBANKING,BANK_C,1,1.61,9.32,57.76,0,0.124,1,49.7
TXN004767,1500,UPI,BANK_A,15,1.99,8.87,3.34,0,0.23,0,0.0
TXN004768,250,CARD,BANK_A,16,2.05,4.65,1.29,0,0.198,0,0.0
TXN004769,2000,CARD,BANK_B,20,0.75,6.34,2.17,0,0.351,0,0.0
TXN004770,500,CARD,BANK_D,5,2.46,3.44,1.58,0,0.263,0,0.0
TXN004771,1000,UPI,BANK_D,3,2.22,5.05,1.31,0,0.235,0,0.0
TXN004772,250,NETBANKING,BANK_D,1,1.86,6.0,2.14,0,0.319,0,0.0
TXN004773,250,CARD,BANK_B,9,1.55,11.33,3.05,0,0.316,0,0.0
TXN004774,1000,CARD,BANK_C,3,1.3,5.21,2.15,0,0.14,0,0.0
TXN004775,1000,CARD,BANK_D,21,0.62,2.15,3.05,0,0.327,0,0.0
TXN004776,750,UPI,BANK_B,22,1.87,29.38,1.76,0,0.27,1,21.2
TXN004777,250,CARD,BANK_D,12,1.65,6.76,1.84,0,0.326,0,0.0
TXN004778,1500,CARD,BANK_A,14,2.41,8.79,0.76,0,0.3,0,0.0
TXN004779,100,NETBANKING,BANK_C,20,3.17,28.89,1.37,0,0.131,1,20.4
TXN004780,500,NETBANKING,BANK_D,8,1.43,3.17,0.26,0,0.329,0,0.0
TXN004781,500,WALLET,BANK_A,1,1.8,9.28,2.88,0,0.203,0,0.0
TXN004782,2000,WALLET,BANK_A,22,1.41,9.49,0.49,0,0.221,0,0.0
TXN004783,1000,CARD,BANK_C,22,1.58,7.75,1.45,0,0.213,0,0.0
TXN004784,500,UPI,BANK_B,6,1.49,4.92,1.41,1,0.315,0,0.0
TXN004785,100,UPI,BANK_A,8,1.89,3.82,0.74,1,0.142,0,0.0
TXN004786,250,WALLET,BANK_C,5,1.04,-1.0,-1.0,0,0.1,1,1.9
TXN004787,500,UPI,BANK_B,5,2.03,3.88,2.57,0,0.292,0,0.0
TXN004788,750,UPI,BANK_D,10,2.36,4.93,1.53,0,0.186,0,0.0
TXN004789,500,CARD,BANK_A,2,0.85,3.94,0.4,0,0.195,0,0.0
TXN004790,10000,UPI,BANK_B,18,1.39,2.99,3.84,0,0.392,0,0.0
TXN004791,750,NETBANKING,BANK_D,23,1.94,8.47,35.24,0,0.118,1,26.8
TXN004792,2000,CARD,BANK_C,1,1.8,8.73,2.0,1,0.209,0,0.0
TXN004793,500,UPI,BANK_C,3,0.98,5.25,0.71,0,0.128,0,0.0
TXN004794,1500,NETBANKING,BANK_D,12,1.46,7.34,3.38,0,0.26,0,0.0
TXN004795,2000,CARD,BANK_A,6,1.32,10.92,2.34,0,0.287,1,4.8
TXN004796,1000,UPI,BANK_C,21,1.14,7.17,0.34,0,0.112,0,0.0
TXN004797,25000,UPI,BANK_B,2,3.82,5.96,0.32,0,0.298,0,0.0
TXN004798,100,WALLET,BANK_D,11,1.99,4.86,2.92,0,0.225,0,0.0
TXN004799,750,CARD,BANK_C,19,2.29,9.2,2.43,0,0.132,0,0.0
TXN004800,750,UPI,BANK_C,13,1.02,19.66,2.55,0,0.2,1,11.1
TXN004801,500,CARD,BANK_B,6,1.63,49.2,1.89,0,0.283,1,44.8
TXN004802,250,CARD,BANK_B,22,1.14,0.5,3.16,0,0.277,0,0.0
TXN004803,100,UPI,BANK_A,23,1.23,-1.0,-1.0,0,0.25,1,1.0
TXN004804,1500,CARD,BANK_A,10,1.32,10.0,2.92,0,0.21,0,0.0
TXN004805,1000,UPI,BANK_A,22,1.79,3.21,1.51,0,0.197,0,0.0
TXN004806,2000,NETBANKING,BANK_B,4,1.5,9.66,3.44,0,0.297,0,0.0
TXN004807,750,WALLET,BANK_D,22,1.17,10.13,1.56,0,0.317,0,0.0
TXN004808,250,NETBANKING,BANK_D,16,1.21,9.7,2.49,0,0.289,0,0.0
TXN004809,1500,UPI,BANK_C,4,1.76,5.09,1.64,1,0.175,0,0.0
TXN004810,2000,CARD,BANK_D,23,0.83,-1.0,-1.0,0,0.365,1,1.0
TXN004811,1500,UPI,BANK_C,8,1.96,6.8,2.52,0,0.114,0,0.0
TXN004812,1000,CARD,BANK_D,9,0.89,5.98,3.4,0,0.297,0,0.0
TXN004813,500,UPI,BANK_B,15,1.61,7.72,2.94,0,0.288,0,0.0
TXN004814,2000,CARD,BANK_A,7,1.3,6.88,1.54,0,0.196,0,0.0
TXN004815,2500,NETBANKING,BANK_A,9,1.73,2.75,2.66,1,0.213,0,0.0
TXN004816,1000,CARD,BANK_D,19,2.02,3.9,3.13,0,0.278,0,0.0
TXN004817,1000,UPI,BANK_A,4,0.96,6.73,2.04,0,0.28,0,0.0
TXN004818,1000,UPI,BANK_D,13,1.75,8.39,1.69,0,0.265,0,0.0
TXN004819,500,UPI,BANK_B,2,1.22,8.71,2.54,0,0.412,0,0.0
TXN004820,250,CARD,BANK_B,6,1.08,3.14,1.17,0,0.387,0,0.0
TXN004821,5000,NETBANKING,BANK_B,7,0.65,-1.0,-1.0,0,0.345,1,2.6
TXN004822,250,UPI,BANK_D,4,2.37,6.12,1.55,0,0.23,0,0.0
TXN004823,25000,UPI,BANK_C,2,0.72,7.03,1.45,0,0.186,0,0.0
TXN004824,250,UPI,BANK_C,8,1.14,4.79,2.64,1,0.124,0,0.0
TXN004825,5000,NETBANKING,BANK_B,4,1.19,1.26,0.2,0,0.374,0,0.0
TXN004826,500,UPI,BANK_C,20,0.83,0.7,1.39,0,0.179,0,0.0
TXN004827,2000,UPI,BANK_C,19,1.76,2.17,0.2,0,0.17,0,0.0
TXN004828,250,CARD,BANK_C,3,1.01,5.3,2.96,0,0.173,0,0.0
TXN004829,750,NETBANKING,BANK_C,20,1.61,7.39,2.5,0,0.127,0,0.0
TXN004830,750,CARD,BANK_C,9,1.84,36.63,1.63,0,0.142,1,26.3
TXN004831,1500,UPI,BANK_A,17,1.02,5.77,2.48,0,0.325,0,0.0
TXN004832,1000,UPI,BANK_D,8,1.53,8.46,2.12,0,0.237,0,0.0
TXN004833,2500,NETBANKING,BANK_A,2,1.03,7.19,1.91,1,0.212,1,2.4
TXN004834,750,UPI,BANK_D,17,0.2,3.57,1.47,0,0.192,0,0.0
TXN004835,100,CARD,BANK_A,0,1.76,3.54,2.67,0,0.29,0,0.0
TXN004836,250,UPI,BANK_D,4,2.39,8.23,2.39,0,0.282,0,0.0
TXN004837,10000,NETBANKING,BANK_D,1,1.25,6.28,1.74,0,0.221,0,0.0
TXN004838,2000,NETBANKING,BANK_B,9,1.41,6.47,1.78,0,0.323,0,0.0
TXN004839,250,CARD,BANK_B,17,2.16,4.16,1.25,0,0.323,0,0.0
TXN004840,2000,UPI,BANK_C,21,2.27,8.22,0.2,0,0.222,0,0.0
TXN004841,1000,UPI,BANK_D,16,0.94,1.95,0.2,0,0.428,0,0.0
TXN004842,1500,NETBANKING,BANK_B,19,0.2,6.73,22.16,0,0.346,1,15.4
TXN004843,1000,WALLET,BANK_A,5,1.39,4.0,0.91,0,0.296,0,0.0
TXN004844,2000,UPI,BANK_A,19,1.34,9.73,1.62,0,0.261,0,0.0
TXN004845,750,WALLET,BANK_B,15,0.78,35.39,4.64,0,0.361,1,25.8
TXN004846,100,NETBANKING,BANK_D,20,2.54,4.63,1.03,0,0.273,0,0.0
TXN004847,5000,NETBANKING,BANK_B,6,1.82,41.77,1.14,0,0.35,1,33.4
TXN004848,500,CARD,BANK_C,16,2.14,3.24,1.61,0,0.091,0,0.0
TXN004849,10000,CARD,BANK_B,2,2.36,3.5,0.76,0,0.276,0,0.0
TXN004850,1500,CARD,BANK_D,10,1.97,3.99,1.7,0,0.319,0,0.0
TXN004851,1500,UPI,BANK_B,0,1.19,4.28,3.73,0,0.335,0,0.0
TXN004852,1500,UPI,BANK_C,20,0.72,-1.0,-1.0,0,0.266,1,1.6
TXN004853,500,CARD,BANK_C,22,1.47,9.85,2.51,1,0.21,0,0.0
TXN004854,2500,CARD,BANK_D,15,2.09,41.65,1.8,0,0.272,1,29.2
TXN004855,2000,WALLET,BANK_B,19,1.64,6.48,38.86,0,0.4,1,29.7
TXN004856,1000,UPI,BANK_D,23,0.87,44.35,1.39,0,0.298,1,34.0
TXN004857,2500,UPI,BANK_A,15,1.68,6.74,1.47,0,0.247,0,0.0
TXN004858,5000,NETBANKING,BANK_C,13,1.52,18.98,0.45,1,0.16,1,8.7
TXN004859,500,CARD,BANK_B,13,1.2,9.47,3.31,0,0.39,0,0.0
TXN004860,250,NETBANKING,BANK_A,22,2.57,5.12,2.55,1,0.255,0,0.0
TXN004861,1500,NETBANKING,BANK_C,23,1.33,9.34,3.05,0,0.177,0,0.0
TXN004862,1500,CARD,BANK_C,21,1.01,6.42,2.28,0,0.185,0,0.0
TXN004863,500,WALLET,BANK_D,14,1.57,53.05,1.51,0,0.262,1,47.0
TXN004864,1500,NETBANKING,BANK_C,10,1.91,8.6,1.24,1,0.109,0,0.0
TXN004865,250,NETBANKING,BANK_D,23,1.12,7.68,2.29,0,0.269,0,0.0
TXN004866,500,UPI,BANK_C,23,2.19,35.75,2.32,0,0.156,1,26.8
TXN004867,2000,CARD,BANK_B,20,0.4,8.0,2.4,0,0.357,0,0.0
TXN004868,2000,CARD,BANK_C,23,0.79,-1.0,-1.0,0,0.164,1,3.0
TXN004869,500,UPI,BANK_B,0,1.39,5.33,1.83,0,0.346,0,0.0
TXN004870,100,NETBANKING,BANK_B,2,0.85,6.59,3.04,0,0.378,0,0.0
TXN004871,1500,CARD,BANK_C,2,2.08,5.03,3.74,0,0.254,0,0.0
TXN004872,250,CARD,BANK_A,14,1.11,7.56,0.2,0,0.251,0,0.0
TXN004873,2000,NETBANKING,BANK_B,22,1.73,5.57,4.35,1,0.361,0,0.0
TXN004874,1000,UPI,BANK_B,11,1.09,18.43,2.77,0,0.39,1,11.0
TXN004875,1000,UPI,BANK_C,1,1.8,5.55,0.63,0,0.157,1,1.2
TXN004876,500,CARD,BANK_B,20,2.05,8.0,2.24,0,0.248,1,1.0
TXN004877,2500,UPI,BANK_A,18,2.15,31.55,1.11,0,0.144,1,22.9
TXN004878,2500,UPI,BANK_B,6,1.4,15.23,2.06,0,0.324,1,3.0
TXN004879,500,NETBANKING,BANK_D,0,1.22,7.56,39.2,0,0.312,1,31.2
TXN004880,100,WALLET,BANK_C,19,1.27,5.71,22.6,0,0.091,1,11.3
TXN004881,250,NETBANKING,BANK_A,5,2.2,31.96,1.38,0,0.227,1,26.3
TXN004882,250,CARD,BANK_B,11,1.0,6.16,2.46,0,0.349,0,0.0
TXN004883,1500,UPI,BANK_C,4,0.88,4.9,0.2,0,0.057,0,0.0
TXN004884,1500,NETBANKING,BANK_C,10,0.9,-1.0,-1.0,0,0.154,1,1.0
TXN004885,500,CARD,BANK_B,0,1.21,5.69,1.3,0,0.393,0,0.0
TXN004886,1000,UPI,BANK_B,8,1.95,3.67,3.27,1,0.389,0,0.0
TXN004887,500,UPI,BANK_B,17,1.58,5.71,2.34,0,0.354,0,0.0
TXN004888,1000,NETBANKING,BANK_C,18,1.71,4.47,42.09,0,0.125,1,33.1
TXN004889,2000,NETBANKING,BANK_B,4,2.01,7.01,46.51,0,0.389,1,39.3
TXN004890,750,NETBANKING,BANK_C,6,0.91,6.96,2.16,0,0.194,0,0.0
TXN004891,2000,UPI,BANK_A,1,1.77,4.71,1.87,0,0.148,0,0.0
TXN004892,25000,NETBANKING,BANK_D,6,2.04,4.51,1.07,0,0.319,0,0.0
TXN004893,1000,UPI,BANK_C,18,1.46,1.69,1.02,0,0.213,0,0.0
TXN004894,1500,WALLET,BANK_B,3,2.08,7.9,2.99,0,0.349,0,0.0
TXN004895,1000,UPI,BANK_A,20,1.4,4.85,2.79,0,0.149,0,0.0
TXN004896,5000,WALLET,BANK_A,6,0.2,7.51,2.05,0,0.159,1,1.0
TXN004897,750,CARD,BANK_C,7,0.93,5.31,1.77,0,0.162,0,0.0
TXN004898,500,CARD,BANK_B,16,0.86,10.62,2.42,1,0.44,0,0.0
TXN004899,750,CARD,BANK_C,11,1.6,5.71,1.51,0,0.199,0,0.0
TXN004900,1500,CARD,BANK_C,17,2.35,7.05,0.49,0,0.134,0,0.0
TXN004901,100,UPI,BANK_D,4,2.96,5.13,1.73,0,0.225,0,0.0
TXN004902,250,CARD,BANK_A,13,1.56,8.02,0.2,0,0.309,0,0.0
TXN004903,750,UPI,BANK_C,10,2.26,5.98,2.74,0,0.222,0,0.0
TXN004904,250,WALLET,BANK_A,9,1.95,6.38,3.16,0,0.234,0,0.0
TXN004905,1500,UPI,BANK_A,20,2.01,24.36,2.34,0,0.192,1,14.8
TXN004906,500,NETBANKING,BANK_C,5,2.48,11.49,0.97,0,0.107,0,0.0
TXN004907,100,UPI,BANK_C,2,1.89,1.87,2.17,0,0.094,0,0.0
TXN004908,500,CARD,BANK_A,9,2.83,4.05,2.4,0,0.259,0,0.0
TXN004909,1000,UPI,BANK_B,10,1.54,2.98,2.12,0,0.431,0,0.0
TXN004910,250,UPI,BANK_B,2,1.86,9.75,0.63,0,0.29,0,0.0
TXN004911,10000,WALLET,BANK_D,1,1.77,0.5,52.25,0,0.269,1,46.8
TXN004912,100,CARD,BANK_C,16,1.39,37.12,0.2,1,0.192,1,26.8
TXN004913,10000,CARD,BANK_D,2,1.93,24.38,2.87,1,0.27,1,19.6
TXN004914,2500,UPI,BANK_B,22,1.14,9.62,1.75,0,0.387,0,0.0
TXN004915,250,NETBANKING,BANK_D,23,1.36,5.55,1.22,0,0.292,0,0.0
TXN004916,1000,NETBANKING,BANK_D,2,1.68,7.76,2.34,0,0.288,0,0.0
TXN004917,500,CARD,BANK_C,16,1.69,3.67,3.33,0,0.157,0,0.0
TXN004918,100,UPI,BANK_C,9,0.89,5.07,1.89,1,0.096,0,0.0
TXN004919,250,UPI,BANK_D,2,1.52,7.01,2.25,0,0.27,0,0.0
TXN004920,2000,CARD,BANK_B,17,2.05,4.41,2.55,0,0.386,0,0.0
TXN004921,10000,UPI,BANK_B,2,0.47,5.77,0.84,1,0.276,0,0.0
TXN004922,500,CARD,BANK_C,17,1.91,5.66,2.33,0,0.128,0,0.0
TXN004923,100,CARD,BANK_D,21,1.95,2.43,1.83,0,0.212,0,0.0
TXN004924,2000,CARD,BANK_B,13,1.87,5.8,1.42,0,0.341,0,0.0
TXN004925,10000,WALLET,BANK_D,15,1.77,6.6,1.95,0,0.353,0,0.0
TXN004926,100,UPI,BANK_A,22,1.73,39.44,0.2,0,0.294,1,31.1
TXN004927,2500,WALLET,BANK_A,2,1.11,7.11,0.96,1,0.161,0,0.0
TXN004928,2500,CARD,BANK_A,21,0.8,9.21,1.54,1,0.238,0,0.0
TXN004929,500,CARD,BANK_D,20,1.41,4.69,2.87,0,0.25,0,0.0
TXN004930,5000,NETBANKING,BANK_C,10,1.46,4.06,1.89,0,0.127,0,0.0
TXN004931,500,CARD,BANK_D,5,0.74,7.27,0.49,0,0.14,0,0.0
TXN004932,250,CARD,BANK_B,18,1.62,6.61,0.79,0,0.328,0,0.0
TXN004933,1500,UPI,BANK_C,21,2.34,5.27,2.69,0,0.187,0,0.0
TXN004934,500,UPI,BANK_B,20,0.86,-1.0,-1.0,0,0.351,1,1.0
TXN004935,2000,NETBANKING,BANK_C,5,1.48,39.46,3.92,0,0.113,1,31.0
TXN004936,100,UPI,BANK_D,2,0.99,13.84,0.62,0,0.311,0,0.0
TXN004937,1500,CARD,BANK_C,20,2.75,22.44,2.48,0,0.122,1,14.4
TXN004938,1500,NETBANKING,BANK_A,0,1.89,8.15,1.69,0,0.154,0,0.0
TXN004939,250,CARD,BANK_A,19,2.26,26.73,1.67,0,0.196,1,16.5
TXN004940,250,UPI,BANK_D,7,1.28,6.29,2.09,0,0.299,0,0.0
TXN004941,10000,WALLET,BANK_B,18,1.43,9.67,2.56,0,0.395,1,1.1
TXN004942,250,CARD,BANK_C,17,1.92,6.58,2.34,0,0.107,0,0.0
TXN004943,2000,NETBANKING,BANK_C,8,0.22,7.86,2.94,0,0.05,0,0.0
TXN004944,500,NETBANKING,BANK_C,21,1.24,4.28,2.77,0,0.204,0,0.0
TXN004945,2500,WALLET,BANK_C,12,1.8,2.21,0.2,0,0.125,0,0.0
TXN004946,250,UPI,BANK_C,14,2.44,3.77,1.91,0,0.072,0,0.0
TXN004947,1000,WALLET,BANK_B,23,1.45,4.31,2.92,0,0.329,0,0.0
TXN004948,5000,NETBANKING,BANK_B,21,0.84,10.2,3.49,0,0.304,1,1.2
TXN004949,750,CARD,BANK_D,11,0.93,9.77,2.49,0,0.326,0,0.0
TXN004950,100,UPI,BANK_B,18,1.1,5.65,1.21,0,0.252,0,0.0
TXN004951,1000,NETBANKING,BANK_A,4,1.78,8.01,2.14,0,0.235,0,0.0
TXN004952,1500,UPI,BANK_D,3,1.81,-1.0,2.7,0,0.325,1,2.3
TXN004953,1000,CARD,BANK_D,23,1.45,2.92,1.03,0,0.347,0,0.0
TXN004954,2500,UPI,BANK_A,2,1.24,3.74,1.99,0,0.201,0,0.0
TXN004955,750,NETBANKING,BANK_A,21,1.75,4.0,0.76,0,0.253,1,1.0
TXN004956,1000,UPI,BANK_C,19,1.76,4.81,0.92,0,0.203,1,1.0
TXN004957,250,UPI,BANK_B,10,1.17,10.89,2.67,0,0.383,0,0.0
TXN004958,750,CARD,BANK_B,12,0.94,24.03,0.94,1,0.363,1,13.6
TXN004959,5000,NETBANKING,BANK_C,3,0.71,-1.0,-1.0,0,0.188,1,1.0
TXN004960,500,NETBANKING,BANK_B,1,1.35,7.23,25.07,0,0.301,1,17.5
TXN004961,750,UPI,BANK_D,23,0.79,-1.0,-1.0,0,0.208,1,1.0
TXN004962,500,WALLET,BANK_B,21,1.61,9.92,1.18,0,0.355,0,0.0
TXN004963,100,UPI,BANK_D,12,0.94,5.81,2.5,0,0.329,0,0.0
TXN004964,2000,UPI,BANK_C,10,2.81,8.14,39.58,1,0.108,1,28.8
TXN004965,5000,NETBANKING,BANK_A,8,1.71,5.46,1.4,0,0.171,0,0.0
TXN004966,250,CARD,BANK_D,8,1.79,5.5,3.65,0,0.151,0,0.0
TXN004967,100,WALLET,BANK_C,8,2.09,11.36,3.07,0,0.125,0,0.0
TXN004968,250,NETBANKING,BANK_A,7,2.0,7.05,1.36,1,0.227,0,0.0
TXN004969,250,NETBANKING,BANK_A,6,1.69,5.81,1.0,0,0.212,0,0.0
TXN004970,1000,CARD,BANK_A,8,0.1,-1.0,-1.0,0,0.245,1,1.0
TXN004971,2500,UPI,BANK_A,21,1.36,4.21,2.35,0,0.172,0,0.0
TXN004972,100,UPI,BANK_B,14,1.01,6.48,3.07,0,0.367,0,0.0
TXN004973,1500,UPI,BANK_A,20,1.7,5.3,1.7,1,0.168,0,0.0
TXN004974,100,NETBANKING,BANK_D,11,1.32,8.69,2.61,0,0.289,0,0.0
TXN004975,250,CARD,BANK_D,22,1.08,4.34,1.03,0,0.215,0,0.0
TXN004976,5000,CARD,BANK_C,13,1.64,55.85,0.2,0,0.146,1,46.3
TXN004977,1500,NETBANKING,BANK_A,17,2.73,6.12,2.09,0,0.246,0,0.0
TXN004978,100,UPI,BANK_A,1,1.84,-1.0,-1.0,0,0.209,1,1.0
TXN004979,2000,UPI,BANK_D,18,0.9,-1.0,-1.0,0,0.23,1,1.0
TXN004980,1000,UPI,BANK_C,23,2.03,4.54,0.72,0,0.184,0,0.0
TXN004981,250,UPI,BANK_D,9,1.04,5.63,3.18,1,0.291,0,0.0
TXN004982,2000,UPI,BANK_A,9,0.35,9.29,4.19,0,0.228,0,0.0
TXN004983,1000,CARD,BANK_C,19,1.62,8.24,2.28,1,0.173,0,0.0
TXN004984,250,CARD,BANK_D,4,2.81,8.6,2.75,1,0.295,0,0.0
TXN004985,1000,UPI,BANK_B,19,0.58,7.63,1.69,0,0.302,0,0.0
TXN004986,250,WALLET,BANK_D,13,1.13,9.65,0.63,0,0.484,0,0.0
TXN004987,100,CARD,BANK_A,3,1.27,6.87,1.26,0,0.255,0,0.0
TXN004988,1000,UPI,BANK_B,2,1.81,37.82,1.86,1,0.408,1,31.7
TXN004989,250,NETBANKING,BANK_C,6,2.03,47.13,2.51,0,0.12,1,37.9
TXN004990,100,UPI,BANK_B,21,1.01,33.1,0.94,0,0.35,1,23.8
TXN004991,250,CARD,BANK_C,0,1.11,11.76,2.97,0,0.134,0,0.0
TXN004992,500,UPI,BANK_B,16,1.46,9.77,2.43,0,0.395,0,0.0
TXN004993,750,UPI,BANK_D,10,2.24,47.01,2.62,0,0.321,1,38.0
TXN004994,1000,UPI,BANK_C,15,1.31,1.72,3.01,0,0.13,0,0.0
TXN004995,750,CARD,BANK_C,9,1.89,3.95,2.51,0,0.205,0,0.0
TXN004996,250,CARD,BANK_C,14,1.68,8.45,2.88,1,0.253,0,0.0
TXN004997,500,CARD,BANK_B,12,1.06,7.92,3.21,1,0.272,0,0.0
TXN004998,100,CARD,BANK_C,2,0.99,6.83,1.04,0,0.168,0,0.0
TXN004999,1000,CARD,BANK_A,17,0.98,35.0,0.57,0,0.227,1,29.9
TXN005000,10000,CARD,BANK_B,9,2.22,5.2,1.93,0,0.357,0,0.0
