amount,payment_method,retry_count,gateway_hour,gateway_day_of_week,gateway_is_weekend,bank_observed_by_checkpoint,bank_name_at_checkpoint,bank_status_at_checkpoint,bank_response_code_at_checkpoint,bank_receive_lag_minutes,bank_update_observed_by_checkpoint,bank_age_minutes_at_checkpoint,settlement_amount_at_checkpoint,settlement_amount_delta_at_checkpoint,is_delayed
10000,NETBANKING,1,9,3,0,1,BANK_C,SETTLED,00,1.2887198666666668,1,7.330772966666667,10000.0,0.0,0
500,CARD,0,20,3,0,1,BANK_B,PROCESSING,PENDING,1.86958765,0,8.13041235,500.0,0.0,0
1500,UPI,0,6,1,0,1,BANK_D,SETTLED,00,1.5951238166666668,1,7.563975983333333,1500.0,0.0,0
100,CARD,0,17,6,1,1,BANK_A,PROCESSING,PENDING,1.6319980166666668,0,8.368001983333334,100.0,0.0,0
5000,CARD,0,23,3,0,1,BANK_D,SETTLED,00,0.6739883166666666,1,7.587877366666667,5000.0,0.0,0
2000,UPI,0,1,6,1,1,BANK_B,SETTLED,00,2.0589437999999998,1,6.9623774166666665,2000.0,0.0,0
2500,UPI,0,23,4,0,1,BANK_B,SETTLED,00,0.9631637833333334,1,7.608316983333333,2500.0,0.0,0
750,WALLET,0,3,5,1,1,BANK_C,PROCESSING,PENDING,1.689363,0,8.310637,750.0,0.0,0
1000,CARD,0,11,2,0,1,BANK_D,PROCESSING,PENDING,1.7633959,0,8.2366041,1000.0,0.0,0
250,CARD,0,3,0,0,1,BANK_C,PROCESSING,PENDING,1.9505214,0,8.049478599999999,250.0,0.0,0
100,CARD,0,14,2,0,1,BANK_A,SETTLED,00,2.385569433333333,1,6.920891533333333,100.0,0.0,0
750,NETBANKING,0,8,1,0,1,BANK_B,SETTLED,00,1.7637819666666668,1,7.3104696,750.0,0.0,0
100,CARD,0,2,2,0,1,BANK_C,PROCESSING,PENDING,2.6623387,0,7.3376613,100.0,0.0,0
2500,UPI,0,12,0,0,1,BANK_A,SETTLED,00,1.3282507666666667,1,7.13491395,2500.0,0.0,0
250,UPI,0,9,2,0,1,BANK_D,PROCESSING,PENDING,2.03868925,0,7.96131075,250.0,0.0,0
100,CARD,0,16,3,0,1,BANK_D,SETTLED,00,1.9241097833333332,1,7.656664933333333,100.0,0.0,0
250,UPI,0,20,2,0,1,BANK_A,SETTLED,00,1.1082503166666666,1,7.3710698,250.0,0.0,0
1500,WALLET,0,2,0,0,1,BANK_C,PROCESSING,PENDING,1.2657216333333332,0,8.734278366666667,1500.0,0.0,0
250,UPI,0,5,4,0,1,BANK_B,SETTLED,00,2.929561366666667,1,7.0504715000000004,250.0,0.0,0
500,UPI,0,1,6,1,1,BANK_B,SETTLED,00,1.4918119166666666,1,7.754159116666667,500.0,0.0,0
2500,CARD,0,19,0,0,1,BANK_A,SETTLED,00,2.5785567166666667,1,7.290743933333333,2500.0,0.0,0
750,UPI,1,8,2,0,1,BANK_D,PROCESSING,PENDING,2.5785367,0,7.4214633,750.0,0.0,0
2500,UPI,0,16,5,1,1,BANK_A,SETTLED,00,0.8497807,1,6.861512266666667,2500.0,0.0,0
2500,WALLET,0,14,1,0,1,BANK_C,PROCESSING,PENDING,2.3564911666666664,0,7.643508833333333,2500.0,0.0,0
2500,CARD,0,22,5,1,1,BANK_A,PROCESSING,PENDING,3.4073122,0,6.592687799999999,2500.0,0.0,0
5000,UPI,1,11,2,0,1,BANK_A,SETTLED,00,2.629304933333333,1,5.575700516666667,5000.0,0.0,0
10000,UPI,0,4,6,1,1,BANK_C,SETTLED,00,1.68577205,1,7.473867216666666,10000.0,0.0,0
5000,UPI,0,0,2,0,1,BANK_D,SETTLED,00,2.22018375,1,6.723397899999999,5000.0,0.0,0
750,UPI,0,4,6,1,1,BANK_D,SETTLED,00,1.4362908333333333,1,6.55780505,750.0,0.0,0
500,CARD,0,5,3,0,1,BANK_D,SETTLED,00,1.5727067666666665,1,6.326910466666666,500.0,0.0,0
2500,WALLET,1,21,4,0,1,BANK_C,PROCESSING,PENDING,1.5657886499999998,0,8.43421135,2500.0,0.0,0
25000,WALLET,0,20,2,0,1,BANK_A,SETTLED,00,1.7595566666666669,1,6.154791216666666,25000.0,0.0,0
250,NETBANKING,0,17,1,0,1,BANK_A,SETTLED,00,1.5051033833333334,1,7.987330633333333,250.0,0.0,0
2500,NETBANKING,0,18,2,0,1,BANK_D,PROCESSING,PENDING,2.0041321,0,7.9958678999999995,2500.0,0.0,0
1500,UPI,0,10,2,0,1,BANK_A,SETTLED,00,1.4467221333333333,1,6.009490633333333,1500.0,0.0,0
2000,UPI,0,14,3,0,1,BANK_D,SETTLED,00,1.26945245,1,8.547609233333333,2000.0,0.0,0
1500,UPI,0,2,3,0,1,BANK_B,PROCESSING,PENDING,2.97445445,0,7.02554555,1500.0,0.0,0
750,NETBANKING,0,9,6,1,1,BANK_A,PROCESSING,PENDING,1.9500730833333333,0,8.049926916666667,750.0,0.0,0
1000,UPI,0,23,4,0,1,BANK_C,PROCESSING,PENDING,1.4733383000000002,0,8.5266617,1000.0,0.0,0
250,CARD,0,14,5,1,1,BANK_D,PROCESSING,PENDING,2.4311280666666666,0,7.568871933333333,250.0,0.0,0
1000,UPI,2,1,4,0,1,BANK_A,PROCESSING,PENDING,2.0803795333333333,0,7.919620466666667,1000.0,0.0,0
500,UPI,0,15,2,0,1,BANK_B,SETTLED,00,1.2106605166666666,1,8.498340833333334,500.0,0.0,0
250,NETBANKING,0,23,3,0,1,BANK_A,SETTLED,00,1.8901493999999999,1,7.483886733333334,250.0,0.0,0
1000,WALLET,0,13,5,1,1,BANK_D,SETTLED,00,2.4720421833333335,1,6.909245383333333,1000.0,0.0,0
2000,UPI,0,9,0,0,1,BANK_B,PROCESSING,PENDING,1.8392762500000002,0,8.160723749999999,2000.0,0.0,0
250,CARD,0,23,1,0,1,BANK_B,SETTLED,00,0.5622694,1,6.571925066666666,250.0,0.0,0
250,UPI,0,12,4,0,1,BANK_B,SETTLED,00,2.025926166666667,1,6.675238583333334,250.0,0.0,0
2500,CARD,0,14,3,0,1,BANK_A,SETTLED,00,1.7566778333333335,1,7.097477566666667,2500.0,0.0,0
500,WALLET,0,7,2,0,1,BANK_B,PROCESSING,PENDING,1.73431835,0,8.26568165,500.0,0.0,0
250,NETBANKING,1,16,6,1,1,BANK_A,SETTLED,00,2.4542713833333334,1,6.937655383333333,250.0,0.0,0
250,NETBANKING,0,13,3,0,1,BANK_D,SETTLED,00,0.4408678166666667,1,8.434547683333333,250.0,0.0,0
250,UPI,0,21,4,0,1,BANK_B,SETTLED,00,2.3864362,1,7.2664578833333335,250.0,0.0,0
250,UPI,0,0,1,0,1,BANK_B,SETTLED,00,3.1857413833333337,1,4.871538866666667,250.0,0.0,0
750,CARD,0,11,2,0,1,BANK_C,PROCESSING,PENDING,0.8271413666666666,0,9.172858633333334,750.0,0.0,0
750,WALLET,1,6,1,0,1,BANK_B,PROCESSING,PENDING,1.6809313833333335,0,8.319068616666666,750.0,0.0,0
750,CARD,0,13,6,1,1,BANK_A,SETTLED,00,2.1144593,1,6.724713683333333,750.0,0.0,0
5000,UPI,0,20,5,1,1,BANK_A,SETTLED,00,1.8617621666666666,1,5.67493485,5000.0,0.0,0
100,UPI,0,19,6,1,1,BANK_B,SETTLED,00,2.4450496999999998,1,7.221671316666667,100.0,0.0,0
250,CARD,0,4,4,0,1,BANK_D,SETTLED,00,1.2618517,1,6.284370383333334,250.0,0.0,0
500,UPI,0,12,1,0,1,BANK_A,SETTLED,00,0.7651771333333334,1,8.89737395,500.0,0.0,0
500,UPI,0,14,1,0,1,BANK_C,SETTLED,00,1.4831893333333332,1,6.48295395,500.0,0.0,0
250,CARD,0,11,6,1,1,BANK_B,SETTLED,00,2.280695016666667,1,7.58355385,250.0,0.0,0
2500,NETBANKING,0,11,6,1,1,BANK_C,SETTLED,00,1.5905529166666668,1,7.448204933333333,2500.0,0.0,0
5000,NETBANKING,0,8,1,0,1,BANK_D,SETTLED,00,0.84573165,1,7.5781868333333335,5000.0,0.0,0
1000,NETBANKING,0,22,3,0,1,BANK_D,PROCESSING,PENDING,1.7679969166666667,0,8.232003083333334,1000.0,0.0,0
2000,CARD,0,22,5,1,1,BANK_D,PROCESSING,PENDING,1.5080254833333333,0,8.491974516666666,2000.0,0.0,0
1500,CARD,0,0,1,0,1,BANK_A,SETTLED,00,1.3270287333333333,1,7.0124558,1500.0,0.0,0
250,NETBANKING,0,7,6,1,1,BANK_A,SETTLED,00,1.2050755,1,6.2116532,250.0,0.0,0
100,UPI,1,11,2,0,1,BANK_D,SETTLED,00,1.3569381833333334,1,5.713055133333333,100.0,0.0,0
2500,UPI,0,14,6,1,1,BANK_C,PROCESSING,PENDING,1.3315599666666667,0,8.668440033333333,2500.0,0.0,0
750,UPI,0,1,3,0,1,BANK_D,SETTLED,00,0.5866804333333333,1,8.568952683333332,750.0,0.0,0
100,NETBANKING,0,10,1,0,1,BANK_C,PROCESSING,PENDING,1.9613795166666668,0,8.038620483333334,100.0,0.0,0
250,UPI,0,4,3,0,1,BANK_D,SETTLED,00,2.2935025999999996,1,7.654868966666667,250.0,0.0,0
1500,WALLET,0,23,0,0,1,BANK_B,PROCESSING,PENDING,1.6493481666666667,0,8.350651833333334,1500.0,0.0,0
1000,CARD,0,1,2,0,1,BANK_A,PROCESSING,PENDING,1.1391235166666667,0,8.860876483333334,1000.0,0.0,0
1000,CARD,1,14,3,0,1,BANK_D,PROCESSING,PENDING,1.5496309166666669,0,8.450369083333333,1000.0,0.0,0
5000,UPI,0,21,1,0,1,BANK_B,PROCESSING,PENDING,1.5031937166666667,0,8.496806283333333,5000.0,0.0,0
10000,UPI,0,11,6,1,1,BANK_C,SETTLED,00,0.3613113,1,9.216475333333333,10000.0,0.0,0
100,UPI,0,6,1,0,1,BANK_C,PROCESSING,PENDING,1.9146375333333334,0,8.085362466666668,100.0,0.0,0
1000,CARD,0,17,1,0,1,BANK_B,PROCESSING,PENDING,1.7723973833333335,0,8.227602616666667,1000.0,0.0,0
1000,CARD,0,21,0,0,1,BANK_C,SETTLED,00,1.8832556333333335,1,6.828854233333333,1000.0,0.0,0
1500,NETBANKING,0,22,0,0,1,BANK_D,PROCESSING,PENDING,1.2434613833333332,0,8.756538616666667,1500.0,0.0,0
250,UPI,0,14,6,1,1,BANK_D,SETTLED,00,2.139586583333333,1,6.961921366666667,250.0,0.0,0
100,CARD,0,2,2,0,1,BANK_A,PROCESSING,PENDING,2.0818827,0,7.9181173000000005,100.0,0.0,0
100,UPI,0,15,3,0,1,BANK_A,PROCESSING,PENDING,1.9517233,0,8.048276699999999,100.0,0.0,0
500,CARD,1,16,5,1,1,BANK_C,SETTLED,00,2.2178036833333334,1,6.18849885,500.0,0.0,0
1500,WALLET,0,20,3,0,1,BANK_B,SETTLED,00,1.1275071666666667,1,7.965498166666666,1500.0,0.0,0
1500,CARD,0,18,3,0,1,BANK_B,PROCESSING,PENDING,1.8060832333333332,0,8.193916766666666,1500.0,0.0,0
2000,UPI,1,8,2,0,1,BANK_A,SETTLED,00,1.6820801333333333,1,7.27878425,2000.0,0.0,0
500,UPI,0,0,3,0,1,BANK_D,SETTLED,00,0.6560996166666667,1,8.553055716666668,500.0,0.0,0
2000,WALLET,0,16,1,0,1,BANK_D,PROCESSING,PENDING,1.2090061666666665,0,8.790993833333333,2000.0,0.0,0
1500,NETBANKING,0,16,3,0,1,BANK_B,PROCESSING,PENDING,1.9356174166666666,0,8.064382583333334,1500.0,0.0,0
750,UPI,0,23,2,0,1,BANK_B,SETTLED,00,1.8187339333333334,1,6.284498916666666,750.0,0.0,0
100,UPI,0,15,4,0,1,BANK_B,PROCESSING,PENDING,0.5400303999999999,0,9.459969599999999,100.0,0.0,0
100,UPI,0,18,5,1,1,BANK_A,SETTLED,00,1.2473082166666667,1,6.296660416666667,100.0,0.0,0
2500,CARD,1,4,2,0,1,BANK_D,PROCESSING,PENDING,0.7647649166666667,0,9.235235083333333,2500.0,0.0,0
500,UPI,0,13,0,0,1,BANK_D,SETTLED,00,1.7911819666666666,1,7.3071094,500.0,0.0,0
100,UPI,0,0,1,0,1,BANK_A,SETTLED,00,1.7001294,1,6.463783266666667,100.0,0.0,0
500,UPI,0,23,3,0,1,BANK_C,SETTLED,00,2.6833175666666667,1,5.526885766666666,500.0,0.0,0
500,UPI,0,4,6,1,1,BANK_D,SETTLED,00,2.5660319,1,6.597873216666667,500.0,0.0,0
2000,UPI,1,6,2,0,1,BANK_D,SETTLED,00,2.0178525166666668,1,6.442799583333334,2000.0,0.0,0
500,CARD,0,15,0,0,1,BANK_A,SETTLED,00,0.68467365,1,8.683144583333332,500.0,0.0,0
10000,CARD,0,20,2,0,1,BANK_D,PROCESSING,PENDING,1.8095750833333333,0,8.190424916666666,10000.0,0.0,0
1500,CARD,0,11,2,0,1,BANK_D,SETTLED,00,1.6703436,1,7.463118833333334,1500.0,0.0,0
2000,UPI,0,4,3,0,1,BANK_B,SETTLED,00,1.5690788166666667,1,8.361039666666667,2000.0,0.0,0
1500,CARD,0,23,2,0,1,BANK_D,SETTLED,00,1.7251544833333334,1,6.952073133333333,1500.0,0.0,0
100,NETBANKING,0,23,4,0,1,BANK_C,PROCESSING,PENDING,1.2759342166666667,0,8.724065783333334,100.0,0.0,0
100,UPI,0,3,5,1,1,BANK_C,PROCESSING,PENDING,2.6645201666666667,0,7.335479833333333,100.0,0.0,0
1500,CARD,0,15,0,0,1,BANK_B,PROCESSING,PENDING,2.03360775,0,7.96639225,1500.0,0.0,0
250,UPI,0,22,0,0,1,BANK_C,SETTLED,00,2.06251375,1,5.1626699,250.0,0.0,0
2500,CARD,0,0,2,0,1,BANK_D,PROCESSING,PENDING,1.1105641499999999,0,8.88943585,2500.0,0.0,0
2000,UPI,1,9,2,0,1,BANK_A,SETTLED,00,1.7688852833333333,1,5.058513199999999,2000.0,0.0,0
250,CARD,0,19,4,0,1,BANK_C,PROCESSING,PENDING,0.6662859833333333,0,9.333714016666667,250.0,0.0,0
25000,UPI,0,3,5,1,1,BANK_D,SETTLED,00,0.87167475,1,8.8325231,25000.0,0.0,0
10000,WALLET,0,3,0,0,1,BANK_C,PROCESSING,PENDING,1.7564886333333334,0,8.243511366666667,10000.0,0.0,0
250,CARD,0,7,5,1,1,BANK_D,SETTLED,00,1.3928568166666666,1,7.492364749999999,250.0,0.0,0
2000,WALLET,0,10,6,1,1,BANK_A,SETTLED,00,2.3321956333333334,1,6.5711517,2000.0,0.0,0
750,CARD,1,5,4,0,1,BANK_A,PROCESSING,PENDING,0.8667397333333333,0,9.133260266666667,750.0,0.0,0
1000,WALLET,0,8,6,1,1,BANK_A,SETTLED,00,1.4406821333333333,1,7.0084406,1000.0,0.0,0
2500,UPI,0,12,0,0,1,BANK_B,PROCESSING,PENDING,1.0351367999999999,0,8.9648632,2500.0,0.0,0
1000,WALLET,0,5,6,1,1,BANK_D,PROCESSING,PENDING,1.67761985,0,8.322380149999999,1000.0,0.0,0
500,UPI,0,11,6,1,1,BANK_A,PROCESSING,PENDING,0.5290636333333334,0,9.470936366666667,500.0,0.0,0
1500,UPI,0,7,4,0,1,BANK_D,SETTLED,00,0.86624075,1,7.888129433333333,1500.0,0.0,0
1500,UPI,1,6,4,0,1,BANK_D,PROCESSING,PENDING,1.0026749,0,8.997325100000001,1500.0,0.0,0
500,UPI,0,1,5,1,1,BANK_A,SETTLED,00,1.9651375166666667,1,7.982233283333333,500.0,0.0,0
100,UPI,0,2,4,0,1,BANK_B,SETTLED,00,0.7480168500000001,1,6.6330112833333335,100.0,0.0,0
5000,CARD,0,14,4,0,1,BANK_D,SETTLED,00,0.9971885,1,8.915720766666668,5000.0,0.0,0
750,CARD,0,1,2,0,1,BANK_B,SETTLED,00,2.819308716666667,1,5.956005183333334,750.0,0.0,0
250,CARD,0,11,1,0,1,BANK_C,SETTLED,00,1.8432574333333334,1,6.93932575,250.0,0.0,0
250,CARD,0,14,4,0,1,BANK_B,PROCESSING,PENDING,1.4038242333333335,0,8.596175766666667,250.0,0.0,0
2000,UPI,0,6,1,0,1,BANK_C,SETTLED,00,2.38125825,1,6.074584466666667,2000.0,0.0,0
1000,UPI,0,1,3,0,1,BANK_A,PROCESSING,PENDING,1.1345381166666668,0,8.865461883333333,1000.0,0.0,0
2500,UPI,0,21,5,1,1,BANK_D,PROCESSING,PENDING,1.2716251,0,8.7283749,2500.0,0.0,0
250,NETBANKING,1,6,4,0,1,BANK_D,PROCESSING,PENDING,2.1019235166666665,0,7.898076483333333,250.0,0.0,0
100,NETBANKING,0,12,6,1,1,BANK_C,PROCESSING,PENDING,1.7864463499999998,0,8.21355365,100.0,0.0,0
100,CARD,0,3,1,0,1,BANK_D,PROCESSING,PENDING,1.7383404333333334,0,8.261659566666667,100.0,0.0,0
100,WALLET,0,22,5,1,1,BANK_C,SETTLED,00,1.8597507166666667,1,6.510869216666666,100.0,0.0,0
100,NETBANKING,0,4,4,0,1,BANK_C,PROCESSING,PENDING,0.9249245333333334,0,9.075075466666668,100.0,0.0,0
1500,UPI,0,19,2,0,1,BANK_B,SETTLED,00,1.42176345,1,7.034618466666667,1500.0,0.0,0
2000,UPI,0,16,6,1,1,BANK_A,PROCESSING,PENDING,1.1043013833333333,0,8.895698616666666,2000.0,0.0,0
5000,CARD,0,0,4,0,1,BANK_D,PROCESSING,PENDING,1.6557668166666666,0,8.344233183333333,5000.0,0.0,0
500,NETBANKING,0,4,5,1,1,BANK_A,PROCESSING,PENDING,2.417136483333333,0,7.5828635166666665,500.0,0.0,0
250,NETBANKING,1,10,2,0,1,BANK_D,SETTLED,00,1.0847910333333333,1,7.805685366666666,250.0,0.0,0
750,CARD,0,1,0,0,1,BANK_B,PROCESSING,PENDING,1.0886357999999998,0,8.911364200000001,750.0,0.0,0
2500,CARD,0,16,4,0,1,BANK_B,SETTLED,00,1.4189078333333331,1,7.86604555,2500.0,0.0,0
500,UPI,0,10,2,0,1,BANK_A,PROCESSING,PENDING,2.1938047833333334,0,7.806195216666667,500.0,0.0,0
500,CARD,0,15,0,0,1,BANK_A,PROCESSING,PENDING,1.5115964499999999,0,8.48840355,500.0,0.0,0
250,NETBANKING,0,16,1,0,1,BANK_C,PROCESSING,PENDING,2.460942833333333,0,7.539057166666667,250.0,0.0,0
250,UPI,0,11,3,0,1,BANK_D,SETTLED,00,1.5547762666666667,1,8.386569483333334,250.0,0.0,0
100,CARD,0,7,0,0,1,BANK_B,PROCESSING,PENDING,1.67408,0,8.32592,100.0,0.0,0
100,UPI,0,14,1,0,1,BANK_B,SETTLED,00,1.7675570166666668,1,5.743535133333333,100.0,0.0,0
1500,NETBANKING,0,12,2,0,1,BANK_A,SETTLED,00,1.2137274666666669,1,7.902363816666666,1500.0,0.0,0
250,UPI,0,10,0,0,1,BANK_D,PROCESSING,PENDING,1.9542710166666666,0,8.045728983333333,250.0,0.0,0
2000,WALLET,0,12,4,0,1,BANK_C,SETTLED,00,1.4748492166666667,1,6.168636416666667,2000.0,0.0,0
1500,CARD,0,13,4,0,1,BANK_D,SETTLED,00,1.9297174499999998,1,5.765270433333333,1500.0,0.0,0
1500,CARD,0,13,0,0,1,BANK_D,SETTLED,00,1.8452084,1,7.05546665,1500.0,0.0,0
5000,NETBANKING,0,11,1,0,1,BANK_C,PROCESSING,PENDING,1.1498859666666665,0,8.850114033333334,5000.0,0.0,0
250,UPI,0,12,5,1,1,BANK_B,SETTLED,00,1.2860331166666665,1,6.6177564166666665,250.0,0.0,0
1000,CARD,0,2,4,0,1,BANK_A,PROCESSING,PENDING,1.6075030666666665,0,8.392496933333334,1000.0,0.0,0
2500,UPI,0,15,4,0,1,BANK_A,PROCESSING,PENDING,1.5071466166666667,0,8.492853383333333,2500.0,0.0,0
250,NETBANKING,0,14,6,1,1,BANK_A,PROCESSING,PENDING,0.2,0,9.8,250.0,0.0,0
1000,UPI,0,7,5,1,1,BANK_A,PROCESSING,PENDING,1.37928615,0,8.62071385,1000.0,0.0,0
2000,UPI,1,21,3,0,1,BANK_A,SETTLED,00,1.8571716333333332,1,7.6657182,2000.0,0.0,0
2000,UPI,0,10,6,1,1,BANK_C,PROCESSING,PENDING,1.3968847166666667,0,8.603115283333333,2000.0,0.0,0
500,UPI,0,6,3,0,1,BANK_A,PROCESSING,PENDING,2.173535916666667,0,7.826464083333334,500.0,0.0,0
250,UPI,0,4,6,1,1,BANK_D,SETTLED,00,1.0458540833333332,1,5.596926416666666,250.0,0.0,0
1500,UPI,0,11,5,1,1,BANK_B,SETTLED,00,1.8759458333333332,1,6.636385316666666,1500.0,0.0,0
2500,UPI,0,8,6,1,1,BANK_A,SETTLED,00,1.0339493,1,8.733836466666666,2500.0,0.0,0
2500,CARD,1,9,0,0,1,BANK_C,SETTLED,00,1.52342705,1,7.038547083333333,2500.0,0.0,0
250,CARD,0,10,4,0,1,BANK_B,PROCESSING,PENDING,1.9261649333333333,0,8.073835066666666,250.0,0.0,0
5000,WALLET,0,4,4,0,1,BANK_A,SETTLED,00,1.499298,1,7.273119966666667,5000.0,0.0,0
5000,NETBANKING,0,11,2,0,1,BANK_B,SETTLED,00,1.3590204,1,6.026438016666666,5000.0,0.0,0
750,UPI,0,15,4,0,1,BANK_A,SETTLED,00,1.1512089166666668,1,7.172174,750.0,0.0,0
1000,NETBANKING,0,14,1,0,1,BANK_C,SETTLED,00,0.8403228666666667,1,8.540808,1000.0,0.0,0
25000,CARD,0,16,3,0,1,BANK_B,SETTLED,00,1.6373819666666667,1,7.541269349999999,25000.0,0.0,0
100,UPI,0,7,3,0,1,BANK_D,PROCESSING,PENDING,1.7352372666666667,0,8.264762733333333,100.0,0.0,0
2500,WALLET,1,14,4,0,1,BANK_B,PROCESSING,PENDING,1.9933375833333333,0,8.006662416666666,2500.0,0.0,0
1500,CARD,0,18,2,0,1,BANK_D,PROCESSING,PENDING,2.525720766666667,0,7.474279233333333,1500.0,0.0,0
1000,UPI,0,4,5,1,1,BANK_A,SETTLED,00,1.0114274666666667,1,7.316393133333333,1000.0,0.0,0
1500,UPI,0,5,0,0,1,BANK_A,PROCESSING,PENDING,1.9774326500000001,0,8.02256735,1500.0,0.0,0
500,NETBANKING,0,0,3,0,1,BANK_D,SETTLED,00,1.3056465166666666,1,7.875133033333333,500.0,0.0,0
1000,NETBANKING,0,7,0,0,1,BANK_D,PROCESSING,PENDING,1.72761535,0,8.27238465,1000.0,0.0,0
10000,UPI,0,13,2,0,1,BANK_B,SETTLED,00,2.213001916666667,1,5.2197617,10000.0,0.0,0
500,NETBANKING,0,1,3,0,1,BANK_B,PROCESSING,PENDING,1.5593492833333333,0,8.440650716666667,500.0,0.0,0
250,UPI,1,16,2,0,1,BANK_D,SETTLED,00,0.9074893333333333,1,7.696007183333333,250.0,0.0,0
500,NETBANKING,1,5,0,0,1,BANK_D,SETTLED,00,0.8969361666666666,1,7.796554066666667,500.0,0.0,0
2000,CARD,0,5,2,0,1,BANK_B,SETTLED,00,0.9925363166666668,1,8.5660642,2000.0,0.0,0
2000,UPI,0,12,3,0,1,BANK_A,SETTLED,00,0.2,1,7.115344566666667,2000.0,0.0,0
2500,CARD,0,12,4,0,1,BANK_D,SETTLED,00,1.9662770833333334,1,7.502759866666667,2500.0,0.0,0
1000,CARD,0,16,6,1,1,BANK_C,PROCESSING,PENDING,1.1811258666666666,0,8.818874133333333,1000.0,0.0,0
100,CARD,0,7,1,0,1,BANK_B,PROCESSING,PENDING,1.1739298,0,8.8260702,100.0,0.0,0
2000,NETBANKING,1,15,2,0,1,BANK_A,PROCESSING,PENDING,1.4664378,0,8.5335622,2000.0,0.0,0
2000,NETBANKING,1,23,1,0,1,BANK_B,SETTLED,00,0.9040037166666667,1,6.9800759999999995,2000.0,0.0,0
1500,UPI,0,23,3,0,1,BANK_C,PROCESSING,PENDING,1.8434370666666666,0,8.156562933333333,1500.0,0.0,0
500,NETBANKING,0,18,0,0,1,BANK_D,SETTLED,00,1.8418247333333333,1,5.908232016666667,500.0,0.0,0
10000,CARD,1,4,1,0,1,BANK_B,PROCESSING,PENDING,2.1821211833333334,0,7.817878816666666,10000.0,0.0,0
500,UPI,0,2,0,0,1,BANK_D,PROCESSING,PENDING,1.34927365,0,8.650726350000001,500.0,0.0,0
750,CARD,0,21,6,1,1,BANK_D,SETTLED,00,2.4746987,1,6.508411316666667,750.0,0.0,0
2500,NETBANKING,0,18,0,0,1,BANK_D,SETTLED,00,1.3235085333333332,1,5.393758016666666,2500.0,0.0,0
500,UPI,0,16,2,0,1,BANK_B,SETTLED,00,1.8547517666666666,1,6.43007785,500.0,0.0,0
500,CARD,0,18,1,0,1,BANK_D,SETTLED,00,1.9584649333333333,1,6.613387366666667,500.0,0.0,0
100,UPI,0,7,0,0,1,BANK_D,SETTLED,00,1.6350700333333335,1,5.8666426000000005,100.0,0.0,0
5000,UPI,0,4,5,1,1,BANK_B,SETTLED,00,0.5932663833333333,1,8.66117615,5000.0,0.0,0
500,UPI,0,4,5,1,1,BANK_C,PROCESSING,PENDING,0.7817673833333333,0,9.218232616666667,500.0,0.0,0
250,NETBANKING,0,22,6,1,1,BANK_C,SETTLED,00,0.9943126333333333,1,8.496169766666666,250.0,0.0,0
500,UPI,1,12,4,0,1,BANK_D,PROCESSING,PENDING,2.9675871666666667,0,7.032412833333334,500.0,0.0,0
1000,UPI,0,10,0,0,1,BANK_D,SETTLED,00,0.62897675,1,7.954350566666666,1000.0,0.0,0
100,NETBANKING,0,19,0,0,1,BANK_B,PROCESSING,PENDING,1.7572819333333334,0,8.242718066666667,100.0,0.0,0
1000,UPI,0,1,2,0,1,BANK_C,SETTLED,00,1.4285249833333333,1,7.859017499999999,1000.0,0.0,0
100,NETBANKING,1,1,4,0,1,BANK_D,SETTLED,00,0.9087732000000001,1,8.970874799999999,100.0,0.0,0
750,NETBANKING,0,5,3,0,1,BANK_A,PROCESSING,PENDING,1.1522280166666665,0,8.847771983333333,750.0,0.0,0
250,UPI,0,12,0,0,1,BANK_D,PROCESSING,PENDING,2.1557229666666666,0,7.844277033333333,250.0,0.0,0
5000,UPI,0,21,5,1,1,BANK_B,PROCESSING,PENDING,1.2950917166666664,0,8.704908283333333,5000.0,0.0,0
250,UPI,0,0,3,0,1,BANK_C,PROCESSING,PENDING,1.3165257166666666,0,8.683474283333334,250.0,0.0,0
250,CARD,0,7,1,0,1,BANK_D,SETTLED,00,0.5649496333333333,1,7.624694933333333,250.0,0.0,0
500,CARD,0,7,4,0,1,BANK_B,SETTLED,00,1.8496478666666667,1,6.203825699999999,500.0,0.0,0
100,CARD,1,12,3,0,1,BANK_B,PROCESSING,PENDING,2.680121183333333,0,7.319878816666667,100.0,0.0,0
250,UPI,0,8,4,0,1,BANK_D,PROCESSING,PENDING,2.56367395,0,7.43632605,250.0,0.0,0
500,UPI,0,6,4,0,1,BANK_A,PROCESSING,PENDING,2.3959809333333335,0,7.604019066666667,500.0,0.0,0
500,WALLET,0,2,2,0,1,BANK_A,SETTLED,00,0.6780939166666666,1,7.489369766666667,500.0,0.0,0
2000,NETBANKING,0,5,0,0,1,BANK_C,SETTLED,00,1.0209991333333333,1,7.499566933333333,2000.0,0.0,0
500,UPI,0,20,2,0,1,BANK_C,PROCESSING,PENDING,1.8109109333333333,0,8.189089066666666,500.0,0.0,0
750,WALLET,0,8,3,0,1,BANK_C,SETTLED,00,2.1354712,1,6.682735266666667,750.0,0.0,0
100,CARD,1,20,4,0,1,BANK_D,SETTLED,00,1.0257668,1,7.8570683500000005,100.0,0.0,0
250,CARD,0,23,6,1,1,BANK_A,PROCESSING,PENDING,0.6345198833333333,0,9.365480116666667,250.0,0.0,0
500,CARD,0,21,3,0,1,BANK_D,PROCESSING,PENDING,1.6139018333333333,0,8.386098166666667,500.0,0.0,0
750,WALLET,0,2,2,0,1,BANK_D,SETTLED,00,2.0706991,1,7.765950366666667,750.0,0.0,0
250,UPI,0,16,0,0,1,BANK_B,SETTLED,00,2.5338539333333334,1,5.44881355,250.0,0.0,0
500,CARD,0,1,2,0,1,BANK_D,PROCESSING,PENDING,0.20865176666666668,0,9.791348233333334,500.0,0.0,0
500,UPI,0,22,5,1,1,BANK_C,SETTLED,00,2.556528683333333,1,7.30581885,500.0,0.0,0
1000,NETBANKING,0,9,5,1,1,BANK_B,SETTLED,00,0.9526091333333333,1,6.841360566666666,1000.0,0.0,0
1000,UPI,0,2,5,1,1,BANK_A,PROCESSING,PENDING,1.1652168,0,8.8347832,1000.0,0.0,0
500,UPI,1,6,6,1,1,BANK_C,PROCESSING,PENDING,1.8398408166666667,0,8.160159183333333,500.0,0.0,0
500,UPI,0,23,0,0,1,BANK_A,SETTLED,00,1.6271895333333333,1,6.628716333333333,500.0,0.0,0
250,UPI,1,6,6,1,1,BANK_A,SETTLED,00,1.76663605,1,5.731249616666667,250.0,0.0,0
5000,UPI,0,6,4,0,1,BANK_C,PROCESSING,PENDING,2.2739433166666667,0,7.726056683333334,5000.0,0.0,0
250,UPI,1,12,3,0,1,BANK_B,PROCESSING,PENDING,2.2098632499999997,0,7.79013675,250.0,0.0,0
750,CARD,0,22,3,0,1,BANK_B,SETTLED,00,2.6174953000000003,1,7.1792516666666675,750.0,0.0,0
250,WALLET,0,2,5,1,1,BANK_B,PROCESSING,PENDING,1.2621204666666666,0,8.737879533333334,250.0,0.0,0
10000,CARD,0,17,2,0,1,BANK_C,PROCESSING,PENDING,1.99823865,0,8.00176135,10000.0,0.0,0
750,CARD,1,1,2,0,1,BANK_B,SETTLED,00,2.6837375166666666,1,5.608020516666667,750.0,0.0,0
250,UPI,0,15,4,0,1,BANK_B,SETTLED,00,1.3820229833333333,1,6.1309157999999995,250.0,0.0,0
2000,NETBANKING,0,11,4,0,1,BANK_A,SETTLED,00,1.8295143,1,6.50099875,2000.0,0.0,0
2000,UPI,0,2,5,1,1,BANK_B,PROCESSING,PENDING,2.3107106,0,7.689289400000001,2000.0,0.0,0
250,CARD,0,16,5,1,1,BANK_C,SETTLED,00,1.2598603166666666,1,8.099274833333332,250.0,0.0,0
1500,WALLET,0,21,4,0,1,BANK_B,SETTLED,00,1.3376632833333335,1,7.659632083333333,1500.0,0.0,0
1000,CARD,0,14,3,0,1,BANK_D,SETTLED,00,1.4201208833333332,1,7.977827416666667,1000.0,0.0,0
750,UPI,0,7,0,0,1,BANK_B,PROCESSING,PENDING,1.1850404833333334,0,8.814959516666667,750.0,0.0,0
750,NETBANKING,0,22,3,0,1,BANK_D,SETTLED,00,2.4314202,1,7.053527266666666,750.0,0.0,0
1500,CARD,0,3,5,1,1,BANK_B,PROCESSING,PENDING,2.1513216833333333,0,7.848678316666667,1500.0,0.0,0
1000,UPI,0,10,5,1,1,BANK_D,SETTLED,00,2.6086858333333334,1,5.9567814,1000.0,0.0,0
750,NETBANKING,0,9,3,0,1,BANK_D,SETTLED,00,1.9992793,1,5.362460866666667,750.0,0.0,0
1500,WALLET,0,10,5,1,1,BANK_D,SETTLED,00,0.2,1,9.436178033333334,1500.0,0.0,0
10000,NETBANKING,1,22,6,1,1,BANK_A,SETTLED,00,0.8170647333333334,1,7.8548248,10000.0,0.0,0
100,CARD,1,12,3,0,1,BANK_C,PROCESSING,PENDING,2.118847833333333,0,7.881152166666666,100.0,0.0,0
2500,NETBANKING,0,20,1,0,1,BANK_A,SETTLED,00,1.3680054499999998,1,7.492327483333333,2500.0,0.0,0
2000,UPI,0,9,1,0,1,BANK_D,SETTLED,00,1.4950710166666668,1,7.682904016666667,2000.0,0.0,0
100,UPI,1,13,6,1,1,BANK_C,PROCESSING,PENDING,2.0508429833333333,0,7.949157016666666,100.0,0.0,0
250,CARD,0,4,1,0,1,BANK_A,PROCESSING,PENDING,1.1416574,0,8.858342599999999,250.0,0.0,0
750,CARD,0,8,2,0,1,BANK_A,SETTLED,00,1.8559316333333333,1,7.92120935,750.0,0.0,0
250,UPI,0,8,1,0,1,BANK_B,SETTLED,00,1.4162340666666668,1,6.8368622666666665,250.0,0.0,0
1500,UPI,0,6,3,0,1,BANK_A,SETTLED,00,2.44727565,1,5.671785150000001,1500.0,0.0,0
100,CARD,1,9,6,1,1,BANK_D,SETTLED,00,1.7148014666666667,1,6.3657238666666665,100.0,0.0,0
5000,WALLET,0,9,2,0,1,BANK_B,PROCESSING,PENDING,1.35848575,0,8.64151425,5000.0,0.0,0
2500,WALLET,0,6,5,1,1,BANK_B,SETTLED,00,1.2155491333333333,1,6.318130083333333,2500.0,0.0,0
500,WALLET,1,19,4,0,1,BANK_A,SETTLED,00,1.7245909333333331,1,8.205494100000001,500.0,0.0,0
1500,NETBANKING,2,21,2,0,1,BANK_B,PROCESSING,PENDING,2.4786273333333333,0,7.521372666666666,1500.0,0.0,0
250,UPI,0,14,4,0,1,BANK_B,PROCESSING,PENDING,2.229002416666667,0,7.770997583333334,250.0,0.0,0
1500,UPI,0,19,2,0,1,BANK_D,PROCESSING,PENDING,2.56680965,0,7.43319035,1500.0,0.0,0
5000,UPI,1,21,6,1,1,BANK_D,PROCESSING,PENDING,2.292302816666667,0,7.707697183333334,5000.0,0.0,0
1000,UPI,0,22,0,0,1,BANK_C,SETTLED,00,0.8702551,1,7.690304833333333,1000.0,0.0,0
750,UPI,0,8,0,0,1,BANK_B,SETTLED,00,1.7509088166666666,1,7.3641593,750.0,0.0,0
1000,UPI,0,23,1,0,1,BANK_A,SETTLED,00,2.5241147500000003,1,7.4040971833333336,1000.0,0.0,0
100,CARD,0,12,4,0,1,BANK_D,SETTLED,00,2.2853659,1,6.466485366666666,100.0,0.0,0
250,UPI,1,4,6,1,1,BANK_A,PROCESSING,PENDING,2.842769183333333,0,7.157230816666667,250.0,0.0,0
2000,CARD,0,18,5,1,1,BANK_C,SETTLED,00,1.2997203666666666,1,8.095472766666667,2000.0,0.0,0
1000,CARD,0,11,4,0,1,BANK_A,PROCESSING,PENDING,1.7690842833333333,0,8.230915716666667,1000.0,0.0,0
1500,CARD,0,12,0,0,1,BANK_A,SETTLED,00,1.8932130666666667,1,5.241877433333333,1500.0,0.0,0
500,UPI,1,23,5,1,1,BANK_C,SETTLED,00,1.4674707166666667,1,7.327936116666667,500.0,0.0,0
250,CARD,0,9,5,1,1,BANK_D,SETTLED,00,1.3962170666666667,1,6.7734944666666665,250.0,0.0,0
500,UPI,0,13,2,0,1,BANK_C,SETTLED,00,2.3779674,1,6.65936745,500.0,0.0,0
750,UPI,0,17,4,0,1,BANK_A,SETTLED,00,2.7324001666666664,1,7.1455887,750.0,0.0,0
750,UPI,0,2,5,1,1,BANK_B,SETTLED,00,1.5019714666666668,1,6.240317966666667,750.0,0.0,0
250,UPI,0,17,3,0,1,BANK_D,PROCESSING,PENDING,1.4680889166666666,0,8.531911083333334,250.0,0.0,0
1000,UPI,0,11,4,0,1,BANK_A,SETTLED,00,1.1544036666666666,1,6.813796999999999,1000.0,0.0,0
250,UPI,0,10,0,0,1,BANK_A,PROCESSING,PENDING,2.0655330833333334,0,7.934466916666667,250.0,0.0,0
2000,UPI,0,10,5,1,1,BANK_D,SETTLED,00,1.7410489666666666,1,8.065308866666667,2000.0,0.0,0
2500,CARD,1,19,2,0,1,BANK_D,SETTLED,00,2.2854365666666667,1,5.53072985,2500.0,0.0,0
500,UPI,0,21,3,0,1,BANK_C,PROCESSING,PENDING,1.6086033166666667,0,8.391396683333333,500.0,0.0,0
1000,UPI,0,3,3,0,1,BANK_B,SETTLED,00,1.0564892833333333,1,8.200767383333334,1000.0,0.0,0
250,UPI,1,9,1,0,1,BANK_A,PROCESSING,PENDING,1.8847928333333333,0,8.115207166666666,250.0,0.0,0
500,UPI,0,19,5,1,1,BANK_B,PROCESSING,PENDING,2.4841696833333335,0,7.5158303166666665,500.0,0.0,0
500,UPI,0,13,2,0,1,BANK_D,SETTLED,00,2.7284439333333332,1,5.93887045,500.0,0.0,0
1500,UPI,0,11,0,0,1,BANK_B,PROCESSING,PENDING,2.31080825,0,7.68919175,1500.0,0.0,0
750,CARD,0,19,2,0,1,BANK_A,SETTLED,00,0.2597917,1,8.594973233333333,750.0,0.0,0
100,UPI,0,19,1,0,1,BANK_B,PROCESSING,PENDING,2.212122266666667,0,7.7878777333333336,100.0,0.0,0
250,UPI,0,14,4,0,1,BANK_B,PROCESSING,PENDING,2.2063472,0,7.7936528,250.0,0.0,0
100,NETBANKING,0,10,2,0,1,BANK_D,PROCESSING,PENDING,2.0352329333333334,0,7.964767066666667,100.0,0.0,0
25000,WALLET,0,18,6,1,1,BANK_D,SETTLED,00,0.2,1,8.476018516666667,25000.0,0.0,0
1500,NETBANKING,0,15,5,1,1,BANK_C,PROCESSING,PENDING,1.3301374166666666,0,8.669862583333332,1500.0,0.0,0
500,NETBANKING,0,12,6,1,1,BANK_A,PROCESSING,PENDING,1.6102181,0,8.3897819,500.0,0.0,0
250,CARD,0,16,1,0,1,BANK_C,SETTLED,00,2.3731370333333337,1,7.144752333333333,250.0,0.0,0
100,NETBANKING,0,0,3,0,1,BANK_B,SETTLED,00,1.42945605,1,7.3616935,100.0,0.0,0
250,NETBANKING,0,6,5,1,1,BANK_C,SETTLED,00,1.7825127,1,6.502055316666667,250.0,0.0,0
1000,WALLET,0,10,3,0,1,BANK_D,PROCESSING,PENDING,1.3241692833333334,0,8.675830716666667,1000.0,0.0,0
5000,CARD,0,4,3,0,1,BANK_D,SETTLED,00,1.6221137833333332,1,4.730988533333333,5000.0,0.0,0
1000,NETBANKING,0,1,4,0,1,BANK_C,SETTLED,00,1.2278075666666666,1,8.622676049999999,1000.0,0.0,0
2500,CARD,0,0,2,0,1,BANK_C,SETTLED,00,0.6460446999999999,1,9.221576700000002,2500.0,0.0,0
1000,CARD,0,4,4,0,1,BANK_C,SETTLED,00,1.7816045833333334,1,6.0160506,1000.0,0.0,0
250,WALLET,0,1,6,1,1,BANK_C,SETTLED,00,1.8778691,1,7.683322916666667,250.0,0.0,0
1000,UPI,0,19,4,0,1,BANK_C,SETTLED,00,2.453905333333333,1,7.0380997999999995,1000.0,0.0,0
100,CARD,0,0,2,0,1,BANK_A,PROCESSING,PENDING,1.0909216833333335,0,8.909078316666667,100.0,0.0,0
500,CARD,0,16,3,0,1,BANK_C,PROCESSING,PENDING,2.2856882,0,7.7143118,500.0,0.0,0
1000,UPI,0,2,3,0,1,BANK_A,SETTLED,00,1.7778965166666665,1,7.597794433333333,1000.0,0.0,0
500,UPI,0,21,0,0,1,BANK_B,SETTLED,00,1.2215973666666666,1,7.497722366666666,500.0,0.0,0
250,UPI,1,4,6,1,1,BANK_C,SETTLED,00,1.8813035833333334,1,5.3816489,250.0,0.0,0
100,UPI,0,9,2,0,1,BANK_A,SETTLED,00,2.4248460166666663,1,5.079782233333333,100.0,0.0,0
5000,UPI,0,10,6,1,1,BANK_D,SETTLED,00,1.5649305666666666,1,8.389583933333334,5000.0,0.0,0
500,CARD,0,13,0,0,1,BANK_C,PROCESSING,PENDING,2.6220291,0,7.377970899999999,500.0,0.0,0
750,UPI,0,19,5,1,1,BANK_A,SETTLED,00,0.8327082499999999,1,7.320942733333334,750.0,0.0,0
250,UPI,0,11,3,0,1,BANK_C,SETTLED,00,1.94272355,1,7.772023783333334,250.0,0.0,0
2500,UPI,0,12,6,1,1,BANK_C,SETTLED,00,2.1254136333333333,1,7.5508784166666665,2500.0,0.0,0
2000,UPI,0,6,3,0,1,BANK_C,PROCESSING,PENDING,1.1815104333333333,0,8.818489566666667,2000.0,0.0,0
2000,UPI,0,15,5,1,1,BANK_C,SETTLED,00,1.7758468166666668,1,6.130040266666667,2000.0,0.0,0
25000,UPI,0,13,4,0,1,BANK_A,PROCESSING,PENDING,0.7623594666666667,0,9.237640533333332,25000.0,0.0,0
500,UPI,0,4,1,0,1,BANK_C,PROCESSING,PENDING,2.1612993833333336,0,7.838700616666667,500.0,0.0,0
1500,CARD,0,18,3,0,1,BANK_A,SETTLED,00,1.2153799166666666,1,7.303189833333334,1500.0,0.0,0
250,UPI,0,23,3,0,1,BANK_D,SETTLED,00,2.2662486333333334,1,7.0275566666666665,250.0,0.0,0
100,UPI,1,13,1,0,1,BANK_A,SETTLED,00,1.4242533666666666,1,5.896756716666667,100.0,0.0,0
500,UPI,0,7,3,0,1,BANK_B,PROCESSING,PENDING,1.84162145,0,8.15837855,500.0,0.0,0
100,UPI,2,20,2,0,1,BANK_C,SETTLED,00,1.6410682166666668,1,6.452341433333333,100.0,0.0,0
500,NETBANKING,0,3,5,1,1,BANK_D,PROCESSING,PENDING,1.5561965166666667,0,8.443803483333333,500.0,0.0,0
1000,CARD,1,9,5,1,1,BANK_B,PROCESSING,PENDING,1.59190315,0,8.40809685,1000.0,0.0,0
25000,CARD,0,0,4,0,1,BANK_C,SETTLED,00,2.4164316166666664,1,6.982046316666667,25000.0,0.0,0
2500,NETBANKING,0,13,4,0,1,BANK_D,PROCESSING,PENDING,1.54728135,0,8.45271865,2500.0,0.0,0
100,UPI,0,6,2,0,1,BANK_D,SETTLED,00,1.9992451166666667,1,6.487500166666666,100.0,0.0,0
250,CARD,0,1,5,1,1,BANK_D,SETTLED,00,1.0767116166666668,1,8.550183533333334,250.0,0.0,0
750,UPI,0,13,5,1,1,BANK_D,SETTLED,00,1.2075139666666668,1,8.215128383333333,750.0,0.0,0
500,UPI,1,7,1,0,1,BANK_A,SETTLED,00,1.0402193333333334,1,7.319369983333333,500.0,0.0,0
1000,WALLET,0,15,5,1,1,BANK_B,PROCESSING,PENDING,0.2,0,9.8,1000.0,0.0,0
250,NETBANKING,0,15,4,0,1,BANK_B,SETTLED,00,1.4001682333333332,1,6.9070244333333335,250.0,0.0,0
1000,UPI,0,6,6,1,1,BANK_D,SETTLED,00,2.3298687166666667,1,6.198369716666666,1000.0,0.0,0
1000,UPI,2,20,6,1,1,BANK_B,SETTLED,00,1.3569428833333332,1,8.61127385,1000.0,0.0,0
2500,NETBANKING,0,2,3,0,1,BANK_D,SETTLED,00,1.90185245,1,7.004379783333333,2500.0,0.0,0
250,WALLET,0,5,5,1,1,BANK_D,PROCESSING,PENDING,1.2079255666666666,0,8.792074433333333,250.0,0.0,0
5000,WALLET,0,18,4,0,1,BANK_D,SETTLED,00,2.50935795,1,6.108806183333333,5000.0,0.0,0
250,UPI,0,17,2,0,1,BANK_B,PROCESSING,PENDING,1.9376558000000002,0,8.0623442,250.0,0.0,0
5000,NETBANKING,0,4,2,0,1,BANK_B,PROCESSING,PENDING,1.5004642333333333,0,8.499535766666666,5000.0,0.0,0
250,CARD,0,7,4,0,1,BANK_C,SETTLED,00,2.3017956833333333,1,7.147451916666666,250.0,0.0,0
100,UPI,0,10,6,1,1,BANK_B,SETTLED,00,2.4967283,1,4.647065966666667,100.0,0.0,0
2000,WALLET,0,22,1,0,1,BANK_D,SETTLED,00,1.3050940833333333,1,5.566582866666667,2000.0,0.0,0
500,UPI,0,22,4,0,1,BANK_D,SETTLED,00,1.93471415,1,6.4650428,500.0,0.0,0
2000,UPI,0,18,5,1,1,BANK_C,SETTLED,00,0.8601998500000001,1,7.145703033333334,2000.0,0.0,0
1500,UPI,0,22,1,0,1,BANK_B,SETTLED,00,2.2656672166666665,1,7.306637033333333,1500.0,0.0,0
2000,UPI,0,13,2,0,1,BANK_D,SETTLED,00,2.3038410333333332,1,5.195253966666667,2000.0,0.0,0
750,WALLET,0,1,6,1,1,BANK_A,PROCESSING,PENDING,1.4241918,0,8.5758082,750.0,0.0,0
2000,UPI,0,7,6,1,1,BANK_D,PROCESSING,PENDING,1.6165950333333332,0,8.383404966666667,2000.0,0.0,0
500,NETBANKING,0,7,2,0,1,BANK_D,PROCESSING,PENDING,2.563259383333333,0,7.4367406166666665,500.0,0.0,0
2000,CARD,1,19,5,1,1,BANK_C,SETTLED,00,2.6568437,1,7.256722833333333,2000.0,0.0,0
2500,WALLET,0,21,2,0,1,BANK_B,PROCESSING,PENDING,1.7633873333333334,0,8.236612666666666,2500.0,0.0,0
750,UPI,1,2,5,1,1,BANK_B,SETTLED,00,1.8518780833333333,1,6.3976641999999995,750.0,0.0,0
250,CARD,0,7,6,1,1,BANK_C,SETTLED,00,1.3988981666666667,1,5.6705454500000005,250.0,0.0,0
5000,UPI,1,9,3,0,1,BANK_D,SETTLED,00,1.9012851,1,6.871799316666666,5000.0,0.0,0
500,UPI,1,2,5,1,1,BANK_B,SETTLED,00,0.8793529166666667,1,8.818506816666666,500.0,0.0,0
2000,UPI,0,14,4,0,1,BANK_D,SETTLED,00,1.1470695833333333,1,8.647904333333335,2000.0,0.0,0
1500,UPI,0,6,5,1,1,BANK_A,SETTLED,00,1.0053203666666668,1,8.738534483333332,1500.0,0.0,0
750,WALLET,0,21,3,0,1,BANK_A,SETTLED,00,1.7399254166666667,1,7.835850716666667,750.0,0.0,0
100,WALLET,0,0,3,0,1,BANK_A,PROCESSING,PENDING,2.1230088,0,7.8769912,100.0,0.0,0
750,CARD,0,12,2,0,1,BANK_C,SETTLED,00,0.5824615333333334,1,7.1597082499999996,750.0,0.0,0
250,CARD,0,19,1,0,1,BANK_A,SETTLED,00,1.1207308166666665,1,6.677035399999999,250.0,0.0,0
100,CARD,0,6,2,0,1,BANK_D,PROCESSING,PENDING,1.75086725,0,8.24913275,100.0,0.0,0
250,UPI,0,4,0,0,1,BANK_B,PROCESSING,PENDING,2.2030852166666666,0,7.796914783333333,250.0,0.0,0
100,UPI,0,13,2,0,1,BANK_A,SETTLED,00,1.6098374166666667,1,6.858422516666667,100.0,0.0,0
250,UPI,0,17,2,0,1,BANK_C,SETTLED,00,1.6382208166666667,1,6.558094833333333,250.0,0.0,0
2000,WALLET,0,12,3,0,1,BANK_B,PROCESSING,PENDING,1.7576174999999998,0,8.2423825,2000.0,0.0,0
5000,NETBANKING,0,12,2,0,1,BANK_A,PROCESSING,PENDING,1.42295245,0,8.57704755,5000.0,0.0,0
2000,CARD,0,8,2,0,1,BANK_B,SETTLED,00,1.7667113333333333,1,8.069467366666666,2000.0,0.0,0
250,UPI,0,13,2,0,1,BANK_D,PROCESSING,PENDING,2.1795764,0,7.8204236,250.0,0.0,0
500,CARD,0,0,3,0,1,BANK_D,PROCESSING,PENDING,1.1050263666666666,0,8.894973633333333,500.0,0.0,0
1000,UPI,0,4,5,1,1,BANK_D,PROCESSING,PENDING,1.0431848166666666,0,8.956815183333333,1000.0,0.0,0
1000,CARD,0,1,4,0,1,BANK_A,SETTLED,00,1.0172331333333333,1,8.439191283333333,1000.0,0.0,0
2500,NETBANKING,0,6,0,0,1,BANK_B,PROCESSING,PENDING,1.1586524333333335,0,8.841347566666666,2500.0,0.0,0
750,UPI,0,14,1,0,1,BANK_C,SETTLED,00,1.1977840333333334,1,8.032504516666666,750.0,0.0,0
25000,WALLET,0,19,2,0,1,BANK_C,SETTLED,00,1.6974250666666668,1,7.3496579833333335,25000.0,0.0,0
750,CARD,0,3,5,1,1,BANK_C,SETTLED,00,1.2918421166666667,1,7.42538175,750.0,0.0,0
1000,NETBANKING,0,7,5,1,1,BANK_D,SETTLED,00,3.0323104666666665,1,6.14842205,1000.0,0.0,0
25000,NETBANKING,0,12,3,0,1,BANK_D,SETTLED,00,1.0617719166666666,1,5.013312733333334,25000.0,0.0,0
250,CARD,0,10,4,0,1,BANK_C,SETTLED,00,1.3592751666666667,1,8.036571283333334,250.0,0.0,0
100,UPI,0,12,1,0,1,BANK_A,PROCESSING,PENDING,1.6721971166666667,0,8.327802883333334,100.0,0.0,0
1000,UPI,0,7,4,0,1,BANK_D,PROCESSING,PENDING,1.36770095,0,8.63229905,1000.0,0.0,0
5000,UPI,0,0,1,0,1,BANK_C,PROCESSING,PENDING,2.2647847,0,7.735215299999999,5000.0,0.0,0
1500,CARD,0,4,6,1,1,BANK_D,SETTLED,00,1.1975179166666665,1,6.836518233333334,1500.0,0.0,0
2000,UPI,1,10,2,0,1,BANK_B,SETTLED,00,1.50513,1,8.464973333333333,2000.0,0.0,0
250,NETBANKING,0,7,4,0,1,BANK_B,SETTLED,00,1.8634864833333333,1,5.495128416666666,250.0,0.0,0
2500,NETBANKING,0,10,6,1,1,BANK_A,PROCESSING,PENDING,2.7104176499999997,0,7.28958235,2500.0,0.0,0
2500,CARD,0,22,6,1,1,BANK_C,PROCESSING,PENDING,2.1643822,0,7.8356178,2500.0,0.0,0
500,UPI,0,22,6,1,1,BANK_C,PROCESSING,PENDING,1.56099075,0,8.43900925,500.0,0.0,0
750,UPI,0,23,1,0,1,BANK_A,SETTLED,00,1.2222360833333332,1,8.183338283333333,750.0,0.0,0
750,UPI,1,1,2,0,1,BANK_C,SETTLED,00,1.4883595333333333,1,7.858754,750.0,0.0,0
750,WALLET,0,9,5,1,1,BANK_C,SETTLED,00,1.1833465333333335,1,8.25339645,750.0,0.0,0
1000,UPI,0,2,1,0,1,BANK_A,PROCESSING,PENDING,1.7971860333333334,0,8.202813966666666,1000.0,0.0,0
250,WALLET,2,17,1,0,1,BANK_D,PROCESSING,PENDING,1.9704507333333334,0,8.029549266666667,250.0,0.0,0
250,UPI,0,15,1,0,1,BANK_B,PROCESSING,PENDING,2.0954749666666665,0,7.904525033333333,250.0,0.0,0
1500,CARD,0,9,5,1,1,BANK_B,PROCESSING,PENDING,1.14215195,0,8.85784805,1500.0,0.0,0
2500,UPI,0,12,3,0,1,BANK_B,SETTLED,00,2.63267895,1,5.0732385,2500.0,0.0,0
500,CARD,0,18,2,0,1,BANK_B,SETTLED,00,0.9571199499999999,1,8.53543315,500.0,0.0,0
2500,NETBANKING,0,9,6,1,1,BANK_A,SETTLED,00,2.4632460333333333,1,6.33375805,2500.0,0.0,0
1500,UPI,0,16,6,1,1,BANK_A,PROCESSING,PENDING,1.5076460166666665,0,8.492353983333334,1500.0,0.0,0
2000,WALLET,0,6,2,0,1,BANK_C,SETTLED,00,1.8283893333333334,1,7.908206366666667,2000.0,0.0,0
750,WALLET,0,4,1,0,1,BANK_A,SETTLED,00,1.9808711833333335,1,5.9432511833333335,750.0,0.0,0
250,WALLET,0,11,1,0,1,BANK_C,PROCESSING,PENDING,1.7912196999999999,0,8.208780299999999,250.0,0.0,0
500,UPI,0,8,4,0,1,BANK_C,SETTLED,00,1.9402138333333334,1,7.69838545,500.0,0.0,0
100,UPI,0,13,2,0,1,BANK_D,SETTLED,00,1.3655912833333335,1,8.328602266666667,100.0,0.0,0
2500,CARD,0,8,6,1,1,BANK_D,SETTLED,00,2.52820455,1,6.23243135,2500.0,0.0,0
1000,UPI,0,6,4,0,1,BANK_C,SETTLED,00,1.0907242333333333,1,8.589228466666667,1000.0,0.0,0
100,WALLET,0,1,6,1,1,BANK_B,SETTLED,00,1.24456195,1,8.1363799,100.0,0.0,0
2500,UPI,0,11,5,1,1,BANK_A,SETTLED,00,1.33757375,1,6.6042780500000005,2500.0,0.0,0
500,UPI,0,2,4,0,1,BANK_D,PROCESSING,PENDING,1.8305041166666667,0,8.169495883333333,500.0,0.0,0
2500,CARD,1,3,2,0,1,BANK_B,PROCESSING,PENDING,1.9609797,0,8.0390203,2500.0,0.0,0
500,UPI,0,18,1,0,1,BANK_B,SETTLED,00,1.4461324500000001,1,8.215377383333333,500.0,0.0,0
1000,UPI,0,21,4,0,1,BANK_C,SETTLED,00,2.6204843833333333,1,3.7817707166666663,1000.0,0.0,0
500,UPI,1,6,0,0,1,BANK_A,PROCESSING,PENDING,1.3492470166666666,0,8.650752983333332,500.0,0.0,0
100,UPI,0,22,3,0,1,BANK_C,PROCESSING,PENDING,1.0153680166666665,0,8.984631983333333,100.0,0.0,0
250,UPI,0,23,5,1,1,BANK_A,SETTLED,00,1.9415779166666667,1,6.403303216666667,250.0,0.0,0
500,UPI,0,12,3,0,1,BANK_B,PROCESSING,PENDING,2.474663216666667,0,7.525336783333334,500.0,0.0,0
750,UPI,0,20,3,0,1,BANK_C,SETTLED,00,1.9132847333333334,1,6.163653433333334,750.0,0.0,0
2000,CARD,0,15,3,0,1,BANK_B,PROCESSING,PENDING,2.2702673333333334,0,7.729732666666666,2000.0,0.0,0
250,UPI,0,8,3,0,1,BANK_C,SETTLED,00,0.3526544,1,8.9075477,250.0,0.0,0
500,UPI,0,20,3,0,1,BANK_D,PROCESSING,PENDING,0.5725202500000001,0,9.42747975,500.0,0.0,0
750,NETBANKING,1,12,5,1,1,BANK_B,PROCESSING,PENDING,1.7421775,0,8.2578225,750.0,0.0,0
250,UPI,1,8,0,0,1,BANK_A,SETTLED,00,2.6420761833333333,1,7.0078865,250.0,0.0,0
2000,CARD,0,20,6,1,1,BANK_B,SETTLED,00,2.2140295,1,7.5432352,2000.0,0.0,0
250,UPI,0,17,4,0,1,BANK_D,PROCESSING,PENDING,1.8551144000000002,0,8.1448856,250.0,0.0,0
250,NETBANKING,0,15,3,0,1,BANK_A,SETTLED,00,0.8418991833333334,1,8.829362033333332,250.0,0.0,0
1000,WALLET,1,20,3,0,1,BANK_A,SETTLED,00,1.62009345,1,5.140919233333333,1000.0,0.0,0
750,UPI,0,23,5,1,1,BANK_B,SETTLED,00,1.2086228833333335,1,6.817274066666667,750.0,0.0,0
250,UPI,0,0,3,0,1,BANK_A,SETTLED,00,1.37833585,1,7.3656930833333325,250.0,0.0,0
100,CARD,1,7,4,0,1,BANK_B,SETTLED,00,0.9093949333333333,1,8.868951166666667,100.0,0.0,0
2500,WALLET,0,18,4,0,1,BANK_C,SETTLED,00,2.8628795666666664,1,5.327148883333334,2500.0,0.0,0
500,UPI,0,18,2,0,1,BANK_B,SETTLED,00,2.476080533333333,1,6.464133833333333,500.0,0.0,0
1500,CARD,0,18,3,0,1,BANK_C,SETTLED,00,1.0768467000000002,1,7.43135265,1500.0,0.0,0
500,NETBANKING,0,14,1,0,1,BANK_D,PROCESSING,PENDING,2.4436415666666664,0,7.556358433333333,500.0,0.0,0
1000,NETBANKING,0,3,4,0,1,BANK_D,PROCESSING,PENDING,2.1195638,0,7.8804362,1000.0,0.0,0
100,NETBANKING,0,12,4,0,1,BANK_B,PROCESSING,PENDING,2.4475225333333333,0,7.552477466666667,100.0,0.0,0
250,UPI,0,0,0,0,1,BANK_B,SETTLED,00,1.84851085,1,7.374731316666667,250.0,0.0,0
2500,UPI,0,23,6,1,1,BANK_A,SETTLED,00,1.0916089666666666,1,7.18697455,2500.0,0.0,0
750,NETBANKING,0,21,6,1,1,BANK_D,SETTLED,00,1.9895743000000001,1,7.490846250000001,750.0,0.0,0
500,CARD,0,11,2,0,1,BANK_A,PROCESSING,PENDING,1.5578948833333333,0,8.442105116666665,500.0,0.0,0
250,UPI,0,10,2,0,1,BANK_B,PROCESSING,PENDING,1.9773664,0,8.0226336,250.0,0.0,0
750,UPI,0,23,6,1,1,BANK_C,SETTLED,00,1.7180775,1,7.438822133333333,750.0,0.0,0
10000,UPI,0,7,3,0,1,BANK_C,SETTLED,00,1.7595183333333333,1,6.6401094,10000.0,0.0,0
1000,NETBANKING,0,15,3,0,1,BANK_B,SETTLED,00,1.1719344999999999,1,7.4439433,1000.0,0.0,0
100,UPI,0,6,6,1,1,BANK_C,PROCESSING,PENDING,1.7182709666666667,0,8.281729033333333,100.0,0.0,0
1000,CARD,0,4,2,0,1,BANK_A,SETTLED,00,2.43511665,1,5.589440483333333,1000.0,0.0,0
750,NETBANKING,0,0,1,0,1,BANK_B,SETTLED,00,1.5248549999999998,1,7.443611766666667,750.0,0.0,0
100,CARD,1,19,1,0,1,BANK_C,SETTLED,00,0.9513064333333333,1,7.531609583333333,100.0,0.0,0
25000,NETBANKING,0,14,1,0,1,BANK_B,SETTLED,00,1.1467405,1,8.837276083333334,25000.0,0.0,0
250,CARD,0,16,0,0,1,BANK_B,PROCESSING,PENDING,2.779746633333333,0,7.220253366666666,250.0,0.0,0
1500,CARD,1,23,5,1,1,BANK_C,PROCESSING,PENDING,1.6814183833333334,0,8.318581616666666,1500.0,0.0,0
10000,UPI,0,6,6,1,1,BANK_B,PROCESSING,PENDING,1.6293007166666666,0,8.370699283333334,10000.0,0.0,0
750,UPI,0,6,4,0,1,BANK_B,SETTLED,00,1.7288539833333334,1,5.9577767,750.0,0.0,0
5000,NETBANKING,0,2,0,0,1,BANK_A,PROCESSING,PENDING,2.3989083833333336,0,7.601091616666666,5000.0,0.0,0
500,CARD,0,21,2,0,1,BANK_B,SETTLED,00,1.6865738666666668,1,7.329801383333333,500.0,0.0,0
500,WALLET,0,18,6,1,1,BANK_D,PROCESSING,PENDING,0.9810243,0,9.0189757,500.0,0.0,0
1000,UPI,0,18,2,0,1,BANK_A,SETTLED,00,1.8607295166666666,1,5.7252017,1000.0,0.0,0
2000,UPI,0,17,5,1,1,BANK_D,SETTLED,00,2.0588995,1,5.246944516666667,2000.0,0.0,0
1000,WALLET,0,10,3,0,1,BANK_D,SETTLED,00,1.0047371166666668,1,6.759484666666666,1000.0,0.0,0
1000,CARD,0,23,0,0,1,BANK_A,PROCESSING,PENDING,1.2011521,0,8.7988479,1000.0,0.0,0
750,NETBANKING,1,23,3,0,1,BANK_A,SETTLED,00,2.7077874499999997,1,7.14112585,750.0,0.0,0
5000,UPI,0,21,4,0,1,BANK_B,SETTLED,00,1.9824578333333334,1,7.27756395,5000.0,0.0,0
750,NETBANKING,1,1,1,0,1,BANK_B,PROCESSING,PENDING,0.8948209333333333,0,9.105179066666667,750.0,0.0,0
750,CARD,0,9,3,0,1,BANK_D,SETTLED,00,0.6303932499999999,1,8.610504233333334,750.0,0.0,0
500,UPI,0,9,1,0,1,BANK_A,SETTLED,00,2.2138259999999996,1,6.7724764,500.0,0.0,0
500,UPI,0,3,6,1,1,BANK_B,SETTLED,00,1.8262357,1,7.467535016666667,500.0,0.0,0
1500,WALLET,0,21,3,0,1,BANK_A,PROCESSING,PENDING,1.2923611833333333,0,8.707638816666668,1500.0,0.0,0
1500,NETBANKING,0,7,3,0,1,BANK_D,PROCESSING,PENDING,2.545998083333333,0,7.454001916666667,1500.0,0.0,0
100,UPI,0,9,5,1,1,BANK_D,PROCESSING,PENDING,2.4439112499999998,0,7.55608875,100.0,0.0,0
750,CARD,0,15,4,0,1,BANK_C,SETTLED,00,2.4708305,1,5.684136,750.0,0.0,0
1000,CARD,0,19,4,0,1,BANK_C,PROCESSING,PENDING,1.99141805,0,8.00858195,1000.0,0.0,0
1500,CARD,0,23,3,0,1,BANK_C,SETTLED,00,1.4543512166666666,1,8.029996283333334,1500.0,0.0,0
500,CARD,1,4,6,1,1,BANK_D,PROCESSING,PENDING,0.5861883999999999,0,9.4138116,500.0,0.0,0
100,CARD,0,21,0,0,1,BANK_D,SETTLED,00,0.25479465,1,9.357481633333332,100.0,0.0,0
2000,WALLET,0,19,0,0,1,BANK_A,PROCESSING,PENDING,1.8364454333333333,0,8.163554566666667,2000.0,0.0,0
2500,NETBANKING,0,3,6,1,1,BANK_A,PROCESSING,PENDING,2.1825971666666666,0,7.817402833333333,2500.0,0.0,0
1000,UPI,0,17,2,0,1,BANK_D,PROCESSING,PENDING,1.1729449,0,8.827055099999999,1000.0,0.0,0
100,UPI,0,19,3,0,1,BANK_C,PROCESSING,PENDING,1.2250740833333333,0,8.774925916666666,100.0,0.0,0
750,NETBANKING,1,19,6,1,1,BANK_B,SETTLED,00,1.0983319333333335,1,8.1182801,750.0,0.0,0
1500,UPI,0,16,5,1,1,BANK_A,PROCESSING,PENDING,1.6188235,0,8.3811765,1500.0,0.0,0
1000,WALLET,0,22,5,1,1,BANK_C,SETTLED,00,1.2837302000000002,1,7.619957666666666,1000.0,0.0,0
750,UPI,0,21,4,0,1,BANK_B,PROCESSING,PENDING,2.5768282166666667,0,7.423171783333333,750.0,0.0,0
100,UPI,1,16,2,0,1,BANK_B,SETTLED,00,2.10132445,1,6.8302487,100.0,0.0,0
250,UPI,0,8,5,1,1,BANK_D,PROCESSING,PENDING,0.9204573,0,9.0795427,250.0,0.0,0
1500,NETBANKING,0,13,0,0,1,BANK_D,PROCESSING,PENDING,1.6966440166666668,0,8.303355983333335,1500.0,0.0,0
2000,CARD,0,10,5,1,1,BANK_D,PROCESSING,PENDING,2.9430656833333333,0,7.056934316666667,2000.0,0.0,0
500,CARD,0,12,1,0,1,BANK_B,SETTLED,00,0.78586735,1,7.875846516666667,500.0,0.0,0
250,CARD,0,8,3,0,1,BANK_B,SETTLED,00,1.1787847166666665,1,7.0227755,250.0,0.0,0
1000,CARD,0,4,1,0,1,BANK_D,SETTLED,00,0.35451761666666665,1,9.4871292,1000.0,0.0,0
500,UPI,0,18,6,1,1,BANK_B,SETTLED,00,0.80940605,1,8.78352335,500.0,0.0,0
500,NETBANKING,0,18,1,0,1,BANK_A,SETTLED,00,2.52012545,1,5.4101128833333325,500.0,0.0,0
100,UPI,1,11,1,0,1,BANK_A,PROCESSING,PENDING,1.2034696166666667,0,8.796530383333334,100.0,0.0,0
500,UPI,0,20,1,0,1,BANK_A,PROCESSING,PENDING,1.4074324333333335,0,8.592567566666666,500.0,0.0,0
100,UPI,0,11,4,0,1,BANK_B,PROCESSING,PENDING,1.1292863333333334,0,8.870713666666667,100.0,0.0,0
500,CARD,1,0,6,1,1,BANK_C,SETTLED,00,2.61143825,1,7.032065766666666,500.0,0.0,0
2500,UPI,0,23,2,0,1,BANK_A,SETTLED,00,1.60168955,1,6.95307325,2500.0,0.0,0
1000,UPI,0,22,1,0,1,BANK_C,SETTLED,00,1.71770895,1,6.354557933333334,1000.0,0.0,0
1000,UPI,0,9,3,0,1,BANK_A,PROCESSING,PENDING,1.9064399333333335,0,8.093560066666667,1000.0,0.0,0
500,UPI,0,7,3,0,1,BANK_D,SETTLED,00,1.5440970833333334,1,6.999647066666666,500.0,0.0,0
250,CARD,0,16,0,0,1,BANK_D,SETTLED,00,1.1492753166666667,1,8.429634933333334,250.0,0.0,0
1000,UPI,0,21,4,0,1,BANK_C,PROCESSING,PENDING,1.1508470333333334,0,8.849152966666667,1000.0,0.0,0
2500,UPI,0,3,5,1,1,BANK_B,SETTLED,00,1.4946252666666666,1,7.046092316666667,2500.0,0.0,0
500,CARD,0,3,4,0,1,BANK_A,SETTLED,00,2.2336641,1,6.680861816666667,500.0,0.0,0
2500,UPI,0,11,1,0,1,BANK_A,PROCESSING,PENDING,0.8489249166666667,0,9.151075083333334,2500.0,0.0,0
500,NETBANKING,1,22,4,0,1,BANK_D,SETTLED,00,0.8004193666666667,1,8.31931155,500.0,0.0,0
1500,UPI,0,5,0,0,1,BANK_C,SETTLED,00,1.1081493833333333,1,8.562243766666667,1500.0,0.0,0
2500,UPI,0,4,5,1,1,BANK_B,PROCESSING,PENDING,1.8191328666666666,0,8.180867133333333,2500.0,0.0,0
100,UPI,0,1,4,0,1,BANK_D,SETTLED,00,2.454510433333333,1,6.813308983333333,100.0,0.0,0
2500,UPI,0,2,1,0,1,BANK_D,SETTLED,00,2.0978635833333334,1,7.069025583333333,2500.0,0.0,0
1500,UPI,0,9,3,0,1,BANK_D,PROCESSING,PENDING,2.0006605,0,7.9993395000000005,1500.0,0.0,0
1000,CARD,1,20,0,0,1,BANK_C,PROCESSING,PENDING,1.2399333333333333,0,8.760066666666667,1000.0,0.0,0
750,NETBANKING,0,4,6,1,1,BANK_D,SETTLED,00,1.6809796333333333,1,5.453417466666666,750.0,0.0,0
250,UPI,0,2,4,0,1,BANK_D,SETTLED,00,1.0980703166666668,1,7.6819532,250.0,0.0,0
500,NETBANKING,0,4,6,1,1,BANK_D,PROCESSING,PENDING,2.42804245,0,7.57195755,500.0,0.0,0
5000,WALLET,0,19,0,0,1,BANK_A,SETTLED,00,1.0999461833333333,1,7.126285533333333,5000.0,0.0,0
500,UPI,0,21,3,0,1,BANK_A,PROCESSING,PENDING,1.7517085666666667,0,8.248291433333334,500.0,0.0,0
1000,UPI,0,8,3,0,1,BANK_A,SETTLED,00,2.2088891333333334,1,7.5793251999999995,1000.0,0.0,0
250,UPI,0,1,3,0,1,BANK_B,SETTLED,00,2.2447347166666662,1,4.8094832499999995,250.0,0.0,0
750,CARD,0,2,5,1,1,BANK_C,PROCESSING,PENDING,1.2026296166666666,0,8.797370383333334,750.0,0.0,0
5000,CARD,0,10,1,0,1,BANK_A,PROCESSING,PENDING,2.2170913833333334,0,7.782908616666666,5000.0,0.0,0
500,UPI,0,13,0,0,1,BANK_D,SETTLED,00,1.4414667166666668,1,6.903278183333333,500.0,0.0,0
100,UPI,0,13,1,0,1,BANK_C,PROCESSING,PENDING,0.49757391666666667,0,9.502426083333335,100.0,0.0,0
500,CARD,0,8,5,1,1,BANK_C,SETTLED,00,1.5185585166666666,1,8.245329633333334,500.0,0.0,0
2500,UPI,0,21,3,0,1,BANK_C,PROCESSING,PENDING,1.70714375,0,8.29285625,2500.0,0.0,0
250,UPI,0,17,0,0,1,BANK_D,SETTLED,00,0.9409130833333333,1,6.1411267,250.0,0.0,0
750,CARD,0,16,3,0,1,BANK_D,SETTLED,00,1.9381643,1,7.906830183333333,750.0,0.0,0
10000,NETBANKING,0,3,1,0,1,BANK_B,SETTLED,00,2.2733142,1,7.0430611333333335,10000.0,0.0,0
100,UPI,0,16,6,1,1,BANK_B,SETTLED,00,1.3339385333333333,1,6.19438715,100.0,0.0,0
1500,CARD,0,22,1,0,1,BANK_B,SETTLED,00,0.82247035,1,6.293205733333334,1500.0,0.0,0
750,NETBANKING,0,17,4,0,1,BANK_C,SETTLED,00,1.2520945333333333,1,8.041375316666667,750.0,0.0,0
500,CARD,0,6,3,0,1,BANK_A,SETTLED,00,2.2687517,1,7.024280016666666,500.0,0.0,0
250,CARD,0,23,4,0,1,BANK_A,SETTLED,00,2.8040918,1,5.8186910166666665,250.0,0.0,0
5000,CARD,0,9,5,1,1,BANK_A,PROCESSING,PENDING,2.0050068833333334,0,7.994993116666667,5000.0,0.0,0
1000,UPI,0,6,1,0,1,BANK_B,SETTLED,00,3.08015735,1,6.2407727,1000.0,0.0,0
100,NETBANKING,0,7,5,1,1,BANK_A,PROCESSING,PENDING,2.0697811666666666,0,7.930218833333333,100.0,0.0,0
750,NETBANKING,0,12,6,1,1,BANK_A,PROCESSING,PENDING,2.6181734333333333,0,7.381826566666667,750.0,0.0,0
1000,CARD,0,22,1,0,1,BANK_A,PROCESSING,PENDING,1.85618605,0,8.14381395,1000.0,0.0,0
2500,UPI,0,21,0,0,1,BANK_A,SETTLED,00,1.6398882000000001,1,6.6790573,2500.0,0.0,0
100,CARD,0,21,4,0,1,BANK_D,SETTLED,00,2.4213186833333333,1,7.15525415,100.0,0.0,0
100,CARD,1,6,4,0,1,BANK_B,PROCESSING,PENDING,0.2,0,9.8,100.0,0.0,0
250,UPI,1,21,4,0,1,BANK_C,PROCESSING,PENDING,0.7264041333333334,0,9.273595866666666,250.0,0.0,0
1000,WALLET,0,7,5,1,1,BANK_C,PROCESSING,PENDING,1.7775652666666666,0,8.222434733333333,1000.0,0.0,0
25000,NETBANKING,0,21,4,0,1,BANK_B,PROCESSING,PENDING,1.0087542333333333,0,8.991245766666667,25000.0,0.0,0
500,CARD,0,11,4,0,1,BANK_C,PROCESSING,PENDING,2.4509314166666667,0,7.549068583333334,500.0,0.0,0
250,CARD,1,4,2,0,1,BANK_D,SETTLED,00,2.1328173833333333,1,7.400377466666667,250.0,0.0,0
1000,CARD,0,7,3,0,1,BANK_B,PROCESSING,PENDING,1.5014435333333334,0,8.498556466666667,1000.0,0.0,0
100,UPI,0,11,6,1,1,BANK_A,SETTLED,00,1.7411969333333335,1,6.237261866666667,100.0,0.0,0
500,CARD,0,11,5,1,1,BANK_A,SETTLED,00,0.7266899833333333,1,8.738456750000001,500.0,0.0,0
2000,NETBANKING,0,11,5,1,1,BANK_B,PROCESSING,PENDING,1.3778858166666665,0,8.622114183333334,2000.0,0.0,0
500,UPI,1,21,3,0,1,BANK_D,SETTLED,00,2.0729069333333334,1,6.305126566666667,500.0,0.0,0
2000,UPI,0,3,3,0,1,BANK_C,SETTLED,00,1.9441645833333332,1,6.27611935,2000.0,0.0,0
750,NETBANKING,0,7,0,0,1,BANK_C,SETTLED,00,1.48705355,1,7.735782566666667,750.0,0.0,0
1500,UPI,0,14,6,1,1,BANK_D,PROCESSING,PENDING,2.0204402666666668,0,7.979559733333334,1500.0,0.0,0
1000,NETBANKING,0,14,4,0,1,BANK_D,PROCESSING,PENDING,1.39295225,0,8.60704775,1000.0,0.0,0
1000,UPI,0,21,0,0,1,BANK_D,SETTLED,00,1.7257541333333333,1,8.218054983333333,1000.0,0.0,0
2000,UPI,0,10,1,0,1,BANK_C,SETTLED,00,2.5226282833333333,1,6.748980333333334,2000.0,0.0,0
250,UPI,0,17,0,0,1,BANK_C,SETTLED,00,0.2842609,1,8.19539735,250.0,0.0,0
1000,CARD,0,15,6,1,1,BANK_C,PROCESSING,PENDING,1.3624930166666667,0,8.637506983333333,1000.0,0.0,0
500,NETBANKING,0,2,3,0,1,BANK_B,PROCESSING,PENDING,2.2053602,0,7.7946398,500.0,0.0,0
1500,NETBANKING,1,21,5,1,1,BANK_A,PROCESSING,PENDING,1.3999797666666667,0,8.600020233333334,1500.0,0.0,0
500,UPI,0,8,4,0,1,BANK_D,SETTLED,00,1.7287993833333333,1,7.0164228,500.0,0.0,0
25000,WALLET,0,0,0,0,1,BANK_A,SETTLED,00,0.9252214666666667,1,6.695303050000001,25000.0,0.0,0
500,NETBANKING,1,9,6,1,1,BANK_B,SETTLED,00,1.5348678999999998,1,6.099223833333334,500.0,0.0,0
500,UPI,0,17,3,0,1,BANK_A,SETTLED,00,1.9147011166666668,1,7.0102568666666665,500.0,0.0,0
750,UPI,0,9,0,0,1,BANK_D,SETTLED,00,1.9391812833333333,1,5.14209325,750.0,0.0,0
1000,CARD,0,1,2,0,1,BANK_C,SETTLED,00,0.5404573333333332,1,6.5519877499999994,1000.0,0.0,0
2500,CARD,0,5,4,0,1,BANK_A,SETTLED,00,1.6175970666666666,1,4.7756062166666675,2500.0,0.0,0
2000,CARD,1,16,6,1,1,BANK_A,PROCESSING,PENDING,1.1097809,0,8.8902191,2000.0,0.0,0
750,UPI,0,14,2,0,1,BANK_B,SETTLED,00,1.1015198333333334,1,7.12312185,750.0,0.0,0
250,UPI,2,2,4,0,1,BANK_B,SETTLED,00,1.9071845666666667,1,5.743747416666666,250.0,0.0,0
100,UPI,0,21,5,1,1,BANK_B,PROCESSING,PENDING,2.483968133333333,0,7.516031866666666,100.0,0.0,0
5000,CARD,0,2,5,1,1,BANK_B,SETTLED,00,1.8949655666666667,1,5.734833083333333,5000.0,0.0,0
250,NETBANKING,0,1,5,1,1,BANK_D,SETTLED,00,1.84460975,1,6.250227683333334,250.0,0.0,0
250,NETBANKING,0,0,2,0,1,BANK_B,PROCESSING,PENDING,2.6712395166666667,0,7.328760483333334,250.0,0.0,0
100,UPI,0,13,1,0,1,BANK_B,PROCESSING,PENDING,2.8662621666666666,0,7.133737833333333,100.0,0.0,0
2500,CARD,0,23,2,0,1,BANK_D,SETTLED,00,2.1972478499999997,1,4.9890033833333325,2500.0,0.0,0
1500,UPI,0,12,3,0,1,BANK_C,PROCESSING,PENDING,2.15594045,0,7.84405955,1500.0,0.0,0
750,CARD,0,7,5,1,1,BANK_A,SETTLED,00,1.9907584,1,7.3984446,750.0,0.0,0
250,UPI,0,21,1,0,1,BANK_C,PROCESSING,PENDING,2.1799145833333333,0,7.820085416666667,250.0,0.0,0
250,UPI,0,22,0,0,1,BANK_C,SETTLED,00,1.7012616333333335,1,6.889464283333334,250.0,0.0,0
2000,NETBANKING,1,0,3,0,1,BANK_B,PROCESSING,PENDING,1.5640173333333334,0,8.435982666666666,2000.0,0.0,0
750,UPI,0,13,6,1,1,BANK_B,PROCESSING,PENDING,1.3264006333333334,0,8.673599366666668,750.0,0.0,0
2000,CARD,0,13,4,0,1,BANK_A,SETTLED,00,0.35927481666666666,1,7.506745,2000.0,0.0,0
10000,UPI,1,23,3,0,1,BANK_B,PROCESSING,PENDING,1.8799238333333332,0,8.120076166666667,10000.0,0.0,0
750,NETBANKING,0,3,4,0,1,BANK_A,SETTLED,00,1.7881640166666666,1,6.854902883333334,750.0,0.0,0
500,NETBANKING,1,5,6,1,1,BANK_C,SETTLED,00,2.22840975,1,7.650290933333333,500.0,0.0,0
250,CARD,0,14,5,1,1,BANK_B,SETTLED,00,1.6240180166666667,1,7.0769177,250.0,0.0,0
1000,UPI,0,5,5,1,1,BANK_A,SETTLED,00,2.48626705,1,7.461263833333334,1000.0,0.0,0
1000,NETBANKING,1,2,4,0,1,BANK_A,SETTLED,00,1.5000373166666667,1,6.374157833333333,1000.0,0.0,0
100,WALLET,0,16,3,0,1,BANK_A,PROCESSING,PENDING,1.2767140666666668,0,8.723285933333333,100.0,0.0,0
1000,CARD,0,4,4,0,1,BANK_B,PROCESSING,PENDING,2.0095135833333333,0,7.990486416666667,1000.0,0.0,0
250,UPI,1,14,4,0,1,BANK_C,PROCESSING,PENDING,1.0490693166666667,0,8.950930683333333,250.0,0.0,0
5000,UPI,0,10,0,0,1,BANK_B,SETTLED,00,1.5787094666666666,1,7.590662233333333,5000.0,0.0,0
500,NETBANKING,0,18,2,0,1,BANK_B,SETTLED,00,1.9632668333333332,1,6.1939415166666665,500.0,0.0,0
1500,NETBANKING,1,13,6,1,1,BANK_D,PROCESSING,PENDING,1.7862972833333333,0,8.213702716666667,1500.0,0.0,0
250,UPI,0,8,0,0,1,BANK_B,PROCESSING,PENDING,1.7171938,0,8.2828062,250.0,0.0,0
1500,NETBANKING,0,21,4,0,1,BANK_D,SETTLED,00,1.8801314333333332,1,7.801774333333333,1500.0,0.0,0
250,UPI,0,8,4,0,1,BANK_C,SETTLED,00,2.5610084333333334,1,7.409565349999999,250.0,0.0,0
500,UPI,0,7,5,1,1,BANK_A,SETTLED,00,0.8040585333333333,1,7.956035383333333,500.0,0.0,0
5000,UPI,0,7,6,1,1,BANK_A,PROCESSING,PENDING,1.4453618333333333,0,8.554638166666667,5000.0,0.0,0
5000,CARD,0,7,0,0,1,BANK_C,PROCESSING,PENDING,1.3721421,0,8.6278579,5000.0,0.0,0
100,WALLET,0,13,6,1,1,BANK_C,PROCESSING,PENDING,0.9875677333333334,0,9.012432266666668,100.0,0.0,0
10000,CARD,0,14,1,0,1,BANK_C,SETTLED,00,0.8648746833333333,1,7.399254883333333,10000.0,0.0,0
100,UPI,0,7,3,0,1,BANK_D,SETTLED,00,1.5970914,1,6.74142695,100.0,0.0,0
500,NETBANKING,0,15,6,1,1,BANK_D,PROCESSING,PENDING,1.7898489333333332,0,8.210151066666667,500.0,0.0,0
250,WALLET,0,9,0,0,1,BANK_B,SETTLED,00,1.3453964999999999,1,8.135391666666667,250.0,0.0,0
2000,WALLET,0,17,1,0,1,BANK_A,SETTLED,00,0.5637422333333333,1,8.540148833333335,2000.0,0.0,0
5000,UPI,0,12,1,0,1,BANK_A,PROCESSING,PENDING,1.932758,0,8.067242,5000.0,0.0,0
500,CARD,0,17,6,1,1,BANK_A,SETTLED,00,1.4999297666666667,1,7.848452216666667,500.0,0.0,0
1500,CARD,0,1,5,1,1,BANK_C,SETTLED,00,0.5314846166666667,1,9.375991566666666,1500.0,0.0,0
1000,NETBANKING,0,19,5,1,1,BANK_C,SETTLED,00,0.8915004166666667,1,8.240903566666667,1000.0,0.0,0
500,WALLET,0,18,6,1,1,BANK_B,SETTLED,00,1.5893656666666667,1,6.480934066666666,500.0,0.0,0
1500,UPI,0,8,6,1,1,BANK_B,PROCESSING,PENDING,1.99307365,0,8.006926349999999,1500.0,0.0,0
2000,UPI,0,20,6,1,1,BANK_C,PROCESSING,PENDING,2.1218051333333334,0,7.878194866666666,2000.0,0.0,0
2000,UPI,0,6,2,0,1,BANK_C,PROCESSING,PENDING,1.7519303000000002,0,8.2480697,2000.0,0.0,0
100,NETBANKING,0,9,3,0,1,BANK_D,SETTLED,00,1.00048575,1,6.938730116666666,100.0,0.0,0
1500,UPI,0,16,0,0,1,BANK_C,SETTLED,00,2.02003705,1,5.72800085,1500.0,0.0,0
2500,CARD,0,23,4,0,1,BANK_A,SETTLED,00,1.7288196166666667,1,7.790136133333333,2500.0,0.0,0
1000,UPI,0,18,3,0,1,BANK_C,PROCESSING,PENDING,2.442452766666667,0,7.557547233333334,1000.0,0.0,0
5000,WALLET,0,4,5,1,1,BANK_B,PROCESSING,PENDING,0.7848139,0,9.2151861,5000.0,0.0,0
2500,CARD,0,19,4,0,1,BANK_A,SETTLED,00,1.3060668,1,7.7738359500000005,2500.0,0.0,0
1000,NETBANKING,0,16,3,0,1,BANK_C,PROCESSING,PENDING,0.7805999833333334,0,9.219400016666667,1000.0,0.0,0
500,UPI,0,21,1,0,1,BANK_A,SETTLED,00,0.20927579999999998,1,7.9447315666666665,500.0,0.0,0
2000,NETBANKING,2,7,0,0,1,BANK_B,SETTLED,00,1.3104349999999998,1,7.5239642,2000.0,0.0,0
500,UPI,0,13,0,0,1,BANK_A,PROCESSING,PENDING,2.1006171166666667,0,7.899382883333333,500.0,0.0,0
250,NETBANKING,1,2,2,0,1,BANK_D,PROCESSING,PENDING,1.98744975,0,8.01255025,250.0,0.0,0
250,UPI,1,19,5,1,1,BANK_B,SETTLED,00,1.8759866166666666,1,6.535301700000001,250.0,0.0,0
25000,CARD,0,16,5,1,1,BANK_A,PROCESSING,PENDING,2.78091845,0,7.21908155,25000.0,0.0,0
500,UPI,0,15,4,0,1,BANK_C,SETTLED,00,0.8328408333333334,1,8.2963155,500.0,0.0,0
750,UPI,1,10,1,0,1,BANK_C,SETTLED,00,1.08106425,1,7.840923816666666,750.0,0.0,0
250,UPI,0,18,0,0,1,BANK_B,SETTLED,00,2.6154795333333336,1,7.18933875,250.0,0.0,0
1000,UPI,0,15,6,1,1,BANK_A,PROCESSING,PENDING,0.9327716333333333,0,9.067228366666665,1000.0,0.0,0
750,UPI,0,1,1,0,1,BANK_C,SETTLED,00,1.5705486,1,7.45453705,750.0,0.0,0
1000,NETBANKING,0,20,3,0,1,BANK_B,PROCESSING,PENDING,1.4177143,0,8.5822857,1000.0,0.0,0
500,UPI,0,9,1,0,1,BANK_C,SETTLED,00,1.1251673999999998,1,6.455242733333334,500.0,0.0,0
25000,CARD,0,21,5,1,1,BANK_D,SETTLED,00,2.7249232666666665,1,6.53122805,25000.0,0.0,0
100,NETBANKING,2,17,6,1,1,BANK_A,PROCESSING,PENDING,2.0235412166666666,0,7.976458783333333,100.0,0.0,0
250,WALLET,0,20,4,0,1,BANK_A,PROCESSING,PENDING,1.5451631,0,8.4548369,250.0,0.0,0
2500,UPI,0,3,3,0,1,BANK_B,PROCESSING,PENDING,1.85662565,0,8.14337435,2500.0,0.0,0
500,CARD,0,16,6,1,1,BANK_C,SETTLED,00,0.94814255,1,7.1123553500000005,500.0,0.0,0
100,CARD,0,20,5,1,1,BANK_A,PROCESSING,PENDING,2.1874573666666666,0,7.812542633333334,100.0,0.0,0
1500,NETBANKING,0,14,6,1,1,BANK_C,SETTLED,00,2.284095766666667,1,5.6853699833333335,1500.0,0.0,0
2000,UPI,0,12,5,1,1,BANK_A,SETTLED,00,1.6390019833333334,1,6.7889305,2000.0,0.0,0
1500,CARD,0,16,3,0,1,BANK_D,SETTLED,00,2.06752625,1,7.07513785,1500.0,0.0,0
2000,CARD,1,21,2,0,1,BANK_B,SETTLED,00,1.9191962999999999,1,7.6536231,2000.0,0.0,0
500,CARD,0,7,2,0,1,BANK_D,PROCESSING,PENDING,1.2569641833333334,0,8.743035816666666,500.0,0.0,0
750,UPI,0,9,0,0,1,BANK_A,SETTLED,00,2.2202770166666665,1,6.883231916666667,750.0,0.0,0
2500,UPI,0,10,0,0,1,BANK_C,SETTLED,00,0.9631809333333333,1,7.466460283333333,2500.0,0.0,0
10000,UPI,0,11,2,0,1,BANK_A,PROCESSING,PENDING,1.6062475666666667,0,8.393752433333333,10000.0,0.0,0
250,NETBANKING,0,19,3,0,1,BANK_D,SETTLED,00,1.74347925,1,7.337916133333334,250.0,0.0,0
500,CARD,1,2,1,0,1,BANK_D,PROCESSING,PENDING,2.1316063,0,7.8683936999999995,500.0,0.0,0
1000,WALLET,0,2,3,0,1,BANK_C,SETTLED,00,1.2945191333333335,1,6.298914783333333,1000.0,0.0,0
250,UPI,0,11,3,0,1,BANK_B,SETTLED,00,2.7622079333333334,1,6.685950366666666,250.0,0.0,0
1500,UPI,0,9,0,0,1,BANK_D,SETTLED,00,1.8921970166666666,1,6.9171343,1500.0,0.0,0
2500,WALLET,0,17,2,0,1,BANK_A,SETTLED,00,1.8477899,1,8.033368583333333,2500.0,0.0,0
5000,NETBANKING,1,9,4,0,1,BANK_D,SETTLED,00,1.88478725,1,7.327607,5000.0,0.0,0
750,UPI,0,13,6,1,1,BANK_D,SETTLED,00,1.4684128666666667,1,7.694920033333333,750.0,0.0,0
1000,CARD,0,20,3,0,1,BANK_D,SETTLED,00,2.7200785,1,7.074403033333334,1000.0,0.0,0
500,CARD,0,13,4,0,1,BANK_D,SETTLED,00,0.9544945166666667,1,8.514878233333333,500.0,0.0,0
100,CARD,1,15,2,0,1,BANK_B,SETTLED,00,0.8232176,1,7.611575816666667,100.0,0.0,0
1000,UPI,0,9,5,1,1,BANK_A,SETTLED,00,1.8702451333333334,1,7.03624805,1000.0,0.0,0
1000,UPI,0,10,3,0,1,BANK_D,PROCESSING,PENDING,0.7202417666666666,0,9.279758233333332,1000.0,0.0,0
25000,WALLET,1,15,6,1,1,BANK_D,PROCESSING,PENDING,1.5306364666666668,0,8.469363533333333,25000.0,0.0,0
100,CARD,0,4,4,0,1,BANK_D,PROCESSING,PENDING,1.6265123333333333,0,8.373487666666668,100.0,0.0,0
1000,WALLET,0,8,6,1,1,BANK_C,SETTLED,00,1.8697140833333334,1,6.976705933333333,1000.0,0.0,0
250,UPI,1,9,1,0,1,BANK_B,PROCESSING,PENDING,2.594605666666667,0,7.405394333333334,250.0,0.0,0
750,CARD,0,17,4,0,1,BANK_A,SETTLED,00,1.3262549,1,6.450954050000001,750.0,0.0,0
2500,CARD,0,20,3,0,1,BANK_A,PROCESSING,PENDING,1.0530306333333332,0,8.946969366666668,2500.0,0.0,0
25000,UPI,1,6,0,0,1,BANK_A,PROCESSING,PENDING,2.50753475,0,7.4924652499999995,25000.0,0.0,0
250,UPI,0,18,1,0,1,BANK_B,PROCESSING,PENDING,1.21285485,0,8.787145149999999,250.0,0.0,0
1500,UPI,0,2,6,1,1,BANK_C,SETTLED,00,2.011701883333333,1,6.712994883333334,1500.0,0.0,0
2000,UPI,0,4,2,0,1,BANK_D,SETTLED,00,0.8300421333333333,1,8.833629316666666,2000.0,0.0,0
750,CARD,0,13,5,1,1,BANK_D,SETTLED,00,1.2324467000000001,1,7.262651933333333,750.0,0.0,0
250,CARD,0,20,4,0,1,BANK_A,PROCESSING,PENDING,2.3374685833333335,0,7.662531416666667,250.0,0.0,0
100,CARD,0,4,0,0,1,BANK_D,SETTLED,00,1.5494921,1,6.738956916666667,100.0,0.0,0
1000,UPI,0,4,4,0,1,BANK_D,PROCESSING,PENDING,2.3195905666666667,0,7.680409433333334,1000.0,0.0,0
2000,UPI,0,13,4,0,1,BANK_C,PROCESSING,PENDING,2.75189795,0,7.24810205,2000.0,0.0,0
25000,UPI,0,9,0,0,1,BANK_B,SETTLED,00,2.1137476166666667,1,6.8758455666666665,25000.0,0.0,0
100,CARD,0,8,0,0,1,BANK_B,PROCESSING,PENDING,1.4831114166666666,0,8.516888583333333,100.0,0.0,0
750,CARD,0,22,3,0,1,BANK_D,SETTLED,00,1.8625262166666665,1,7.368093983333334,750.0,0.0,0
10000,CARD,0,14,3,0,1,BANK_D,SETTLED,00,1.3775867666666668,1,6.710262016666666,10000.0,0.0,0
2000,CARD,0,8,6,1,1,BANK_C,SETTLED,00,2.0545825666666664,1,7.624867283333333,2000.0,0.0,0
250,CARD,0,12,5,1,1,BANK_C,SETTLED,00,1.9320439,1,6.352380933333333,250.0,0.0,0
25000,CARD,0,10,1,0,1,BANK_C,SETTLED,00,1.52224725,1,5.448186866666666,25000.0,0.0,0
100,CARD,0,2,4,0,1,BANK_A,PROCESSING,PENDING,1.3023100666666667,0,8.697689933333333,100.0,0.0,0
1500,CARD,0,10,6,1,1,BANK_A,SETTLED,00,1.0949411833333333,1,7.590531383333333,1500.0,0.0,0
250,UPI,0,4,3,0,1,BANK_A,SETTLED,00,2.1984958000000003,1,7.597355500000001,250.0,0.0,0
500,CARD,0,11,6,1,1,BANK_B,SETTLED,00,1.9915648833333333,1,5.956534033333333,500.0,0.0,0
1000,CARD,0,20,3,0,1,BANK_D,PROCESSING,PENDING,2.5281328666666667,0,7.471867133333333,1000.0,0.0,0
1000,CARD,0,19,2,0,1,BANK_B,PROCESSING,PENDING,0.8534199333333333,0,9.146580066666667,1000.0,0.0,0
100,CARD,1,19,3,0,1,BANK_B,SETTLED,00,1.3108320666666666,1,7.53202045,100.0,0.0,0
500,CARD,0,15,6,1,1,BANK_B,SETTLED,00,2.2988167166666664,1,6.378019716666667,500.0,0.0,0
1000,NETBANKING,1,23,1,0,1,BANK_D,SETTLED,00,1.9292973833333333,1,7.485370116666667,1000.0,0.0,0
250,UPI,0,19,5,1,1,BANK_C,PROCESSING,PENDING,1.92513695,0,8.07486305,250.0,0.0,0
750,UPI,0,6,0,0,1,BANK_A,SETTLED,00,0.41097906666666667,1,9.5467121,750.0,0.0,0
250,UPI,0,3,6,1,1,BANK_D,SETTLED,00,1.4481308000000002,1,7.784877066666667,250.0,0.0,0
750,UPI,0,3,4,0,1,BANK_D,SETTLED,00,1.5546274166666667,1,7.206386666666666,750.0,0.0,0
2500,UPI,0,15,3,0,1,BANK_D,SETTLED,00,0.6546749166666667,1,7.9566522,2500.0,0.0,0
250,UPI,0,2,5,1,1,BANK_D,PROCESSING,PENDING,2.5118554,0,7.4881446,250.0,0.0,0
750,UPI,0,6,2,0,1,BANK_A,PROCESSING,PENDING,2.208833316666667,0,7.7911666833333335,750.0,0.0,0
2000,WALLET,0,18,5,1,1,BANK_D,SETTLED,00,1.5064992333333334,1,6.650635066666666,2000.0,0.0,0
750,UPI,0,16,4,0,1,BANK_B,SETTLED,00,1.3577267833333333,1,6.771226066666667,750.0,0.0,0
1000,CARD,0,13,4,0,1,BANK_D,SETTLED,00,1.1708903333333334,1,8.734142016666668,1000.0,0.0,0
1000,UPI,0,8,2,0,1,BANK_C,SETTLED,00,1.24389,1,6.988943166666667,1000.0,0.0,0
500,UPI,0,22,3,0,1,BANK_C,SETTLED,00,3.2507105,1,5.684695666666667,500.0,0.0,0
250,CARD,0,3,6,1,1,BANK_C,PROCESSING,PENDING,1.6090574,0,8.390942599999999,250.0,0.0,0
5000,UPI,1,3,0,0,1,BANK_B,PROCESSING,PENDING,1.7768209833333333,0,8.223179016666666,5000.0,0.0,0
2500,NETBANKING,0,14,3,0,1,BANK_C,PROCESSING,PENDING,1.3922187333333333,0,8.607781266666667,2500.0,0.0,0
250,NETBANKING,0,17,0,0,1,BANK_D,PROCESSING,PENDING,1.6541326166666666,0,8.345867383333333,250.0,0.0,0
100,NETBANKING,0,1,2,0,1,BANK_D,PROCESSING,PENDING,1.3183707,0,8.681629299999999,100.0,0.0,0
750,CARD,1,1,6,1,1,BANK_B,PROCESSING,PENDING,1.9522674500000001,0,8.04773255,750.0,0.0,0
100,CARD,0,16,4,0,1,BANK_B,SETTLED,00,2.580813483333333,1,7.249271483333334,100.0,0.0,0
1500,WALLET,0,20,3,0,1,BANK_A,PROCESSING,PENDING,1.2618797499999999,0,8.73812025,1500.0,0.0,0
1000,CARD,0,21,2,0,1,BANK_C,PROCESSING,PENDING,1.9148177833333333,0,8.085182216666666,1000.0,0.0,0
750,CARD,0,1,0,0,1,BANK_A,PROCESSING,PENDING,1.8909379666666666,0,8.109062033333334,750.0,0.0,0
500,NETBANKING,0,22,0,0,1,BANK_A,SETTLED,00,0.76254215,1,7.591305116666666,500.0,0.0,0
2500,WALLET,0,7,0,0,1,BANK_A,SETTLED,00,1.06537045,1,8.12526025,2500.0,0.0,0
2500,NETBANKING,0,10,6,1,1,BANK_A,PROCESSING,PENDING,2.1305150333333334,0,7.869484966666667,2500.0,0.0,0
2500,UPI,0,0,1,0,1,BANK_C,PROCESSING,PENDING,1.7230723833333335,0,8.276927616666667,2500.0,0.0,0
2000,NETBANKING,0,14,6,1,1,BANK_B,PROCESSING,PENDING,1.8448555833333333,0,8.155144416666667,2000.0,0.0,0
750,UPI,0,23,6,1,1,BANK_B,SETTLED,00,0.5815253333333333,1,7.875110966666667,750.0,0.0,0
250,NETBANKING,0,17,5,1,1,BANK_C,SETTLED,00,1.7882575666666667,1,7.3533024000000005,250.0,0.0,0
25000,NETBANKING,0,3,5,1,1,BANK_C,PROCESSING,PENDING,2.0443270333333334,0,7.955672966666667,25000.0,0.0,0
1500,UPI,0,13,4,0,1,BANK_D,SETTLED,00,1.4375487333333332,1,5.23566405,1500.0,0.0,0
1000,UPI,0,14,0,0,1,BANK_D,SETTLED,00,2.5372150666666666,1,6.572440383333333,1000.0,0.0,0
500,CARD,1,0,3,0,1,BANK_B,SETTLED,00,0.94989655,1,7.195321166666667,500.0,0.0,0
10000,UPI,0,7,6,1,1,BANK_D,SETTLED,00,2.6705909666666665,1,5.975580133333334,10000.0,0.0,0
1000,CARD,0,0,6,1,1,BANK_B,SETTLED,00,0.81953935,1,8.250408166666666,1000.0,0.0,0
5000,UPI,0,14,5,1,1,BANK_C,SETTLED,00,1.3829335166666668,1,6.75554935,5000.0,0.0,0
500,UPI,0,3,5,1,1,BANK_D,SETTLED,00,0.7768715333333333,1,8.855886916666666,500.0,0.0,0
500,CARD,0,14,2,0,1,BANK_B,SETTLED,00,1.8272083166666666,1,6.950557833333334,500.0,0.0,0
1500,CARD,0,21,0,0,1,BANK_C,SETTLED,00,3.0282474833333333,1,6.379611150000001,1500.0,0.0,0
250,CARD,1,18,6,1,1,BANK_D,PROCESSING,PENDING,1.3213518499999999,0,8.678648149999999,250.0,0.0,0
100,CARD,0,15,0,0,1,BANK_D,SETTLED,00,2.7768456833333333,1,5.739617333333333,100.0,0.0,0
750,CARD,0,8,0,0,1,BANK_C,SETTLED,00,2.1573672166666666,1,7.3688847,750.0,0.0,0
1000,NETBANKING,0,11,0,0,1,BANK_C,SETTLED,00,1.1885140833333334,1,8.257114983333333,1000.0,0.0,0
10000,NETBANKING,0,9,5,1,1,BANK_C,PROCESSING,PENDING,1.9024360833333334,0,8.097563916666667,10000.0,0.0,0
250,CARD,0,9,3,0,1,BANK_B,SETTLED,00,0.9624461166666667,1,8.420735766666667,250.0,0.0,0
1500,NETBANKING,0,12,5,1,1,BANK_D,PROCESSING,PENDING,1.9082408166666667,0,8.091759183333334,1500.0,0.0,0
500,WALLET,0,9,5,1,1,BANK_B,SETTLED,00,1.7039235333333334,1,7.788293733333333,500.0,0.0,0
100,UPI,0,8,0,0,1,BANK_B,PROCESSING,PENDING,2.03033735,0,7.96966265,100.0,0.0,0
100,NETBANKING,0,17,2,0,1,BANK_A,PROCESSING,PENDING,1.4664552666666668,0,8.533544733333335,100.0,0.0,0
10000,UPI,0,10,1,0,1,BANK_C,SETTLED,00,1.71458485,1,7.862065833333333,10000.0,0.0,0
750,CARD,0,2,0,0,1,BANK_B,PROCESSING,PENDING,1.5599760666666667,0,8.440023933333332,750.0,0.0,0
750,CARD,0,13,3,0,1,BANK_D,SETTLED,00,1.5359360833333333,1,7.586062083333333,750.0,0.0,0
500,UPI,0,14,1,0,1,BANK_D,SETTLED,00,2.2224234333333333,1,6.60244725,500.0,0.0,0
500,UPI,0,11,0,0,1,BANK_A,SETTLED,00,1.5211482666666667,1,7.2279077166666665,500.0,0.0,0
2000,UPI,0,8,0,0,1,BANK_C,SETTLED,00,2.2393799666666667,1,6.548212483333333,2000.0,0.0,0
2500,NETBANKING,0,2,2,0,1,BANK_D,PROCESSING,PENDING,1.81037655,0,8.189623450000001,2500.0,0.0,0
2500,NETBANKING,0,4,5,1,1,BANK_C,SETTLED,00,1.2950851166666666,1,6.8908656666666666,2500.0,0.0,0
1000,CARD,0,20,2,0,1,BANK_D,PROCESSING,PENDING,1.5573848833333335,0,8.442615116666667,1000.0,0.0,0
250,NETBANKING,1,7,5,1,1,BANK_C,PROCESSING,PENDING,1.67911305,0,8.32088695,250.0,0.0,0
1500,UPI,0,21,6,1,1,BANK_C,PROCESSING,PENDING,1.3219555666666667,0,8.678044433333334,1500.0,0.0,0
500,CARD,0,7,6,1,1,BANK_A,SETTLED,00,1.0908026333333334,1,7.156230300000001,500.0,0.0,0
500,UPI,0,16,5,1,1,BANK_A,SETTLED,00,2.7364093333333335,1,5.040263316666667,500.0,0.0,0
100,NETBANKING,0,22,3,0,1,BANK_A,PROCESSING,PENDING,0.9331953,0,9.0668047,100.0,0.0,0
500,UPI,0,8,4,0,1,BANK_A,SETTLED,00,1.2323457333333332,1,6.999539716666666,500.0,0.0,0
100,UPI,1,7,6,1,1,BANK_A,SETTLED,00,1.6823897666666667,1,8.0128088,100.0,0.0,0
500,UPI,0,0,5,1,1,BANK_C,PROCESSING,PENDING,0.8525209333333332,0,9.147479066666667,500.0,0.0,0
750,NETBANKING,0,23,2,0,1,BANK_C,SETTLED,00,2.5066961333333335,1,7.2081525,750.0,0.0,0
100,UPI,0,13,1,0,1,BANK_A,PROCESSING,PENDING,2.33164465,0,7.66835535,100.0,0.0,0
2500,CARD,0,15,6,1,1,BANK_B,SETTLED,00,0.8180601000000001,1,6.9300606,2500.0,0.0,0
500,UPI,0,13,5,1,1,BANK_A,PROCESSING,PENDING,1.3593652666666667,0,8.640634733333334,500.0,0.0,0
500,UPI,0,21,3,0,1,BANK_D,PROCESSING,PENDING,2.0373303166666665,0,7.962669683333333,500.0,0.0,0
100,CARD,0,7,6,1,1,BANK_A,PROCESSING,PENDING,0.39869678333333336,0,9.601303216666668,100.0,0.0,0
10000,CARD,0,10,4,0,1,BANK_C,SETTLED,00,2.0939144666666665,1,7.153831216666666,10000.0,0.0,0
1500,UPI,0,12,6,1,1,BANK_C,PROCESSING,PENDING,1.3908106166666667,0,8.609189383333334,1500.0,0.0,0
500,UPI,0,0,5,1,1,BANK_A,PROCESSING,PENDING,1.1339672666666667,0,8.866032733333332,500.0,0.0,0
500,NETBANKING,0,13,0,0,1,BANK_B,SETTLED,00,1.2759101833333333,1,7.196109633333333,500.0,0.0,0
5000,CARD,0,6,2,0,1,BANK_A,PROCESSING,PENDING,0.7229231666666667,0,9.277076833333332,5000.0,0.0,0
1500,CARD,0,1,2,0,1,BANK_A,PROCESSING,PENDING,1.7462863833333333,0,8.253713616666667,1500.0,0.0,0
1500,CARD,1,2,4,0,1,BANK_A,SETTLED,00,1.3005740166666666,1,7.783297216666667,1500.0,0.0,0
1000,WALLET,0,3,3,0,1,BANK_C,SETTLED,00,2.6588933166666666,1,6.785421283333333,1000.0,0.0,0
100,CARD,0,21,2,0,1,BANK_C,SETTLED,00,2.215095183333333,1,7.669452033333333,100.0,0.0,0
500,UPI,0,22,0,0,1,BANK_B,PROCESSING,PENDING,1.7766414166666666,0,8.223358583333333,500.0,0.0,0
2000,UPI,0,21,4,0,1,BANK_A,SETTLED,00,0.8602554833333333,1,8.445410683333334,2000.0,0.0,0
1500,CARD,0,0,0,0,1,BANK_B,SETTLED,00,2.3801811,1,7.58618985,1500.0,0.0,0
100,CARD,0,9,6,1,1,BANK_C,PROCESSING,PENDING,1.6082424833333335,0,8.391757516666667,100.0,0.0,0
1000,NETBANKING,0,22,5,1,1,BANK_C,SETTLED,00,1.86925705,1,7.357120133333334,1000.0,0.0,0
10000,NETBANKING,0,13,2,0,1,BANK_A,SETTLED,00,0.9793102166666666,1,6.968104816666667,10000.0,0.0,0
250,UPI,1,0,5,1,1,BANK_D,PROCESSING,PENDING,0.7008071833333334,0,9.299192816666666,250.0,0.0,0
2500,NETBANKING,0,12,6,1,1,BANK_B,SETTLED,00,2.13157785,1,5.481870266666666,2500.0,0.0,0
500,CARD,1,3,5,1,1,BANK_A,SETTLED,00,1.5177936166666666,1,7.622363933333333,500.0,0.0,0
100,NETBANKING,0,12,6,1,1,BANK_A,PROCESSING,PENDING,2.3703134333333336,0,7.629686566666667,100.0,0.0,0
250,UPI,1,8,6,1,1,BANK_D,SETTLED,00,2.092510783333333,1,6.550097616666666,250.0,0.0,0
2000,UPI,0,0,2,0,1,BANK_B,SETTLED,00,1.3755003666666668,1,7.651775466666667,2000.0,0.0,0
1000,WALLET,0,17,0,0,1,BANK_D,PROCESSING,PENDING,1.6878984833333335,0,8.312101516666667,1000.0,0.0,0
1500,WALLET,0,18,3,0,1,BANK_B,SETTLED,00,2.02573955,1,6.2530222166666665,1500.0,0.0,0
2000,CARD,0,4,6,1,1,BANK_D,PROCESSING,PENDING,1.8370646333333334,0,8.162935366666666,2000.0,0.0,0
500,CARD,0,1,5,1,1,BANK_A,PROCESSING,PENDING,1.65683095,0,8.34316905,500.0,0.0,0
250,UPI,0,23,4,0,1,BANK_B,SETTLED,00,1.8478795000000001,1,5.864459266666667,250.0,0.0,0
1000,NETBANKING,0,0,3,0,1,BANK_A,SETTLED,00,1.9306271166666666,1,7.27417685,1000.0,0.0,0
750,NETBANKING,0,13,0,0,1,BANK_C,SETTLED,00,2.5048129500000003,1,6.568189533333333,750.0,0.0,0
2500,CARD,0,5,0,0,1,BANK_C,SETTLED,00,1.70728115,1,6.6113694333333335,2500.0,0.0,0
250,UPI,0,9,2,0,1,BANK_A,SETTLED,00,1.5906766333333333,1,7.47445105,250.0,0.0,0
1500,UPI,0,11,3,0,1,BANK_C,SETTLED,00,2.0300272166666664,1,6.616614333333334,1500.0,0.0,0
2000,NETBANKING,0,2,6,1,1,BANK_C,SETTLED,00,2.3179327499999998,1,4.553202633333333,2000.0,0.0,0
250,UPI,0,1,6,1,1,BANK_D,PROCESSING,PENDING,0.89058355,0,9.10941645,250.0,0.0,0
250,CARD,0,7,6,1,1,BANK_A,PROCESSING,PENDING,3.1726020333333333,0,6.827397966666666,250.0,0.0,0
250,NETBANKING,0,21,0,0,1,BANK_C,SETTLED,00,1.2980839333333334,1,7.453245566666666,250.0,0.0,0
750,UPI,0,6,3,0,1,BANK_C,PROCESSING,PENDING,2.456128083333333,0,7.543871916666666,750.0,0.0,0
750,UPI,0,16,3,0,1,BANK_D,SETTLED,00,1.40387715,1,7.428262383333333,750.0,0.0,0
100,UPI,0,11,3,0,1,BANK_A,PROCESSING,PENDING,3.1868621333333333,0,6.813137866666667,100.0,0.0,0
250,UPI,0,0,5,1,1,BANK_B,PROCESSING,PENDING,0.5918395166666667,0,9.408160483333335,250.0,0.0,0
1500,CARD,0,22,5,1,1,BANK_C,PROCESSING,PENDING,1.2501979833333332,0,8.749802016666667,1500.0,0.0,0
250,CARD,0,14,1,0,1,BANK_B,PROCESSING,PENDING,0.7184066333333334,0,9.281593366666668,250.0,0.0,0
250,UPI,1,6,2,0,1,BANK_A,PROCESSING,PENDING,1.2113214166666666,0,8.788678583333333,250.0,0.0,0
2500,NETBANKING,0,8,6,1,1,BANK_B,PROCESSING,PENDING,0.4090132166666667,0,9.590986783333333,2500.0,0.0,0
10000,UPI,0,23,4,0,1,BANK_D,SETTLED,00,3.15660705,1,6.324950116666667,10000.0,0.0,0
250,UPI,1,9,6,1,1,BANK_D,SETTLED,00,1.4889509166666668,1,7.34219415,250.0,0.0,0
1500,UPI,0,22,2,0,1,BANK_B,SETTLED,00,1.4286171,1,6.442287449999999,1500.0,0.0,0
500,UPI,0,7,1,0,1,BANK_C,PROCESSING,PENDING,1.5512095333333333,0,8.448790466666667,500.0,0.0,0
250,UPI,1,17,1,0,1,BANK_D,SETTLED,00,1.7234173000000002,1,5.881401883333334,250.0,0.0,0
250,NETBANKING,0,16,3,0,1,BANK_D,SETTLED,00,1.3622900999999998,1,6.88993205,250.0,0.0,0
500,NETBANKING,0,6,2,0,1,BANK_A,PROCESSING,PENDING,2.9514825166666667,0,7.048517483333333,500.0,0.0,0
250,CARD,0,2,5,1,1,BANK_A,PROCESSING,PENDING,2.30619935,0,7.69380065,250.0,0.0,0
1500,UPI,0,17,3,0,1,BANK_D,SETTLED,00,0.7979091500000001,1,8.228710366666666,1500.0,0.0,0
2000,UPI,0,9,0,0,1,BANK_A,SETTLED,00,2.4257430166666665,1,6.4398242,2000.0,0.0,0
1500,UPI,0,12,4,0,1,BANK_C,PROCESSING,PENDING,2.04804925,0,7.95195075,1500.0,0.0,0
25000,CARD,0,9,3,0,1,BANK_A,SETTLED,00,1.1375802833333333,1,7.3348378499999995,25000.0,0.0,0
5000,UPI,0,14,4,0,1,BANK_A,PROCESSING,PENDING,1.6760723000000002,0,8.3239277,5000.0,0.0,0
500,UPI,0,6,5,1,1,BANK_D,SETTLED,00,2.2249863,1,5.758184633333333,500.0,0.0,0
2000,UPI,0,20,4,0,1,BANK_A,PROCESSING,PENDING,2.9627679166666665,0,7.0372320833333335,2000.0,0.0,0
250,CARD,0,23,1,0,1,BANK_A,SETTLED,00,2.0014175333333335,1,6.714763616666667,250.0,0.0,0
1000,NETBANKING,0,5,2,0,1,BANK_B,SETTLED,00,1.2996857333333334,1,7.391891816666667,1000.0,0.0,0
2000,NETBANKING,1,16,1,0,1,BANK_C,SETTLED,00,1.6659931166666666,1,7.7517232499999995,2000.0,0.0,0
500,UPI,0,3,2,0,1,BANK_C,SETTLED,00,0.8750946666666667,1,8.10532885,500.0,0.0,0
250,CARD,0,7,2,0,1,BANK_C,SETTLED,00,1.3977305833333333,1,6.731705333333333,250.0,0.0,0
1000,UPI,0,3,5,1,1,BANK_A,SETTLED,00,1.8167309666666667,1,7.30968935,1000.0,0.0,0
5000,CARD,0,15,0,0,1,BANK_C,PROCESSING,PENDING,0.3363205833333333,0,9.663679416666668,5000.0,0.0,0
100,WALLET,0,8,5,1,1,BANK_B,SETTLED,00,2.3507918166666664,1,6.770579266666667,100.0,0.0,0
100,UPI,0,18,2,0,1,BANK_C,PROCESSING,PENDING,1.7127513666666667,0,8.287248633333332,100.0,0.0,0
750,UPI,0,6,3,0,1,BANK_B,SETTLED,00,0.4854321,1,9.296579016666668,750.0,0.0,0
750,WALLET,0,1,2,0,1,BANK_D,PROCESSING,PENDING,2.240393416666667,0,7.759606583333333,750.0,0.0,0
5000,CARD,0,10,6,1,1,BANK_C,PROCESSING,PENDING,1.4662045166666668,0,8.533795483333334,5000.0,0.0,0
750,UPI,0,22,0,0,1,BANK_A,SETTLED,00,1.8039743,1,6.6562735,750.0,0.0,0
250,UPI,0,19,3,0,1,BANK_D,PROCESSING,PENDING,2.2462471833333333,0,7.753752816666666,250.0,0.0,0
1000,UPI,0,20,6,1,1,BANK_A,SETTLED,00,2.7728923666666665,1,5.542883916666667,1000.0,0.0,0
2500,UPI,1,0,5,1,1,BANK_B,SETTLED,00,2.3569316833333334,1,6.231299933333333,2500.0,0.0,0
2500,CARD,0,20,1,0,1,BANK_A,PROCESSING,PENDING,2.21013595,0,7.78986405,2500.0,0.0,0
1500,CARD,0,6,3,0,1,BANK_A,SETTLED,00,0.9774273,1,7.407660866666666,1500.0,0.0,0
250,NETBANKING,1,8,0,0,1,BANK_A,PROCESSING,PENDING,1.5487766166666668,0,8.451223383333334,250.0,0.0,0
2000,CARD,0,19,0,0,1,BANK_C,SETTLED,00,1.7953190666666667,1,7.254425066666667,2000.0,0.0,0
1500,CARD,0,18,5,1,1,BANK_B,SETTLED,00,0.84707585,1,8.828796616666667,1500.0,0.0,0
100,WALLET,0,13,3,0,1,BANK_D,PROCESSING,PENDING,1.6140429666666667,0,8.385957033333334,100.0,0.0,0
250,CARD,0,12,1,0,1,BANK_A,SETTLED,00,1.28406155,1,8.01087575,250.0,0.0,0
1000,CARD,0,1,1,0,1,BANK_D,SETTLED,00,1.78358645,1,6.341507683333333,1000.0,0.0,0
750,UPI,1,22,6,1,1,BANK_A,SETTLED,00,1.9346679666666666,1,7.87516095,750.0,0.0,0
500,WALLET,0,21,4,0,1,BANK_C,SETTLED,00,1.4358708833333333,1,7.409231916666667,500.0,0.0,0
5000,UPI,0,0,6,1,1,BANK_A,SETTLED,00,1.9371263833333332,1,6.54730655,5000.0,0.0,0
500,CARD,0,0,0,0,1,BANK_C,PROCESSING,PENDING,2.0580114166666665,0,7.941988583333333,500.0,0.0,0
750,UPI,0,15,6,1,1,BANK_A,SETTLED,00,2.32706325,1,7.0385165333333335,750.0,0.0,0
2500,CARD,1,7,0,0,1,BANK_B,PROCESSING,PENDING,1.5496191333333333,0,8.450380866666666,2500.0,0.0,0
250,CARD,0,9,5,1,1,BANK_A,PROCESSING,PENDING,1.4955696,0,8.5044304,250.0,0.0,0
250,UPI,0,4,5,1,1,BANK_D,SETTLED,00,1.2347459666666665,1,7.273455883333333,250.0,0.0,0
1000,NETBANKING,0,19,5,1,1,BANK_D,PROCESSING,PENDING,1.9392491166666666,0,8.060750883333334,1000.0,0.0,0
2500,CARD,0,11,1,0,1,BANK_D,SETTLED,00,1.7897484666666665,1,6.675292366666667,2500.0,0.0,0
1500,CARD,0,1,4,0,1,BANK_D,PROCESSING,PENDING,1.3316663499999999,0,8.66833365,1500.0,0.0,0
2000,CARD,0,21,2,0,1,BANK_B,SETTLED,00,2.2992901666666667,1,4.4120371,2000.0,0.0,0
5000,UPI,0,16,3,0,1,BANK_C,PROCESSING,PENDING,1.9890993333333333,0,8.010900666666666,5000.0,0.0,0
250,UPI,0,4,5,1,1,BANK_C,SETTLED,00,0.9863646,1,6.995867183333333,250.0,0.0,0
250,NETBANKING,1,9,6,1,1,BANK_D,SETTLED,00,2.2794185166666665,1,7.0535502999999995,250.0,0.0,0
750,WALLET,0,9,1,0,1,BANK_B,SETTLED,00,0.7845101166666667,1,7.886000333333333,750.0,0.0,0
250,NETBANKING,0,23,3,0,1,BANK_A,SETTLED,00,1.05820575,1,6.352015766666667,250.0,0.0,0
250,NETBANKING,1,11,4,0,1,BANK_C,SETTLED,00,2.3252555166666666,1,6.516615233333334,250.0,0.0,0
500,CARD,0,13,4,0,1,BANK_C,SETTLED,00,2.1089600333333336,1,6.0925734,500.0,0.0,0
250,NETBANKING,0,22,4,0,1,BANK_B,SETTLED,00,1.4813277666666667,1,6.5183698,250.0,0.0,0
500,UPI,0,22,3,0,1,BANK_B,SETTLED,00,0.2873194333333334,1,8.090085433333334,500.0,0.0,0
2000,UPI,0,15,5,1,1,BANK_C,SETTLED,00,1.2150805833333334,1,7.825230133333333,2000.0,0.0,0
1000,NETBANKING,1,19,0,0,1,BANK_C,SETTLED,00,0.2,1,9.036489883333333,1000.0,0.0,0
250,CARD,0,9,1,0,1,BANK_D,PROCESSING,PENDING,0.9570346666666667,0,9.042965333333333,250.0,0.0,0
500,WALLET,0,17,1,0,1,BANK_A,SETTLED,00,1.6151628333333332,1,7.713615399999999,500.0,0.0,0
250,UPI,1,14,5,1,1,BANK_B,PROCESSING,PENDING,1.9038095000000002,0,8.0961905,250.0,0.0,0
1500,UPI,0,23,6,1,1,BANK_A,SETTLED,00,0.9809252166666667,1,7.305708883333334,1500.0,0.0,0
2500,NETBANKING,0,13,1,0,1,BANK_D,PROCESSING,PENDING,2.68260495,0,7.31739505,2500.0,0.0,0
1500,WALLET,0,16,1,0,1,BANK_D,SETTLED,00,1.16632545,1,6.797603033333333,1500.0,0.0,0
100,UPI,0,13,1,0,1,BANK_A,PROCESSING,PENDING,1.99634665,0,8.00365335,100.0,0.0,0
2000,CARD,0,12,2,0,1,BANK_B,PROCESSING,PENDING,1.2137947166666665,0,8.786205283333334,2000.0,0.0,0
1500,CARD,0,6,2,0,1,BANK_A,PROCESSING,PENDING,1.9713130166666666,0,8.028686983333333,1500.0,0.0,0
250,NETBANKING,0,12,6,1,1,BANK_B,PROCESSING,PENDING,1.2536343833333334,0,8.746365616666667,250.0,0.0,0
2000,CARD,0,20,2,0,1,BANK_C,PROCESSING,PENDING,1.9744731166666667,0,8.025526883333333,2000.0,0.0,0
1000,CARD,0,11,0,0,1,BANK_C,PROCESSING,PENDING,1.2484668333333333,0,8.751533166666666,1000.0,0.0,0
750,UPI,0,6,6,1,1,BANK_C,PROCESSING,PENDING,0.9272218,0,9.072778199999998,750.0,0.0,0
250,UPI,0,13,0,0,1,BANK_B,SETTLED,00,1.0194181166666667,1,7.790203816666667,250.0,0.0,0
100,CARD,0,2,2,0,1,BANK_A,SETTLED,00,1.4473923333333334,1,8.151005133333333,100.0,0.0,0
250,CARD,0,19,5,1,1,BANK_D,PROCESSING,PENDING,1.6447957500000001,0,8.35520425,250.0,0.0,0
2000,UPI,0,23,6,1,1,BANK_C,SETTLED,00,1.6479551333333333,1,8.254872066666668,2000.0,0.0,0
5000,WALLET,0,1,0,0,1,BANK_C,SETTLED,00,1.7411409333333334,1,6.512885333333333,5000.0,0.0,0
2500,UPI,0,6,0,0,1,BANK_C,PROCESSING,PENDING,1.8115937666666668,0,8.188406233333334,2500.0,0.0,0
1500,UPI,0,6,1,0,1,BANK_B,SETTLED,00,1.66415165,1,7.99494655,1500.0,0.0,0
250,UPI,0,20,2,0,1,BANK_D,PROCESSING,PENDING,1.6194993999999998,0,8.3805006,250.0,0.0,0
1000,UPI,0,2,0,0,1,BANK_D,SETTLED,00,2.6657713666666667,1,4.9874441166666665,1000.0,0.0,0
100,UPI,0,22,5,1,1,BANK_D,SETTLED,00,1.0198454333333333,1,7.325906616666667,100.0,0.0,0
250,CARD,0,20,1,0,1,BANK_C,SETTLED,00,1.8129734,1,8.058294883333334,250.0,0.0,0
1500,NETBANKING,0,0,4,0,1,BANK_C,SETTLED,00,2.2743364166666664,1,4.9812034,1500.0,0.0,0
100,UPI,0,23,1,0,1,BANK_C,SETTLED,00,2.4726783833333332,1,7.4850823166666665,100.0,0.0,0
750,WALLET,0,5,3,0,1,BANK_D,PROCESSING,PENDING,1.5848033000000001,0,8.415196700000001,750.0,0.0,0
750,CARD,0,9,4,0,1,BANK_D,SETTLED,00,1.6656480833333334,1,8.301068466666667,750.0,0.0,0
2000,WALLET,0,17,0,0,1,BANK_D,PROCESSING,PENDING,1.3228463666666668,0,8.677153633333335,2000.0,0.0,0
250,CARD,1,16,0,0,1,BANK_A,SETTLED,00,2.065926333333333,1,6.9248684166666665,250.0,0.0,0
1000,CARD,0,5,1,0,1,BANK_A,PROCESSING,PENDING,1.9958225666666667,0,8.004177433333334,1000.0,0.0,0
1500,NETBANKING,0,18,6,1,1,BANK_B,SETTLED,00,1.15765465,1,8.725748033333334,1500.0,0.0,0
1000,CARD,0,12,6,1,1,BANK_B,SETTLED,00,1.4266324,1,6.202660383333334,1000.0,0.0,0
500,WALLET,0,17,1,0,1,BANK_B,SETTLED,00,0.6808443333333333,1,7.64618005,500.0,0.0,0
750,UPI,0,13,6,1,1,BANK_A,SETTLED,00,1.9450600333333334,1,6.167547483333333,750.0,0.0,0
250,CARD,0,9,2,0,1,BANK_C,PROCESSING,PENDING,2.0373834333333334,0,7.962616566666667,250.0,0.0,0
750,UPI,0,11,3,0,1,BANK_C,SETTLED,00,2.0648678666666664,1,7.683397516666667,750.0,0.0,0
1500,WALLET,0,5,5,1,1,BANK_B,SETTLED,00,1.5294857666666668,1,6.12349745,1500.0,0.0,0
100,NETBANKING,0,12,4,0,1,BANK_C,SETTLED,00,0.96796595,1,8.030468616666667,100.0,0.0,0
5000,CARD,0,12,5,1,1,BANK_C,SETTLED,00,1.3546150166666666,1,7.9801362000000005,5000.0,0.0,0
1500,CARD,0,18,4,0,1,BANK_D,PROCESSING,PENDING,2.3026071999999997,0,7.6973928,1500.0,0.0,0
750,NETBANKING,0,6,2,0,1,BANK_A,PROCESSING,PENDING,1.2578188166666666,0,8.742181183333335,750.0,0.0,0
1500,NETBANKING,0,11,3,0,1,BANK_C,SETTLED,00,1.3898260166666667,1,7.387112466666666,1500.0,0.0,0
250,CARD,0,6,0,0,1,BANK_A,SETTLED,00,1.2456892000000002,1,7.47948415,250.0,0.0,0
10000,NETBANKING,0,6,1,0,1,BANK_B,SETTLED,00,1.8088627833333333,1,7.5464690333333335,10000.0,0.0,0
100,UPI,0,14,1,0,1,BANK_C,SETTLED,00,0.4873367333333333,1,7.5531220333333335,100.0,0.0,0
100,UPI,0,5,4,0,1,BANK_B,PROCESSING,PENDING,1.3383586333333333,0,8.661641366666666,100.0,0.0,0
100,WALLET,0,20,0,0,1,BANK_C,PROCESSING,PENDING,1.30127655,0,8.69872345,100.0,0.0,0
5000,UPI,1,13,6,1,1,BANK_D,SETTLED,00,0.5163690666666667,1,8.839452866666667,5000.0,0.0,0
5000,UPI,0,1,6,1,1,BANK_B,SETTLED,00,1.8116486333333335,1,5.558103733333334,5000.0,0.0,0
1500,CARD,1,9,2,0,1,BANK_D,SETTLED,00,1.6928908,1,6.844817383333334,1500.0,0.0,0
1000,UPI,0,1,3,0,1,BANK_C,SETTLED,00,0.78510695,1,8.777803500000001,1000.0,0.0,0
10000,WALLET,0,10,1,0,1,BANK_D,SETTLED,00,2.1947811,1,7.263295483333334,10000.0,0.0,0
250,CARD,0,8,3,0,1,BANK_A,SETTLED,00,1.5011915,1,6.699461683333333,250.0,0.0,0
2500,UPI,0,12,5,1,1,BANK_D,SETTLED,00,1.3371033333333335,1,5.1792188999999995,2500.0,0.0,0
5000,CARD,0,6,4,0,1,BANK_C,PROCESSING,PENDING,1.7713284999999999,0,8.228671499999999,5000.0,0.0,0
750,WALLET,0,2,0,0,1,BANK_A,SETTLED,00,1.5905737666666666,1,6.7475477,750.0,0.0,0
250,WALLET,0,0,2,0,1,BANK_B,PROCESSING,PENDING,1.14366465,0,8.85633535,250.0,0.0,0
1000,NETBANKING,0,17,4,0,1,BANK_B,SETTLED,00,2.206258683333333,1,7.7485542999999995,1000.0,0.0,0
500,CARD,0,6,0,0,1,BANK_A,PROCESSING,PENDING,1.6390102333333334,0,8.360989766666666,500.0,0.0,0
250,CARD,0,2,0,0,1,BANK_A,SETTLED,00,2.4014636166666667,1,6.60270575,250.0,0.0,0
100,UPI,0,21,1,0,1,BANK_B,SETTLED,00,1.8680781499999999,1,7.462790433333334,100.0,0.0,0
750,UPI,0,19,4,0,1,BANK_A,SETTLED,00,1.0453089833333333,1,7.089109233333334,750.0,0.0,0
100,CARD,0,11,6,1,1,BANK_C,SETTLED,00,1.7879176833333332,1,8.0046867,100.0,0.0,0
100,CARD,0,7,5,1,1,BANK_C,SETTLED,00,1.4782544999999998,1,7.572892550000001,100.0,0.0,0
100,CARD,0,4,0,0,1,BANK_D,SETTLED,00,2.9311202166666663,1,5.48032515,100.0,0.0,0
500,CARD,0,2,2,0,1,BANK_C,SETTLED,00,1.7482270666666666,1,8.066139466666666,500.0,0.0,0
100,UPI,0,9,4,0,1,BANK_D,PROCESSING,PENDING,2.6182168833333335,0,7.381783116666667,100.0,0.0,0
750,UPI,0,5,5,1,1,BANK_B,SETTLED,00,1.3106616,1,7.96796025,750.0,0.0,0
750,UPI,0,22,5,1,1,BANK_A,PROCESSING,PENDING,0.7280216666666667,0,9.271978333333333,750.0,0.0,0
1500,UPI,0,17,5,1,1,BANK_D,SETTLED,00,0.9160873666666667,1,7.2459625,1500.0,0.0,0
750,WALLET,0,21,6,1,1,BANK_D,SETTLED,00,1.0255592166666667,1,7.212011233333333,750.0,0.0,0
1500,CARD,0,1,0,0,1,BANK_A,PROCESSING,PENDING,1.1075507166666665,0,8.892449283333333,1500.0,0.0,0
750,UPI,0,21,2,0,1,BANK_A,PROCESSING,PENDING,1.9807956,0,8.0192044,750.0,0.0,0
2000,NETBANKING,0,17,1,0,1,BANK_A,PROCESSING,PENDING,1.0476801666666666,0,8.952319833333332,2000.0,0.0,0
2500,CARD,0,9,4,0,1,BANK_B,SETTLED,00,1.0530401833333334,1,6.4806753,2500.0,0.0,0
1500,CARD,0,21,6,1,1,BANK_A,PROCESSING,PENDING,0.9440527500000001,0,9.055947250000001,1500.0,0.0,0
1000,UPI,0,20,1,0,1,BANK_A,SETTLED,00,0.7780379833333334,1,8.585345016666668,1000.0,0.0,0
100,CARD,0,4,4,0,1,BANK_C,SETTLED,00,0.308512,1,6.068144083333333,100.0,0.0,0
100,NETBANKING,0,14,3,0,1,BANK_D,PROCESSING,PENDING,1.31499495,0,8.685005050000001,100.0,0.0,0
5000,CARD,0,15,3,0,1,BANK_D,SETTLED,00,1.74829205,1,7.5649602,5000.0,0.0,0
2500,UPI,0,4,3,0,1,BANK_C,PROCESSING,PENDING,2.0694269000000003,0,7.9305731,2500.0,0.0,0
2500,CARD,1,23,2,0,1,BANK_D,PROCESSING,PENDING,1.87211545,0,8.12788455,2500.0,0.0,0
750,UPI,0,13,1,0,1,BANK_B,PROCESSING,PENDING,1.4321623,0,8.5678377,750.0,0.0,0
1500,WALLET,0,17,0,0,1,BANK_A,PROCESSING,PENDING,1.8149994999999999,0,8.1850005,1500.0,0.0,0
1500,CARD,0,8,3,0,1,BANK_D,PROCESSING,PENDING,1.6460004333333333,0,8.353999566666667,1500.0,0.0,0
2000,NETBANKING,1,12,2,0,1,BANK_A,SETTLED,00,1.3262343666666667,1,6.247192733333334,2000.0,0.0,0
250,WALLET,0,5,2,0,1,BANK_D,SETTLED,00,0.5432716333333333,1,7.660488150000001,250.0,0.0,0
100,CARD,0,3,2,0,1,BANK_C,PROCESSING,PENDING,1.6663392166666666,0,8.333660783333334,100.0,0.0,0
500,UPI,0,19,2,0,1,BANK_C,SETTLED,00,1.9074948666666667,1,7.32873095,500.0,0.0,0
2500,UPI,0,0,5,1,1,BANK_B,PROCESSING,PENDING,2.750788733333333,0,7.249211266666666,2500.0,0.0,0
1000,CARD,1,0,5,1,1,BANK_B,SETTLED,00,0.83401065,1,8.721668283333335,1000.0,0.0,0
750,UPI,0,7,5,1,1,BANK_A,SETTLED,00,0.7503452500000001,1,6.5272505333333335,750.0,0.0,0
250,UPI,0,20,3,0,1,BANK_A,PROCESSING,PENDING,2.3642606666666666,0,7.635739333333333,250.0,0.0,0
100,UPI,0,11,4,0,1,BANK_D,PROCESSING,PENDING,0.5327607666666666,0,9.467239233333334,100.0,0.0,0
25000,CARD,0,2,6,1,1,BANK_B,PROCESSING,PENDING,1.0355295333333332,0,8.964470466666667,25000.0,0.0,0
1500,UPI,0,21,6,1,1,BANK_A,PROCESSING,PENDING,1.6925940166666666,0,8.307405983333334,1500.0,0.0,0
2000,CARD,0,9,0,0,1,BANK_C,SETTLED,00,1.3884848666666667,1,6.6186771,2000.0,0.0,0
5000,WALLET,2,11,2,0,1,BANK_C,PROCESSING,PENDING,1.8486498666666666,0,8.151350133333333,5000.0,0.0,0
25000,UPI,0,19,6,1,1,BANK_D,PROCESSING,PENDING,2.163963916666667,0,7.836036083333334,25000.0,0.0,0
10000,CARD,0,18,0,0,1,BANK_C,SETTLED,00,0.6953609833333334,1,7.116609850000001,10000.0,0.0,0
500,CARD,0,13,0,0,1,BANK_B,SETTLED,00,0.2,1,8.995122149999998,500.0,0.0,0
2500,UPI,1,3,6,1,1,BANK_A,SETTLED,00,2.1349712333333333,1,6.6546757166666675,2500.0,0.0,0
500,UPI,0,9,0,0,1,BANK_C,SETTLED,00,1.1412497,1,8.090468133333333,500.0,0.0,0
750,CARD,0,20,0,0,1,BANK_B,SETTLED,00,1.8704685166666666,1,5.8005934833333335,750.0,0.0,0
100,NETBANKING,0,17,6,1,1,BANK_A,PROCESSING,PENDING,1.3354789166666667,0,8.664521083333334,100.0,0.0,0
250,CARD,0,6,2,0,1,BANK_D,SETTLED,00,2.1175142333333334,1,5.717247416666667,250.0,0.0,0
2000,CARD,0,20,0,0,1,BANK_B,SETTLED,00,1.1942732833333334,1,5.971695066666666,2000.0,0.0,0
1000,UPI,0,18,2,0,1,BANK_C,PROCESSING,PENDING,1.5013547333333332,0,8.498645266666667,1000.0,0.0,0
1500,UPI,0,7,2,0,1,BANK_A,SETTLED,00,1.1023462166666667,1,6.901708683333334,1500.0,0.0,0
1500,NETBANKING,0,18,0,0,1,BANK_C,SETTLED,00,2.3867243166666667,1,7.3611854333333335,1500.0,0.0,0
2500,UPI,0,5,1,0,1,BANK_A,PROCESSING,PENDING,1.5531156166666666,0,8.446884383333334,2500.0,0.0,0
500,WALLET,0,4,0,0,1,BANK_D,SETTLED,00,2.3320559833333334,1,7.585554466666666,500.0,0.0,0
250,NETBANKING,1,8,6,1,1,BANK_B,PROCESSING,PENDING,1.3136391333333333,0,8.686360866666666,250.0,0.0,0
1000,CARD,1,12,1,0,1,BANK_B,PROCESSING,PENDING,0.4451095666666667,0,9.554890433333332,1000.0,0.0,0
250,NETBANKING,0,23,2,0,1,BANK_D,SETTLED,00,1.4914918,1,5.891049366666667,250.0,0.0,0
500,UPI,0,2,5,1,1,BANK_D,PROCESSING,PENDING,2.1487572,0,7.8512428,500.0,0.0,0
100,CARD,1,13,1,0,1,BANK_D,SETTLED,00,2.405991833333333,1,6.290196750000001,100.0,0.0,0
250,UPI,0,15,3,0,1,BANK_D,SETTLED,00,1.8391408833333334,1,6.53036365,250.0,0.0,0
2500,UPI,0,17,5,1,1,BANK_B,SETTLED,00,1.9233366333333335,1,7.372881733333333,2500.0,0.0,0
2500,UPI,0,8,4,0,1,BANK_A,SETTLED,00,1.96145095,1,6.791410366666667,2500.0,0.0,0
750,NETBANKING,0,5,2,0,1,BANK_D,SETTLED,00,1.44702005,1,8.075617900000001,750.0,0.0,0
1000,NETBANKING,0,19,5,1,1,BANK_B,SETTLED,00,1.2932273833333334,1,7.2470364,1000.0,0.0,0
500,CARD,0,11,5,1,1,BANK_A,SETTLED,00,0.37723589999999996,1,8.36186175,500.0,0.0,0
2000,UPI,1,8,1,0,1,BANK_D,SETTLED,00,1.5629570333333334,1,7.767981000000001,2000.0,0.0,0
2000,CARD,1,15,5,1,1,BANK_B,SETTLED,00,1.9433670833333332,1,6.936615583333333,2000.0,0.0,0
5000,WALLET,0,22,3,0,1,BANK_B,SETTLED,00,2.1097459166666668,1,6.078815783333334,5000.0,0.0,0
1000,UPI,1,18,5,1,1,BANK_C,PROCESSING,PENDING,1.6141477666666666,0,8.385852233333333,1000.0,0.0,0
500,CARD,0,5,2,0,1,BANK_A,PROCESSING,PENDING,2.430049133333333,0,7.569950866666667,500.0,0.0,0
2000,CARD,0,19,1,0,1,BANK_D,PROCESSING,PENDING,1.9521562666666665,0,8.047843733333334,2000.0,0.0,0
1500,CARD,0,19,5,1,1,BANK_C,SETTLED,00,0.22855805,1,8.143807566666666,1500.0,0.0,0
500,UPI,2,20,3,0,1,BANK_D,PROCESSING,PENDING,1.0198445166666668,0,8.980155483333334,500.0,0.0,0
2500,UPI,0,7,4,0,1,BANK_D,PROCESSING,PENDING,1.5987529833333334,0,8.401247016666666,2500.0,0.0,0
100,WALLET,0,16,2,0,1,BANK_C,SETTLED,00,2.4020683833333334,1,6.9328246,100.0,0.0,0
2500,UPI,1,19,3,0,1,BANK_C,SETTLED,00,1.2924654,1,8.455302,2500.0,0.0,0
2000,CARD,0,5,1,0,1,BANK_C,PROCESSING,PENDING,2.1434612333333334,0,7.8565387666666675,2000.0,0.0,0
500,UPI,0,11,5,1,1,BANK_C,SETTLED,00,1.1279391666666667,1,8.076277916666667,500.0,0.0,0
100,UPI,0,16,2,0,1,BANK_D,PROCESSING,PENDING,1.3326984000000002,0,8.6673016,100.0,0.0,0
5000,CARD,0,23,0,0,1,BANK_B,PROCESSING,PENDING,1.5905720333333333,0,8.409427966666666,5000.0,0.0,0
1000,CARD,0,19,2,0,1,BANK_D,SETTLED,00,2.7324886833333335,1,6.628329783333333,1000.0,0.0,0
750,CARD,0,21,0,0,1,BANK_D,PROCESSING,PENDING,2.169891216666667,0,7.830108783333333,750.0,0.0,0
1500,CARD,0,17,3,0,1,BANK_D,SETTLED,00,2.0396955333333335,1,5.504480116666667,1500.0,0.0,0
2000,NETBANKING,1,3,5,1,1,BANK_A,PROCESSING,PENDING,1.3398981333333333,0,8.660101866666668,2000.0,0.0,0
100,WALLET,0,7,0,0,1,BANK_A,SETTLED,00,1.2874385,1,8.223482166666667,100.0,0.0,0
1000,UPI,0,7,0,0,1,BANK_C,SETTLED,00,2.23832135,1,6.049823816666666,1000.0,0.0,0
2000,CARD,0,21,4,0,1,BANK_A,SETTLED,00,1.2550981666666667,1,7.599193166666667,2000.0,0.0,0
100,UPI,0,22,4,0,1,BANK_D,SETTLED,00,2.050647,1,7.3424043,100.0,0.0,0
100,WALLET,0,14,6,1,1,BANK_C,SETTLED,00,1.3134102833333332,1,7.160434133333334,100.0,0.0,0
2000,UPI,0,1,0,0,1,BANK_B,PROCESSING,PENDING,2.3353253666666665,0,7.664674633333333,2000.0,0.0,0
5000,NETBANKING,0,6,2,0,1,BANK_D,SETTLED,00,0.6591633,1,6.257870550000001,5000.0,0.0,0
750,NETBANKING,0,18,2,0,1,BANK_C,SETTLED,00,1.5230793333333332,1,6.544018733333333,750.0,0.0,0
2500,UPI,1,16,1,0,1,BANK_C,SETTLED,00,1.0628851,1,8.9037031,2500.0,0.0,0
750,UPI,0,11,6,1,1,BANK_C,SETTLED,00,1.4452256833333335,1,7.931349266666667,750.0,0.0,0
500,CARD,0,19,1,0,1,BANK_B,SETTLED,00,0.41695360000000004,1,9.279345816666668,500.0,0.0,0
5000,UPI,0,22,2,0,1,BANK_A,SETTLED,00,2.037307616666667,1,6.348270733333334,5000.0,0.0,0
1000,NETBANKING,0,12,3,0,1,BANK_C,SETTLED,00,1.8841083666666667,1,7.475936316666666,1000.0,0.0,0
250,CARD,0,13,6,1,1,BANK_C,SETTLED,00,0.2,1,8.580336749999999,250.0,0.0,0
250,UPI,0,9,1,0,1,BANK_D,PROCESSING,PENDING,0.8759028333333333,0,9.124097166666667,250.0,0.0,0
500,UPI,0,22,4,0,1,BANK_A,PROCESSING,PENDING,1.8122933166666668,0,8.187706683333333,500.0,0.0,0
1000,WALLET,0,13,5,1,1,BANK_B,PROCESSING,PENDING,1.5147345833333332,0,8.485265416666667,1000.0,0.0,0
500,NETBANKING,0,18,0,0,1,BANK_A,SETTLED,00,0.86958705,1,6.635905833333334,500.0,0.0,0
250,WALLET,0,11,3,0,1,BANK_C,SETTLED,00,0.8238751166666667,1,7.118556016666667,250.0,0.0,0
750,UPI,0,4,6,1,1,BANK_A,SETTLED,00,1.78619385,1,7.854898950000001,750.0,0.0,0
1500,UPI,0,6,0,0,1,BANK_B,PROCESSING,PENDING,2.4392069333333333,0,7.560793066666666,1500.0,0.0,0
250,CARD,1,21,1,0,1,BANK_B,SETTLED,00,1.6647428,1,7.233777966666667,250.0,0.0,0
2500,NETBANKING,0,10,4,0,1,BANK_B,PROCESSING,PENDING,0.5375914,0,9.4624086,2500.0,0.0,0
500,NETBANKING,0,5,4,0,1,BANK_B,SETTLED,00,1.0385372666666666,1,8.745041033333333,500.0,0.0,0
1500,UPI,0,3,0,0,1,BANK_D,PROCESSING,PENDING,0.9020299666666667,0,9.097970033333333,1500.0,0.0,0
1000,UPI,1,7,3,0,1,BANK_A,PROCESSING,PENDING,2.0702364833333333,0,7.929763516666667,1000.0,0.0,0
750,UPI,0,6,3,0,1,BANK_C,SETTLED,00,2.344928916666667,1,4.80515455,750.0,0.0,0
500,UPI,0,10,6,1,1,BANK_A,PROCESSING,PENDING,1.4080214333333332,0,8.591978566666667,500.0,0.0,0
250,CARD,0,18,5,1,1,BANK_D,PROCESSING,PENDING,1.4932608,0,8.5067392,250.0,0.0,0
250,UPI,0,21,4,0,1,BANK_D,PROCESSING,PENDING,2.1030540333333336,0,7.896945966666666,250.0,0.0,0
750,UPI,0,17,0,0,1,BANK_B,PROCESSING,PENDING,1.3104594666666667,0,8.689540533333334,750.0,0.0,0
1000,CARD,0,14,3,0,1,BANK_D,SETTLED,00,1.10158435,1,6.084140483333333,1000.0,0.0,0
500,UPI,0,17,2,0,1,BANK_D,SETTLED,00,1.17888505,1,8.357957616666667,500.0,0.0,0
1000,CARD,0,13,5,1,1,BANK_D,SETTLED,00,1.8513873666666667,1,7.189288983333333,1000.0,0.0,0
100,CARD,0,20,1,0,1,BANK_B,PROCESSING,PENDING,2.1111454,0,7.8888546,100.0,0.0,0
250,WALLET,0,1,2,0,1,BANK_B,PROCESSING,PENDING,1.9618259666666666,0,8.038174033333332,250.0,0.0,0
500,UPI,0,14,5,1,1,BANK_B,SETTLED,00,2.5353591,1,7.04199535,500.0,0.0,0
1500,CARD,1,8,0,0,1,BANK_C,PROCESSING,PENDING,1.6598191666666666,0,8.340180833333333,1500.0,0.0,0
5000,WALLET,0,13,2,0,1,BANK_C,PROCESSING,PENDING,1.7414052666666668,0,8.258594733333334,5000.0,0.0,0
25000,UPI,0,20,5,1,1,BANK_C,SETTLED,00,1.138042,1,8.5328518,25000.0,0.0,0
2000,UPI,0,20,5,1,1,BANK_A,PROCESSING,PENDING,2.3523577666666666,0,7.647642233333333,2000.0,0.0,0
1500,UPI,0,3,1,0,1,BANK_A,SETTLED,00,1.7955180833333333,1,6.727933866666667,1500.0,0.0,0
750,CARD,0,5,6,1,1,BANK_A,SETTLED,00,0.8613277333333333,1,9.122541833333335,750.0,0.0,0
1500,UPI,0,15,2,0,1,BANK_D,SETTLED,00,1.7820673166666665,1,7.0813135166666665,1500.0,0.0,0
5000,NETBANKING,0,10,0,0,1,BANK_B,SETTLED,00,2.2690977166666664,1,6.85054105,5000.0,0.0,0
250,WALLET,0,15,3,0,1,BANK_A,SETTLED,00,1.6054909833333333,1,8.139973066666666,250.0,0.0,0
250,CARD,0,4,1,0,1,BANK_D,SETTLED,00,1.9558986833333334,1,6.13056515,250.0,0.0,0
750,NETBANKING,0,14,3,0,1,BANK_C,PROCESSING,PENDING,2.0231493166666668,0,7.976850683333334,750.0,0.0,0
100,UPI,0,11,2,0,1,BANK_B,PROCESSING,PENDING,2.8012179500000003,0,7.19878205,100.0,0.0,0
1500,CARD,0,19,2,0,1,BANK_D,PROCESSING,PENDING,0.8965162,0,9.1034838,1500.0,0.0,0
25000,UPI,0,6,1,0,1,BANK_D,PROCESSING,PENDING,0.36471891666666667,0,9.635281083333332,25000.0,0.0,0
100,NETBANKING,0,0,6,1,1,BANK_C,PROCESSING,PENDING,1.6233923333333335,0,8.376607666666667,100.0,0.0,0
100,WALLET,0,21,6,1,1,BANK_A,SETTLED,00,1.49411455,1,5.353892849999999,100.0,0.0,0
2000,CARD,1,10,2,0,1,BANK_A,SETTLED,00,0.4611756166666667,1,7.966219766666667,2000.0,0.0,0
2000,CARD,0,19,6,1,1,BANK_A,SETTLED,00,0.5131453333333333,1,9.000835499999999,2000.0,0.0,0
100,UPI,0,11,6,1,1,BANK_D,SETTLED,00,1.2881027666666667,1,7.5197746500000004,100.0,0.0,0
10000,NETBANKING,0,22,3,0,1,BANK_C,SETTLED,00,1.6544920166666666,1,7.274083683333333,10000.0,0.0,0
250,UPI,0,15,5,1,1,BANK_B,PROCESSING,PENDING,1.5455326166666665,0,8.454467383333332,250.0,0.0,0
100,UPI,0,7,2,0,1,BANK_B,SETTLED,00,1.25605185,1,7.293947133333333,100.0,0.0,0
250,CARD,0,5,1,0,1,BANK_D,SETTLED,00,2.0376706,1,6.924142166666667,250.0,0.0,0
750,CARD,1,21,1,0,1,BANK_D,SETTLED,00,0.7772272,1,8.576216333333333,750.0,0.0,0
500,UPI,0,15,6,1,1,BANK_C,SETTLED,00,1.07727705,1,4.693346733333333,500.0,0.0,0
750,UPI,0,10,2,0,1,BANK_A,SETTLED,00,2.8901239333333333,1,6.64403315,750.0,0.0,0
5000,UPI,0,7,4,0,1,BANK_D,PROCESSING,PENDING,1.9958606333333333,0,8.004139366666667,5000.0,0.0,0
250,UPI,0,14,6,1,1,BANK_D,SETTLED,00,1.8665927666666666,1,7.528367216666666,250.0,0.0,0
100,UPI,0,12,5,1,1,BANK_C,SETTLED,00,1.5394276833333334,1,7.8953519,100.0,0.0,0
5000,UPI,0,22,6,1,1,BANK_B,PROCESSING,PENDING,0.35157866666666665,0,9.648421333333333,5000.0,0.0,0
100,CARD,0,6,2,0,1,BANK_A,PROCESSING,PENDING,1.6030425666666666,0,8.396957433333334,100.0,0.0,0
100,WALLET,1,0,6,1,1,BANK_C,PROCESSING,PENDING,1.1693713499999998,0,8.83062865,100.0,0.0,0
1000,WALLET,0,18,4,0,1,BANK_C,PROCESSING,PENDING,3.1415193,0,6.8584807,1000.0,0.0,0
1500,NETBANKING,0,3,2,0,1,BANK_D,PROCESSING,PENDING,1.9205931,0,8.0794069,1500.0,0.0,0
750,UPI,0,7,5,1,1,BANK_D,SETTLED,00,1.8281417333333332,1,7.543895416666667,750.0,0.0,0
2000,WALLET,0,18,6,1,1,BANK_D,SETTLED,00,1.3393468499999999,1,8.25827475,2000.0,0.0,0
250,NETBANKING,0,12,6,1,1,BANK_B,SETTLED,00,1.4773457666666665,1,6.242521966666667,250.0,0.0,0
750,UPI,0,2,5,1,1,BANK_B,SETTLED,00,1.5802578666666667,1,7.318192116666666,750.0,0.0,0
500,UPI,0,11,4,0,1,BANK_B,PROCESSING,PENDING,1.7362898,0,8.2637102,500.0,0.0,0
100,WALLET,0,18,5,1,1,BANK_D,PROCESSING,PENDING,1.82070885,0,8.179291150000001,100.0,0.0,0
1000,UPI,0,21,6,1,1,BANK_B,SETTLED,00,1.6014848333333334,1,4.9878607,1000.0,0.0,0
500,NETBANKING,0,3,0,0,1,BANK_C,SETTLED,00,1.0894795166666666,1,7.97156665,500.0,0.0,0
500,NETBANKING,0,22,5,1,1,BANK_D,PROCESSING,PENDING,1.4587385666666668,0,8.541261433333334,500.0,0.0,0
250,UPI,0,9,3,0,1,BANK_B,PROCESSING,PENDING,1.3288759833333332,0,8.671124016666665,250.0,0.0,0
250,UPI,0,17,3,0,1,BANK_A,SETTLED,00,2.4823886,1,6.696437133333333,250.0,0.0,0
500,UPI,0,19,3,0,1,BANK_D,SETTLED,00,1.0244042666666666,1,8.817173983333333,500.0,0.0,0
2500,CARD,0,16,1,0,1,BANK_D,SETTLED,00,2.073351033333333,1,5.7881032,2500.0,0.0,0
250,CARD,0,4,5,1,1,BANK_A,SETTLED,00,1.19813635,1,4.591716633333333,250.0,0.0,0
250,UPI,0,6,3,0,1,BANK_C,SETTLED,00,0.4003663333333333,1,8.79150245,250.0,0.0,0
100,UPI,1,0,4,0,1,BANK_B,SETTLED,00,1.7334019,1,8.0760612,100.0,0.0,0
1000,CARD,0,4,6,1,1,BANK_C,SETTLED,00,2.0012785666666666,1,6.396002183333334,1000.0,0.0,0
750,UPI,1,8,1,0,1,BANK_A,PROCESSING,PENDING,1.9370633666666668,0,8.062936633333333,750.0,0.0,0
500,NETBANKING,0,22,5,1,1,BANK_D,PROCESSING,PENDING,1.0643106666666666,0,8.935689333333332,500.0,0.0,0
750,WALLET,0,11,0,0,1,BANK_C,SETTLED,00,1.455841,1,8.204696483333333,750.0,0.0,0
250,UPI,0,10,0,0,1,BANK_D,PROCESSING,PENDING,2.12057165,0,7.8794283499999995,250.0,0.0,0
2500,UPI,0,16,5,1,1,BANK_A,SETTLED,00,1.9159420500000002,1,6.449671566666667,2500.0,0.0,0
1000,UPI,0,15,2,0,1,BANK_B,PROCESSING,PENDING,2.2855095166666666,0,7.714490483333334,1000.0,0.0,0
500,UPI,0,11,3,0,1,BANK_C,SETTLED,00,1.0514252666666666,1,5.018639233333333,500.0,0.0,0
250,UPI,0,12,2,0,1,BANK_A,SETTLED,00,2.1274284166666666,1,5.019486816666667,250.0,0.0,0
750,CARD,0,14,3,0,1,BANK_C,SETTLED,00,1.8255404499999999,1,6.077382016666666,750.0,0.0,0
1000,UPI,0,10,0,0,1,BANK_D,SETTLED,00,1.3493629666666667,1,7.3887897,1000.0,0.0,0
1500,CARD,0,13,1,0,1,BANK_A,PROCESSING,PENDING,0.71216625,0,9.28783375,1500.0,0.0,0
1500,CARD,0,3,2,0,1,BANK_C,SETTLED,00,1.4579892666666665,1,6.699769316666666,1500.0,0.0,0
1000,UPI,1,18,6,1,1,BANK_C,SETTLED,00,1.2648918833333334,1,6.501792666666666,1000.0,0.0,0
5000,UPI,0,18,4,0,1,BANK_A,SETTLED,00,1.03663925,1,5.484452833333333,5000.0,0.0,0
100,WALLET,0,12,1,0,1,BANK_A,PROCESSING,PENDING,0.3502838833333334,0,9.649716116666667,100.0,0.0,0
2000,CARD,1,22,2,0,1,BANK_D,SETTLED,00,2.137381916666667,1,5.5587733833333335,2000.0,0.0,0
1000,NETBANKING,1,9,0,0,1,BANK_C,SETTLED,00,1.3176167666666667,1,8.412044566666667,1000.0,0.0,0
750,UPI,0,14,6,1,1,BANK_C,SETTLED,00,1.6989756333333332,1,8.114563233333334,750.0,0.0,0
100,WALLET,0,11,5,1,1,BANK_D,PROCESSING,PENDING,2.2364584166666663,0,7.763541583333334,100.0,0.0,0
100,UPI,0,14,2,0,1,BANK_B,SETTLED,00,1.3228167333333334,1,7.700801299999999,100.0,0.0,0
1000,NETBANKING,0,15,1,0,1,BANK_D,SETTLED,00,1.5610969333333335,1,6.602246783333333,1000.0,0.0,0
5000,UPI,0,14,0,0,1,BANK_D,SETTLED,00,0.8568452333333333,1,8.170974083333332,5000.0,0.0,0
250,CARD,0,7,0,0,1,BANK_D,PROCESSING,PENDING,2.7009480999999997,0,7.299051899999999,250.0,0.0,0
1500,UPI,0,5,2,0,1,BANK_C,PROCESSING,PENDING,2.1180111333333334,0,7.881988866666666,1500.0,0.0,0
10000,CARD,0,3,6,1,1,BANK_A,PROCESSING,PENDING,2.2768204666666665,0,7.723179533333334,10000.0,0.0,0
1000,UPI,0,19,2,0,1,BANK_C,SETTLED,00,2.09218085,1,7.528195266666667,1000.0,0.0,0
500,UPI,0,17,6,1,1,BANK_C,PROCESSING,PENDING,1.5803163,0,8.4196837,500.0,0.0,0
500,CARD,0,14,1,0,1,BANK_A,SETTLED,00,2.0413632666666666,1,6.878200316666667,500.0,0.0,0
250,WALLET,0,22,0,0,1,BANK_C,PROCESSING,PENDING,1.0376888833333333,0,8.962311116666665,250.0,0.0,0
500,UPI,0,22,1,0,1,BANK_C,PROCESSING,PENDING,2.2629461,0,7.7370539,500.0,0.0,0
250,WALLET,0,4,1,0,1,BANK_A,SETTLED,00,1.6510406333333334,1,7.3820255,250.0,0.0,0
1500,CARD,0,2,1,0,1,BANK_B,SETTLED,00,1.2513330166666667,1,8.685267366666666,1500.0,0.0,0
750,UPI,0,21,4,0,1,BANK_A,SETTLED,00,2.1303664666666666,1,6.35132925,750.0,0.0,0
100,CARD,0,14,1,0,1,BANK_A,PROCESSING,PENDING,0.49755611666666666,0,9.502443883333333,100.0,0.0,0
2000,NETBANKING,1,6,2,0,1,BANK_C,PROCESSING,PENDING,1.9980184166666668,0,8.001981583333334,2000.0,0.0,0
2500,WALLET,0,19,5,1,1,BANK_A,SETTLED,00,0.8922188333333333,1,7.5572168,2500.0,0.0,0
2500,NETBANKING,0,19,6,1,1,BANK_B,SETTLED,00,0.7308101666666666,1,8.568629216666666,2500.0,0.0,0
500,UPI,0,12,2,0,1,BANK_C,SETTLED,00,1.72417,1,6.3613697,500.0,0.0,0
100,UPI,0,11,2,0,1,BANK_B,PROCESSING,PENDING,0.6493713833333333,0,9.350628616666667,100.0,0.0,0
1500,CARD,0,11,0,0,1,BANK_C,PROCESSING,PENDING,1.50055685,0,8.49944315,1500.0,0.0,0
5000,CARD,0,4,3,0,1,BANK_D,SETTLED,00,2.7956946166666667,1,6.795733683333333,5000.0,0.0,0
500,CARD,0,22,2,0,1,BANK_B,PROCESSING,PENDING,1.7822778333333333,0,8.217722166666666,500.0,0.0,0
250,CARD,0,21,4,0,1,BANK_B,PROCESSING,PENDING,0.8189276833333333,0,9.181072316666667,250.0,0.0,0
1000,NETBANKING,0,19,2,0,1,BANK_B,PROCESSING,PENDING,2.9061323666666667,0,7.093867633333333,1000.0,0.0,0
500,UPI,0,9,4,0,1,BANK_A,PROCESSING,PENDING,1.8415038000000001,0,8.1584962,500.0,0.0,0
250,UPI,0,20,0,0,1,BANK_B,SETTLED,00,1.6926481,1,6.450702466666667,250.0,0.0,0
750,UPI,0,4,4,0,1,BANK_B,PROCESSING,PENDING,1.0876532166666666,0,8.912346783333334,750.0,0.0,0
250,UPI,2,14,1,0,1,BANK_B,SETTLED,00,2.0520269,1,4.635764166666666,250.0,0.0,0
100,UPI,0,22,3,0,1,BANK_C,SETTLED,00,2.3207268833333337,1,7.563779749999999,100.0,0.0,0
100,WALLET,0,9,2,0,1,BANK_D,PROCESSING,PENDING,1.5647890333333334,0,8.435210966666666,100.0,0.0,0
750,UPI,0,5,5,1,1,BANK_B,SETTLED,00,1.9525029,1,6.642100916666666,750.0,0.0,0
500,CARD,0,9,2,0,1,BANK_D,SETTLED,00,1.71615705,1,6.989016149999999,500.0,0.0,0
750,UPI,0,14,1,0,1,BANK_C,PROCESSING,PENDING,1.3683775666666667,0,8.631622433333332,750.0,0.0,0
5000,NETBANKING,0,13,2,0,1,BANK_C,PROCESSING,PENDING,1.3866672,0,8.6133328,5000.0,0.0,0
2500,UPI,0,7,4,0,1,BANK_A,PROCESSING,PENDING,1.4215761333333332,0,8.578423866666666,2500.0,0.0,0
2000,CARD,1,19,0,0,1,BANK_A,SETTLED,00,1.6387453,1,6.583420066666666,2000.0,0.0,0
1000,UPI,0,18,0,0,1,BANK_C,SETTLED,00,1.1815754833333334,1,6.818313533333334,1000.0,0.0,0
2500,CARD,1,19,6,1,1,BANK_D,SETTLED,00,0.5755625833333333,1,8.733367500000002,2500.0,0.0,0
750,UPI,0,15,6,1,1,BANK_B,SETTLED,00,1.0335389833333333,1,8.7300404,750.0,0.0,0
100,UPI,0,15,1,0,1,BANK_D,PROCESSING,PENDING,1.8508239166666667,0,8.149176083333334,100.0,0.0,0
500,CARD,0,10,1,0,1,BANK_C,SETTLED,00,1.8277395666666665,1,5.505867066666666,500.0,0.0,0
250,NETBANKING,0,14,0,0,1,BANK_D,PROCESSING,PENDING,2.4616653499999996,0,7.5383346499999995,250.0,0.0,0
1500,UPI,0,2,1,0,1,BANK_B,SETTLED,00,0.8094846,1,6.678692916666666,1500.0,0.0,0
1000,UPI,0,3,5,1,1,BANK_D,SETTLED,00,1.7040472333333334,1,7.69029605,1000.0,0.0,0
1000,CARD,1,12,6,1,1,BANK_B,PROCESSING,PENDING,2.04472465,0,7.95527535,1000.0,0.0,0
250,CARD,1,2,2,0,1,BANK_C,PROCESSING,PENDING,1.7485148833333333,0,8.251485116666666,250.0,0.0,0
1000,NETBANKING,0,17,3,0,1,BANK_C,PROCESSING,PENDING,1.9524408666666666,0,8.047559133333333,1000.0,0.0,0
500,UPI,0,16,3,0,1,BANK_D,PROCESSING,PENDING,2.5786922833333334,0,7.421307716666666,500.0,0.0,0
2000,CARD,0,11,4,0,1,BANK_B,PROCESSING,PENDING,2.3511617,0,7.6488382999999995,2000.0,0.0,0
750,UPI,0,17,4,0,1,BANK_A,SETTLED,00,1.293271,1,5.138523283333333,750.0,0.0,0
2000,WALLET,0,18,5,1,1,BANK_A,PROCESSING,PENDING,1.9399469666666667,0,8.060053033333334,2000.0,0.0,0
500,CARD,0,16,0,0,1,BANK_B,SETTLED,00,2.6859006333333335,1,6.033015583333333,500.0,0.0,0
100,UPI,0,7,1,0,1,BANK_A,PROCESSING,PENDING,0.7926972333333333,0,9.207302766666666,100.0,0.0,0
500,UPI,1,14,6,1,1,BANK_C,SETTLED,00,1.9024197666666667,1,5.5465014833333335,500.0,0.0,0
100,CARD,0,21,4,0,1,BANK_A,SETTLED,00,1.0394044333333334,1,7.026494933333334,100.0,0.0,0
750,CARD,1,8,6,1,1,BANK_D,SETTLED,00,2.9559967499999997,1,6.7520937000000005,750.0,0.0,0
250,NETBANKING,0,12,5,1,1,BANK_B,PROCESSING,PENDING,1.0086744833333332,0,8.991325516666667,250.0,0.0,0
500,UPI,0,2,2,0,1,BANK_C,PROCESSING,PENDING,1.6447949166666667,0,8.355205083333333,500.0,0.0,0
10000,NETBANKING,0,20,3,0,1,BANK_D,SETTLED,00,1.4124417,1,7.491103233333333,10000.0,0.0,0
1500,CARD,1,7,6,1,1,BANK_B,SETTLED,00,1.3858163333333333,1,6.118068083333333,1500.0,0.0,0
500,CARD,0,15,3,0,1,BANK_D,PROCESSING,PENDING,1.8971030166666667,0,8.102896983333332,500.0,0.0,0
2500,UPI,0,9,4,0,1,BANK_D,PROCESSING,PENDING,1.5441303333333332,0,8.455869666666667,2500.0,0.0,0
500,UPI,0,4,4,0,1,BANK_C,PROCESSING,PENDING,1.0480188333333333,0,8.951981166666666,500.0,0.0,0
500,WALLET,0,23,3,0,1,BANK_B,PROCESSING,PENDING,0.9893931166666667,0,9.010606883333333,500.0,0.0,0
1500,UPI,0,3,4,0,1,BANK_D,SETTLED,00,1.44373245,1,7.973475216666667,1500.0,0.0,0
25000,CARD,0,15,5,1,1,BANK_D,PROCESSING,PENDING,0.7330276666666666,0,9.266972333333333,25000.0,0.0,0
1000,NETBANKING,1,2,2,0,1,BANK_B,SETTLED,00,2.5068986333333334,1,6.329554316666667,1000.0,0.0,0
2000,NETBANKING,1,5,6,1,1,BANK_D,PROCESSING,PENDING,1.1530861,0,8.8469139,2000.0,0.0,0
5000,UPI,0,9,0,0,1,BANK_C,PROCESSING,PENDING,2.0527762333333333,0,7.947223766666666,5000.0,0.0,0
2000,WALLET,0,15,0,0,1,BANK_A,SETTLED,00,1.0203413333333333,1,8.531878683333334,2000.0,0.0,0
500,CARD,0,16,4,0,1,BANK_C,PROCESSING,PENDING,1.4518428166666666,0,8.548157183333332,500.0,0.0,0
250,UPI,0,10,4,0,1,BANK_A,SETTLED,00,2.3094255833333337,1,7.537966933333333,250.0,0.0,0
750,UPI,0,10,4,0,1,BANK_A,SETTLED,00,2.4245740333333337,1,7.138042883333333,750.0,0.0,0
500,CARD,0,17,1,0,1,BANK_B,PROCESSING,PENDING,1.9066036333333334,0,8.093396366666667,500.0,0.0,0
2500,UPI,0,2,3,0,1,BANK_B,SETTLED,00,1.7596676666666666,1,7.756149949999999,2500.0,0.0,0
2500,CARD,2,17,6,1,1,BANK_C,SETTLED,00,0.77624735,1,9.0058469,2500.0,0.0,0
250,NETBANKING,0,9,1,0,1,BANK_D,SETTLED,00,1.5133813833333332,1,5.281638816666667,250.0,0.0,0
100,CARD,0,19,1,0,1,BANK_D,PROCESSING,PENDING,1.78076745,0,8.21923255,100.0,0.0,0
100,CARD,1,11,5,1,1,BANK_D,PROCESSING,PENDING,1.4945152166666666,0,8.505484783333333,100.0,0.0,0
750,CARD,0,4,0,0,1,BANK_A,PROCESSING,PENDING,1.8261654166666665,0,8.173834583333333,750.0,0.0,0
750,CARD,0,22,5,1,1,BANK_B,PROCESSING,PENDING,2.1151914333333335,0,7.884808566666666,750.0,0.0,0
2500,WALLET,0,21,3,0,1,BANK_B,SETTLED,00,2.7839958333333334,1,6.5466984833333335,2500.0,0.0,0
500,UPI,0,1,4,0,1,BANK_C,PROCESSING,PENDING,2.249140066666667,0,7.7508599333333335,500.0,0.0,0
1000,CARD,0,12,2,0,1,BANK_B,SETTLED,00,1.9828711833333335,1,6.733672116666667,1000.0,0.0,0
250,WALLET,1,23,5,1,1,BANK_A,PROCESSING,PENDING,0.8320664499999999,0,9.167933549999999,250.0,0.0,0
500,CARD,0,13,1,0,1,BANK_A,SETTLED,00,1.36117845,1,6.4037924,500.0,0.0,0
1500,WALLET,0,5,6,1,1,BANK_D,PROCESSING,PENDING,0.8272970833333333,0,9.172702916666667,1500.0,0.0,0
250,CARD,0,9,5,1,1,BANK_A,SETTLED,00,1.8425319833333333,1,6.798870883333334,250.0,0.0,0
100,CARD,0,16,5,1,1,BANK_C,SETTLED,00,1.22511325,1,6.8289343166666665,100.0,0.0,0
250,UPI,0,0,0,0,1,BANK_A,PROCESSING,PENDING,1.5056306333333334,0,8.494369366666668,250.0,0.0,0
750,WALLET,0,23,0,0,1,BANK_B,PROCESSING,PENDING,1.80623425,0,8.19376575,750.0,0.0,0
1000,UPI,0,23,0,0,1,BANK_D,PROCESSING,PENDING,2.0101189666666666,0,7.989881033333333,1000.0,0.0,0
250,WALLET,0,1,3,0,1,BANK_C,SETTLED,00,1.7479429000000002,1,7.690484416666666,250.0,0.0,0
1000,WALLET,0,7,4,0,1,BANK_D,SETTLED,00,2.277925766666667,1,4.520601616666666,1000.0,0.0,0
250,WALLET,0,18,1,0,1,BANK_D,SETTLED,00,0.2,1,7.5286739,250.0,0.0,0
1000,UPI,0,16,6,1,1,BANK_A,SETTLED,00,2.138820416666667,1,7.492073783333334,1000.0,0.0,0
100,UPI,0,13,0,0,1,BANK_B,SETTLED,00,1.8479019666666665,1,6.529494466666667,100.0,0.0,0
10000,UPI,0,8,5,1,1,BANK_B,PROCESSING,PENDING,1.3897355666666666,0,8.610264433333333,10000.0,0.0,0
1000,UPI,0,6,1,0,1,BANK_C,PROCESSING,PENDING,1.9141470833333334,0,8.085852916666667,1000.0,0.0,0
2500,CARD,1,14,3,0,1,BANK_C,PROCESSING,PENDING,2.9364317166666667,0,7.063568283333334,2500.0,0.0,0
250,UPI,0,19,3,0,1,BANK_A,PROCESSING,PENDING,0.9304800666666666,0,9.069519933333334,250.0,0.0,0
100,UPI,1,3,5,1,1,BANK_C,PROCESSING,PENDING,0.9273971499999999,0,9.07260285,100.0,0.0,0
1000,WALLET,0,10,6,1,1,BANK_D,PROCESSING,PENDING,2.25340225,0,7.74659775,1000.0,0.0,0
25000,CARD,1,15,5,1,1,BANK_D,SETTLED,00,1.8962262666666667,1,7.297806266666667,25000.0,0.0,0
500,CARD,0,16,1,0,1,BANK_D,PROCESSING,PENDING,1.2481731166666667,0,8.751826883333333,500.0,0.0,0
250,UPI,0,18,4,0,1,BANK_A,PROCESSING,PENDING,2.0444306666666665,0,7.955569333333333,250.0,0.0,0
1500,WALLET,1,11,1,0,1,BANK_D,SETTLED,00,2.1319248166666664,1,5.616362566666667,1500.0,0.0,0
5000,UPI,0,19,1,0,1,BANK_D,SETTLED,00,2.1293000166666665,1,7.553815966666666,5000.0,0.0,0
500,NETBANKING,0,2,0,0,1,BANK_A,SETTLED,00,2.33117705,1,6.879164966666666,500.0,0.0,0
250,UPI,0,11,0,0,1,BANK_D,PROCESSING,PENDING,1.4121839666666667,0,8.587816033333333,250.0,0.0,0
250,UPI,0,11,2,0,1,BANK_C,SETTLED,00,0.2,1,9.163761933333335,250.0,0.0,0
100,UPI,0,22,1,0,1,BANK_B,SETTLED,00,0.9688359166666667,1,7.352659333333333,100.0,0.0,0
250,NETBANKING,0,0,6,1,1,BANK_A,PROCESSING,PENDING,1.7801816333333333,0,8.219818366666667,250.0,0.0,0
250,NETBANKING,1,7,2,0,1,BANK_A,SETTLED,00,2.007599566666667,1,6.995297483333333,250.0,0.0,0
1500,UPI,0,0,2,0,1,BANK_D,SETTLED,00,1.987424,1,7.843283383333333,1500.0,0.0,0
100,CARD,1,0,3,0,1,BANK_C,PROCESSING,PENDING,1.11987825,0,8.88012175,100.0,0.0,0
500,CARD,0,0,3,0,1,BANK_A,PROCESSING,PENDING,0.9494256666666666,0,9.050574333333333,500.0,0.0,0
500,CARD,0,3,1,0,1,BANK_B,SETTLED,00,0.2,1,8.992580033333333,500.0,0.0,0
2000,UPI,0,9,3,0,1,BANK_B,PROCESSING,PENDING,2.0836441166666666,0,7.916355883333334,2000.0,0.0,0
2000,WALLET,0,3,0,0,1,BANK_D,PROCESSING,PENDING,2.4731599333333336,0,7.526840066666667,2000.0,0.0,0
750,NETBANKING,0,22,4,0,1,BANK_A,PROCESSING,PENDING,1.6484193333333332,0,8.351580666666667,750.0,0.0,0
750,CARD,1,6,2,0,1,BANK_D,PROCESSING,PENDING,1.9801345833333335,0,8.019865416666667,750.0,0.0,0
500,CARD,0,10,2,0,1,BANK_A,PROCESSING,PENDING,1.8506264666666667,0,8.149373533333334,500.0,0.0,0
2500,UPI,0,10,6,1,1,BANK_B,PROCESSING,PENDING,0.8610822333333333,0,9.138917766666667,2500.0,0.0,0
1000,NETBANKING,0,20,0,0,1,BANK_A,SETTLED,00,1.5550184,1,6.194924233333333,1000.0,0.0,0
750,UPI,0,16,4,0,1,BANK_D,SETTLED,00,1.5253856333333333,1,7.031650716666666,750.0,0.0,0
2500,UPI,0,13,4,0,1,BANK_C,SETTLED,00,2.1198778833333334,1,5.363427033333334,2500.0,0.0,0
1500,UPI,0,19,1,0,1,BANK_B,SETTLED,00,1.8368460333333334,1,5.394003083333333,1500.0,0.0,0
1500,NETBANKING,0,18,0,0,1,BANK_C,SETTLED,00,1.6287499166666668,1,7.946315299999999,1500.0,0.0,0
250,UPI,0,9,2,0,1,BANK_D,PROCESSING,PENDING,1.6529412,0,8.347058800000001,250.0,0.0,0
1000,CARD,1,16,3,0,1,BANK_D,PROCESSING,PENDING,1.9180987166666665,0,8.081901283333334,1000.0,0.0,0
500,UPI,0,16,5,1,1,BANK_B,SETTLED,00,1.8032481,1,6.87235045,500.0,0.0,0
1500,UPI,0,5,2,0,1,BANK_B,SETTLED,00,1.85733685,1,7.32459125,1500.0,0.0,0
1500,WALLET,0,7,1,0,1,BANK_B,PROCESSING,PENDING,0.2,0,9.8,1500.0,0.0,0
10000,UPI,0,5,4,0,1,BANK_C,PROCESSING,PENDING,2.9333591166666664,0,7.066640883333333,10000.0,0.0,0
500,UPI,0,12,1,0,1,BANK_D,SETTLED,00,2.3827592,1,7.0466552,500.0,0.0,0
1000,CARD,0,13,6,1,1,BANK_A,PROCESSING,PENDING,1.86661715,0,8.13338285,1000.0,0.0,0
250,CARD,0,7,3,0,1,BANK_B,PROCESSING,PENDING,0.8885856000000001,0,9.1114144,250.0,0.0,0
5000,UPI,0,7,2,0,1,BANK_C,SETTLED,00,1.0931468,1,7.704283116666667,5000.0,0.0,0
500,CARD,0,17,3,0,1,BANK_D,SETTLED,00,2.0202174,1,6.978864,500.0,0.0,0
2500,UPI,1,16,6,1,1,BANK_C,SETTLED,00,2.671195683333333,1,6.1150174,2500.0,0.0,0
2500,CARD,0,0,5,1,1,BANK_D,PROCESSING,PENDING,2.5163788333333335,0,7.4836211666666665,2500.0,0.0,0
100,CARD,0,20,0,0,1,BANK_A,PROCESSING,PENDING,1.3506455166666667,0,8.649354483333333,100.0,0.0,0
500,NETBANKING,0,12,5,1,1,BANK_D,PROCESSING,PENDING,1.8825584999999998,0,8.1174415,500.0,0.0,0
500,NETBANKING,0,13,3,0,1,BANK_A,SETTLED,00,1.6912712333333333,1,5.91756175,500.0,0.0,0
1000,WALLET,0,1,1,0,1,BANK_D,SETTLED,00,2.264545916666667,1,7.394260200000001,1000.0,0.0,0
500,UPI,0,19,5,1,1,BANK_D,PROCESSING,PENDING,2.2263725500000002,0,7.77362745,500.0,0.0,0
2500,CARD,0,15,4,0,1,BANK_B,SETTLED,00,1.7437649,1,7.723758283333334,2500.0,0.0,0
10000,UPI,0,3,4,0,1,BANK_A,SETTLED,00,1.26887865,1,8.595177966666666,10000.0,0.0,0
500,UPI,0,15,4,0,1,BANK_D,SETTLED,00,1.4719591333333333,1,6.713485566666666,500.0,0.0,0
100,UPI,0,19,4,0,1,BANK_A,SETTLED,00,1.1683324166666667,1,7.68836895,100.0,0.0,0
5000,UPI,1,10,2,0,1,BANK_A,PROCESSING,PENDING,0.2,0,9.8,5000.0,0.0,0
1000,UPI,0,5,5,1,1,BANK_B,PROCESSING,PENDING,1.2732398,0,8.7267602,1000.0,0.0,0
100,UPI,0,3,4,0,1,BANK_A,SETTLED,00,2.8953257833333335,1,5.0116009833333335,100.0,0.0,0
250,UPI,0,9,2,0,1,BANK_C,PROCESSING,PENDING,2.0161754666666667,0,7.983824533333333,250.0,0.0,0
1000,UPI,0,9,1,0,1,BANK_D,PROCESSING,PENDING,2.0933806833333333,0,7.906619316666666,1000.0,0.0,0
1500,CARD,0,4,6,1,1,BANK_B,SETTLED,00,1.9811743,1,6.465812583333333,1500.0,0.0,0
1000,NETBANKING,0,23,4,0,1,BANK_A,SETTLED,00,0.4291253666666667,1,8.351424416666667,1000.0,0.0,0
500,NETBANKING,0,7,3,0,1,BANK_C,SETTLED,00,1.3046490666666666,1,5.939550583333333,500.0,0.0,0
100,CARD,0,2,0,0,1,BANK_A,PROCESSING,PENDING,2.0844888333333333,0,7.915511166666667,100.0,0.0,0
500,CARD,0,3,5,1,1,BANK_A,SETTLED,00,1.8046822333333334,1,7.73754135,500.0,0.0,0
750,WALLET,2,19,6,1,1,BANK_B,SETTLED,00,0.8886728166666666,1,7.30580105,750.0,0.0,0
2500,NETBANKING,0,4,6,1,1,BANK_D,PROCESSING,PENDING,1.7336965500000001,0,8.26630345,2500.0,0.0,0
100,UPI,0,15,1,0,1,BANK_A,SETTLED,00,1.6584128,1,7.6840689,100.0,0.0,0
100,NETBANKING,0,5,1,0,1,BANK_D,PROCESSING,PENDING,1.7037280666666668,0,8.296271933333333,100.0,0.0,0
2000,UPI,0,19,5,1,1,BANK_D,SETTLED,00,2.8718807500000003,1,6.9746363,2000.0,0.0,0
250,UPI,0,8,4,0,1,BANK_B,SETTLED,00,1.7436551333333334,1,8.044003866666667,250.0,0.0,0
250,UPI,0,19,2,0,1,BANK_D,SETTLED,00,1.5293720833333333,1,8.409284483333334,250.0,0.0,0
1000,CARD,0,14,5,1,1,BANK_B,SETTLED,00,1.41322455,1,8.215477183333332,1000.0,0.0,0
250,WALLET,0,15,3,0,1,BANK_B,SETTLED,00,2.342471033333333,1,6.126178033333333,250.0,0.0,0
1000,WALLET,0,4,3,0,1,BANK_D,SETTLED,00,2.449015833333333,1,6.5399209,1000.0,0.0,0
1000,CARD,0,11,5,1,1,BANK_B,PROCESSING,PENDING,1.07630005,0,8.923699950000001,1000.0,0.0,0
250,NETBANKING,0,16,0,0,1,BANK_D,SETTLED,00,1.6940211666666667,1,5.553913933333333,250.0,0.0,0
250,WALLET,0,1,6,1,1,BANK_A,SETTLED,00,0.5036105166666667,1,5.475481149999999,250.0,0.0,0
2000,NETBANKING,1,22,5,1,1,BANK_D,PROCESSING,PENDING,2.3769782999999998,0,7.6230217,2000.0,0.0,0
100,CARD,0,9,0,0,1,BANK_B,SETTLED,00,0.4581341333333333,1,7.484783733333333,100.0,0.0,0
100,NETBANKING,0,12,0,0,1,BANK_D,PROCESSING,PENDING,1.5535345,0,8.4464655,100.0,0.0,0
1500,CARD,0,11,6,1,1,BANK_C,PROCESSING,PENDING,1.71846875,0,8.28153125,1500.0,0.0,0
1000,UPI,0,6,5,1,1,BANK_C,PROCESSING,PENDING,1.8071633166666667,0,8.192836683333333,1000.0,0.0,0
250,CARD,0,1,0,0,1,BANK_A,SETTLED,00,2.2450209333333335,1,7.0494832,250.0,0.0,0
25000,UPI,0,1,2,0,1,BANK_C,SETTLED,00,0.6274793666666666,1,6.772409083333333,25000.0,0.0,0
500,CARD,0,0,1,0,1,BANK_C,SETTLED,00,2.1321456,1,7.135534283333333,500.0,0.0,0
10000,UPI,0,6,4,0,1,BANK_B,SETTLED,00,1.97182715,1,7.12984385,10000.0,0.0,0
1000,UPI,0,18,2,0,1,BANK_A,SETTLED,00,0.7793732833333333,1,7.876489066666666,1000.0,0.0,0
100,NETBANKING,1,17,1,0,1,BANK_A,PROCESSING,PENDING,1.6756208166666666,0,8.324379183333333,100.0,0.0,0
250,CARD,0,19,0,0,1,BANK_B,SETTLED,00,1.5878811333333334,1,7.830687516666667,250.0,0.0,0
1000,CARD,0,22,4,0,1,BANK_A,PROCESSING,PENDING,2.23055345,0,7.76944655,1000.0,0.0,0
5000,UPI,0,18,6,1,1,BANK_B,SETTLED,00,0.5520954666666668,1,7.249958666666667,5000.0,0.0,0
250,NETBANKING,0,21,0,0,1,BANK_C,SETTLED,00,1.5194449333333333,1,6.6185730666666664,250.0,0.0,0
500,UPI,1,8,3,0,1,BANK_C,PROCESSING,PENDING,1.6552097166666668,0,8.344790283333333,500.0,0.0,0
100,UPI,1,10,5,1,1,BANK_D,SETTLED,00,1.5817296666666667,1,7.1324463,100.0,0.0,0
250,UPI,0,20,2,0,1,BANK_D,SETTLED,00,2.2006620666666667,1,6.956955483333333,250.0,0.0,0
2500,CARD,0,17,1,0,1,BANK_D,PROCESSING,PENDING,1.6251339833333334,0,8.374866016666667,2500.0,0.0,0
750,NETBANKING,0,20,6,1,1,BANK_D,SETTLED,00,1.213162,1,7.363546666666666,750.0,0.0,0
250,UPI,0,23,6,1,1,BANK_B,SETTLED,00,0.8127833833333333,1,5.273297633333333,250.0,0.0,0
750,NETBANKING,0,7,3,0,1,BANK_A,PROCESSING,PENDING,1.2406704833333333,0,8.759329516666666,750.0,0.0,0
1500,NETBANKING,0,9,2,0,1,BANK_A,SETTLED,00,1.4885237333333334,1,7.589472316666667,1500.0,0.0,0
500,WALLET,0,10,2,0,1,BANK_C,PROCESSING,PENDING,1.7593966666666667,0,8.240603333333333,500.0,0.0,0
1000,CARD,0,2,3,0,1,BANK_C,PROCESSING,PENDING,1.7880898333333335,0,8.211910166666666,1000.0,0.0,0
250,CARD,0,21,5,1,1,BANK_A,PROCESSING,PENDING,1.1345878666666667,0,8.865412133333333,250.0,0.0,0
250,UPI,0,22,4,0,1,BANK_B,SETTLED,00,1.2195205,1,6.249340783333333,250.0,0.0,0
100,CARD,1,10,2,0,1,BANK_B,PROCESSING,PENDING,1.2167049,0,8.7832951,100.0,0.0,0
2000,CARD,1,22,4,0,1,BANK_B,SETTLED,00,0.7921156333333333,1,9.140203333333334,2000.0,0.0,0
1000,UPI,0,9,2,0,1,BANK_B,PROCESSING,PENDING,2.1456818666666666,0,7.854318133333334,1000.0,0.0,0
5000,CARD,0,19,4,0,1,BANK_D,PROCESSING,PENDING,3.1267325,0,6.8732675,5000.0,0.0,0
2500,CARD,1,2,3,0,1,BANK_A,SETTLED,00,1.8679999,1,6.80711025,2500.0,0.0,0
100,NETBANKING,1,6,6,1,1,BANK_C,SETTLED,00,1.4694405666666666,1,6.72818635,100.0,0.0,0
500,UPI,0,13,1,0,1,BANK_B,PROCESSING,PENDING,2.06934895,0,7.93065105,500.0,0.0,0
100,WALLET,1,1,0,0,1,BANK_C,PROCESSING,PENDING,1.78007765,0,8.21992235,100.0,0.0,0
500,NETBANKING,0,6,3,0,1,BANK_A,SETTLED,00,0.3308453333333333,1,8.368664866666666,500.0,0.0,0
2000,UPI,0,14,1,0,1,BANK_D,SETTLED,00,0.9424992999999999,1,8.338830966666666,2000.0,0.0,0
1500,UPI,0,3,5,1,1,BANK_C,SETTLED,00,1.8328608499999999,1,5.003845116666667,1500.0,0.0,0
100,UPI,0,6,0,0,1,BANK_B,SETTLED,00,2.3447707833333333,1,6.147792216666667,100.0,0.0,0
500,CARD,0,18,2,0,1,BANK_D,PROCESSING,PENDING,1.1829210666666665,0,8.817078933333333,500.0,0.0,0
750,WALLET,0,7,5,1,1,BANK_C,SETTLED,00,1.3471346333333334,1,8.22979035,750.0,0.0,0
1500,NETBANKING,0,5,6,1,1,BANK_B,PROCESSING,PENDING,1.8554182666666668,0,8.144581733333334,1500.0,0.0,0
1000,UPI,1,0,5,1,1,BANK_B,SETTLED,00,2.323738916666667,1,7.066357666666667,1000.0,0.0,0
2500,UPI,0,20,6,1,1,BANK_D,PROCESSING,PENDING,1.8630971,0,8.1369029,2500.0,0.0,0
2000,UPI,0,17,2,0,1,BANK_D,SETTLED,00,1.6118919333333332,1,7.2692182,2000.0,0.0,0
1500,NETBANKING,0,22,6,1,1,BANK_C,SETTLED,00,1.61209985,1,7.695473750000001,1500.0,0.0,0
250,CARD,0,20,1,0,1,BANK_B,SETTLED,00,1.3210206333333334,1,7.566934683333333,250.0,0.0,0
1000,WALLET,0,15,3,0,1,BANK_C,SETTLED,00,2.5199473833333332,1,5.723080116666667,1000.0,0.0,0
500,CARD,0,1,2,0,1,BANK_B,PROCESSING,PENDING,1.8024717166666666,0,8.197528283333334,500.0,0.0,0
2000,NETBANKING,0,23,4,0,1,BANK_B,SETTLED,00,2.3655817,1,6.4482779,2000.0,0.0,0
2500,CARD,1,16,2,0,1,BANK_A,SETTLED,00,1.8805938500000001,1,8.079102183333333,2500.0,0.0,0
500,UPI,0,3,0,0,1,BANK_D,SETTLED,00,1.67661775,1,7.493345633333333,500.0,0.0,0
500,UPI,0,18,0,0,1,BANK_B,PROCESSING,PENDING,0.8090340833333334,0,9.190965916666666,500.0,0.0,0
500,CARD,0,14,3,0,1,BANK_B,SETTLED,00,1.9412406333333334,1,6.1901322500000004,500.0,0.0,0
750,UPI,0,9,1,0,1,BANK_C,PROCESSING,PENDING,2.0908957166666666,0,7.909104283333334,750.0,0.0,0
1000,NETBANKING,0,18,1,0,1,BANK_C,SETTLED,00,1.1983195166666667,1,7.8498741333333335,1000.0,0.0,0
100,CARD,0,6,3,0,1,BANK_C,PROCESSING,PENDING,1.8093743666666666,0,8.190625633333333,100.0,0.0,0
250,CARD,0,16,5,1,1,BANK_B,PROCESSING,PENDING,2.40512415,0,7.594875849999999,250.0,0.0,0
250,NETBANKING,0,15,4,0,1,BANK_C,SETTLED,00,2.5789399,1,6.4640474,250.0,0.0,0
1500,NETBANKING,0,6,1,0,1,BANK_B,PROCESSING,PENDING,2.4254830666666667,0,7.574516933333333,1500.0,0.0,0
1000,CARD,0,14,1,0,1,BANK_C,SETTLED,00,2.5969824,1,5.387131999999999,1000.0,0.0,0
250,UPI,0,20,0,0,1,BANK_C,SETTLED,00,1.0047246666666667,1,6.301531166666666,250.0,0.0,0
100,UPI,0,20,5,1,1,BANK_B,PROCESSING,PENDING,1.2351657666666667,0,8.764834233333334,100.0,0.0,0
750,UPI,0,21,3,0,1,BANK_C,PROCESSING,PENDING,1.1460914333333332,0,8.853908566666666,750.0,0.0,0
500,UPI,0,3,6,1,1,BANK_A,PROCESSING,PENDING,2.526132666666667,0,7.473867333333333,500.0,0.0,0
100,NETBANKING,0,16,4,0,1,BANK_B,SETTLED,00,1.23494145,1,6.22158485,100.0,0.0,0
2000,WALLET,0,2,2,0,1,BANK_B,PROCESSING,PENDING,1.8544216333333334,0,8.145578366666667,2000.0,0.0,0
750,UPI,0,0,1,0,1,BANK_C,SETTLED,00,1.7586356333333333,1,7.3137089,750.0,0.0,0
2500,UPI,0,19,1,0,1,BANK_C,PROCESSING,PENDING,1.8111093333333335,0,8.188890666666667,2500.0,0.0,0
100,WALLET,0,14,4,0,1,BANK_C,PROCESSING,PENDING,2.10410115,0,7.89589885,100.0,0.0,0
500,CARD,0,4,5,1,1,BANK_B,SETTLED,00,2.2405951333333336,1,6.235667383333333,500.0,0.0,0
5000,NETBANKING,0,14,3,0,1,BANK_D,SETTLED,00,1.5508387666666665,1,7.298107833333333,5000.0,0.0,0
1000,CARD,1,22,3,0,1,BANK_B,SETTLED,00,1.0971828666666668,1,6.856809633333333,1000.0,0.0,0
2500,CARD,0,6,5,1,1,BANK_C,SETTLED,00,2.0417583,1,6.657796883333333,2500.0,0.0,0
2500,UPI,0,3,3,0,1,BANK_C,PROCESSING,PENDING,2.170042,0,7.829958,2500.0,0.0,0
1500,UPI,0,23,4,0,1,BANK_C,PROCESSING,PENDING,1.6666958166666668,0,8.333304183333333,1500.0,0.0,0
1500,UPI,0,2,0,0,1,BANK_B,SETTLED,00,2.299911766666667,1,5.9722407833333335,1500.0,0.0,0
250,UPI,0,8,2,0,1,BANK_C,PROCESSING,PENDING,2.1806324,0,7.8193676000000005,250.0,0.0,0
2500,WALLET,0,8,1,0,1,BANK_B,PROCESSING,PENDING,2.1638456666666666,0,7.836154333333334,2500.0,0.0,0
1000,CARD,0,7,0,0,1,BANK_C,SETTLED,00,0.6929400833333333,1,7.546039483333333,1000.0,0.0,0
1000,CARD,0,4,3,0,1,BANK_A,PROCESSING,PENDING,1.0406034166666667,0,8.959396583333334,1000.0,0.0,0
750,UPI,0,5,1,0,1,BANK_D,SETTLED,00,2.695865566666667,1,6.884411683333334,750.0,0.0,0
2500,WALLET,0,21,1,0,1,BANK_D,PROCESSING,PENDING,1.6102996666666667,0,8.389700333333334,2500.0,0.0,0
25000,CARD,0,9,1,0,1,BANK_C,SETTLED,00,2.254169966666667,1,7.379127633333334,25000.0,0.0,0
250,CARD,1,12,4,0,1,BANK_C,SETTLED,00,1.6205943,1,6.925652883333333,250.0,0.0,0
500,UPI,0,8,0,0,1,BANK_A,PROCESSING,PENDING,1.2682521333333334,0,8.731747866666666,500.0,0.0,0
1500,WALLET,0,20,0,0,1,BANK_A,PROCESSING,PENDING,1.1642999166666668,0,8.835700083333334,1500.0,0.0,0
100,NETBANKING,0,17,2,0,1,BANK_D,SETTLED,00,1.8450683,1,6.8458558,100.0,0.0,0
100,UPI,0,21,4,0,1,BANK_D,SETTLED,00,1.3372851333333335,1,5.158013283333333,100.0,0.0,0
2500,UPI,0,13,5,1,1,BANK_C,SETTLED,00,0.46796778333333333,1,8.157911333333333,2500.0,0.0,0
1000,UPI,0,21,1,0,1,BANK_D,PROCESSING,PENDING,0.8829187166666668,0,9.117081283333333,1000.0,0.0,0
1000,UPI,0,0,5,1,1,BANK_A,SETTLED,00,1.7332761,1,7.088994366666666,1000.0,0.0,0
1500,NETBANKING,0,7,5,1,1,BANK_D,PROCESSING,PENDING,0.7838176166666667,0,9.216182383333335,1500.0,0.0,0
500,CARD,0,19,3,0,1,BANK_A,PROCESSING,PENDING,1.7487500333333335,0,8.251249966666666,500.0,0.0,0
2000,NETBANKING,0,18,1,0,1,BANK_B,SETTLED,00,1.3345316666666667,1,8.319376100000001,2000.0,0.0,0
10000,UPI,1,18,2,0,1,BANK_C,SETTLED,00,1.3054142000000002,1,7.938629983333333,10000.0,0.0,0
500,UPI,0,11,6,1,1,BANK_C,SETTLED,00,3.1906398666666664,1,4.717758633333333,500.0,0.0,0
750,CARD,0,9,1,0,1,BANK_A,PROCESSING,PENDING,1.1558448833333335,0,8.844155116666666,750.0,0.0,0
1500,UPI,0,5,1,0,1,BANK_A,SETTLED,00,2.455553166666667,1,7.09350825,1500.0,0.0,0
1000,WALLET,0,12,6,1,1,BANK_C,PROCESSING,PENDING,0.83505765,0,9.164942349999999,1000.0,0.0,0
250,NETBANKING,0,19,5,1,1,BANK_A,SETTLED,00,1.4259829000000002,1,7.03326735,250.0,0.0,0
100,CARD,0,2,3,0,1,BANK_B,PROCESSING,PENDING,1.1526878333333335,0,8.847312166666667,100.0,0.0,0
100,NETBANKING,0,11,6,1,1,BANK_C,SETTLED,00,1.57436785,1,5.2663049,100.0,0.0,0
100,CARD,0,2,2,0,1,BANK_D,SETTLED,00,1.3756660166666668,1,7.338869216666667,100.0,0.0,0
1000,NETBANKING,0,10,2,0,1,BANK_A,PROCESSING,PENDING,1.7988618166666666,0,8.201138183333333,1000.0,0.0,0
2500,UPI,0,17,4,0,1,BANK_B,PROCESSING,PENDING,2.1049493833333335,0,7.8950506166666665,2500.0,0.0,0
2500,CARD,0,19,5,1,1,BANK_C,SETTLED,00,1.8872743333333333,1,5.875225299999999,2500.0,0.0,0
250,CARD,0,8,6,1,1,BANK_D,SETTLED,00,1.8741413833333334,1,7.584749166666667,250.0,0.0,0
1000,WALLET,0,20,1,0,1,BANK_A,SETTLED,00,1.2396297666666667,1,7.179639566666666,1000.0,0.0,0
500,UPI,0,10,3,0,1,BANK_B,SETTLED,00,1.8614849500000001,1,5.219238366666667,500.0,0.0,0
2000,WALLET,0,21,3,0,1,BANK_A,PROCESSING,PENDING,1.4043787166666666,0,8.595621283333333,2000.0,0.0,0
1000,CARD,0,15,2,0,1,BANK_D,SETTLED,00,1.1750888833333333,1,7.770576666666667,1000.0,0.0,0
750,UPI,1,8,0,0,1,BANK_B,SETTLED,00,1.6793964833333335,1,7.5693511,750.0,0.0,0
100,NETBANKING,1,13,1,0,1,BANK_A,SETTLED,00,1.8785707166666665,1,5.493889233333333,100.0,0.0,0
750,CARD,0,22,1,0,1,BANK_D,SETTLED,00,1.1988035333333333,1,7.995451883333333,750.0,0.0,0
100,UPI,0,0,0,0,1,BANK_B,SETTLED,00,1.7444093,1,7.41036785,100.0,0.0,0
2500,UPI,0,16,0,0,1,BANK_D,SETTLED,00,2.165786666666667,1,7.8307443,2500.0,0.0,0
500,NETBANKING,0,3,2,0,1,BANK_C,PROCESSING,PENDING,0.20980970000000002,0,9.7901903,500.0,0.0,0
1000,NETBANKING,1,18,6,1,1,BANK_B,SETTLED,00,1.5003506999999998,1,7.384504033333333,1000.0,0.0,0
500,UPI,0,23,5,1,1,BANK_D,PROCESSING,PENDING,2.070772333333333,0,7.929227666666667,500.0,0.0,0
1000,WALLET,0,11,2,0,1,BANK_C,PROCESSING,PENDING,1.8902309833333333,0,8.109769016666666,1000.0,0.0,0
500,UPI,0,7,5,1,1,BANK_C,SETTLED,00,2.09202095,1,5.0785716,500.0,0.0,0
1000,UPI,0,0,2,0,1,BANK_C,SETTLED,00,1.9905158666666667,1,6.459085333333333,1000.0,0.0,0
5000,CARD,1,17,1,0,1,BANK_D,PROCESSING,PENDING,1.8562954666666667,0,8.143704533333333,5000.0,0.0,0
2500,UPI,0,6,4,0,1,BANK_A,SETTLED,00,1.7413280333333332,1,6.710644516666666,2500.0,0.0,0
250,UPI,0,14,1,0,1,BANK_C,SETTLED,00,1.6508558,1,8.346771216666665,250.0,0.0,0
5000,UPI,0,21,4,0,1,BANK_C,SETTLED,00,1.2288509166666666,1,7.491218583333334,5000.0,0.0,0
1000,CARD,0,5,1,0,1,BANK_C,SETTLED,00,1.09582325,1,8.258150683333334,1000.0,0.0,0
250,CARD,0,15,6,1,1,BANK_A,SETTLED,00,2.418923466666667,1,6.961610016666667,250.0,0.0,0
750,UPI,0,0,5,1,1,BANK_A,PROCESSING,PENDING,2.1036761333333334,0,7.896323866666666,750.0,0.0,0
750,UPI,1,0,4,0,1,BANK_C,SETTLED,00,1.5061614666666665,1,6.6923376,750.0,0.0,0
500,UPI,1,12,1,0,1,BANK_D,PROCESSING,PENDING,0.9257224166666667,0,9.074277583333332,500.0,0.0,0
500,UPI,0,19,6,1,1,BANK_C,SETTLED,00,1.0808746999999999,1,6.968296733333333,500.0,0.0,0
250,CARD,0,20,1,0,1,BANK_B,SETTLED,00,2.7073088333333333,1,6.91779055,250.0,0.0,0
1000,UPI,0,5,1,0,1,BANK_D,PROCESSING,PENDING,2.1863091833333335,0,7.813690816666666,1000.0,0.0,0
100,NETBANKING,0,23,3,0,1,BANK_A,SETTLED,00,0.87840905,1,7.894197716666667,100.0,0.0,0
500,UPI,0,6,6,1,1,BANK_B,SETTLED,00,1.8232593,1,6.522279283333333,500.0,0.0,0
1500,NETBANKING,0,17,5,1,1,BANK_A,SETTLED,00,2.0813283333333334,1,5.863423016666667,1500.0,0.0,0
2000,UPI,0,8,0,0,1,BANK_A,SETTLED,00,1.0028617666666666,1,8.605087466666667,2000.0,0.0,0
1000,UPI,0,11,6,1,1,BANK_B,PROCESSING,PENDING,1.9115065333333334,0,8.088493466666668,1000.0,0.0,0
500,WALLET,0,11,0,0,1,BANK_A,SETTLED,00,0.5882100333333333,1,6.7392355,500.0,0.0,0
1000,NETBANKING,0,20,5,1,1,BANK_D,SETTLED,00,2.0110375333333335,1,7.4278058,1000.0,0.0,0
2500,UPI,0,22,5,1,1,BANK_B,PROCESSING,PENDING,1.8234829666666668,0,8.176517033333333,2500.0,0.0,0
250,NETBANKING,0,17,3,0,1,BANK_A,PROCESSING,PENDING,1.3000794166666667,0,8.699920583333332,250.0,0.0,0
1500,NETBANKING,0,20,2,0,1,BANK_D,SETTLED,00,1.2516651666666665,1,6.953846716666666,1500.0,0.0,0
100,UPI,0,13,3,0,1,BANK_A,PROCESSING,PENDING,1.34495105,0,8.655048950000001,100.0,0.0,0
500,UPI,0,5,6,1,1,BANK_C,PROCESSING,PENDING,1.0833200833333334,0,8.916679916666668,500.0,0.0,0
1500,UPI,0,1,3,0,1,BANK_A,PROCESSING,PENDING,1.5162987333333333,0,8.483701266666667,1500.0,0.0,0
500,NETBANKING,1,22,2,0,1,BANK_C,SETTLED,00,2.0612478833333334,1,7.23842795,500.0,0.0,0
750,CARD,0,21,3,0,1,BANK_C,PROCESSING,PENDING,2.6039692666666667,0,7.396030733333333,750.0,0.0,0
500,UPI,0,6,2,0,1,BANK_A,SETTLED,00,2.7559515833333332,1,5.8824499,500.0,0.0,0
2500,UPI,0,19,0,0,1,BANK_A,PROCESSING,PENDING,0.88943205,0,9.11056795,2500.0,0.0,0
250,WALLET,0,7,0,0,1,BANK_D,SETTLED,00,0.9363062166666667,1,7.406065266666667,250.0,0.0,0
250,UPI,0,4,3,0,1,BANK_B,SETTLED,00,2.2418777666666667,1,7.231675133333334,250.0,0.0,0
2500,CARD,0,13,1,0,1,BANK_C,SETTLED,00,1.4756651666666667,1,6.601269683333333,2500.0,0.0,0
1000,CARD,0,4,6,1,1,BANK_D,PROCESSING,PENDING,1.1225068333333332,0,8.877493166666666,1000.0,0.0,0
2000,CARD,0,17,4,0,1,BANK_C,SETTLED,00,0.85870955,1,7.994210616666667,2000.0,0.0,0
5000,UPI,0,15,4,0,1,BANK_A,PROCESSING,PENDING,2.1594902333333335,0,7.840509766666667,5000.0,0.0,0
750,UPI,0,12,4,0,1,BANK_C,SETTLED,00,1.2054523666666666,1,5.7704731166666665,750.0,0.0,0
10000,UPI,0,21,3,0,1,BANK_B,SETTLED,00,2.46279935,1,6.641361783333333,10000.0,0.0,0
1500,UPI,0,18,1,0,1,BANK_B,SETTLED,00,1.5745946833333333,1,5.3365969,1500.0,0.0,0
2500,UPI,0,17,2,0,1,BANK_A,PROCESSING,PENDING,2.6579544166666667,0,7.342045583333333,2500.0,0.0,0
5000,UPI,0,8,6,1,1,BANK_C,PROCESSING,PENDING,0.5750184166666668,0,9.424981583333333,5000.0,0.0,0
1500,NETBANKING,0,5,0,0,1,BANK_D,SETTLED,00,2.0645159833333335,1,4.835775416666666,1500.0,0.0,0
250,UPI,0,8,5,1,1,BANK_B,SETTLED,00,1.3588034166666667,1,7.057139866666666,250.0,0.0,0
5000,UPI,0,23,1,0,1,BANK_B,SETTLED,00,1.8219539333333332,1,7.0265334,5000.0,0.0,0
500,NETBANKING,0,5,5,1,1,BANK_A,PROCESSING,PENDING,2.273438816666667,0,7.726561183333333,500.0,0.0,0
2500,CARD,0,6,5,1,1,BANK_C,PROCESSING,PENDING,0.2598867833333333,0,9.740113216666666,2500.0,0.0,0
250,NETBANKING,0,14,1,0,1,BANK_D,PROCESSING,PENDING,1.0551786,0,8.9448214,250.0,0.0,0
750,NETBANKING,0,21,0,0,1,BANK_A,SETTLED,00,0.7423893833333334,1,7.334461383333333,750.0,0.0,0
2000,UPI,0,12,5,1,1,BANK_C,SETTLED,00,1.0408407666666666,1,8.305904816666667,2000.0,0.0,0
2500,CARD,0,23,1,0,1,BANK_B,SETTLED,00,0.8991799166666666,1,6.846661233333333,2500.0,0.0,0
250,UPI,0,11,5,1,1,BANK_A,SETTLED,00,2.5142074166666664,1,7.371850633333334,250.0,0.0,0
1500,CARD,0,13,1,0,1,BANK_C,SETTLED,00,2.3915865166666666,1,4.90248495,1500.0,0.0,0
750,UPI,0,13,4,0,1,BANK_D,PROCESSING,PENDING,1.3018726833333334,0,8.698127316666667,750.0,0.0,0
2500,NETBANKING,1,1,1,0,1,BANK_A,PROCESSING,PENDING,1.5594543833333332,0,8.440545616666666,2500.0,0.0,0
100,UPI,0,23,1,0,1,BANK_C,PROCESSING,PENDING,2.6253730166666664,0,7.374626983333333,100.0,0.0,0
500,CARD,0,16,2,0,1,BANK_A,PROCESSING,PENDING,2.0725187166666665,0,7.927481283333334,500.0,0.0,0
10000,CARD,0,11,4,0,1,BANK_C,PROCESSING,PENDING,0.82425325,0,9.17574675,10000.0,0.0,0
500,CARD,0,23,6,1,1,BANK_B,SETTLED,00,0.6185455833333333,1,8.63412275,500.0,0.0,0
10000,UPI,0,7,1,0,1,BANK_A,SETTLED,00,0.6515006166666667,1,7.663343616666666,10000.0,0.0,0
100,CARD,1,1,0,0,1,BANK_B,PROCESSING,PENDING,1.2020864333333334,0,8.797913566666667,100.0,0.0,0
2500,CARD,0,15,4,0,1,BANK_B,SETTLED,00,1.0267491333333334,1,8.232038083333332,2500.0,0.0,0
500,UPI,0,0,1,0,1,BANK_B,SETTLED,00,1.4707501333333333,1,7.41890235,500.0,0.0,0
500,NETBANKING,0,4,2,0,1,BANK_C,PROCESSING,PENDING,1.0513566333333333,0,8.948643366666666,500.0,0.0,0
750,UPI,0,5,6,1,1,BANK_C,PROCESSING,PENDING,2.2462820666666667,0,7.753717933333333,750.0,0.0,0
2000,CARD,0,9,0,0,1,BANK_C,SETTLED,00,1.5700539666666666,1,6.012881716666667,2000.0,0.0,0
2000,UPI,0,6,6,1,1,BANK_D,SETTLED,00,1.2407719333333334,1,6.834581166666666,2000.0,0.0,0
500,NETBANKING,0,15,2,0,1,BANK_B,SETTLED,00,1.9842826333333332,1,7.2949131666666664,500.0,0.0,0
2000,CARD,0,10,0,0,1,BANK_B,PROCESSING,PENDING,1.2632737666666667,0,8.736726233333334,2000.0,0.0,0
10000,UPI,1,6,6,1,1,BANK_C,PROCESSING,PENDING,1.5895850333333332,0,8.410414966666666,10000.0,0.0,0
2000,WALLET,0,17,1,0,1,BANK_C,SETTLED,00,1.9624519166666665,1,7.3914051,2000.0,0.0,0
100,CARD,0,20,0,0,1,BANK_D,SETTLED,00,1.8100268,1,6.857208516666666,100.0,0.0,0
100,NETBANKING,0,20,4,0,1,BANK_D,SETTLED,00,1.4390614,1,6.899762633333333,100.0,0.0,0
5000,UPI,0,10,0,0,1,BANK_D,PROCESSING,PENDING,1.4946363,0,8.5053637,5000.0,0.0,0
500,CARD,0,5,5,1,1,BANK_B,SETTLED,00,1.9000292833333332,1,5.970212283333334,500.0,0.0,0
500,UPI,0,16,5,1,1,BANK_D,PROCESSING,PENDING,1.4680315499999999,0,8.53196845,500.0,0.0,0
500,UPI,0,22,6,1,1,BANK_B,PROCESSING,PENDING,1.3529135666666667,0,8.647086433333333,500.0,0.0,0
1500,NETBANKING,0,8,0,0,1,BANK_C,SETTLED,00,0.9108310166666667,1,7.01592375,1500.0,0.0,0
2500,CARD,0,17,5,1,1,BANK_B,PROCESSING,PENDING,0.29855071666666666,0,9.701449283333334,2500.0,0.0,0
1500,UPI,0,15,5,1,1,BANK_A,PROCESSING,PENDING,1.9892332833333335,0,8.010766716666668,1500.0,0.0,0
250,CARD,0,9,0,0,1,BANK_B,PROCESSING,PENDING,1.55013475,0,8.44986525,250.0,0.0,0
250,CARD,0,12,1,0,1,BANK_D,SETTLED,00,1.6491685166666668,1,6.762181383333333,250.0,0.0,0
1500,CARD,0,14,4,0,1,BANK_A,PROCESSING,PENDING,2.4057468,0,7.5942532,1500.0,0.0,0
500,WALLET,0,1,6,1,1,BANK_A,PROCESSING,PENDING,1.8031204,0,8.196879599999999,500.0,0.0,0
2000,WALLET,0,22,3,0,1,BANK_A,PROCESSING,PENDING,1.4086241833333333,0,8.591375816666666,2000.0,0.0,0
1000,CARD,0,22,4,0,1,BANK_C,SETTLED,00,1.5846133,1,7.75294475,1000.0,0.0,0
2000,CARD,1,1,1,0,1,BANK_C,PROCESSING,PENDING,1.7981150666666668,0,8.201884933333334,2000.0,0.0,0
1500,NETBANKING,0,12,3,0,1,BANK_D,SETTLED,00,1.46233475,1,7.343539383333334,1500.0,0.0,0
2000,CARD,0,6,0,0,1,BANK_A,PROCESSING,PENDING,1.3151666499999999,0,8.68483335,2000.0,0.0,0
25000,UPI,0,2,0,0,1,BANK_B,SETTLED,00,3.8205643833333336,1,5.958699266666667,25000.0,0.0,0
750,CARD,0,19,0,0,1,BANK_C,PROCESSING,PENDING,2.29125865,0,7.7087413499999995,750.0,0.0,0
1500,CARD,0,10,2,0,1,BANK_A,PROCESSING,PENDING,1.3219818666666667,0,8.678018133333333,1500.0,0.0,0
2000,NETBANKING,0,4,5,1,1,BANK_B,PROCESSING,PENDING,1.5030337,0,8.4969663,2000.0,0.0,0
750,WALLET,0,22,0,0,1,BANK_D,PROCESSING,PENDING,1.1694570833333333,0,8.830542916666667,750.0,0.0,0
250,NETBANKING,0,16,5,1,1,BANK_D,PROCESSING,PENDING,1.2066997833333335,0,8.793300216666667,250.0,0.0,0
1500,UPI,0,8,5,1,1,BANK_C,SETTLED,00,1.96297765,1,6.804230466666667,1500.0,0.0,0
1000,CARD,0,9,3,0,1,BANK_D,SETTLED,00,0.8856172166666667,1,5.983659933333333,1000.0,0.0,0
500,UPI,0,15,4,0,1,BANK_B,SETTLED,00,1.60632055,1,7.71743345,500.0,0.0,0
1000,UPI,0,13,6,1,1,BANK_D,PROCESSING,PENDING,1.7464209,0,8.2535791,1000.0,0.0,0
500,UPI,0,2,0,0,1,BANK_B,SETTLED,00,1.2220210999999999,1,8.711451966666667,500.0,0.0,0
250,UPI,0,4,0,0,1,BANK_D,SETTLED,00,2.370139583333333,1,6.1222308666666665,250.0,0.0,0
750,NETBANKING,0,20,1,0,1,BANK_C,SETTLED,00,1.61131415,1,7.389916533333333,750.0,0.0,0
1000,UPI,0,8,0,0,1,BANK_D,SETTLED,00,1.52755045,1,8.459111733333334,1000.0,0.0,0
2500,NETBANKING,1,2,2,0,1,BANK_A,SETTLED,00,1.0330767833333332,1,7.188631033333333,2500.0,0.0,0
250,UPI,0,4,2,0,1,BANK_D,PROCESSING,PENDING,2.3899222499999997,0,7.61007775,250.0,0.0,0
2000,UPI,0,21,4,0,1,BANK_C,PROCESSING,PENDING,2.26572205,0,7.73427795,2000.0,0.0,0
2000,UPI,0,19,1,0,1,BANK_A,PROCESSING,PENDING,1.33827115,0,8.66172885,2000.0,0.0,0
500,CARD,1,22,3,0,1,BANK_C,PROCESSING,PENDING,1.4724258,0,8.5275742,500.0,0.0,0
500,CARD,0,13,2,0,1,BANK_B,PROCESSING,PENDING,1.2015114,0,8.7984886,500.0,0.0,0
250,NETBANKING,1,22,6,1,1,BANK_A,SETTLED,00,2.5709521333333334,1,5.1187407,250.0,0.0,0
1500,NETBANKING,0,23,2,0,1,BANK_C,PROCESSING,PENDING,1.3311514666666668,0,8.668848533333334,1500.0,0.0,0
1500,NETBANKING,1,10,4,0,1,BANK_C,PROCESSING,PENDING,1.9060316833333333,0,8.093968316666666,1500.0,0.0,0
250,NETBANKING,0,23,2,0,1,BANK_D,SETTLED,00,1.1232959,1,7.684626983333334,250.0,0.0,0
2000,CARD,0,20,3,0,1,BANK_B,SETTLED,00,0.39760175,1,7.9988679,2000.0,0.0,0
100,NETBANKING,0,2,5,1,1,BANK_B,SETTLED,00,0.8549930833333333,1,6.592112766666667,100.0,0.0,0
1500,CARD,0,2,4,0,1,BANK_C,SETTLED,00,2.0790522499999997,1,5.029938483333334,1500.0,0.0,0
2000,NETBANKING,1,22,5,1,1,BANK_B,SETTLED,00,1.7293033833333333,1,5.5651563,2000.0,0.0,0
750,NETBANKING,0,6,4,0,1,BANK_C,SETTLED,00,0.91004885,1,6.95612875,750.0,0.0,0
1500,WALLET,0,3,2,0,1,BANK_B,SETTLED,00,2.0799377666666667,1,7.896623583333334,1500.0,0.0,0
500,CARD,1,16,4,0,1,BANK_B,PROCESSING,PENDING,0.8619006666666666,0,9.138099333333335,500.0,0.0,0
750,UPI,0,10,6,1,1,BANK_C,SETTLED,00,2.2550216,1,5.982426533333333,750.0,0.0,0
250,WALLET,0,9,3,0,1,BANK_A,SETTLED,00,1.9497814166666667,1,6.377374733333334,250.0,0.0,0
500,NETBANKING,0,5,2,0,1,BANK_C,PROCESSING,PENDING,2.48091645,0,7.51908355,500.0,0.0,0
250,UPI,0,2,6,1,1,BANK_B,PROCESSING,PENDING,1.8569414833333333,0,8.143058516666667,250.0,0.0,0
2500,UPI,0,22,5,1,1,BANK_B,PROCESSING,PENDING,1.1425446666666665,0,8.857455333333332,2500.0,0.0,0
1000,NETBANKING,0,2,2,0,1,BANK_D,SETTLED,00,1.68441435,1,7.758858633333333,1000.0,0.0,0
250,UPI,0,2,4,0,1,BANK_D,SETTLED,00,1.51874615,1,7.005166466666666,250.0,0.0,0
10000,WALLET,0,15,0,0,1,BANK_D,SETTLED,00,1.7673249666666666,1,6.597464916666667,10000.0,0.0,0
2500,CARD,1,21,1,0,1,BANK_A,PROCESSING,PENDING,0.8014791666666666,0,9.198520833333333,2500.0,0.0,0
1500,UPI,0,21,3,0,1,BANK_C,SETTLED,00,2.3353493,1,5.2671328,1500.0,0.0,0
100,UPI,0,2,2,0,1,BANK_D,PROCESSING,PENDING,0.98509885,0,9.014901149999998,100.0,0.0,0
1500,NETBANKING,0,0,0,0,1,BANK_A,PROCESSING,PENDING,1.8866958666666667,0,8.113304133333333,1500.0,0.0,0
10000,WALLET,0,18,4,0,1,BANK_B,PROCESSING,PENDING,1.4275631166666665,0,8.572436883333333,10000.0,0.0,0
250,CARD,0,17,2,0,1,BANK_C,SETTLED,00,1.9170825333333332,1,6.577968583333333,250.0,0.0,0
2000,NETBANKING,0,8,3,0,1,BANK_C,SETTLED,00,0.22033863333333334,1,7.864527733333333,2000.0,0.0,0
5000,NETBANKING,0,21,3,0,1,BANK_B,PROCESSING,PENDING,0.8397842,0,9.1602158,5000.0,0.0,0
750,CARD,0,11,3,0,1,BANK_D,PROCESSING,PENDING,0.9274549166666667,0,9.072545083333333,750.0,0.0,0
1000,NETBANKING,0,4,6,1,1,BANK_A,SETTLED,00,1.7753265666666667,1,8.006870433333333,1000.0,0.0,0
250,UPI,0,10,1,0,1,BANK_B,PROCESSING,PENDING,1.1674329333333333,0,8.832567066666666,250.0,0.0,0
500,WALLET,0,21,0,0,1,BANK_B,PROCESSING,PENDING,1.6108088333333332,0,8.389191166666667,500.0,0.0,0
250,CARD,0,8,4,0,1,BANK_D,SETTLED,00,1.7882063666666668,1,5.496316416666667,250.0,0.0,0
100,WALLET,0,8,4,0,1,BANK_C,PROCESSING,PENDING,2.0910656666666667,0,7.908934333333334,100.0,0.0,0
250,NETBANKING,1,7,3,0,1,BANK_A,SETTLED,00,2.0028774833333336,1,7.0523124500000005,250.0,0.0,0
100,UPI,0,14,0,0,1,BANK_B,SETTLED,00,1.0135720333333333,1,6.477741833333334,100.0,0.0,0
100,NETBANKING,0,11,4,0,1,BANK_D,PROCESSING,PENDING,1.3224596833333335,0,8.677540316666667,100.0,0.0,0
1500,NETBANKING,0,17,6,1,1,BANK_A,SETTLED,00,2.73077735,1,6.119302716666667,1500.0,0.0,0
2000,UPI,0,9,2,0,1,BANK_A,SETTLED,00,0.34800148333333336,1,9.287361483333333,2000.0,0.0,0
1000,CARD,1,19,5,1,1,BANK_C,SETTLED,00,1.6155487833333335,1,8.238765733333333,1000.0,0.0,0
250,CARD,1,4,5,1,1,BANK_D,PROCESSING,PENDING,2.8136339666666665,0,7.186366033333333,250.0,0.0,0
250,WALLET,0,13,3,0,1,BANK_D,PROCESSING,PENDING,1.13239215,0,8.86760785,250.0,0.0,0
250,CARD,0,0,4,0,1,BANK_C,PROCESSING,PENDING,1.1059009666666666,0,8.894099033333333,250.0,0.0,0
500,UPI,0,16,4,0,1,BANK_B,PROCESSING,PENDING,1.4580159666666668,0,8.541984033333334,500.0,0.0,0
250,CARD,1,14,6,1,1,BANK_C,PROCESSING,PENDING,1.6776507500000002,0,8.32234925,250.0,0.0,0
500,CARD,1,12,3,0,1,BANK_B,SETTLED,00,1.0580773166666666,1,7.916280416666667,500.0,0.0,0
250,UPI,0,15,2,0,1,BANK_A,PROCESSING,PENDING,1.7285418833333333,0,8.271458116666667,250.0,0.0,1
250,UPI,0,15,0,0,1,BANK_B,PROCESSING,PENDING,1.9323218333333334,0,8.067678166666667,250.0,0.0,0
500,NETBANKING,3,1,2,0,1,BANK_D,PROCESSING,PENDING,1.3814098333333333,0,8.618590166666667,500.0,0.0,1
100,WALLET,0,5,6,1,1,BANK_A,PROCESSING,PENDING,2.3603205333333337,0,7.639679466666666,100.0,0.0,1
500,CARD,0,21,2,0,1,BANK_A,PROCESSING,PENDING,5.3400606999999995,0,4.6599393000000005,500.0,0.0,1
250,NETBANKING,3,10,6,1,1,BANK_C,PROCESSING,PENDING,2.557438566666667,0,7.442561433333334,250.0,0.0,1
2500,NETBANKING,0,8,0,0,1,BANK_B,PROCESSING,PENDING,4.573609083333333,0,5.426390916666667,2500.0,0.0,1
1500,NETBANKING,0,10,6,1,1,BANK_B,PROCESSING,PENDING,3.88639665,0,6.11360335,1500.0,0.0,1
1500,UPI,0,12,0,0,1,BANK_B,PROCESSING,PENDING,2.1167244666666667,0,7.883275533333333,1500.0,0.0,1
5000,NETBANKING,0,23,2,0,1,BANK_B,PROCESSING,PENDING,2.7146484666666666,0,7.2853515333333325,5000.0,0.0,1
2500,WALLET,0,12,6,1,1,BANK_A,PROCESSING,PENDING,0.9977875666666667,0,9.002212433333334,2500.0,0.0,1
100,UPI,0,13,1,0,1,BANK_C,PROCESSING,PENDING,3.0319425666666664,0,6.968057433333333,100.0,0.0,1
1000,WALLET,2,7,6,1,1,BANK_C,PROCESSING,PENDING,1.7894139833333333,0,8.210586016666666,1000.0,0.0,1
1500,CARD,0,4,4,0,1,BANK_C,PROCESSING,PENDING,4.9010635,0,5.0989365,1500.0,0.0,1
500,WALLET,0,6,0,0,1,BANK_C,PROCESSING,PENDING,1.72638455,0,8.27361545,500.0,0.0,1
250,WALLET,0,10,6,1,1,BANK_D,PROCESSING,PENDING,1.4342386833333334,0,8.565761316666668,250.0,0.0,1
1500,WALLET,0,1,3,0,1,BANK_D,PROCESSING,PENDING,0.6501241,0,9.3498759,1500.0,0.0,1
1000,CARD,0,0,3,0,1,BANK_C,PROCESSING,PENDING,2.3557357666666667,0,7.644264233333333,1000.0,0.0,1
250,CARD,0,6,4,0,1,BANK_A,PROCESSING,PENDING,4.754489833333333,0,5.245510166666667,250.0,0.0,1
100,NETBANKING,0,16,3,0,1,BANK_D,PROCESSING,PENDING,5.9145995,0,4.0854005,100.0,0.0,1
5000,UPI,0,18,5,1,1,BANK_B,PROCESSING,PENDING,3.2479243,0,6.752075700000001,5000.0,0.0,1
500,NETBANKING,0,11,5,1,1,BANK_C,PROCESSING,PENDING,1.1396945333333333,0,8.860305466666667,500.0,0.0,1
10000,NETBANKING,0,1,0,0,1,BANK_C,PROCESSING,PENDING,1.83891095,0,8.16108905,10000.0,0.0,1
2500,UPI,0,23,6,1,1,BANK_B,PROCESSING,PENDING,1.7435094166666665,0,8.256490583333333,2500.0,0.0,0
2500,NETBANKING,0,20,2,0,1,BANK_A,PROCESSING,PENDING,3.795151783333333,0,6.204848216666666,2500.0,0.0,1
10000,WALLET,0,4,5,1,1,BANK_B,PROCESSING,PENDING,3.0418136,0,6.9581864,10000.0,0.0,1
1000,CARD,0,0,6,1,1,BANK_D,PROCESSING,PENDING,4.52344755,0,5.47655245,1000.0,0.0,1
5000,UPI,0,9,2,0,1,BANK_D,PROCESSING,PENDING,3.85591625,0,6.144083749999999,5000.0,0.0,1
2500,NETBANKING,0,16,3,0,1,BANK_B,PROCESSING,PENDING,4.798975216666666,0,5.201024783333334,2500.0,0.0,1
500,NETBANKING,0,14,6,1,1,BANK_B,PROCESSING,PENDING,3.8873277666666666,0,6.112672233333333,500.0,0.0,1
100,UPI,1,19,6,1,1,BANK_D,PROCESSING,PENDING,1.6498051833333334,0,8.350194816666667,100.0,0.0,1
100,WALLET,0,11,0,0,1,BANK_A,PROCESSING,PENDING,0.9162133833333334,0,9.083786616666666,100.0,0.0,1
1000,CARD,0,19,6,1,1,BANK_B,PROCESSING,PENDING,1.11096125,0,8.88903875,1000.0,0.0,1
10000,UPI,0,13,3,0,1,BANK_D,PROCESSING,PENDING,1.9119540000000002,0,8.088046,10000.0,0.0,1
500,CARD,0,2,2,0,1,BANK_B,PROCESSING,PENDING,1.3872250666666666,0,8.612774933333332,500.0,0.0,1
5000,UPI,0,23,6,1,1,BANK_A,PROCESSING,PENDING,3.3669236333333337,0,6.633076366666667,5000.0,0.0,1
5000,UPI,0,2,0,0,1,BANK_C,PROCESSING,PENDING,0.7467368833333333,0,9.253263116666666,5000.0,0.0,1
2500,CARD,0,11,1,0,1,BANK_B,PROCESSING,PENDING,1.7774914,0,8.222508600000001,2500.0,0.0,0
250,CARD,0,10,1,0,1,BANK_B,PROCESSING,PENDING,2.4309683000000004,0,7.5690317,250.0,0.0,1
500,NETBANKING,0,10,6,1,1,BANK_C,PROCESSING,PENDING,3.82089775,0,6.17910225,500.0,0.0,1
10000,NETBANKING,0,0,2,0,1,BANK_D,PROCESSING,PENDING,3.7381367333333335,0,6.2618632666666665,10000.0,0.0,1
250,WALLET,0,14,5,1,1,BANK_B,PROCESSING,PENDING,6.173372850000001,0,3.82662715,250.0,0.0,1
1000,NETBANKING,0,4,6,1,1,BANK_B,PROCESSING,PENDING,2.9701807000000002,0,7.0298193,1000.0,0.0,1
250,CARD,0,21,4,0,1,BANK_D,PROCESSING,PENDING,2.940307433333333,0,7.059692566666667,250.0,0.0,1
500,UPI,0,9,4,0,1,BANK_B,PROCESSING,PENDING,0.6947385833333333,0,9.305261416666667,500.0,0.0,1
1500,WALLET,0,9,5,1,1,BANK_B,PROCESSING,PENDING,2.5795433333333335,0,7.4204566666666665,1500.0,0.0,0
250,NETBANKING,0,6,0,0,1,BANK_D,PROCESSING,PENDING,2.2499477333333333,0,7.750052266666667,250.0,0.0,1
250,NETBANKING,0,17,0,0,1,BANK_A,PROCESSING,PENDING,3.3451783,0,6.6548217,250.0,0.0,1
1500,UPI,0,13,2,0,1,BANK_A,PROCESSING,PENDING,3.3720258666666667,0,6.627974133333334,1500.0,0.0,1
2500,NETBANKING,0,3,6,1,1,BANK_D,PROCESSING,PENDING,1.8222117166666665,0,8.177788283333333,2500.0,0.0,1
5000,NETBANKING,0,21,6,1,1,BANK_B,PROCESSING,PENDING,2.8424386166666666,0,7.157561383333333,5000.0,0.0,1
10000,UPI,0,21,1,0,1,BANK_B,PROCESSING,PENDING,3.49248325,0,6.50751675,10000.0,0.0,1
1000,NETBANKING,0,16,3,0,1,BANK_C,PROCESSING,PENDING,1.3356716499999999,0,8.66432835,1000.0,0.0,1
500,WALLET,0,19,0,0,1,BANK_A,PROCESSING,PENDING,1.2918383166666667,0,8.708161683333334,500.0,0.0,1
1000,CARD,0,2,0,0,1,BANK_A,PROCESSING,PENDING,1.2794056833333334,0,8.720594316666668,1000.0,0.0,1
5000,UPI,0,14,5,1,1,BANK_D,PROCESSING,PENDING,2.720227416666667,0,7.279772583333334,5000.0,0.0,1
1500,WALLET,0,11,2,0,1,BANK_B,PROCESSING,PENDING,5.122410149999999,0,4.877589850000001,1500.0,0.0,1
10000,UPI,0,2,4,0,1,BANK_A,PROCESSING,PENDING,1.5421967333333333,0,8.457803266666666,10000.0,0.0,1
1500,WALLET,0,23,0,0,1,BANK_B,PROCESSING,PENDING,1.6450194166666667,0,8.354980583333333,1500.0,0.0,1
500,WALLET,0,10,2,0,1,BANK_D,PROCESSING,PENDING,3.150115516666667,0,6.849884483333333,500.0,0.0,1
100,CARD,0,8,5,1,1,BANK_B,PROCESSING,PENDING,2.4246608,0,7.5753392,100.0,0.0,1
1500,WALLET,0,5,6,1,1,BANK_A,PROCESSING,PENDING,0.9728390333333333,0,9.027160966666665,1500.0,0.0,1
1500,NETBANKING,0,17,1,0,1,BANK_B,PROCESSING,PENDING,3.040757466666667,0,6.959242533333334,1500.0,0.0,1
1500,NETBANKING,0,1,6,1,1,BANK_B,PROCESSING,PENDING,1.0346404666666666,0,8.965359533333332,1500.0,0.0,0
2500,WALLET,0,6,4,0,1,BANK_D,PROCESSING,PENDING,4.82143135,0,5.17856865,2500.0,0.0,1
1500,UPI,0,8,6,1,1,BANK_D,PROCESSING,PENDING,3.9227188500000003,0,6.07728115,1500.0,0.0,1
500,NETBANKING,0,15,3,0,1,BANK_D,PROCESSING,PENDING,3.3871506666666664,0,6.612849333333333,500.0,0.0,1
5000,NETBANKING,0,17,2,0,1,BANK_C,PROCESSING,PENDING,4.3824269,0,5.6175731,5000.0,0.0,1
500,UPI,0,2,0,0,1,BANK_D,PROCESSING,PENDING,0.5801902833333333,0,9.419809716666666,500.0,0.0,0
1500,UPI,0,2,6,1,1,BANK_B,PROCESSING,PENDING,1.1329071833333333,0,8.867092816666666,1500.0,0.0,0
500,WALLET,0,8,6,1,1,BANK_A,PROCESSING,PENDING,5.40844925,0,4.59155075,500.0,0.0,0
500,NETBANKING,0,14,2,0,1,BANK_D,PROCESSING,PENDING,2.1667435999999998,0,7.8332564,500.0,0.0,1
10000,UPI,0,10,6,1,1,BANK_C,PROCESSING,PENDING,4.8003677,0,5.1996323,10000.0,0.0,1
5000,UPI,0,17,0,0,1,BANK_C,PROCESSING,PENDING,2.6079849666666663,0,7.392015033333333,5000.0,0.0,1
100,WALLET,0,3,3,0,1,BANK_C,PROCESSING,PENDING,2.7661621333333333,0,7.233837866666667,100.0,0.0,1
100,NETBANKING,0,2,3,0,1,BANK_C,PROCESSING,PENDING,4.2586049,0,5.7413951,100.0,0.0,1
2500,CARD,0,0,0,0,1,BANK_C,PROCESSING,PENDING,2.58865035,0,7.41134965,2500.0,0.0,1
250,WALLET,0,0,3,0,1,BANK_A,PROCESSING,PENDING,2.5332640333333334,0,7.466735966666667,250.0,0.0,0
250,CARD,0,9,2,0,1,BANK_C,PROCESSING,PENDING,0.5742373166666667,0,9.425762683333334,250.0,0.0,1
1000,WALLET,0,3,0,0,1,BANK_A,PROCESSING,PENDING,1.8335112833333334,0,8.166488716666667,1000.0,0.0,1
500,WALLET,0,7,2,0,1,BANK_B,PROCESSING,PENDING,2.6069174833333335,0,7.3930825166666665,500.0,0.0,1
2500,UPI,1,21,0,0,1,BANK_C,PROCESSING,PENDING,5.986557283333334,0,4.013442716666667,2500.0,0.0,1
500,WALLET,0,10,6,1,1,BANK_A,PROCESSING,PENDING,5.305222566666667,0,4.694777433333333,500.0,0.0,0
5000,CARD,0,21,6,1,1,BANK_A,PROCESSING,PENDING,2.1119215833333334,0,7.888078416666667,5000.0,0.0,1
5000,WALLET,3,20,0,0,1,BANK_B,PROCESSING,PENDING,2.5152742166666666,0,7.484725783333333,5000.0,0.0,1
10000,UPI,0,8,6,1,1,BANK_B,PROCESSING,PENDING,2.898478716666667,0,7.101521283333333,10000.0,0.0,1
2500,UPI,3,15,4,0,1,BANK_A,PROCESSING,PENDING,0.5005334,0,9.4994666,2500.0,0.0,0
250,UPI,0,5,2,0,1,BANK_D,PROCESSING,PENDING,2.2979826333333335,0,7.7020173666666665,250.0,0.0,1
100,CARD,0,9,3,0,1,BANK_A,PROCESSING,PENDING,2.2404409000000003,0,7.759559100000001,100.0,0.0,1
500,NETBANKING,0,16,1,0,1,BANK_D,PROCESSING,PENDING,3.18279575,0,6.8172042500000005,500.0,0.0,1
100,NETBANKING,0,12,6,1,1,BANK_A,PROCESSING,PENDING,3.158840333333333,0,6.841159666666667,100.0,0.0,1
2500,CARD,0,22,4,0,1,BANK_C,PROCESSING,PENDING,3.9719341,0,6.0280659000000005,2500.0,0.0,1
5000,NETBANKING,0,11,0,0,1,BANK_D,PROCESSING,PENDING,2.8363417666666666,0,7.163658233333334,5000.0,0.0,1
1500,WALLET,0,15,6,1,1,BANK_A,PROCESSING,PENDING,2.31857845,0,7.68142155,1500.0,0.0,1
1500,UPI,0,21,5,1,1,BANK_B,PROCESSING,PENDING,4.57684005,0,5.42315995,1500.0,0.0,1
250,CARD,0,8,1,0,1,BANK_D,PROCESSING,PENDING,1.28876375,0,8.71123625,250.0,0.0,0
1000,NETBANKING,0,23,3,0,1,BANK_D,PROCESSING,PENDING,1.0179829,0,8.9820171,1000.0,0.0,0
100,UPI,0,2,6,1,1,BANK_C,PROCESSING,PENDING,2.011849033333333,0,7.988150966666667,100.0,0.0,1
10000,CARD,0,4,3,0,1,BANK_A,PROCESSING,PENDING,0.8752553333333334,0,9.124744666666667,10000.0,0.0,0
100,UPI,0,6,4,0,1,BANK_B,PROCESSING,PENDING,2.3694641499999998,0,7.63053585,100.0,0.0,1
100,WALLET,0,20,0,0,1,BANK_A,PROCESSING,PENDING,5.369704366666666,0,4.630295633333334,100.0,0.0,1
100,NETBANKING,0,23,0,0,1,BANK_C,PROCESSING,PENDING,3.0469663833333334,0,6.953033616666667,100.0,0.0,1
250,NETBANKING,0,23,0,0,1,BANK_B,PROCESSING,PENDING,2.887959066666667,0,7.112040933333334,250.0,0.0,1
2500,NETBANKING,0,20,2,0,1,BANK_D,PROCESSING,PENDING,1.94490365,0,8.055096350000001,2500.0,0.0,1
100,UPI,0,8,3,0,1,BANK_B,PROCESSING,PENDING,0.78265925,0,9.21734075,100.0,0.0,1
500,UPI,0,7,4,0,1,BANK_A,PROCESSING,PENDING,3.2034888,0,6.796511199999999,500.0,0.0,1
1000,WALLET,0,23,3,0,1,BANK_C,PROCESSING,PENDING,5.8500827666666675,0,4.149917233333333,1000.0,0.0,1
500,NETBANKING,0,18,0,0,1,BANK_B,PROCESSING,PENDING,2.8827038666666667,0,7.117296133333334,500.0,0.0,0
1000,NETBANKING,0,22,0,0,1,BANK_D,PROCESSING,PENDING,3.9408672499999997,0,6.05913275,1000.0,0.0,1
5000,UPI,0,8,0,0,1,BANK_C,PROCESSING,PENDING,5.73296965,0,4.26703035,5000.0,0.0,1
1000,UPI,0,1,1,0,1,BANK_C,PROCESSING,PENDING,5.001013583333333,0,4.998986416666667,1000.0,0.0,1
500,NETBANKING,0,6,0,0,1,BANK_D,PROCESSING,PENDING,2.3272106166666666,0,7.672789383333334,500.0,0.0,1
1500,UPI,0,1,6,1,1,BANK_C,PROCESSING,PENDING,0.7947383499999999,0,9.20526165,1500.0,0.0,1
10000,CARD,0,11,2,0,1,BANK_A,PROCESSING,PENDING,0.6968874166666666,0,9.303112583333332,10000.0,0.0,1
2500,WALLET,0,11,1,0,1,BANK_D,PROCESSING,PENDING,3.0187788,0,6.981221199999999,2500.0,0.0,1
1500,CARD,1,9,6,1,1,BANK_D,PROCESSING,PENDING,1.45982915,0,8.54017085,1500.0,0.0,1
250,NETBANKING,0,4,3,0,1,BANK_B,PROCESSING,PENDING,0.69186805,0,9.30813195,250.0,0.0,1
2500,UPI,0,11,2,0,1,BANK_A,PROCESSING,PENDING,2.8362002833333335,0,7.163799716666667,2500.0,0.0,1
10000,CARD,0,12,5,1,1,BANK_A,PROCESSING,PENDING,1.3916083833333335,0,8.608391616666667,10000.0,0.0,1
1500,NETBANKING,0,10,6,1,1,BANK_A,PROCESSING,PENDING,5.4017039,0,4.5982961,1500.0,0.0,0
5000,UPI,0,16,5,1,1,BANK_D,PROCESSING,PENDING,4.84578345,0,5.15421655,5000.0,0.0,0
1500,UPI,0,2,2,0,1,BANK_C,PROCESSING,PENDING,1.8008424,0,8.1991576,1500.0,0.0,1
5000,UPI,0,15,5,1,1,BANK_B,PROCESSING,PENDING,1.9253991666666666,0,8.074600833333333,5000.0,0.0,1
1500,NETBANKING,0,13,2,0,1,BANK_A,PROCESSING,PENDING,2.6925541666666666,0,7.307445833333333,1500.0,0.0,1
500,WALLET,0,7,1,0,1,BANK_B,PROCESSING,PENDING,3.502666333333333,0,6.497333666666666,500.0,0.0,0
1000,WALLET,0,17,0,0,1,BANK_C,PROCESSING,PENDING,3.5654716333333334,0,6.434528366666667,1000.0,0.0,1
10000,CARD,0,2,6,1,1,BANK_B,PROCESSING,PENDING,0.8328952166666667,0,9.167104783333334,10000.0,0.0,1
10000,WALLET,0,7,6,1,1,BANK_D,PROCESSING,PENDING,1.6699237166666667,0,8.330076283333334,10000.0,0.0,1
1000,CARD,0,3,5,1,1,BANK_C,PROCESSING,PENDING,1.6273905333333334,0,8.372609466666667,1000.0,0.0,1
1500,CARD,0,5,6,1,1,BANK_A,PROCESSING,PENDING,1.4106788166666666,0,8.589321183333334,1500.0,0.0,1
5000,UPI,0,4,1,0,1,BANK_C,PROCESSING,PENDING,1.7974749166666666,0,8.202525083333333,5000.0,0.0,1
100,WALLET,0,14,2,0,1,BANK_D,PROCESSING,PENDING,6.893353833333333,0,3.1066461666666667,100.0,0.0,1
1500,WALLET,0,17,3,0,1,BANK_A,PROCESSING,PENDING,0.17089256666666666,0,9.829107433333332,1500.0,0.0,1
500,WALLET,0,16,0,0,1,BANK_B,PROCESSING,PENDING,2.232174383333333,0,7.767825616666667,500.0,0.0,1
10000,WALLET,0,12,0,0,1,BANK_C,PROCESSING,PENDING,2.5220726,0,7.4779274,10000.0,0.0,1
5000,WALLET,0,19,0,0,1,BANK_A,PROCESSING,PENDING,5.84565215,0,4.15434785,5000.0,0.0,1
1500,CARD,0,8,5,1,1,BANK_D,PROCESSING,PENDING,0.21142614999999998,0,9.78857385,1500.0,0.0,1
100,CARD,0,10,0,0,1,BANK_C,PROCESSING,PENDING,1.8561137,0,8.1438863,100.0,0.0,1
2500,WALLET,0,22,0,0,1,BANK_D,PROCESSING,PENDING,3.6402899333333334,0,6.359710066666667,2500.0,0.0,1
10000,WALLET,0,1,5,1,1,BANK_D,PROCESSING,PENDING,4.80388195,0,5.19611805,10000.0,0.0,1
1000,CARD,0,21,5,1,1,BANK_A,PROCESSING,PENDING,5.108106566666667,0,4.891893433333333,1000.0,0.0,1
2500,CARD,0,19,0,0,1,BANK_B,PROCESSING,PENDING,4.8608989,0,5.1391011,2500.0,0.0,1
1000,UPI,0,7,0,0,1,BANK_B,PROCESSING,PENDING,0.996009,0,9.003991000000001,1000.0,0.0,1
1000,WALLET,0,11,0,0,1,BANK_B,PROCESSING,PENDING,2.8520236999999997,0,7.1479763,1000.0,0.0,1
5000,NETBANKING,0,3,5,1,1,BANK_B,PROCESSING,PENDING,6.587019133333333,0,3.4129808666666666,5000.0,0.0,1
100,NETBANKING,0,5,3,0,1,BANK_B,PROCESSING,PENDING,3.6465002666666666,0,6.353499733333334,100.0,0.0,0
1000,CARD,0,12,0,0,1,BANK_B,PROCESSING,PENDING,1.2618301333333333,0,8.738169866666668,1000.0,0.0,1
10000,NETBANKING,0,19,0,0,1,BANK_A,PROCESSING,PENDING,2.82823775,0,7.1717622500000004,10000.0,0.0,1
100,UPI,2,18,4,0,1,BANK_A,PROCESSING,PENDING,2.5533336666666666,0,7.446666333333334,100.0,0.0,1
2500,NETBANKING,0,0,0,0,1,BANK_D,PROCESSING,PENDING,2.9494358999999997,0,7.0505641,2500.0,0.0,1
1000,WALLET,0,6,5,1,1,BANK_D,PROCESSING,PENDING,2.096643916666667,0,7.903356083333334,1000.0,0.0,1
1500,UPI,0,6,6,1,1,BANK_C,PROCESSING,PENDING,1.5707053333333334,0,8.429294666666667,1500.0,0.0,1
1000,CARD,0,9,3,0,1,BANK_A,PROCESSING,PENDING,3.61445325,0,6.3855467500000005,1000.0,0.0,0
5000,WALLET,0,1,5,1,1,BANK_B,PROCESSING,PENDING,5.808451316666666,0,4.191548683333333,5000.0,0.0,1
1500,CARD,0,5,3,0,1,BANK_A,PROCESSING,PENDING,2.9026973166666665,0,7.097302683333334,1500.0,0.0,1
100,WALLET,0,22,4,0,1,BANK_C,PROCESSING,PENDING,0.9671692166666667,0,9.032830783333333,100.0,0.0,1
250,NETBANKING,0,22,6,1,1,BANK_B,PROCESSING,PENDING,3.1827892,0,6.8172108,250.0,0.0,1
1000,WALLET,0,14,2,0,1,BANK_A,PROCESSING,PENDING,5.104678683333334,0,4.895321316666666,1000.0,0.0,1
2500,CARD,0,10,5,1,1,BANK_C,PROCESSING,PENDING,2.343561966666667,0,7.656438033333333,2500.0,0.0,1
1000,NETBANKING,0,16,3,0,1,BANK_B,PROCESSING,PENDING,4.491907566666667,0,5.508092433333333,1000.0,0.0,1
2500,WALLET,0,1,1,0,1,BANK_D,PROCESSING,PENDING,2.3195133500000003,0,7.680486650000001,2500.0,0.0,1
2500,NETBANKING,0,13,3,0,1,BANK_D,PROCESSING,PENDING,7.151823716666667,0,2.8481762833333333,2500.0,0.0,1
1500,CARD,0,14,5,1,1,BANK_C,PROCESSING,PENDING,1.8508917666666667,0,8.149108233333333,1500.0,0.0,1
1000,NETBANKING,0,7,4,0,1,BANK_B,PROCESSING,PENDING,2.2214357333333337,0,7.778564266666667,1000.0,0.0,1
1000,CARD,0,22,6,1,1,BANK_A,PROCESSING,PENDING,3.033178233333333,0,6.9668217666666665,1000.0,0.0,1
2500,UPI,0,19,3,0,1,BANK_C,PROCESSING,PENDING,2.084659266666667,0,7.915340733333333,2500.0,0.0,1
1500,UPI,0,4,3,0,1,BANK_D,PROCESSING,PENDING,3.16388285,0,6.836117150000001,1500.0,0.0,1
1500,NETBANKING,0,21,3,0,1,BANK_A,PROCESSING,PENDING,2.6502376500000002,0,7.349762350000001,1500.0,0.0,1
100,UPI,0,9,5,1,1,BANK_B,PROCESSING,PENDING,3.0009335333333333,0,6.999066466666666,100.0,0.0,1
500,NETBANKING,0,21,5,1,1,BANK_D,PROCESSING,PENDING,2.9390006833333335,0,7.060999316666667,500.0,0.0,1
1000,UPI,0,6,1,0,1,BANK_A,PROCESSING,PENDING,1.4649418166666666,0,8.535058183333332,1000.0,0.0,1
5000,WALLET,0,1,1,0,1,BANK_D,PROCESSING,PENDING,1.10872675,0,8.891273250000001,5000.0,0.0,1
5000,CARD,0,6,6,1,1,BANK_A,PROCESSING,PENDING,2.06111605,0,7.93888395,5000.0,0.0,1
2500,WALLET,0,13,5,1,1,BANK_C,PROCESSING,PENDING,1.95188605,0,8.04811395,2500.0,0.0,1
1500,UPI,0,1,5,1,1,BANK_B,PROCESSING,PENDING,2.786665933333333,0,7.2133340666666665,1500.0,0.0,0
2500,UPI,3,11,1,0,1,BANK_A,PROCESSING,PENDING,5.57061045,0,4.42938955,2500.0,0.0,0
5000,CARD,0,20,2,0,1,BANK_B,PROCESSING,PENDING,2.619569316666667,0,7.3804306833333335,5000.0,0.0,1
500,CARD,1,5,5,1,1,BANK_A,PROCESSING,PENDING,0.9141178833333333,0,9.085882116666665,500.0,0.0,1
500,NETBANKING,0,5,0,0,1,BANK_B,PROCESSING,PENDING,2.63905855,0,7.36094145,500.0,0.0,1
500,NETBANKING,0,11,5,1,1,BANK_C,PROCESSING,PENDING,4.6683116,0,5.3316884,500.0,0.0,1
500,UPI,0,16,3,0,1,BANK_D,PROCESSING,PENDING,3.8463139166666664,0,6.153686083333333,500.0,0.0,1
10000,WALLET,0,11,6,1,1,BANK_D,PROCESSING,PENDING,3.9535926,0,6.0464074000000005,10000.0,0.0,1
500,NETBANKING,0,15,0,0,1,BANK_A,PROCESSING,PENDING,5.403952716666667,0,4.596047283333333,500.0,0.0,1
100,UPI,0,18,6,1,1,BANK_C,PROCESSING,PENDING,4.330552066666667,0,5.669447933333333,100.0,0.0,1
10000,WALLET,0,14,1,0,1,BANK_B,PROCESSING,PENDING,4.56009335,0,5.43990665,10000.0,0.0,1
2500,CARD,0,17,1,0,1,BANK_D,PROCESSING,PENDING,1.8234054666666668,0,8.176594533333333,2500.0,0.0,1
1000,CARD,0,12,0,0,1,BANK_B,PROCESSING,PENDING,1.1739466166666666,0,8.826053383333335,1000.0,0.0,1
2500,CARD,3,2,6,1,1,BANK_B,PROCESSING,PENDING,4.296687483333333,0,5.703312516666667,2500.0,0.0,1
5000,WALLET,0,19,0,0,1,BANK_B,PROCESSING,PENDING,4.920420433333334,0,5.079579566666666,5000.0,0.0,1
1000,CARD,2,1,0,0,1,BANK_A,PROCESSING,PENDING,5.511382233333333,0,4.488617766666667,1000.0,0.0,1
1500,UPI,0,5,3,0,1,BANK_A,PROCESSING,PENDING,2.4019698000000003,0,7.5980302,1500.0,0.0,1
100,UPI,0,20,3,0,1,BANK_B,PROCESSING,PENDING,1.7452791166666666,0,8.254720883333333,100.0,0.0,0
500,UPI,0,7,2,0,1,BANK_D,PROCESSING,PENDING,4.1774431666666665,0,5.8225568333333335,500.0,0.0,1
1500,UPI,0,11,1,0,1,BANK_A,PROCESSING,PENDING,4.0752021,0,5.9247979,1500.0,0.0,1
500,WALLET,0,14,1,0,1,BANK_C,PROCESSING,PENDING,0.8739281,0,9.1260719,500.0,0.0,1
500,WALLET,0,3,5,1,1,BANK_D,PROCESSING,PENDING,5.13995455,0,4.86004545,500.0,0.0,1
250,NETBANKING,0,12,4,0,1,BANK_C,PROCESSING,PENDING,3.29683015,0,6.70316985,250.0,0.0,1
500,NETBANKING,0,13,3,0,1,BANK_A,PROCESSING,PENDING,3.3189561833333334,0,6.6810438166666675,500.0,0.0,1
10000,UPI,0,1,1,0,1,BANK_A,PROCESSING,PENDING,2.3803132833333334,0,7.619686716666666,10000.0,0.0,1
10000,CARD,0,3,4,0,1,BANK_A,PROCESSING,PENDING,4.93457645,0,5.06542355,10000.0,0.0,1
5000,NETBANKING,0,13,3,0,1,BANK_B,PROCESSING,PENDING,4.3773147833333335,0,5.6226852166666665,5000.0,0.0,1
1000,WALLET,0,4,2,0,1,BANK_D,PROCESSING,PENDING,2.78246985,0,7.21753015,1000.0,0.0,1
500,CARD,0,22,0,0,1,BANK_D,PROCESSING,PENDING,3.5538104666666666,0,6.446189533333333,500.0,0.0,1
500,CARD,3,21,6,1,1,BANK_B,PROCESSING,PENDING,6.021069066666667,0,3.9789309333333334,500.0,0.0,1
1000,UPI,0,21,1,0,1,BANK_A,PROCESSING,PENDING,3.7493990999999998,0,6.250600899999999,1000.0,0.0,1
250,WALLET,1,1,2,0,1,BANK_C,PROCESSING,PENDING,1.7529416833333333,0,8.247058316666667,250.0,0.0,0
1500,UPI,0,9,2,0,1,BANK_D,PROCESSING,PENDING,0.5302320833333334,0,9.469767916666665,1500.0,0.0,1
250,UPI,0,17,1,0,1,BANK_A,PROCESSING,PENDING,3.1060799833333332,0,6.893920016666667,250.0,0.0,1
250,WALLET,0,17,3,0,1,BANK_D,PROCESSING,PENDING,1.6599750166666667,0,8.340024983333333,250.0,0.0,1
1500,NETBANKING,0,17,6,1,1,BANK_D,PROCESSING,PENDING,2.8772537666666667,0,7.122746233333333,1500.0,0.0,1
1000,WALLET,0,17,6,1,1,BANK_A,PROCESSING,PENDING,4.21259375,0,5.78740625,1000.0,0.0,1
100,NETBANKING,0,6,2,0,1,BANK_B,PROCESSING,PENDING,2.9523777333333334,0,7.047622266666666,100.0,0.0,1
1500,NETBANKING,0,11,4,0,1,BANK_A,PROCESSING,PENDING,6.4130703166666665,0,3.586929683333333,1500.0,0.0,1
10000,CARD,0,9,0,0,1,BANK_A,PROCESSING,PENDING,4.849519216666667,0,5.150480783333333,10000.0,0.0,0
250,NETBANKING,0,6,5,1,1,BANK_A,PROCESSING,PENDING,1.7032923166666667,0,8.296707683333333,250.0,0.0,0
1000,NETBANKING,0,21,4,0,1,BANK_B,PROCESSING,PENDING,2.8642970333333335,0,7.135702966666667,1000.0,0.0,1
500,UPI,0,11,3,0,1,BANK_C,PROCESSING,PENDING,2.3553966833333333,0,7.644603316666666,500.0,0.0,1
5000,NETBANKING,0,22,0,0,1,BANK_D,PROCESSING,PENDING,5.2003725,0,4.7996275,5000.0,0.0,1
500,NETBANKING,0,22,6,1,1,BANK_A,PROCESSING,PENDING,0.8928475,0,9.107152500000002,500.0,0.0,1
1500,CARD,2,23,6,1,1,BANK_A,PROCESSING,PENDING,5.4929133666666665,0,4.5070866333333335,1500.0,0.0,1
250,CARD,0,16,0,0,1,BANK_A,PROCESSING,PENDING,4.846275283333333,0,5.153724716666667,250.0,0.0,1
100,WALLET,0,3,5,1,1,BANK_B,PROCESSING,PENDING,0.6107142,0,9.389285800000001,100.0,0.0,0
10000,WALLET,0,9,6,1,1,BANK_A,PROCESSING,PENDING,1.9100766333333332,0,8.089923366666666,10000.0,0.0,1
1000,UPI,0,18,0,0,1,BANK_A,PROCESSING,PENDING,1.6864550166666668,0,8.313544983333333,1000.0,0.0,1
10000,UPI,0,20,6,1,1,BANK_B,PROCESSING,PENDING,4.355992866666667,0,5.644007133333333,10000.0,0.0,1
2500,NETBANKING,0,15,2,0,1,BANK_D,PROCESSING,PENDING,0.9740376333333334,0,9.025962366666667,2500.0,0.0,0
10000,UPI,0,18,6,1,1,BANK_D,PROCESSING,PENDING,3.0199677,0,6.9800323,10000.0,0.0,1
10000,NETBANKING,0,14,1,0,1,BANK_C,PROCESSING,PENDING,3.7594746666666667,0,6.240525333333333,10000.0,0.0,1
500,WALLET,0,0,1,0,1,BANK_B,PROCESSING,PENDING,2.8592427333333332,0,7.140757266666666,500.0,0.0,1
1000,CARD,0,3,0,0,1,BANK_C,PROCESSING,PENDING,3.5991776166666667,0,6.400822383333334,1000.0,0.0,1
10000,UPI,0,1,6,1,1,BANK_A,PROCESSING,PENDING,4.726636666666667,0,5.273363333333333,10000.0,0.0,1
5000,NETBANKING,0,1,1,0,1,BANK_B,PROCESSING,PENDING,3.9393688,0,6.0606312,5000.0,0.0,1
5000,UPI,0,0,3,0,1,BANK_C,PROCESSING,PENDING,2.7266379166666668,0,7.273362083333334,5000.0,0.0,1
10000,NETBANKING,0,22,4,0,1,BANK_C,PROCESSING,PENDING,1.1232686833333332,0,8.876731316666667,10000.0,0.0,1
10000,WALLET,0,14,1,0,1,BANK_C,PROCESSING,PENDING,2.9550503000000004,0,7.0449497,10000.0,0.0,1
250,UPI,0,11,2,0,1,BANK_C,PROCESSING,PENDING,4.2148521,0,5.7851479,250.0,0.0,1
500,NETBANKING,0,5,1,0,1,BANK_A,PROCESSING,PENDING,0.38638809999999996,0,9.6136119,500.0,0.0,1
5000,NETBANKING,0,6,1,0,1,BANK_B,PROCESSING,PENDING,0.7038749166666667,0,9.296125083333333,5000.0,0.0,1
1000,CARD,0,1,6,1,1,BANK_C,PROCESSING,PENDING,5.73493755,0,4.26506245,1000.0,0.0,1
10000,WALLET,0,20,2,0,1,BANK_B,PROCESSING,PENDING,2.9565586833333333,0,7.043441316666667,10000.0,0.0,1
5000,WALLET,0,21,4,0,1,BANK_A,PROCESSING,PENDING,7.1682393499999995,0,2.83176065,5000.0,0.0,1
1000,CARD,0,11,6,1,1,BANK_A,PROCESSING,PENDING,2.3000930166666667,0,7.699906983333333,1000.0,0.0,1
5000,WALLET,0,4,1,0,1,BANK_D,PROCESSING,PENDING,0.30012439999999996,0,9.6998756,5000.0,0.0,1
10000,UPI,0,17,5,1,1,BANK_D,PROCESSING,PENDING,1.7500372000000002,0,8.2499628,10000.0,0.0,0
10000,CARD,0,15,0,0,1,BANK_C,PROCESSING,PENDING,2.2957911833333333,0,7.704208816666666,10000.0,0.0,1
250,CARD,0,8,5,1,1,BANK_D,PROCESSING,PENDING,4.173472716666667,0,5.826527283333333,250.0,0.0,1
100,WALLET,2,3,6,1,1,BANK_C,PROCESSING,PENDING,5.85979105,0,4.14020895,100.0,0.0,1
10000,UPI,0,2,0,0,1,BANK_B,PROCESSING,PENDING,3.8388513,0,6.1611487,10000.0,0.0,1
250,NETBANKING,0,16,2,0,1,BANK_C,PROCESSING,PENDING,3.6173408,0,6.3826592,250.0,0.0,1
1000,NETBANKING,0,5,0,0,1,BANK_C,PROCESSING,PENDING,0.9719106166666667,0,9.028089383333334,1000.0,0.0,1
100,CARD,0,14,5,1,1,BANK_A,PROCESSING,PENDING,2.10535215,0,7.89464785,100.0,0.0,1
250,UPI,0,4,1,0,1,BANK_A,PROCESSING,PENDING,5.221891816666667,0,4.778108183333333,250.0,0.0,1
2500,NETBANKING,0,10,3,0,1,BANK_A,PROCESSING,PENDING,5.383578,0,4.616422,2500.0,0.0,1
250,WALLET,0,20,0,0,1,BANK_D,PROCESSING,PENDING,1.5882341500000001,0,8.41176585,250.0,0.0,1
2500,NETBANKING,2,13,3,0,1,BANK_A,PROCESSING,PENDING,1.4472324166666666,0,8.552767583333333,2500.0,0.0,1
250,NETBANKING,2,15,0,0,1,BANK_D,PROCESSING,PENDING,1.8100181666666666,0,8.189981833333333,250.0,0.0,1
100,WALLET,0,7,5,1,1,BANK_D,PROCESSING,PENDING,1.7093014833333333,0,8.290698516666668,100.0,0.0,1
10000,WALLET,0,17,5,1,1,BANK_B,PROCESSING,PENDING,1.78668955,0,8.21331045,10000.0,0.0,1
1000,WALLET,0,3,0,0,1,BANK_B,PROCESSING,PENDING,3.9776392333333335,0,6.022360766666667,1000.0,0.0,1
500,WALLET,0,11,5,1,1,BANK_D,PROCESSING,PENDING,3.0473125999999997,0,6.9526874,500.0,0.0,1
100,NETBANKING,0,14,3,0,1,BANK_C,PROCESSING,PENDING,6.88923525,0,3.11076475,100.0,0.0,1
10000,CARD,0,7,6,1,1,BANK_A,PROCESSING,PENDING,0.5544193,0,9.445580699999999,10000.0,0.0,1
10000,WALLET,0,2,4,0,1,BANK_A,PROCESSING,PENDING,2.3173986166666665,0,7.682601383333333,10000.0,0.0,1
1000,UPI,3,3,1,0,1,BANK_D,PROCESSING,PENDING,5.6499551,0,4.3500449,1000.0,0.0,1
5000,NETBANKING,0,3,3,0,1,BANK_A,PROCESSING,PENDING,4.301237666666666,0,5.698762333333334,5000.0,0.0,1
1000,NETBANKING,0,0,3,0,1,BANK_D,PROCESSING,PENDING,2.9387963,0,7.061203699999999,1000.0,0.0,1
500,CARD,0,14,1,0,1,BANK_A,PROCESSING,PENDING,1.8436222,0,8.1563778,500.0,0.0,0
1500,UPI,0,12,3,0,1,BANK_C,PROCESSING,PENDING,2.6727475333333337,0,7.327252466666667,1500.0,0.0,1
500,UPI,0,14,2,0,1,BANK_A,PROCESSING,PENDING,1.1820838666666666,0,8.817916133333334,500.0,0.0,1
2500,UPI,0,20,3,0,1,BANK_A,PROCESSING,PENDING,1.1780266333333331,0,8.821973366666667,2500.0,0.0,1
250,UPI,0,11,1,0,1,BANK_D,PROCESSING,PENDING,1.72713725,0,8.27286275,250.0,0.0,1
10000,CARD,0,14,0,0,1,BANK_D,PROCESSING,PENDING,1.554737,0,8.445263,10000.0,0.0,0
250,UPI,0,0,5,1,1,BANK_B,PROCESSING,PENDING,1.8923346833333334,0,8.107665316666667,250.0,0.0,1
1500,WALLET,0,18,5,1,1,BANK_A,PROCESSING,PENDING,1.07350405,0,8.92649595,1500.0,0.0,1
100,NETBANKING,0,22,2,0,1,BANK_C,PROCESSING,PENDING,3.63947075,0,6.36052925,100.0,0.0,1
250,UPI,0,10,1,0,1,BANK_A,PROCESSING,PENDING,3.3334428333333337,0,6.666557166666666,250.0,0.0,1
5000,UPI,0,14,1,0,1,BANK_A,PROCESSING,PENDING,1.2874376166666666,0,8.712562383333333,5000.0,0.0,1
250,NETBANKING,0,14,4,0,1,BANK_C,PROCESSING,PENDING,0.7516922833333334,0,9.248307716666666,250.0,0.0,1
100,WALLET,0,5,6,1,1,BANK_B,PROCESSING,PENDING,2.2140102500000003,0,7.78598975,100.0,0.0,1
500,NETBANKING,0,12,5,1,1,BANK_B,PROCESSING,PENDING,1.6367747833333333,0,8.363225216666667,500.0,0.0,1
250,UPI,0,14,1,0,1,BANK_C,PROCESSING,PENDING,2.5532942000000003,0,7.4467058,250.0,0.0,1
10000,CARD,0,7,4,0,1,BANK_C,PROCESSING,PENDING,5.345523133333333,0,4.654476866666667,10000.0,0.0,1
5000,WALLET,0,22,6,1,1,BANK_B,PROCESSING,PENDING,4.0792474,0,5.9207526,5000.0,0.0,1
250,WALLET,0,13,2,0,1,BANK_C,PROCESSING,PENDING,2.554129516666667,0,7.445870483333334,250.0,0.0,0
1500,NETBANKING,2,3,6,1,1,BANK_D,PROCESSING,PENDING,3.2499661,0,6.7500339,1500.0,0.0,1
1500,UPI,0,5,4,0,1,BANK_C,PROCESSING,PENDING,1.79672585,0,8.20327415,1500.0,0.0,1
10000,NETBANKING,0,3,4,0,1,BANK_D,PROCESSING,PENDING,5.7514398,0,4.2485602,10000.0,0.0,0
100,WALLET,0,22,0,0,1,BANK_D,PROCESSING,PENDING,2.6381564833333333,0,7.361843516666666,100.0,0.0,1
250,UPI,0,21,4,0,1,BANK_B,PROCESSING,PENDING,3.698212,0,6.301788,250.0,0.0,1
1500,WALLET,0,1,4,0,1,BANK_C,PROCESSING,PENDING,0.4683313833333333,0,9.531668616666668,1500.0,0.0,1
10000,UPI,0,18,6,1,1,BANK_B,PROCESSING,PENDING,1.9923452,0,8.007654800000001,10000.0,0.0,1
10000,NETBANKING,0,6,5,1,1,BANK_C,PROCESSING,PENDING,4.4042807999999996,0,5.5957192000000004,10000.0,0.0,1
2500,UPI,0,12,5,1,1,BANK_D,PROCESSING,PENDING,4.3027898,0,5.6972102,2500.0,0.0,1
1500,WALLET,0,22,2,0,1,BANK_A,PROCESSING,PENDING,1.6910642333333332,0,8.308935766666666,1500.0,0.0,1
10000,CARD,0,6,3,0,1,BANK_C,PROCESSING,PENDING,2.652818433333333,0,7.347181566666666,10000.0,0.0,1
100,NETBANKING,0,19,5,1,1,BANK_B,PROCESSING,PENDING,1.6623711333333333,0,8.337628866666666,100.0,0.0,1
2500,WALLET,0,6,6,1,1,BANK_D,PROCESSING,PENDING,5.265508633333334,0,4.734491366666666,2500.0,0.0,1
5000,UPI,0,3,2,0,1,BANK_D,PROCESSING,PENDING,1.9126862666666669,0,8.087313733333334,5000.0,0.0,1
250,WALLET,0,20,4,0,1,BANK_B,PROCESSING,PENDING,3.9800967333333332,0,6.019903266666666,250.0,0.0,1
10000,CARD,0,17,2,0,1,BANK_B,PROCESSING,PENDING,4.61955155,0,5.38044845,10000.0,0.0,1
2500,WALLET,0,14,6,1,1,BANK_B,PROCESSING,PENDING,2.84501885,0,7.15498115,2500.0,0.0,1
1000,WALLET,2,7,2,0,1,BANK_A,PROCESSING,PENDING,3.2534332666666668,0,6.746566733333333,1000.0,0.0,1
5000,CARD,0,21,6,1,1,BANK_B,PROCESSING,PENDING,4.03764635,0,5.96235365,5000.0,0.0,1
2500,CARD,0,19,2,0,1,BANK_B,PROCESSING,PENDING,2.1161140833333336,0,7.883885916666667,2500.0,0.0,1
1500,NETBANKING,0,0,1,0,1,BANK_D,PROCESSING,PENDING,1.0914202833333335,0,8.908579716666667,1500.0,0.0,1
5000,NETBANKING,0,1,4,0,1,BANK_D,PROCESSING,PENDING,2.9080085666666666,0,7.091991433333333,5000.0,0.0,1
5000,WALLET,0,20,4,0,1,BANK_B,PROCESSING,PENDING,1.2006016833333333,0,8.799398316666666,5000.0,0.0,1
100,WALLET,3,7,1,0,1,BANK_C,PROCESSING,PENDING,0.47700366666666666,0,9.522996333333333,100.0,0.0,1
2500,CARD,0,2,6,1,1,BANK_A,PROCESSING,PENDING,0.8171507333333333,0,9.182849266666667,2500.0,0.0,1
10000,WALLET,0,2,6,1,1,BANK_A,PROCESSING,PENDING,3.067687816666667,0,6.932312183333334,10000.0,0.0,1
5000,UPI,0,14,2,0,1,BANK_A,PROCESSING,PENDING,1.5716031833333333,0,8.428396816666666,5000.0,0.0,1
2500,NETBANKING,0,4,0,0,1,BANK_B,PROCESSING,PENDING,2.933097533333333,0,7.066902466666666,2500.0,0.0,1
5000,CARD,0,10,6,1,1,BANK_C,PROCESSING,PENDING,1.9928480666666668,0,8.007151933333335,5000.0,0.0,0
1000,WALLET,0,3,6,1,1,BANK_A,PROCESSING,PENDING,3.48556265,0,6.51443735,1000.0,0.0,1
2500,NETBANKING,0,2,2,0,1,BANK_D,PROCESSING,PENDING,0.51433105,0,9.485668949999999,2500.0,0.0,1
1000,WALLET,0,13,5,1,1,BANK_C,PROCESSING,PENDING,3.38952505,0,6.6104749499999995,1000.0,0.0,1
1500,CARD,0,7,5,1,1,BANK_B,PROCESSING,PENDING,1.3561040166666667,0,8.643895983333334,1500.0,0.0,1
1000,NETBANKING,0,20,2,0,1,BANK_C,PROCESSING,PENDING,5.116888783333334,0,4.883111216666666,1000.0,0.0,1
5000,UPI,0,13,1,0,1,BANK_D,PROCESSING,PENDING,6.075026233333333,0,3.9249737666666666,5000.0,0.0,1
250,CARD,0,11,1,0,1,BANK_C,PROCESSING,PENDING,6.470331933333333,0,3.5296680666666664,250.0,0.0,1
1500,WALLET,0,6,4,0,1,BANK_B,PROCESSING,PENDING,2.234216883333333,0,7.765783116666666,1500.0,0.0,0
100,WALLET,0,20,6,1,1,BANK_C,PROCESSING,PENDING,5.50485325,0,4.49514675,100.0,0.0,1
1500,CARD,0,14,5,1,1,BANK_B,PROCESSING,PENDING,4.20518435,0,5.79481565,1500.0,0.0,1
10000,NETBANKING,0,11,2,0,1,BANK_D,PROCESSING,PENDING,3.531073333333333,0,6.4689266666666665,10000.0,0.0,1
250,UPI,0,18,0,0,1,BANK_B,PROCESSING,PENDING,0.44944195,0,9.550558050000001,250.0,0.0,1
1500,CARD,0,10,5,1,1,BANK_C,PROCESSING,PENDING,1.0744978333333333,0,8.925502166666666,1500.0,0.0,1
5000,NETBANKING,0,16,2,0,1,BANK_D,PROCESSING,PENDING,3.6149771,0,6.3850229,5000.0,0.0,1
250,NETBANKING,0,21,6,1,1,BANK_B,PROCESSING,PENDING,3.4541932666666666,0,6.545806733333333,250.0,0.0,1
1500,CARD,0,23,5,1,1,BANK_A,PROCESSING,PENDING,1.7484372000000001,0,8.2515628,1500.0,0.0,1
2500,WALLET,0,2,6,1,1,BANK_A,PROCESSING,PENDING,4.550949583333334,0,5.449050416666666,2500.0,0.0,1
100,UPI,0,11,5,1,1,BANK_D,PROCESSING,PENDING,0.6707919666666666,0,9.329208033333334,100.0,0.0,1
100,WALLET,0,20,1,0,1,BANK_D,PROCESSING,PENDING,5.193234533333333,0,4.806765466666667,100.0,0.0,1
5000,NETBANKING,0,9,1,0,1,BANK_D,PROCESSING,PENDING,1.8765229333333333,0,8.123477066666666,5000.0,0.0,1
1500,UPI,0,17,0,0,1,BANK_B,PROCESSING,PENDING,4.2793049,0,5.7206951,1500.0,0.0,1
1000,UPI,0,6,0,0,1,BANK_A,PROCESSING,PENDING,4.12547595,0,5.874524050000001,1000.0,0.0,1
10000,CARD,3,0,1,0,1,BANK_B,PROCESSING,PENDING,2.2090626166666665,0,7.790937383333333,10000.0,0.0,1
10000,CARD,0,13,3,0,1,BANK_A,PROCESSING,PENDING,1.7274083833333334,0,8.272591616666666,10000.0,0.0,1
10000,NETBANKING,0,3,1,0,1,BANK_D,PROCESSING,PENDING,4.3181778,0,5.6818222,10000.0,0.0,1
100,UPI,0,23,3,0,1,BANK_B,PROCESSING,PENDING,5.4680529,0,4.5319471,100.0,0.0,1
250,NETBANKING,0,8,5,1,1,BANK_C,PROCESSING,PENDING,2.152981683333333,0,7.8470183166666665,250.0,0.0,1
250,WALLET,0,5,0,0,1,BANK_C,PROCESSING,PENDING,3.2335923166666665,0,6.766407683333333,250.0,0.0,1
5000,NETBANKING,0,10,3,0,1,BANK_C,PROCESSING,PENDING,4.190763666666666,0,5.809236333333333,5000.0,0.0,1
10000,UPI,0,16,5,1,1,BANK_C,PROCESSING,PENDING,4.917229266666666,0,5.082770733333334,10000.0,0.0,1
1000,UPI,0,22,3,0,1,BANK_C,PROCESSING,PENDING,3.3839244833333333,0,6.616075516666667,1000.0,0.0,1
1500,CARD,0,8,1,0,1,BANK_C,PROCESSING,PENDING,1.7861316166666665,0,8.213868383333333,1500.0,0.0,1
1000,WALLET,0,6,3,0,1,BANK_A,PROCESSING,PENDING,1.7502051166666668,0,8.249794883333333,1000.0,0.0,1
250,UPI,0,16,1,0,1,BANK_D,PROCESSING,PENDING,4.840910066666667,0,5.159089933333333,250.0,0.0,1
10000,CARD,0,16,4,0,1,BANK_C,PROCESSING,PENDING,4.995425083333333,0,5.004574916666667,10000.0,0.0,1
250,UPI,0,19,0,0,1,BANK_A,PROCESSING,PENDING,0.7030383,0,9.2969617,250.0,0.0,1
2500,UPI,0,20,0,0,1,BANK_D,PROCESSING,PENDING,3.8630206333333335,0,6.136979366666667,2500.0,0.0,1
2500,UPI,0,11,1,0,1,BANK_C,PROCESSING,PENDING,2.28786755,0,7.7121324499999995,2500.0,0.0,1
1000,UPI,0,13,4,0,1,BANK_C,PROCESSING,PENDING,2.6246089833333333,0,7.375391016666667,1000.0,0.0,1
250,CARD,0,19,5,1,1,BANK_B,PROCESSING,PENDING,2.3516772333333336,0,7.648322766666666,250.0,0.0,1
2500,WALLET,0,23,3,0,1,BANK_B,PROCESSING,PENDING,1.4376850666666667,0,8.562314933333333,2500.0,0.0,1
5000,CARD,0,11,4,0,1,BANK_C,PROCESSING,PENDING,2.2842770000000003,0,7.715723,5000.0,0.0,1
1000,UPI,0,9,5,1,1,BANK_B,PROCESSING,PENDING,2.5816541,0,7.4183459,1000.0,0.0,1
250,NETBANKING,1,16,3,0,1,BANK_A,PROCESSING,PENDING,4.57163215,0,5.42836785,250.0,0.0,1
100,WALLET,0,5,5,1,1,BANK_A,PROCESSING,PENDING,0.8006036666666667,0,9.199396333333334,100.0,0.0,0
1500,NETBANKING,0,20,5,1,1,BANK_C,PROCESSING,PENDING,0.7778058833333333,0,9.222194116666666,1500.0,0.0,1
500,UPI,0,16,6,1,1,BANK_B,PROCESSING,PENDING,1.5488330499999998,0,8.45116695,500.0,0.0,1
1500,CARD,0,8,0,0,1,BANK_C,PROCESSING,PENDING,5.419267483333333,0,4.580732516666667,1500.0,0.0,1
100,UPI,0,7,2,0,1,BANK_C,PROCESSING,PENDING,1.0064941166666665,0,8.993505883333334,100.0,0.0,1
500,UPI,0,7,4,0,1,BANK_B,PROCESSING,PENDING,3.7196595500000003,0,6.28034045,500.0,0.0,0
5000,WALLET,0,16,6,1,1,BANK_A,PROCESSING,PENDING,2.1803565333333332,0,7.819643466666666,5000.0,0.0,1
1000,CARD,0,4,0,0,1,BANK_A,PROCESSING,PENDING,4.038539633333333,0,5.961460366666667,1000.0,0.0,1
2500,UPI,0,1,6,1,1,BANK_B,PROCESSING,PENDING,0.44242148333333337,0,9.557578516666666,2500.0,0.0,1
5000,UPI,0,23,2,0,1,BANK_A,PROCESSING,PENDING,2.0135213166666666,0,7.986478683333333,5000.0,0.0,1
250,NETBANKING,0,7,3,0,1,BANK_C,PROCESSING,PENDING,3.6768259666666667,0,6.323174033333333,250.0,0.0,1
1500,NETBANKING,0,4,4,0,1,BANK_B,PROCESSING,PENDING,0.25234185,0,9.747658150000001,1500.0,0.0,1
1500,UPI,0,8,5,1,1,BANK_A,PROCESSING,PENDING,4.1748115666666665,0,5.8251884333333335,1500.0,0.0,1
500,WALLET,0,20,0,0,1,BANK_C,PROCESSING,PENDING,1.9454595333333333,0,8.054540466666667,500.0,0.0,1
5000,UPI,0,10,5,1,1,BANK_B,PROCESSING,PENDING,1.8561782333333334,0,8.143821766666667,5000.0,0.0,1
100,WALLET,0,0,1,0,1,BANK_C,PROCESSING,PENDING,2.191782716666667,0,7.808217283333334,100.0,0.0,1
10000,NETBANKING,0,13,5,1,1,BANK_B,PROCESSING,PENDING,2.970793733333333,0,7.029206266666667,10000.0,0.0,1
100,NETBANKING,0,0,0,0,1,BANK_B,PROCESSING,PENDING,3.4737693833333334,0,6.526230616666667,100.0,0.0,1
10000,CARD,0,11,6,1,1,BANK_B,PROCESSING,PENDING,2.37577815,0,7.62422185,10000.0,0.0,1
10000,WALLET,0,4,1,0,1,BANK_A,PROCESSING,PENDING,2.1371339666666667,0,7.862866033333333,10000.0,0.0,0
1500,CARD,0,5,0,0,1,BANK_A,PROCESSING,PENDING,2.1048160166666667,0,7.895183983333334,1500.0,0.0,1
1500,WALLET,0,3,2,0,1,BANK_C,PROCESSING,PENDING,1.6814039333333333,0,8.318596066666666,1500.0,0.0,1
5000,WALLET,0,1,4,0,1,BANK_B,PROCESSING,PENDING,4.327554316666666,0,5.672445683333334,5000.0,0.0,1
2500,UPI,0,12,3,0,1,BANK_A,PROCESSING,PENDING,2.1287186833333336,0,7.871281316666667,2500.0,0.0,1
1000,NETBANKING,0,19,6,1,1,BANK_D,PROCESSING,PENDING,3.297349383333333,0,6.702650616666667,1000.0,0.0,1
10000,WALLET,0,6,4,0,1,BANK_A,PROCESSING,PENDING,2.211067233333333,0,7.788932766666666,10000.0,0.0,1
5000,NETBANKING,0,3,5,1,1,BANK_C,PROCESSING,PENDING,1.26852605,0,8.73147395,5000.0,0.0,1
10000,CARD,0,1,6,1,1,BANK_A,PROCESSING,PENDING,4.717615083333333,0,5.282384916666667,10000.0,0.0,1
100,UPI,0,21,5,1,1,BANK_B,PROCESSING,PENDING,2.5164470166666666,0,7.483552983333333,100.0,0.0,0
250,UPI,0,0,1,0,1,BANK_C,PROCESSING,PENDING,2.970419483333333,0,7.029580516666667,250.0,0.0,1
10000,WALLET,0,12,2,0,1,BANK_D,PROCESSING,PENDING,2.1047612166666667,0,7.895238783333334,10000.0,0.0,1
10000,WALLET,0,5,0,0,1,BANK_A,PROCESSING,PENDING,6.4316260666666665,0,3.5683739333333335,10000.0,0.0,1
5000,WALLET,0,8,6,1,1,BANK_C,PROCESSING,PENDING,3.9377906,0,6.0622094,5000.0,0.0,1
1000,CARD,0,7,3,0,1,BANK_C,PROCESSING,PENDING,3.4611797666666666,0,6.538820233333333,1000.0,0.0,1
1000,UPI,0,20,0,0,1,BANK_D,PROCESSING,PENDING,3.2282276666666667,0,6.771772333333333,1000.0,0.0,1
5000,UPI,0,4,5,1,1,BANK_D,PROCESSING,PENDING,3.565981933333333,0,6.434018066666667,5000.0,0.0,1
